0,1,2,3,4,5,6,7,8,9,10,11,12,13,14,15,16,17,18,19,20,21,22,23,24,25,26,27,28,29,30,31,32
0.30241,0.07983,13.09163,0.01006,0.01006,499.11959,16001.29356,5.99986,20.01450,0.40050,0.40012,0.39986,2.01170,0.59745,0.60220,0.60015,1.00281,1.00328,0.00059,0.00603,0.00020,0.06997,0.03005,0.80488,0.00361,0.88908,7.93963,4.00876,198.92333,0.70410,0.69962,15.01211,29.89233
0.30096,0.07933,13.07136,0.01015,0.00996,498.16656,15955.17826,6.02753,20.00498,0.39807,0.39602,0.39700,2.02338,0.60122,0.60613,0.59620,1.00883,1.00159,0.00060,0.00603,0.00020,0.07037,0.02981,0.79684,0.00300,0.88791,7.89592,4.00902,198.51979,0.70971,0.70403,15.03797,29.94340
0.30194,0.07927,13.15545,0.01020,0.00999,498.81538,16133.33914,6.00289,19.98555,0.39785,0.39975,0.39791,2.01652,0.60006,0.60709,0.59664,1.00984,0.99812,0.00059,0.00602,0.00020,0.06983,0.02964,0.79386,0.00294,0.89254,7.90766,3.98858,200.21012,0.69765,0.70737,15.17046,30.11743
0.30207,0.07900,13.19797,0.01024,0.00998,501.68306,16079.31543,5.99988,19.97879,0.40054,0.40366,0.39749,2.02265,0.60412,0.60495,0.59843,1.01567,0.99189,0.00060,0.00599,0.00020,0.06988,0.02985,0.79232,0.00285,0.89409,7.95004,4.00984,199.74789,0.69910,0.70450,15.23253,30.13743
0.30020,0.07869,13.31498,0.01020,0.00994,500.00134,16086.19540,6.02766,20.09717,0.39776,0.40382,0.39629,2.02149,0.60224,0.60676,0.59702,1.01086,0.98660,0.00060,0.00595,0.00020,0.06999,0.02993,0.78638,0.00271,0.89157,7.94192,4.04398,197.94358,0.69491,0.69991,15.24900,30.15619
0.30119,0.07891,13.29580,0.01025,0.00993,499.18539,16084.96864,6.04895,20.25901,0.39432,0.40309,0.39463,2.02807,0.60236,0.60730,0.59313,1.00970,0.99251,0.00060,0.00590,0.00020,0.07003,0.02986,0.78066,0.00043,0.89551,7.95259,4.05160,197.29898,0.69942,0.69582,15.23386,30.30850
0.30200,0.07907,13.31438,0.01026,0.00992,499.75737,16079.78706,6.08815,20.30161,0.39513,0.40585,0.39372,2.02285,0.59943,0.60985,0.59445,1.01618,0.99502,0.00060,0.00594,0.00020,0.06980,0.02978,0.77589,0.00027,0.90247,7.92741,4.06103,197.23049,0.69734,0.69882,15.40025,30.16711
0.30316,0.07933,13.21443,0.01030,0.01002,503.86845,16090.30569,6.05876,20.13569,0.39083,0.40843,0.39311,2.01886,0.59532,0.60878,0.59272,1.01122,0.98971,0.00059,0.00595,0.00020,0.06952,0.02992,0.76961,0.00005,0.90155,7.99765,4.06070,197.79029,0.70092,0.69564,15.43632,30.31925
0.30460,0.07944,13.25565,0.01031,0.01000,501.71168,16060.61069,6.11118,20.10821,0.39036,0.41016,0.39176,2.00326,0.59730,0.61455,0.59305,1.01830,0.98632,0.00059,0.00595,0.00020,0.06945,0.03027,0.76213,0.00003,0.90374,8.01506,4.07619,197.28586,0.70349,0.69726,15.49070,30.52645
0.30541,0.07957,13.35599,0.01037,0.01000,501.74737,15944.97855,6.17251,20.20972,0.39143,0.41040,0.39306,1.99817,0.59498,0.61361,0.59029,1.02031,0.98947,0.00059,0.00600,0.00020,0.06962,0.03005,0.75659,0.00007,0.90408,8.01285,4.08828,196.66510,0.70797,0.69372,15.39200,30.52110
0.30374,0.07938,13.33355,0.01040,0.00998,506.18551,16095.16156,6.11346,20.30521,0.39061,0.41285,0.39217,2.00876,0.59759,0.61467,0.59279,1.02382,0.99556,0.00059,0.00602,0.00020,0.06946,0.03020,0.76438,0.00014,0.90535,8.02001,4.10107,195.25029,0.70674,0.69211,15.41462,30.54701
0.30436,0.07910,13.34932,0.01039,0.00991,506.02982,16091.31960,6.12409,20.57910,0.39265,0.41536,0.39362,2.00134,0.59562,0.61884,0.59007,1.02066,1.00218,0.00059,0.00604,0.00020,0.06864,0.03018,0.75975,0.00016,0.90082,7.99563,4.08692,195.50591,0.70702,0.69316,15.44967,30.35859
0.30316,0.07890,13.27636,0.01051,0.00993,508.75665,15977.12028,6.12370,20.60969,0.39143,0.41056,0.39394,1.99470,0.59296,0.62276,0.59259,1.03095,1.01260,0.00059,0.00607,0.00020,0.06932,0.03019,0.75849,0.00028,0.90098,8.00630,4.05872,195.42434,0.71217,0.69083,15.45940,30.32394
0.30328,0.07841,13.29655,0.01045,0.01001,512.17158,16011.15944,6.11505,20.58555,0.39148,0.40841,0.39224,1.99644,0.59516,0.61963,0.59252,1.03059,1.00957,0.00059,0.00605,0.00020,0.06910,0.03037,0.75864,0.00010,0.89594,7.95112,4.05805,194.74231,0.71423,0.69312,15.38862,30.28414
0.30206,0.07833,13.17982,0.01047,0.01003,516.77418,16119.56104,6.08737,20.45700,0.39015,0.40810,0.39319,1.99696,0.58968,0.62172,0.59331,1.02962,1.01069,0.00059,0.00611,0.00020,0.06870,0.03018,0.76100,0.00016,0.88333,8.01273,4.04560,194.85382,0.71644,0.69719,15.40490,30.62235
0.30034,0.07852,13.01395,0.01057,0.01004,518.72674,16063.00644,6.07446,20.28791,0.39095,0.40786,0.39236,2.02051,0.59161,0.62430,0.59456,1.02785,1.00519,0.00060,0.00606,0.00019,0.06887,0.02994,0.76755,0.00009,0.87892,8.02780,4.02593,195.90974,0.71171,0.69428,15.36010,30.58676
0.30013,0.07846,12.99583,0.01067,0.01013,518.72508,15956.44863,6.06110,20.31156,0.39243,0.40576,0.39676,2.04489,0.59610,0.62736,0.59048,1.03237,0.99993,0.00060,0.00607,0.00019,0.06917,0.02985,0.76511,0.00003,0.88036,7.97055,4.02701,194.39091,0.71063,0.69119,15.31619,30.62526
0.29950,0.07838,13.07547,0.01067,0.01020,515.11143,15951.78529,6.11816,20.29225,0.39149,0.40567,0.39555,2.03675,0.59415,0.62425,0.59317,1.03211,1.00038,0.00060,0.00611,0.00020,0.06925,0.02998,0.76206,0.00008,0.88612,8.00757,4.04089,194.22980,0.71338,0.69885,15.39474,30.71154
0.29905,0.07918,13.17315,0.01066,0.01018,518.59534,15847.17111,6.09589,20.37717,0.39059,0.40543,0.39745,2.04815,0.59642,0.62369,0.58974,1.03546,0.99432,0.00060,0.00611,0.00020,0.06902,0.02989,0.75834,0.00019,0.89057,8.05191,4.06335,193.04302,0.71305,0.69894,15.39981,30.72617
0.29789,0.07977,13.19141,0.01064,0.01020,519.19472,15913.46191,6.06109,20.46310,0.39195,0.40347,0.39744,2.04684,0.59295,0.62331,0.59070,1.03024,0.98983,0.00060,0.00611,0.00020,0.06879,0.02973,0.75961,0.00023,0.88769,8.06374,4.04140,190.68424,0.71177,0.69459,15.59200,30.76852
0.30055,0.07921,13.32090,0.01064,0.01014,523.29809,15858.58921,6.10322,20.36553,0.38963,0.40436,0.39812,2.05251,0.59771,0.62050,0.59017,1.02795,0.99133,0.00059,0.00611,0.00020,0.06902,0.02983,0.76459,0.00018,0.88794,8.08453,4.07246,189.39743,0.70836,0.69296,15.58357,30.70536
0.29949,0.07969,13.32901,0.01067,0.01014,524.51370,15824.50749,6.10927,20.35238,0.39020,0.40555,0.39880,2.05615,0.59886,0.62228,0.58986,1.02513,0.99170,0.00059,0.00610,0.00019,0.06927,0.02996,0.76017,0.00010,0.89034,8.08703,4.10119,189.50854,0.71260,0.69142,15.50402,30.75656
0.29926,0.07957,13.22126,0.01067,0.01011,524.58518,15903.42880,6.07887,20.42442,0.39053,0.40730,0.39629,2.05775,0.59420,0.62427,0.59039,1.02335,0.99161,0.00059,0.00610,0.00020,0.06902,0.02988,0.75787,0.00020,0.89009,8.13621,4.13550,188.46150,0.71445,0.69426,15.44948,31.00424
0.29975,0.07978,13.20710,0.01063,0.01009,522.18702,15897.19912,6.09991,20.54648,0.39210,0.40951,0.39753,2.05226,0.58977,0.62756,0.59324,1.02360,0.99658,0.00059,0.00605,0.00020,0.06893,0.03002,0.76383,0.00010,0.88810,8.14686,4.10372,187.87048,0.71493,0.69978,15.56215,30.71047
0.29830,0.08059,13.23305,0.01066,0.01007,522.00563,15940.44235,6.10945,20.61786,0.39164,0.40913,0.39849,2.04622,0.58773,0.62665,0.59234,1.02252,1.00071,0.00059,0.00604,0.00020,0.06916,0.03005,0.76344,0.00001,0.88368,8.22509,4.12437,188.96706,0.71148,0.70563,15.49608,30.92301
0.29964,0.08000,13.15169,0.01074,0.01000,522.88989,15980.66262,6.14207,20.64032,0.39074,0.41062,0.39808,2.04921,0.58434,0.63094,0.59184,1.02009,1.00649,0.00059,0.00607,0.00020,0.06947,0.03013,0.76076,0.00008,0.88464,8.21339,4.13960,187.55540,0.71524,0.70688,15.51584,30.79949
0.30046,0.08037,13.15251,0.01071,0.00999,523.73726,16013.47045,6.10798,20.59116,0.39086,0.41110,0.39566,2.04978,0.58012,0.63084,0.59122,1.01446,1.00751,0.00059,0.00603,0.00020,0.06926,0.03004,0.75690,0.00004,0.88876,8.16871,4.14251,186.34889,0.72153,0.70573,15.55621,30.52519
0.29801,0.08018,13.13873,0.01064,0.00994,522.68205,15975.95910,6.07596,20.71650,0.39082,0.41248,0.39448,2.05016,0.57820,0.63226,0.59057,1.01553,1.01443,0.00059,0.00610,0.00020,0.06920,0.02976,0.74913,0.00008,0.89006,8.16641,4.14008,188.08791,0.72283,0.70874,15.55852,30.70829
0.29620,0.08042,13.21603,0.01063,0.00997,526.76441,15962.92435,6.02598,20.68958,0.38795,0.41087,0.39330,2.03289,0.58113,0.63333,0.59686,1.01068,1.02291,0.00059,0.00613,0.00020,0.06925,0.02974,0.74244,0.00007,0.89599,8.17425,4.14386,189.11782,0.72244,0.70477,15.53899,30.65173
0.29746,0.08072,13.21973,0.01067,0.01001,526.53505,15835.95033,6.06459,20.60754,0.38974,0.41183,0.39221,2.03012,0.57997,0.63453,0.59532,1.01049,1.02999,0.00060,0.00617,0.00020,0.06884,0.02950,0.74578,0.00011,0.89100,8.20473,4.13050,189.82949,0.72487,0.71009,15.38628,30.51647
0.29972,0.08077,13.22930,0.01067,0.00999,528.32703,15669.37909,6.02887,20.75536,0.39110,0.41444,0.39327,2.03764,0.57511,0.63554,0.60129,1.01050,1.01692,0.00060,0.00618,0.00020,0.06872,0.02940,0.74064,0.00016,0.89875,8.21845,4.13016,188.83848,0.72448,0.70648,15.57701,30.46509
0.29789,0.08099,13.23469,0.01067,0.01004,526.75518,15744.36871,6.06307,20.70024,0.38785,0.41100,0.39778,2.03133,0.57731,0.63718,0.59572,1.01099,1.02079,0.00060,0.00624,0.00020,0.06844,0.02947,0.74016,0.00016,0.90299,8.25519,4.12290,190.34926,0.72363,0.70581,15.68013,30.49043
0.29692,0.08093,13.22844,0.01070,0.00999,527.25891,15664.44306,6.06667,20.78601,0.38663,0.41001,0.39598,2.04817,0.58187,0.63892,0.59205,1.01769,1.01779,0.00060,0.00625,0.00020,0.06823,0.02928,0.73591,0.00026,0.90242,8.33266,4.12571,191.00577,0.72304,0.70637,15.58063,30.22684
0.29776,0.08085,13.29720,0.01068,0.00990,527.66532,15595.06610,6.06244,20.65498,0.38852,0.41354,0.39585,2.04275,0.57883,0.63712,0.59485,1.01456,1.01159,0.00059,0.00628,0.00020,0.06802,0.02912,0.73051,0.00028,0.90760,8.34236,4.11802,190.00877,0.72642,0.70669,15.60459,30.58548
0.29644,0.08145,13.34228,0.01067,0.00993,528.25782,15609.98520,6.08033,20.75091,0.38736,0.41226,0.39495,2.06024,0.57725,0.63367,0.59612,1.02044,1.00729,0.00059,0.00626,0.00020,0.06799,0.02893,0.72544,0.00001,0.90733,8.31997,4.12940,191.47899,0.72209,0.71685,15.51457,30.51582
0.29796,0.08063,13.44957,0.01067,0.01001,526.52081,15595.35681,6.08817,20.76125,0.38686,0.40703,0.39743,2.07573,0.57238,0.63329,0.59610,1.00835,1.01764,0.00059,0.00625,0.00020,0.06768,0.02874,0.72120,0.00012,0.90638,8.33217,4.14545,190.83843,0.72156,0.72332,15.54540,30.45768
0.29970,0.07986,13.34332,0.01065,0.00999,524.01110,15695.22347,6.08715,20.63271,0.38396,0.40627,0.39843,2.06524,0.57407,0.63855,0.59700,1.00618,1.02158,0.00059,0.00626,0.00020,0.06814,0.02870,0.71953,0.00009,0.90669,8.30416,4.18328,191.27131,0.72557,0.71903,15.54482,30.38177
0.29944,0.07950,13.36935,0.01065,0.00998,521.39948,15678.84949,6.10170,20.71144,0.38293,0.40638,0.39968,2.08327,0.57443,0.63510,0.59816,1.00337,1.01551,0.00059,0.00626,0.00020,0.06797,0.02892,0.71801,0.00002,0.91056,8.33580,4.17838,190.67692,0.73005,0.72041,15.47678,30.18907
0.29973,0.07919,13.37717,0.01069,0.01014,523.26238,15554.14558,6.06680,20.64149,0.38097,0.41159,0.40271,2.08950,0.56993,0.64124,0.60480,1.01155,1.01321,0.00059,0.00625,0.00020,0.06830,0.02895,0.71841,0.00005,0.90414,8.38754,4.15702,190.32194,0.72820,0.71943,15.45070,30.06673
0.29878,0.07873,13.31094,0.01063,0.01012,521.64674,15582.01909,6.08380,20.66132,0.38285,0.41251,0.40199,2.09983,0.57322,0.64444,0.60464,1.01408,1.01270,0.00059,0.00626,0.00020,0.06845,0.02892,0.71605,0.00015,0.90692,8.38995,4.20372,189.69890,0.72912,0.72364,15.33116,30.07729
0.30188,0.07848,13.35176,0.01063,0.01017,520.03605,15400.63026,6.04598,20.47025,0.38082,0.41162,0.40537,2.10768,0.57252,0.64436,0.60151,1.01059,1.01158,0.00059,0.00623,0.00020,0.06847,0.02911,0.71206,0.00002,0.90584,8.38257,4.17286,189.64377,0.72997,0.72534,15.32276,30.01032
0.30052,0.07885,13.30662,0.01061,0.01019,518.80338,15458.63002,6.05292,20.50432,0.37891,0.41483,0.40707,2.12314,0.57408,0.65256,0.60158,1.01324,1.01447,0.00059,0.00623,0.00020,0.06854,0.02922,0.71303,0.00007,0.91874,8.36918,4.14988,189.23470,0.72830,0.72651,15.21476,29.94751
0.29822,0.07861,13.29146,0.01059,0.01015,519.58843,15415.81950,6.00841,20.56653,0.37762,0.41309,0.40998,2.12493,0.57653,0.65224,0.60301,1.01370,1.01455,0.00059,0.00619,0.00020,0.06879,0.02909,0.71164,0.00015,0.90776,8.41255,4.14974,188.79480,0.72462,0.72395,15.27903,29.94374
0.29887,0.07870,13.31095,0.01050,0.01019,519.50069,15331.14532,5.98832,20.46875,0.37468,0.41068,0.40778,2.11099,0.57487,0.65702,0.60232,1.01163,1.02107,0.00059,0.00625,0.00020,0.06898,0.02916,0.71518,0.00019,0.90968,8.49578,4.14808,189.49478,0.72218,0.72516,15.19667,29.72302
0.29683,0.07861,13.18533,0.01049,0.01024,518.66974,15264.06551,5.97083,20.47010,0.37499,0.41191,0.40735,2.11141,0.57118,0.65665,0.60097,1.01865,1.02061,0.00059,0.00629,0.00020,0.06910,0.02908,0.72326,0.00013,0.91568,8.49820,4.15415,187.31603,0.72298,0.72441,15.14245,29.77668
0.29596,0.07777,13.17280,0.01048,0.01024,519.32120,15306.00608,5.97557,20.33294,0.37646,0.40995,0.40751,2.10656,0.57512,0.65829,0.59635,1.01624,1.01785,0.00059,0.00628,0.00020,0.06894,0.02909,0.72675,0.00008,0.91453,8.50236,4.17140,186.06601,0.72662,0.72178,15.08093,29.84975
0.29540,0.07787,13.19321,0.01045,0.01024,518.15832,15385.45641,5.93450,20.34261,0.37359,0.40859,0.40631,2.11693,0.57538,0.66124,0.59604,1.01969,1.02403,0.00059,0.00630,0.00020,0.06947,0.02917,0.72052,0.00000,0.90985,8.48882,4.16232,184.04049,0.73084,0.71836,15.18190,29.70522
0.29386,0.07772,13.27741,0.01041,0.01023,521.18822,15319.38236,5.97997,20.32654,0.37045,0.40880,0.40707,2.12661,0.57412,0.66166,0.59457,1.01723,1.02019,0.00059,0.00632,0.00020,0.07016,0.02905,0.71680,0.00016,0.91539,8.46107,4.19103,183.93262,0.73268,0.71731,15.17685,29.46692
0.29272,0.07807,13.39985,0.01038,0.01024,515.87272,15358.20262,5.98902,20.38114,0.36925,0.40835,0.40711,2.13264,0.56971,0.66304,0.59954,1.01180,1.01958,0.00059,0.00628,0.00020,0.06992,0.02885,0.71495,0.00019,0.91925,8.46731,4.17879,185.68828,0.73353,0.71330,15.20033,29.38607
0.29051,0.07727,13.47790,0.01037,0.01029,514.06434,15396.41791,5.99209,20.29236,0.37232,0.40864,0.40838,2.12969,0.56774,0.66157,0.59971,1.00706,1.02532,0.00059,0.00627,0.00020,0.06985,0.02897,0.72400,0.00001,0.92063,8.49728,4.20341,186.01664,0.73349,0.71198,15.26907,29.48964
0.29334,0.07685,13.40559,0.01040,0.01026,513.22709,15496.06016,5.97404,20.39075,0.36989,0.40806,0.41115,2.13306,0.56528,0.65852,0.60283,1.01115,1.02457,0.00059,0.00631,0.00020,0.06970,0.02887,0.71938,0.00002,0.91610,8.45590,4.20992,185.57379,0.73320,0.71161,15.23490,29.68531
0.29301,0.07672,13.43273,0.01037,0.01035,516.36886,15473.16261,6.00509,20.48532,0.36764,0.41024,0.41196,2.13078,0.56173,0.65546,0.60396,1.01434,1.02299,0.00059,0.00634,0.00020,0.06954,0.02867,0.72062,0.00013,0.91564,8.46877,4.21282,184.76353,0.73494,0.71660,15.29393,29.65999
0.29197,0.07707,13.43812,0.01030,0.01028,522.21781,15451.57184,6.01567,20.41622,0.36930,0.41075,0.41183,2.14606,0.56467,0.65654,0.61037,1.01677,1.02291,0.00059,0.00635,0.00020,0.06942,0.02861,0.72363,0.00003,0.91327,8.52968,4.18473,185.30457,0.73639,0.72000,15.15660,29.61762
0.29098,0.07696,13.38969,0.01031,0.01025,519.91875,15404.99077,5.96327,20.52591,0.36885,0.41447,0.41041,2.13039,0.56417,0.65735,0.61207,1.01580,1.03594,0.00059,0.00631,0.00020,0.06948,0.02843,0.72203,0.00005,0.91363,8.52509,4.19894,184.32090,0.73891,0.72413,15.16059,29.52857
0.29112,0.07635,13.37443,0.01040,0.01027,519.55638,15384.02939,5.96512,20.48138,0.36945,0.41401,0.41171,2.13225,0.56086,0.66129,0.61320,1.02172,1.03900,0.00058,0.00630,0.00020,0.06955,0.02807,0.72064,0.00016,0.91603,8.55125,4.22121,184.06231,0.73948,0.72542,15.09932,29.32738
0.29046,0.07613,13.34129,0.01050,0.01024,519.10921,15403.25450,5.98122,20.39957,0.37066,0.41131,0.41166,2.12180,0.56247,0.66602,0.61508,1.02342,1.03334,0.00058,0.00625,0.00020,0.06919,0.02812,0.72274,0.00002,0.91568,8.49418,4.20728,184.11967,0.74226,0.72624,15.12959,29.70519
0.29126,0.07553,13.36784,0.01055,0.01027,521.80333,15359.86964,5.96771,20.51789,0.36767,0.41597,0.41277,2.11607,0.55791,0.67215,0.61644,1.02481,1.03249,0.00058,0.00619,0.00020,0.06952,0.02819,0.72308,0.00015,0.91673,8.51738,4.24489,183.18216,0.73687,0.72606,15.34024,29.54987
0.28995,0.07559,13.30444,0.01056,0.01034,520.48920,15323.92303,5.97509,20.50925,0.36857,0.41772,0.41489,2.12096,0.55583,0.67187,0.61990,1.03107,1.02941,0.00058,0.00620,0.00020,0.07025,0.02786,0.72937,0.00022,0.90887,8.55921,4.22521,182.15182,0.73681,0.73227,15.45021,29.48163
0.29120,0.07602,13.20672,0.01051,0.01039,519.95133,15366.96227,5.97610,20.50302,0.36939,0.41964,0.41340,2.12142,0.55783,0.67310,0.61569,1.02635,1.03966,0.00058,0.00622,0.00020,0.07032,0.02781,0.72683,0.00022,0.90924,8.53267,4.22610,180.94082,0.73984,0.72799,15.44364,29.70854
0.29021,0.07616,13.20294,0.01047,0.01033,522.68156,15469.74179,6.00198,20.40437,0.37027,0.41782,0.41235,2.09844,0.55669,0.68034,0.61026,1.01978,1.04486,0.00057,0.00624,0.00020,0.07052,0.02796,0.72557,0.00009,0.89946,8.57168,4.21336,181.76632,0.73689,0.71978,15.65201,30.02501
0.29003,0.07591,13.15689,0.01049,0.01030,524.47506,15586.29331,5.99487,20.59710,0.37121,0.41772,0.41374,2.09631,0.55997,0.68257,0.61013,1.01400,1.05587,0.00058,0.00617,0.00020,0.07149,0.02800,0.73583,0.00006,0.90140,8.53738,4.24970,183.33033,0.73752,0.72492,15.59276,30.03793
0.28871,0.07594,13.09283,0.01041,0.01031,529.21037,15607.99099,5.98993,20.79141,0.36840,0.41873,0.41045,2.10045,0.56392,0.68218,0.60883,1.00812,1.05147,0.00057,0.00615,0.00020,0.07117,0.02825,0.73771,0.00000,0.90361,8.56617,4.22747,182.65817,0.73693,0.72009,15.68303,30.11233
0.28951,0.07547,13.30708,0.01043,0.01027,530.82867,15455.11626,5.95642,20.84833,0.36918,0.41947,0.40894,2.08746,0.56291,0.68634,0.60631,1.00864,1.06294,0.00058,0.00616,0.00020,0.07133,0.02820,0.74007,0.00010,0.89098,8.59350,4.24116,182.07755,0.74132,0.71575,15.68512,30.21390
0.29171,0.07566,13.26188,0.01039,0.01027,528.77256,15380.01868,5.96498,21.04320,0.36755,0.42108,0.41094,2.05122,0.56542,0.68792,0.60618,1.01259,1.06655,0.00058,0.00618,0.00020,0.07104,0.02820,0.74165,0.00005,0.88855,8.64590,4.25349,181.79101,0.74307,0.71859,15.55967,30.04389
0.29190,0.07557,13.20103,0.01039,0.01031,530.93907,15514.17305,5.95935,20.99873,0.36986,0.42174,0.40873,2.06498,0.56035,0.69347,0.60175,1.01336,1.06286,0.00058,0.00609,0.00020,0.07129,0.02788,0.74359,0.00011,0.87836,8.59161,4.25337,180.20448,0.74333,0.72051,15.47914,30.04642
0.29180,0.07548,13.24954,0.01048,0.01024,529.59777,15554.77450,5.92714,21.01017,0.36710,0.41918,0.40893,2.06766,0.56153,0.69306,0.59849,1.01044,1.06183,0.00058,0.00612,0.00020,0.07084,0.02763,0.74274,0.00020,0.87711,8.57794,4.24641,180.44095,0.74535,0.71744,15.44855,30.10230
0.29224,0.07533,13.23514,0.01050,0.01023,532.44584,15566.82503,5.94300,20.93666,0.36775,0.41885,0.40800,2.06465,0.55939,0.69593,0.59967,1.00768,1.05715,0.00058,0.00615,0.00020,0.07078,0.02767,0.74314,0.00017,0.87491,8.62537,4.21590,181.79987,0.74689,0.72703,15.39493,29.86067
0.29351,0.07594,13.36052,0.01055,0.01020,530.65936,15535.68378,5.92218,20.89696,0.36764,0.41650,0.40851,2.06144,0.55492,0.69663,0.59424,0.99909,1.05944,0.00057,0.00614,0.00020,0.07154,0.02765,0.73873,0.00013,0.87886,8.60461,4.25138,182.30575,0.74621,0.72450,15.23391,29.77919
0.29434,0.07589,13.33237,0.01047,0.01025,534.15492,15444.01362,5.95161,20.88884,0.36862,0.41260,0.41093,2.05689,0.55063,0.69992,0.59371,1.00025,1.06696,0.00058,0.00612,0.00020,0.07164,0.02783,0.74013,0.00000,0.87584,8.61431,4.26557,181.63830,0.74908,0.72518,15.28001,29.95511
0.29365,0.07569,13.35473,0.01054,0.01032,533.40697,15356.76609,5.95901,20.82359,0.36739,0.41137,0.41190,2.05426,0.54313,0.70038,0.59550,1.00224,1.06927,0.00058,0.00612,0.00020,0.07240,0.02756,0.74333,0.00007,0.88218,8.53877,4.26393,181.00900,0.74320,0.72530,15.26395,29.88088
0.29526,0.07515,13.40363,0.01049,0.01032,535.39157,15346.13488,5.92325,20.74738,0.36576,0.41187,0.41258,2.02881,0.54496,0.69854,0.59867,1.00601,1.06461,0.00058,0.00612,0.00020,0.07192,0.02761,0.74478,0.00001,0.87730,8.50576,4.28410,179.45943,0.73719,0.72903,15.27483,29.85719
0.29543,0.07425,13.33906,0.01044,0.01029,532.73048,15451.35206,5.93107,20.63621,0.36650,0.41366,0.41311,2.02349,0.54322,0.70079,0.59751,1.01711,1.05908,0.00058,0.00613,0.00019,0.07252,0.02726,0.74711,0.00004,0.87016,8.58990,4.28942,178.49663,0.73799,0.72447,15.39709,29.68342
0.29508,0.07439,13.29091,0.01047,0.01025,526.99939,15471.59314,5.96666,20.58559,0.36677,0.41499,0.41479,2.01941,0.54296,0.69706,0.59806,1.00330,1.06137,0.00058,0.00612,0.00020,0.07281,0.02689,0.74796,0.00003,0.86804,8.57267,4.30995,176.92530,0.73754,0.72343,15.39714,29.98738
0.29554,0.07433,13.38252,0.01042,0.01027,523.10925,15683.91916,5.99272,20.62591,0.36630,0.41650,0.41796,2.01906,0.54310,0.69735,0.59524,1.00566,1.05774,0.00058,0.00616,0.00019,0.07296,0.02690,0.75427,0.00007,0.87410,8.56749,4.29902,177.29560,0.74625,0.72200,15.34211,29.99070
0.29736,0.07424,13.37199,0.01046,0.01039,517.33591,15650.08764,6.01343,20.73076,0.36695,0.41486,0.41857,2.01576,0.54035,0.69639,0.59964,1.00227,1.05010,0.00058,0.00613,0.00019,0.07272,0.02676,0.75324,0.00004,0.88214,8.51130,4.31783,175.50586,0.74179,0.71753,15.31952,30.08055
0.29640,0.07450,13.32661,0.01051,0.01042,518.14631,15587.35878,5.98979,20.79686,0.36666,0.41440,0.41772,2.00609,0.54561,0.69726,0.60266,0.99954,1.05199,0.00058,0.00615,0.00019,0.07303,0.02676,0.75531,0.00002,0.88431,8.58423,4.31913,174.71551,0.74362,0.71862,15.24907,29.98633
0.29443,0.07450,13.24120,0.01052,0.01048,522.96994,15668.22029,5.97905,20.81546,0.36045,0.41216,0.41433,2.00339,0.55320,0.69816,0.60138,1.00376,1.05379,0.00058,0.00613,0.00019,0.07286,0.02665,0.74947,0.00014,0.88802,8.62094,4.37484,174.62888,0.74438,0.71663,15.22879,29.76357
0.29639,0.07439,13.25174,0.01052,0.01042,523.77071,15693.77984,6.07669,20.97263,0.35926,0.41137,0.41556,1.98234,0.55487,0.70308,0.59819,0.99878,1.05742,0.00058,0.00623,0.00019,0.07276,0.02670,0.74547,0.00018,0.89083,8.62142,4.36276,173.27346,0.74929,0.72094,15.11956,29.56382
0.29536,0.07439,13.15187,0.01043,0.01049,526.35384,15842.74355,6.10092,21.05572,0.35777,0.41420,0.41337,1.97917,0.55665,0.70862,0.59628,0.99533,1.05562,0.00059,0.00615,0.00019,0.07263,0.02689,0.74275,0.00009,0.89554,8.68172,4.35594,172.23264,0.75074,0.72263,15.14015,29.63038
0.29676,0.07377,13.11713,0.01049,0.01054,528.15429,15779.17746,6.10263,20.95356,0.35813,0.41561,0.41346,1.98289,0.55741,0.71166,0.59471,0.99880,1.04902,0.00059,0.00616,0.00019,0.07282,0.02649,0.73771,0.00010,0.89895,8.61340,4.32388,173.84563,0.74829,0.72388,15.30784,29.56539
0.29516,0.07341,13.05114,0.01048,0.01055,533.35673,15893.95167,6.04597,20.91590,0.35413,0.41388,0.41591,1.98903,0.55789,0.71006,0.60307,1.01455,1.05222,0.00059,0.00615,0.00019,0.07285,0.02653,0.73210,0.00002,0.89805,8.70022,4.34239,173.56069,0.74836,0.71966,15.32394,29.72643
0.29546,0.07344,13.11011,0.01052,0.01059,534.45187,15852.88756,6.04559,20.98155,0.35589,0.41671,0.41787,1.98399,0.55488,0.71165,0.60120,1.01975,1.04593,0.00060,0.00615,0.00020,0.07270,0.02635,0.73077,0.00008,0.90677,8.74797,4.38202,173.50926,0.74941,0.72129,15.34283,29.83148
0.29617,0.07308,13.18387,0.01050,0.01062,534.78797,15907.25827,6.02235,21.06163,0.35815,0.41538,0.41725,1.96940,0.55280,0.71349,0.60056,1.01435,1.03853,0.00060,0.00618,0.00020,0.07301,0.02614,0.73500,0.00026,0.90794,8.77407,4.37603,170.66841,0.74753,0.72034,15.36547,29.78989
0.29751,0.07273,13.17459,0.01050,0.01055,535.51992,15954.34329,6.02293,20.93194,0.35866,0.41460,0.41868,1.96509,0.55561,0.71390,0.59839,1.01896,1.04125,0.00060,0.00620,0.00020,0.07329,0.02624,0.73663,0.00011,0.90733,8.75129,4.38573,169.25262,0.74656,0.71441,15.38302,30.14865
0.29916,0.07214,13.17952,0.01057,0.01054,533.16368,15817.16176,5.94153,20.86481,0.35647,0.41562,0.41503,1.96081,0.55362,0.71720,0.59927,1.01810,1.03640,0.00060,0.00622,0.00020,0.07392,0.02615,0.73888,0.00012,0.91256,8.77189,4.39789,168.85529,0.75117,0.70665,15.41887,30.30812
0.29916,0.07206,13.19232,0.01059,0.01048,532.80570,15652.23551,5.93183,20.81466,0.35548,0.41322,0.41709,1.97001,0.55143,0.71712,0.59983,1.01114,1.03772,0.00061,0.00619,0.00020,0.07447,0.02610,0.73772,0.00014,0.91165,8.77133,4.38737,169.89860,0.75600,0.70912,15.29391,30.28438
0.30060,0.07234,13.28674,0.01062,0.01044,535.32143,15741.27372,5.95606,20.95010,0.35337,0.41363,0.41483,1.95259,0.54610,0.71613,0.60017,1.00846,1.04146,0.00061,0.00619,0.00020,0.07475,0.02608,0.74492,0.00012,0.90562,8.81009,4.39173,169.92953,0.75655,0.71364,15.33195,30.22599
0.29788,0.07272,13.35495,0.01069,0.01046,538.08261,15738.00631,6.01195,20.93710,0.35236,0.41367,0.41834,1.96736,0.54879,0.71184,0.60350,1.01028,1.03568,0.00061,0.00615,0.00020,0.07461,0.02610,0.73805,0.00007,0.90563,8.73986,4.37659,168.77974,0.76488,0.71070,15.21123,30.26691
0.29601,0.07271,13.49350,0.01072,0.01055,539.27939,15696.11758,5.98473,21.04488,0.35096,0.41299,0.41962,1.96775,0.55022,0.71661,0.60461,1.01346,1.03584,0.00061,0.00614,0.00020,0.07470,0.02577,0.73883,0.00009,0.90305,8.73370,4.39579,168.82555,0.76242,0.70783,15.18981,30.14743
0.29536,0.07258,13.53712,0.01072,0.01065,541.11192,15780.70109,6.00355,21.05048,0.35006,0.41369,0.41964,1.95865,0.54925,0.71615,0.60703,1.01408,1.03772,0.00060,0.00609,0.00020,0.07491,0.02584,0.73555,0.00015,0.90056,8.66328,4.39895,168.12124,0.76804,0.70705,15.28013,30.04994
0.29673,0.07278,13.53383,0.01069,0.01060,542.19585,15892.63841,5.98196,21.14738,0.34920,0.41377,0.41600,1.96918,0.54687,0.71649,0.60712,1.00985,1.03463,0.00060,0.00613,0.00020,0.07526,0.02586,0.73673,0.00014,0.89947,8.62180,4.38997,167.72233,0.76911,0.71074,15.09202,30.04692
0.29600,0.07256,13.60140,0.01073,0.01057,545.47185,15864.31301,6.01913,21.22917,0.35082,0.41459,0.41280,1.97779,0.54562,0.72057,0.61214,1.01384,1.03261,0.00060,0.00611,0.00020,0.07522,0.02609,0.73635,0.00006,0.88937,8.59213,4.36280,167.42460,0.76745,0.70950,15.05351,30.04241
0.29607,0.07285,13.53854,0.01072,0.01055,544.16819,15906.09675,5.98188,21.24827,0.35145,0.41340,0.41409,1.97017,0.54573,0.71908,0.61066,1.01231,1.04269,0.00060,0.00614,0.00020,0.07584,0.02566,0.73905,0.00012,0.87699,8.53673,4.38938,166.95702,0.77359,0.70603,15.08012,29.99113
0.29288,0.07305,13.51230,0.01081,0.01054,545.49790,15928.55362,5.94213,21.38023,0.35090,0.41489,0.41301,1.98306,0.54572,0.72162,0.60904,1.01809,1.04246,0.00060,0.00612,0.00020,0.07572,0.02536,0.74173,0.00012,0.88102,8.50500,4.39622,165.92895,0.76977,0.69950,15.11924,30.09398
0.29166,0.07248,13.56923,0.01083,0.01043,546.91680,15996.53150,5.93893,21.37856,0.35005,0.41767,0.41262,1.99111,0.54536,0.71898,0.60547,1.01238,1.04070,0.00060,0.00612,0.00020,0.07543,0.02545,0.74588,0.00002,0.87747,8.47852,4.41426,165.31283,0.77447,0.70354,15.05414,30.00990
0.29123,0.07219,13.63920,0.01081,0.01045,544.84348,16048.07486,5.90232,21.41484,0.34977,0.41974,0.41511,1.97103,0.54308,0.72148,0.60087,1.00569,1.03531,0.00060,0.00612,0.00020,0.07543,0.02532,0.75089,0.00005,0.88281,8.45295,4.43373,166.14699,0.77265,0.70357,14.99176,29.96391
0.29063,0.07255,13.68591,0.01079,0.01051,545.68239,15963.15354,5.91344,21.47213,0.34644,0.42035,0.41767,1.95625,0.54230,0.72157,0.60130,1.00392,1.03205,0.00060,0.00614,0.00020,0.07481,0.02540,0.75219,0.00003,0.88482,8.52259,4.42025,167.70362,0.77336,0.70353,14.94552,29.83935
0.29022,0.07250,13.75483,0.01083,0.01054,547.21730,15842.61817,5.89330,21.49320,0.34410,0.41915,0.41975,1.95518,0.54086,0.72191,0.60357,1.00612,1.02490,0.00060,0.00616,0.00020,0.07486,0.02538,0.74971,0.00001,0.88673,8.53001,4.41273,168.88458,0.77318,0.70774,14.91022,29.74889
0.29144,0.07230,13.69764,0.01085,0.01061,547.42069,15874.43141,5.89442,21.50824,0.34631,0.41811,0.41587,1.95856,0.54718,0.72451,0.60474,1.00474,1.02189,0.00060,0.00620,0.00020,0.07466,0.02551,0.74645,0.00003,0.88979,8.57403,4.40554,167.66124,0.77108,0.71413,14.95176,29.76440
0.29292,0.07161,13.57578,0.01087,0.01065,547.02724,15925.50956,5.80977,21.55053,0.34577,0.42111,0.41739,1.95329,0.55077,0.72432,0.60785,1.01013,1.02346,0.00060,0.00619,0.00020,0.07428,0.02543,0.74989,0.00002,0.89352,8.55470,4.45533,167.12736,0.77839,0.71499,14.95918,29.75560
0.29173,0.07159,13.53179,0.01089,0.01062,547.74557,15939.23887,5.78376,21.60038,0.34819,0.42086,0.41521,1.92920,0.54877,0.72567,0.60383,1.01574,1.02965,0.00059,0.00619,0.00020,0.07411,0.02545,0.74493,0.00003,0.89204,8.62276,4.45999,166.36199,0.78530,0.71033,15.00137,29.86831
0.28710,0.07205,13.47424,0.01089,0.01060,550.43472,16040.46412,5.76159,21.70451,0.34781,0.41767,0.41516,1.94519,0.55122,0.72924,0.59778,1.00869,1.02909,0.00059,0.00621,0.00020,0.07402,0.02545,0.73932,0.00012,0.89014,8.57120,4.44461,167.75823,0.78614,0.71579,15.09218,29.89390
0.28663,0.07192,13.50522,0.01090,0.01063,551.59511,15936.70718,5.79101,21.58130,0.34723,0.41659,0.41249,1.95265,0.54478,0.73245,0.59698,1.00500,1.02485,0.00059,0.00620,0.00020,0.07440,0.02566,0.73652,0.00003,0.89571,8.57823,4.43561,166.71958,0.78393,0.71548,15.13129,30.00258
0.28622,0.07218,13.50594,0.01092,0.01061,551.81750,16018.64657,5.80604,21.70944,0.34766,0.41796,0.41495,1.93830,0.54429,0.73227,0.59603,0.99572,1.02155,0.00059,0.00624,0.00020,0.07374,0.02582,0.73986,0.00005,0.89743,8.56346,4.42962,164.67166,0.79206,0.71774,15.21034,30.11686
0.28369,0.07231,13.44401,0.01095,0.01061,552.93547,16073.12599,5.81297,21.65460,0.34870,0.41961,0.41562,1.95948,0.54002,0.73850,0.59467,0.99315,1.02386,0.00060,0.00623,0.00020,0.07348,0.02578,0.74236,0.00001,0.90480,8.58684,4.41975,163.76028,0.79548,0.71723,15.19707,30.07401
0.28340,0.07241,13.49034,0.01095,0.01055,553.82329,16035.09417,5.83138,21.81865,0.34851,0.41361,0.41464,1.96026,0.54060,0.73691,0.59846,0.99416,1.02890,0.00060,0.00624,0.00020,0.07376,0.02558,0.74357,0.00010,0.89438,8.67745,4.41125,163.25254,0.79819,0.71722,15.24511,29.81928
0.28419,0.07149,13.47469,0.01092,0.01053,548.54874,16018.40704,5.84875,21.98691,0.35023,0.41014,0.41779,1.94043,0.53866,0.73621,0.60232,0.99746,1.02342,0.00059,0.00618,0.00020,0.07361,0.02566,0.74302,0.00004,0.89852,8.67283,4.40574,163.95714,0.80162,0.71967,15.27142,29.95926
0.28319,0.07132,13.50927,0.01093,0.01055,550.25959,15907.72429,5.81895,22.07853,0.35045,0.41176,0.41488,1.93114,0.53821,0.73679,0.60222,0.99640,1.02043,0.00060,0.00618,0.00020,0.07323,0.02576,0.74207,0.00016,0.89438,8.59789,4.41861,162.73402,0.80699,0.72424,15.35529,29.87781
0.28252,0.07148,13.57204,0.01091,0.01058,551.49715,15801.27020,5.87148,22.15915,0.35020,0.40777,0.41456,1.91576,0.53875,0.73369,0.59649,1.00708,1.02122,0.00060,0.00623,0.00020,0.07289,0.02597,0.74239,0.00005,0.88862,8.61833,4.41641,161.93065,0.80727,0.72612,15.50153,29.78966
0.28374,0.07140,13.48994,0.01091,0.01058,552.61347,15862.72401,5.86020,22.17034,0.34734,0.40841,0.41355,1.90494,0.53635,0.73279,0.59762,1.00468,1.02898,0.00059,0.00619,0.00020,0.07294,0.02620,0.74632,0.00001,0.88047,8.66469,4.41267,161.32315,0.81047,0.72663,15.54474,29.56835
0.28574,0.07208,13.65988,0.01091,0.01050,551.43101,15745.85055,5.85703,22.13893,0.34337,0.40467,0.40873,1.89614,0.53771,0.73074,0.60451,1.00073,1.02546,0.00059,0.00623,0.00020,0.07223,0.02594,0.74737,0.00004,0.87270,8.63976,4.43759,161.12759,0.81363,0.72884,15.53735,29.51403
0.28603,0.07194,13.63746,0.01098,0.01043,546.28049,15803.32064,5.84324,22.08601,0.34253,0.40627,0.41080,1.89838,0.53549,0.73698,0.60877,0.99761,1.03309,0.00059,0.00619,0.00020,0.07217,0.02603,0.74432,0.00003,0.87619,8.65098,4.44798,161.88743,0.82218,0.72336,15.66231,29.58453
0.28539,0.07196,13.60368,0.01102,0.01036,546.79470,15750.83109,5.88212,22.12799,0.34463,0.40544,0.41270,1.89696,0.53270,0.74187,0.60741,1.00048,1.03042,0.00059,0.00618,0.00020,0.07201,0.02622,0.74968,0.00011,0.87344,8.62536,4.47083,162.38963,0.82685,0.72166,15.79723,29.49988
0.28595,0.07169,13.50278,0.01100,0.01042,544.62697,15668.79358,5.88243,22.11837,0.34806,0.40525,0.41281,1.90730,0.53619,0.74247,0.61298,1.00536,1.03025,0.00059,0.00616,0.00020,0.07239,0.02620,0.74382,0.00014,0.87419,8.64464,4.47341,162.46505,0.82232,0.71748,15.92550,29.64678
0.28770,0.07150,13.53646,0.01110,0.01048,543.44165,15653.32292,5.92110,22.11971,0.34654,0.40629,0.41029,1.89946,0.53767,0.74219,0.61090,1.00378,1.04015,0.00060,0.00622,0.00020,0.07269,0.02606,0.73834,0.00002,0.87015,8.60253,4.46014,161.84127,0.81904,0.71377,16.04782,29.45973
0.28835,0.07139,13.55670,0.01107,0.01047,545.21121,15606.92505,5.88073,22.15749,0.34396,0.40471,0.41084,1.89022,0.54087,0.74238,0.61053,1.00449,1.03801,0.00060,0.00619,0.00020,0.07222,0.02554,0.73745,0.00022,0.86526,8.56570,4.46792,162.56466,0.82265,0.71660,16.10996,29.55716
0.28887,0.07135,13.69892,0.01104,0.01059,544.72470,15563.27537,5.84188,22.25066,0.34231,0.40374,0.41299,1.89318,0.54207,0.74042,0.61685,0.99609,1.03593,0.00060,0.00615,0.00020,0.07207,0.02532,0.73746,0.00008,0.86732,8.59270,4.46167,164.72556,0.82582,0.71765,16.14466,29.56246
0.29012,0.07145,13.58122,0.01107,0.01064,546.07514,15467.81223,5.81058,22.23755,0.34378,0.40590,0.41349,1.89105,0.54054,0.74103,0.61715,0.99547,1.03481,0.00060,0.00616,0.00020,0.07186,0.02503,0.73402,0.00010,0.85914,8.65417,4.50491,163.48489,0.82648,0.71303,16.05523,29.56994
0.28911,0.07171,13.52996,0.01104,0.01071,543.84077,15479.40059,5.82331,22.13927,0.34640,0.40459,0.41780,1.88210,0.53977,0.74433,0.61707,0.98922,1.03614,0.00060,0.00612,0.00020,0.07161,0.02518,0.73385,0.00010,0.85432,8.65003,4.51020,162.93098,0.83336,0.71859,16.04147,29.78515
0.29029,0.07136,13.52062,0.01106,0.01071,540.77295,15527.54331,5.80894,22.06352,0.34668,0.40564,0.41993,1.88447,0.53901,0.74311,0.61756,0.99023,1.04121,0.00060,0.00610,0.00020,0.07179,0.02482,0.74127,0.00014,0.86008,8.66485,4.51769,163.43327,0.83663,0.71987,16.07121,29.67125
0.29090,0.07129,13.45265,0.01103,0.01071,540.24608,15552.38118,5.78904,22.07249,0.34663,0.40652,0.41783,1.86675,0.54311,0.74242,0.62010,0.99460,1.03883,0.00061,0.00614,0.00020,0.07157,0.02483,0.74508,0.00005,0.86542,8.59967,4.55360,164.86105,0.82959,0.72415,16.12154,29.70378
0.29322,0.07144,13.56755,0.01101,0.01067,545.95901,15488.16306,5.77241,22.12261,0.34808,0.40486,0.41363,1.86242,0.54638,0.74491,0.61932,0.99895,1.04136,0.00060,0.00614,0.00020,0.07145,0.02459,0.74710,0.00002,0.85980,8.64428,4.57816,165.42534,0.83535,0.72235,16.20201,29.66295
0.29146,0.07084,13.53359,0.01105,0.01071,546.63586,15488.33505,5.80313,21.97499,0.34717,0.40529,0.41053,1.84717,0.54658,0.74860,0.61883,1.00214,1.04042,0.00061,0.00616,0.00020,0.07127,0.02447,0.74832,0.00019,0.86296,8.68501,4.60653,164.12059,0.83855,0.71873,16.12948,30.17201
0.29099,0.07095,13.54813,0.01100,0.01068,547.76490,15579.52496,5.75320,21.94985,0.34948,0.40722,0.40850,1.84661,0.54332,0.75102,0.61895,1.01013,1.04127,0.00060,0.00617,0.00020,0.07119,0.02446,0.74742,0.00023,0.86470,8.60344,4.61952,162.11122,0.84383,0.71657,16.24108,30.12771
0.28948,0.07090,13.47659,0.01098,0.01067,548.21651,15738.24512,5.74236,22.07888,0.34565,0.40973,0.40907,1.85656,0.54294,0.74834,0.61898,1.01354,1.04364,0.00060,0.00619,0.00020,0.07155,0.02460,0.74525,0.00008,0.87172,8.58972,4.65143,161.35098,0.84382,0.72474,16.29891,29.91185
0.28998,0.07106,13.47013,0.01088,0.01070,544.59845,15712.26811,5.73252,22.08864,0.34363,0.41018,0.40975,1.87494,0.54242,0.75294,0.62075,1.01619,1.04739,0.00061,0.00618,0.00020,0.07135,0.02461,0.74819,0.00016,0.86295,8.53567,4.63374,160.39525,0.83867,0.71390,16.29102,30.03324
0.29115,0.07092,13.43855,0.01078,0.01063,544.06675,15672.24406,5.75839,22.12173,0.34096,0.40982,0.40716,1.87631,0.54091,0.75472,0.61706,1.01912,1.04933,0.00061,0.00622,0.00020,0.07140,0.02463,0.74829,0.00012,0.86339,8.52013,4.62143,160.54394,0.83644,0.71418,16.19625,29.93608
0.29031,0.07012,13.30598,0.01067,0.01071,544.35919,15690.30648,5.75207,22.12980,0.34035,0.41085,0.40887,1.86854,0.54548,0.75113,0.62013,1.02370,1.04479,0.00061,0.00621,0.00020,0.07138,0.02464,0.74672,0.00006,0.86721,8.44187,4.60973,159.47550,0.83732,0.71319,16.24550,29.82927
0.28839,0.07009,13.29712,0.01055,0.01076,544.56246,15680.04384,5.72500,22.05499,0.33929,0.41065,0.40990,1.87171,0.54229,0.75189,0.61707,1.02500,1.03966,0.00061,0.00620,0.00020,0.07136,0.02464,0.74624,0.00001,0.86684,8.50002,4.65087,159.51429,0.83976,0.71285,16.33183,29.86052
0.28802,0.06908,13.35806,0.01055,0.01072,540.64162,15758.15035,5.78582,22.13497,0.33588,0.41218,0.40739,1.87740,0.54353,0.75427,0.61793,1.01994,1.03144,0.00062,0.00617,0.00020,0.07134,0.02465,0.74655,0.00022,0.86176,8.42763,4.66158,160.23040,0.84093,0.70746,16.50149,29.70015
0.29034,0.06831,13.34671,0.01058,0.01074,541.77741,15670.44783,5.78454,21.99806,0.33766,0.41349,0.40794,1.86339,0.54670,0.75792,0.61866,1.02105,1.02845,0.00062,0.00614,0.00020,0.07145,0.02455,0.74382,0.00022,0.86266,8.47713,4.66825,161.23294,0.83824,0.70630,16.43667,29.54020
0.28816,0.06883,13.32715,0.01054,0.01078,540.40997,15775.81986,5.78674,21.90587,0.33680,0.41302,0.40812,1.86027,0.54322,0.76353,0.62189,1.02547,1.03066,0.00062,0.00616,0.00020,0.07177,0.02445,0.74070,0.00033,0.85764,8.50706,4.66455,162.05999,0.83776,0.70520,16.48212,29.69441
0.28791,0.06878,13.39712,0.01056,0.01076,543.62169,15738.06234,5.81329,22.00816,0.33771,0.41377,0.40966,1.83952,0.54541,0.76162,0.61835,1.02230,1.03200,0.00062,0.00611,0.00020,0.07181,0.02428,0.74030,0.00028,0.85788,8.41427,4.69033,162.54510,0.83548,0.71023,16.48555,29.96779
0.28633,0.06917,13.35528,0.01053,0.01071,545.62787,15733.41632,5.76351,22.05895,0.33677,0.41437,0.40964,1.85758,0.54215,0.76651,0.61557,1.02449,1.03644,0.00062,0.00609,0.00020,0.07123,0.02412,0.72915,0.00019,0.86008,8.37429,4.68888,161.84189,0.83301,0.71087,16.51652,30.17128
0.28736,0.06899,13.27012,0.01063,0.01070,546.89304,15824.63423,5.69100,22.17332,0.33877,0.41379,0.40736,1.85522,0.54446,0.76602,0.61848,1.02721,1.03470,0.00062,0.00607,0.00020,0.07099,0.02433,0.73092,0.00010,0.86520,8.33391,4.68056,163.84541,0.83009,0.71019,16.57661,30.00532
0.29096,0.06860,13.22786,0.01063,0.01077,548.07209,15820.68822,5.67340,22.20733,0.33917,0.41308,0.40963,1.86106,0.54565,0.76604,0.61217,1.02897,1.03376,0.00062,0.00609,0.00020,0.07134,0.02417,0.73246,0.00015,0.86874,8.34291,4.67009,163.38737,0.82405,0.70756,16.48395,30.27059
0.29191,0.06831,13.28451,0.01062,0.01073,549.31758,15723.51792,5.64750,22.20295,0.33929,0.41483,0.40940,1.86699,0.54269,0.76651,0.60784,1.03197,1.03210,0.00062,0.00605,0.00020,0.07142,0.02440,0.73175,0.00007,0.87541,8.31899,4.67120,162.68630,0.83109,0.70520,16.43061,30.24782
0.29256,0.06823,13.17370,0.01067,0.01076,551.61058,15636.19195,5.65157,22.31087,0.33617,0.41759,0.40740,1.86595,0.54343,0.76483,0.61317,1.03324,1.03599,0.00061,0.00604,0.00020,0.07111,0.02446,0.73383,0.00010,0.87703,8.36412,4.68659,163.11130,0.83454,0.70785,16.49840,30.31647
0.29415,0.06831,13.13224,0.01067,0.01076,553.74179,15587.80504,5.65333,22.21729,0.33210,0.41534,0.40877,1.85340,0.54308,0.76282,0.60850,1.03179,1.03334,0.00061,0.00604,0.00020,0.07105,0.02452,0.73801,0.00002,0.87791,8.39741,4.72673,162.42464,0.83559,0.70572,16.43356,30.23084
0.29397,0.06821,13.08968,0.01068,0.01079,551.23602,15682.91496,5.62400,22.34284,0.33037,0.41364,0.40711,1.85044,0.54700,0.76810,0.60493,1.02838,1.02911,0.00061,0.00601,0.00020,0.07153,0.02467,0.73815,0.00019,0.86858,8.39467,4.72185,161.89265,0.83843,0.70597,16.50378,30.48126
0.29196,0.06805,13.01430,0.01060,0.01075,551.01373,15855.88616,5.63799,22.43572,0.33109,0.41487,0.40916,1.82699,0.54462,0.76881,0.60791,1.03404,1.01870,0.00061,0.00602,0.00020,0.07137,0.02458,0.73375,0.00007,0.86619,8.35465,4.69792,162.62071,0.84228,0.70713,16.54683,30.48708
0.29204,0.06812,13.05022,0.01056,0.01068,551.45109,15906.63878,5.58927,22.43366,0.32989,0.41336,0.40838,1.82274,0.54614,0.76920,0.61163,1.03333,1.01748,0.00061,0.00602,0.00020,0.07099,0.02443,0.73620,0.00032,0.86819,8.37981,4.68880,160.53091,0.83812,0.70605,16.60275,30.63419
0.29068,0.06750,12.96195,0.01055,0.01063,555.80190,15833.27614,5.59864,22.56733,0.32815,0.41249,0.40924,1.82450,0.53848,0.76581,0.60995,1.03461,1.01615,0.00061,0.00602,0.00020,0.07061,0.02489,0.73899,0.00002,0.86750,8.41246,4.68539,161.03113,0.83367,0.70418,16.70792,30.55391
0.29087,0.06724,12.99297,0.01060,0.01059,556.89070,15774.36394,5.62196,22.72975,0.32850,0.41250,0.41037,1.81996,0.53419,0.76626,0.61119,1.03386,1.00999,0.00061,0.00603,0.00020,0.07088,0.02504,0.73305,0.00005,0.87237,8.40352,4.67867,161.38948,0.83408,0.70450,16.61347,30.49193
0.29367,0.06671,13.06425,0.01066,0.01059,557.59070,15672.63049,5.58442,22.85687,0.33131,0.41283,0.41253,1.82560,0.53110,0.76701,0.61687,1.02943,1.00860,0.00061,0.00607,0.00020,0.07125,0.02501,0.72995,0.00014,0.87149,8.45106,4.63521,159.57391,0.83156,0.70273,16.56829,30.57139
0.29490,0.06626,12.99339,0.01068,0.01062,554.56995,15665.71134,5.63880,22.69656,0.33311,0.41643,0.41744,1.81693,0.53422,0.76702,0.61663,1.02411,1.00305,0.00060,0.00608,0.00020,0.07134,0.02512,0.72716,0.00010,0.86473,8.43108,4.61141,161.21576,0.83157,0.70449,16.65236,30.58695
0.29650,0.06649,13.05474,0.01076,0.01062,550.88873,15593.84293,5.59392,22.71323,0.33293,0.41797,0.41353,1.83089,0.53227,0.76531,0.62303,1.02376,0.99647,0.00060,0.00607,0.00020,0.07129,0.02499,0.72528,0.00014,0.86674,8.37598,4.61736,159.89507,0.83270,0.70574,16.62352,30.55377
0.29415,0.06688,13.01529,0.01073,0.01057,554.48896,15611.42693,5.55948,22.74227,0.33257,0.41579,0.41421,1.84640,0.53609,0.76934,0.62465,1.01785,0.99990,0.00060,0.00607,0.00020,0.07130,0.02495,0.72715,0.00011,0.86932,8.37014,4.61920,160.80773,0.83717,0.70927,16.72218,30.49651
0.29476,0.06688,13.05057,0.01080,0.01061,555.71882,15649.81415,5.55967,22.69087,0.33638,0.41632,0.41411,1.83725,0.53713,0.77065,0.62834,1.01540,0.99171,0.00060,0.00610,0.00020,0.07173,0.02486,0.72668,0.00016,0.87242,8.28429,4.61543,160.03218,0.83182,0.70648,16.52539,30.68443
0.29305,0.06730,13.10197,0.01079,0.01063,555.76760,15819.63918,5.59807,22.79610,0.33303,0.41818,0.41132,1.83348,0.53436,0.77483,0.62495,1.01659,0.99219,0.00060,0.00615,0.00020,0.07250,0.02482,0.72737,0.00032,0.87112,8.29639,4.64552,159.84338,0.83340,0.70466,16.55243,30.43268
0.29394,0.06728,13.10673,0.01069,0.01064,555.21044,15936.42396,5.64104,22.80971,0.33146,0.41445,0.41348,1.84205,0.53489,0.77251,0.63022,1.00628,0.99439,0.00060,0.00616,0.00020,0.07269,0.02499,0.72877,0.00020,0.86334,8.26899,4.62747,160.72637,0.83165,0.70592,16.52359,30.39796
0.29467,0.06747,13.17932,0.01071,0.01063,559.64090,15930.56277,5.61027,23.02800,0.32831,0.41770,0.41437,1.85372,0.53272,0.77368,0.62982,0.99711,0.99674,0.00059,0.00613,0.00020,0.07253,0.02486,0.73094,0.00019,0.86979,8.23999,4.63840,160.88700,0.83292,0.70427,16.53301,30.28006
0.29427,0.06789,13.19872,0.01067,0.01060,556.55733,15984.06565,5.58718,23.05563,0.32690,0.41639,0.41377,1.86296,0.53150,0.77578,0.63564,0.99778,1.00095,0.00060,0.00609,0.00020,0.07285,0.02458,0.74091,0.00034,0.87286,8.29416,4.61660,160.02769,0.83372,0.70520,16.43828,30.24747
0.29367,0.06790,13.22975,0.01064,0.01065,555.90072,16029.09219,5.59807,23.06234,0.32508,0.41609,0.41896,1.87842,0.53272,0.77614,0.63658,0.99925,1.00816,0.00060,0.00611,0.00020,0.07358,0.02452,0.74395,0.00030,0.87149,8.29952,4.62921,160.87099,0.82878,0.70637,16.38836,30.19812
0.29327,0.06781,13.23591,0.01061,0.01073,553.90869,15877.13280,5.57269,23.22282,0.32467,0.42118,0.41871,1.87041,0.53450,0.77426,0.64011,0.99707,1.00901,0.00060,0.00610,0.00020,0.07395,0.02454,0.74814,0.00019,0.87233,8.32365,4.62257,161.65360,0.82632,0.70899,16.40719,29.94072
0.29569,0.06855,13.12987,0.01058,0.01072,555.59581,15889.80555,5.60312,23.25137,0.32495,0.41961,0.42102,1.87755,0.53400,0.77335,0.63673,0.99571,1.01325,0.00060,0.00611,0.00020,0.07409,0.02451,0.74824,0.00010,0.87403,8.33709,4.63273,160.94258,0.82825,0.70931,16.50397,30.03143
0.29822,0.06807,13.01867,0.01055,0.01072,553.64728,15790.75055,5.57986,23.38569,0.32406,0.42155,0.42261,1.87190,0.52978,0.77829,0.63960,0.99646,1.01500,0.00060,0.00611,0.00020,0.07424,0.02441,0.74765,0.00020,0.86528,8.28969,4.65434,162.74027,0.83024,0.71264,16.46174,29.95690
0.29789,0.06863,13.00919,0.01052,0.01069,554.41064,15789.50963,5.56414,23.39228,0.32531,0.42221,0.42514,1.88115,0.53319,0.77875,0.63918,0.99033,1.01486,0.00060,0.00611,0.00020,0.07405,0.02434,0.74639,0.00010,0.86621,8.27800,4.62640,163.46530,0.83110,0.70967,16.45970,29.92868
0.29664,0.06878,13.07315,0.01053,0.01068,554.95033,15668.53559,5.56906,23.33580,0.32420,0.42249,0.42608,1.86688,0.53576,0.78123,0.64330,0.99011,1.01147,0.00060,0.00608,0.00020,0.07385,0.02461,0.74677,0.00006,0.86505,8.27991,4.62967,164.52425,0.83459,0.71203,16.43559,29.80429
0.29571,0.06764,13.08254,0.01050,0.01070,553.97252,15697.54132,5.57083,23.22695,0.32426,0.42549,0.42483,1.88859,0.53456,0.78285,0.64855,0.99717,1.01880,0.00060,0.00608,0.00020,0.07427,0.02444,0.74560,0.00014,0.86765,8.27583,4.64813,165.37775,0.83717,0.70769,16.51219,29.88882
0.29437,0.06802,13.10538,0.01046,0.01077,552.89259,15659.74848,5.51937,23.23671,0.32590,0.42177,0.42847,1.89099,0.53422,0.78148,0.65232,1.00058,1.02861,0.00060,0.00611,0.00020,0.07383,0.02457,0.74676,0.00043,0.86376,8.27259,4.64083,166.40720,0.83393,0.70081,16.56458,30.08739
0.29362,0.06769,13.14435,0.01051,0.01072,550.69535,15666.79127,5.54808,23.20647,0.32693,0.42194,0.42748,1.88568,0.54266,0.78003,0.65831,1.00175,1.03123,0.00061,0.00608,0.00020,0.07408,0.02474,0.74358,0.00037,0.86450,8.27865,4.61134,166.28675,0.83598,0.70256,16.51523,30.06513
0.29374,0.06669,13.18994,0.01057,0.01056,552.90496,15760.51684,5.56037,23.32757,0.32835,0.42290,0.42653,1.88448,0.54657,0.77914,0.66210,1.00173,1.03045,0.00061,0.00606,0.00020,0.07421,0.02488,0.74677,0.00030,0.85877,8.22314,4.58841,165.79583,0.82929,0.70056,16.47827,30.09780
0.29307,0.06639,13.15008,0.01054,0.01055,549.51867,15692.60607,5.55583,23.22023,0.32880,0.41943,0.42678,1.89342,0.55025,0.78541,0.66304,0.99950,1.02695,0.00061,0.00605,0.00020,0.07445,0.02491,0.74213,0.00023,0.85957,8.22919,4.63563,166.82734,0.82627,0.70362,16.40680,29.99205
0.29390,0.06617,13.27391,0.01057,0.01056,551.07742,15658.73403,5.58974,23.26429,0.33194,0.41774,0.42560,1.87099,0.55386,0.78202,0.66581,0.99488,1.01743,0.00061,0.00604,0.00020,0.07497,0.02489,0.73392,0.00013,0.85447,8.27645,4.64739,164.97780,0.82692,0.70236,16.36200,29.80384
0.29225,0.06560,13.21595,0.01050,0.01055,554.32774,15681.00247,5.59867,23.47614,0.33353,0.41989,0.42618,1.85275,0.55571,0.78050,0.66714,0.99484,1.01408,0.00061,0.00602,0.00020,0.07529,0.02502,0.73485,0.00014,0.85394,8.36940,4.63393,165.16207,0.82958,0.70362,16.27179,29.74049
0.28976,0.06528,13.15714,0.01061,0.01053,553.14484,15761.66142,5.60761,23.27632,0.33238,0.41955,0.42226,1.85936,0.55503,0.78166,0.66671,0.99488,1.01446,0.00060,0.00603,0.00020,0.07537,0.02517,0.74358,0.00022,0.85168,8.44932,4.61048,164.50054,0.83606,0.71130,16.36041,29.52984
0.29061,0.06591,13.14221,0.01067,0.01059,556.69228,15785.38706,5.62359,23.28638,0.33015,0.42022,0.42375,1.86412,0.55565,0.78565,0.66472,0.98867,1.01086,0.00061,0.00604,0.00020,0.07530,0.02534,0.74754,0.00008,0.85574,8.46134,4.62183,165.37686,0.84386,0.70827,16.45776,29.49857
0.28804,0.06555,13.15285,0.01062,0.01049,555.01930,15797.05661,5.61133,23.28587,0.32916,0.41915,0.42419,1.86250,0.55561,0.78562,0.66724,0.98539,1.00913,0.00061,0.00598,0.00020,0.07475,0.02534,0.74795,0.00018,0.85732,8.47375,4.64323,165.21292,0.84259,0.70995,16.34955,29.72770
0.28783,0.06524,13.09475,0.01055,0.01044,550.53868,15805.16618,5.61766,23.09232,0.32700,0.41657,0.42161,1.86106,0.55513,0.78474,0.66856,0.99209,1.00838,0.00061,0.00600,0.00020,0.07462,0.02522,0.74944,0.00031,0.85682,8.46603,4.65344,163.35834,0.84242,0.70631,16.39515,29.93990
0.28663,0.06514,13.03778,0.01060,0.01036,551.27318,15742.00256,5.58233,23.10329,0.32965,0.41616,0.41926,1.86241,0.55561,0.79018,0.67180,0.98989,1.00630,0.00061,0.00599,0.00020,0.07481,0.02542,0.74660,0.00029,0.86039,8.44064,4.62446,163.05806,0.84974,0.70554,16.48931,29.83698
0.28429,0.06590,13.11183,0.01052,0.01022,550.66348,15627.09624,5.57183,22.94286,0.32854,0.41365,0.41736,1.87202,0.55438,0.78532,0.66677,0.99332,1.01171,0.00061,0.00598,0.00020,0.07452,0.02559,0.74968,0.00015,0.85579,8.34307,4.62133,162.68708,0.84518,0.69859,16.55365,29.67166
0.28316,0.06560,12.97319,0.01049,0.01022,552.08195,15513.07504,5.51149,23.03982,0.32765,0.41157,0.41619,1.88052,0.55953,0.78135,0.66754,0.99389,1.01641,0.00061,0.00599,0.00020,0.07453,0.02553,0.74387,0.00000,0.85916,8.32923,4.63242,163.84153,0.83762,0.70155,16.62823,29.83708
0.28307,0.06486,12.98058,0.01052,0.01027,553.94249,15522.74880,5.53115,23.03236,0.32944,0.40842,0.41684,1.88231,0.55707,0.78180,0.66883,0.99646,1.01567,0.00061,0.00598,0.00020,0.07437,0.02556,0.73699,0.00021,0.85874,8.33891,4.63466,163.36659,0.83914,0.70799,16.70033,29.92480
0.28272,0.06462,13.01510,0.01052,0.01030,553.51891,15417.71969,5.54335,23.23794,0.33170,0.41103,0.41675,1.87364,0.55761,0.78074,0.66785,0.99488,1.01304,0.00061,0.00592,0.00020,0.07517,0.02574,0.73181,0.00009,0.86240,8.34515,4.64925,163.98349,0.83752,0.71216,16.60896,29.89588
0.28220,0.06440,12.99739,0.01050,0.01034,553.08431,15356.70654,5.57111,23.31090,0.33196,0.41048,0.41612,1.88872,0.56022,0.78360,0.67087,0.99409,1.01472,0.00060,0.00597,0.00020,0.07580,0.02594,0.72998,0.00003,0.86033,8.27497,4.63452,164.11574,0.83705,0.70998,16.55409,29.82927
0.28068,0.06403,13.05159,0.01054,0.01033,553.99913,15508.85834,5.59549,23.27614,0.33280,0.41444,0.41444,1.86403,0.56232,0.78915,0.67088,0.99773,1.02616,0.00060,0.00598,0.00020,0.07558,0.02573,0.72579,0.00008,0.86914,8.35562,4.61318,165.24691,0.83867,0.71482,16.38516,29.57801
0.28067,0.06323,13.01285,0.01048,0.01033,554.12046,15538.96629,5.59176,23.00617,0.33032,0.41342,0.41379,1.86706,0.56854,0.79067,0.66841,0.99061,1.02894,0.00060,0.00591,0.00020,0.07520,0.02596,0.72592,0.00015,0.86748,8.37913,4.60238,165.77659,0.84062,0.71450,16.30704,29.31546
0.28345,0.06330,13.06742,0.01039,0.01027,558.16405,15671.26988,5.58673,22.99347,0.32904,0.41281,0.41717,1.87498,0.56889,0.79122,0.66967,0.99376,1.02429,0.00060,0.00590,0.00020,0.07517,0.02577,0.73174,0.00010,0.86648,8.40550,4.56827,167.18776,0.83986,0.71384,16.49974,29.07405
0.28568,0.06307,12.97285,0.01039,0.01027,555.24791,15579.70030,5.58100,23.02668,0.32920,0.41296,0.41737,1.88190,0.57105,0.79214,0.66975,0.99370,1.02679,0.00060,0.00590,0.00020,0.07507,0.02595,0.73008,0.00011,0.86426,8.39513,4.56898,166.27579,0.83860,0.71640,16.49826,29.08770
0.28514,0.06312,13.04569,0.01038,0.01031,561.38125,15615.50583,5.61825,23.09853,0.32890,0.41165,0.41406,1.87668,0.57198,0.79284,0.66990,0.99477,1.02416,0.00060,0.00592,0.00020,0.07482,0.02598,0.72475,0.00012,0.86786,8.42365,4.60250,165.13763,0.84003,0.71873,16.34276,28.90054
0.28640,0.06245,13.02300,0.01033,0.01036,560.26428,15585.64026,5.59310,23.04589,0.32904,0.41214,0.41481,1.88639,0.57732,0.79494,0.66464,1.00259,1.02502,0.00060,0.00594,0.00020,0.07516,0.02599,0.72666,0.00029,0.86993,8.40416,4.62052,165.30167,0.84376,0.71860,16.44234,29.04539
0.28568,0.06182,13.00572,0.01034,0.01038,560.53624,15640.99682,5.56062,23.08129,0.32991,0.41066,0.41585,1.87983,0.57869,0.78937,0.66137,1.00810,1.02765,0.00060,0.00592,0.00020,0.07492,0.02605,0.72937,0.00005,0.87517,8.42882,4.61000,164.44056,0.83957,0.71562,16.42272,29.14308
0.28652,0.06102,12.91047,0.01032,0.01040,557.91345,15610.53820,5.57719,23.28891,0.33205,0.41134,0.41507,1.88491,0.58139,0.79122,0.66227,1.00052,1.03183,0.00059,0.00593,0.00020,0.07503,0.02610,0.72905,0.00038,0.87728,8.40943,4.63983,164.18544,0.83965,0.71596,16.40652,28.95559
0.28674,0.06116,13.04119,0.01037,0.01043,557.88895,15691.91530,5.53940,23.26640,0.33082,0.41191,0.41400,1.88769,0.57812,0.79293,0.66136,0.99829,1.03368,0.00059,0.00600,0.00020,0.07488,0.02605,0.72819,0.00029,0.88187,8.36511,4.64207,164.72554,0.84021,0.71477,16.36924,29.23084
0.28677,0.06082,13.04488,0.01043,0.01045,555.90843,15590.49368,5.54551,23.03470,0.32671,0.41639,0.41302,1.88796,0.57355,0.79294,0.66310,0.99299,1.03635,0.00060,0.00600,0.00020,0.07503,0.02616,0.72251,0.00035,0.88064,8.34637,4.66590,163.89767,0.83830,0.71344,16.34394,29.00491
0.28663,0.06020,13.06382,0.01055,0.01047,555.49012,15671.22065,5.54292,23.18649,0.32672,0.41859,0.41856,1.89457,0.57820,0.79232,0.66407,0.99513,1.03656,0.00060,0.00603,0.00020,0.07473,0.02618,0.72095,0.00029,0.88252,8.41805,4.66507,164.56256,0.83873,0.70968,16.34196,28.56865
0.28612,0.05979,13.04880,0.01049,0.01049,557.49684,15682.44031,5.59367,22.97406,0.32720,0.41599,0.41696,1.90283,0.58098,0.79358,0.66243,1.00761,1.03738,0.00060,0.00607,0.00020,0.07495,0.02630,0.72170,0.00030,0.88448,8.37616,4.65838,165.05651,0.83742,0.71269,16.26596,28.74734
0.28485,0.05968,13.13064,0.01052,0.01046,561.90505,15737.20838,5.61429,22.90986,0.32838,0.41522,0.41622,1.88921,0.57887,0.78994,0.66450,1.00405,1.03992,0.00060,0.00606,0.00020,0.07403,0.02634,0.71624,0.00021,0.88196,8.37100,4.66689,165.37917,0.84037,0.72095,16.16630,28.91323
0.28510,0.05978,13.07666,0.01065,0.01044,566.81797,15690.89954,5.56655,22.94768,0.32796,0.41331,0.41608,1.88247,0.57432,0.79160,0.66911,0.99948,1.04713,0.00060,0.00604,0.00020,0.07404,0.02650,0.71857,0.00040,0.87906,8.33237,4.65230,164.28144,0.84391,0.72230,16.12809,28.83844
0.28598,0.06086,13.02558,0.01064,0.01040,567.26551,15760.11248,5.55909,22.91538,0.32846,0.41347,0.41539,1.87232,0.57547,0.79089,0.66829,0.99932,1.03476,0.00061,0.00604,0.00020,0.07477,0.02624,0.71880,0.00028,0.87619,8.31218,4.68315,164.52042,0.84115,0.72159,16.09421,28.88826
0.28465,0.06069,12.89468,0.01068,0.01045,566.81783,15810.95539,5.59468,23.00517,0.32826,0.41122,0.41327,1.88817,0.57702,0.78761,0.66995,0.99588,1.03385,0.00061,0.00604,0.00020,0.07470,0.02616,0.71307,0.00018,0.86666,8.26785,4.67271,165.80811,0.83564,0.72071,16.10941,29.03212
0.28514,0.06122,12.94208,0.01071,0.01042,565.50213,15760.26807,5.60234,22.81639,0.32706,0.40814,0.41193,1.87719,0.57240,0.78718,0.67077,1.00336,1.03618,0.00061,0.00606,0.00020,0.07509,0.02622,0.70956,0.00025,0.86901,8.31367,4.63845,165.85088,0.83182,0.72115,16.14620,29.48825
0.28810,0.06118,12.98610,0.01074,0.01044,565.51165,15749.87564,5.63128,22.80207,0.32787,0.40959,0.41118,1.86532,0.57310,0.78686,0.67109,1.00572,1.03296,0.00060,0.00603,0.00020,0.07547,0.02615,0.70535,0.00029,0.86775,8.33906,4.60185,166.06900,0.83425,0.72458,16.20643,29.57383
0.28739,0.06154,12.99855,0.01075,0.01044,568.58286,15712.18057,5.61534,22.86883,0.33263,0.41131,0.41577,1.86980,0.56926,0.79109,0.66824,1.01080,1.04161,0.00060,0.00606,0.00020,0.07501,0.02599,0.70475,0.00010,0.87063,8.37771,4.58809,165.27348,0.83195,0.72861,16.15617,29.48796
0.28449,0.06149,13.03911,0.01074,0.01050,569.14349,15866.80967,5.65103,22.90172,0.33224,0.40990,0.41359,1.86545,0.56737,0.78857,0.67242,0.99997,1.03785,0.00060,0.00607,0.00020,0.07525,0.02596,0.70060,0.00024,0.86952,8.29407,4.60468,165.26402,0.82972,0.73021,16.12638,29.60389
0.28577,0.06194,13.04992,0.01074,0.01057,568.20382,15802.09743,5.65975,22.75498,0.33403,0.41444,0.41546,1.86304,0.57115,0.78663,0.66925,1.00793,1.04031,0.00060,0.00603,0.00020,0.07537,0.02597,0.70192,0.00020,0.87802,8.29434,4.61537,164.92721,0.83226,0.72487,16.21265,29.61950
0.28699,0.06239,13.05751,0.01074,0.01053,571.56065,15877.38612,5.70775,22.77337,0.33424,0.41389,0.41263,1.86562,0.57178,0.79043,0.67404,1.00650,1.03135,0.00060,0.00604,0.00020,0.07512,0.02593,0.69706,0.00032,0.87260,8.31365,4.61670,163.73135,0.82984,0.71843,16.44491,29.32867
0.28345,0.06156,13.02917,0.01073,0.01055,569.89593,15933.74440,5.69506,22.81143,0.33292,0.41853,0.41089,1.86023,0.57378,0.79137,0.67740,0.99716,1.04061,0.00060,0.00603,0.00020,0.07466,0.02611,0.69454,0.00033,0.88588,8.37357,4.63130,163.94102,0.83149,0.72169,16.46493,29.23513
0.28304,0.06165,13.08374,0.01072,0.01053,571.53672,16087.16750,5.75083,22.80995,0.33118,0.42426,0.40730,1.87705,0.57113,0.78984,0.67904,0.99981,1.03703,0.00060,0.00603,0.00020,0.07515,0.02627,0.70298,0.00016,0.87878,8.31205,4.62212,164.49182,0.82819,0.72079,16.51957,29.21662
0.28136,0.06159,13.09498,0.01072,0.01052,569.79010,16090.93982,5.77143,22.83502,0.32642,0.42500,0.40694,1.88927,0.56982,0.79264,0.67577,1.00335,1.04711,0.00060,0.00606,0.00020,0.07499,0.02635,0.71345,0.00028,0.88205,8.28120,4.63727,164.73982,0.82730,0.71816,16.53447,29.27513
0.28276,0.06235,13.14495,0.01059,0.01049,565.16918,16100.69145,5.77035,22.78063,0.32501,0.42503,0.40786,1.87683,0.57352,0.78935,0.67006,1.01077,1.04564,0.00060,0.00601,0.00020,0.07517,0.02652,0.71351,0.00015,0.87958,8.26307,4.61258,164.73237,0.82097,0.71783,16.59305,29.18290
0.28423,0.06204,13.14039,0.01061,0.01048,566.85425,15920.46588,5.69679,22.76440,0.32225,0.42603,0.40746,1.89575,0.57542,0.78978,0.66432,1.00942,1.04087,0.00060,0.00604,0.00020,0.07531,0.02649,0.71907,0.00005,0.88201,8.31484,4.60053,164.67342,0.82235,0.72177,16.62683,29.15771
0.28325,0.06214,13.10973,0.01064,0.01051,569.90233,15856.02294,5.73488,22.90969,0.32454,0.42380,0.40784,1.89574,0.58080,0.79098,0.66159,1.00384,1.03799,0.00060,0.00603,0.00020,0.07513,0.02650,0.72133,0.00008,0.87534,8.30898,4.60310,164.73413,0.82137,0.71630,16.75831,29.13851
0.28307,0.06201,13.11051,0.01061,0.01042,570.71447,15906.01721,5.76901,22.82252,0.32601,0.42390,0.40940,1.88577,0.57620,0.79172,0.66162,1.00676,1.03959,0.00061,0.00605,0.00020,0.07572,0.02657,0.71617,0.00014,0.88078,8.30388,4.61215,164.36260,0.82390,0.71458,16.72480,29.10850
0.28417,0.06173,13.17881,0.01055,0.01039,571.46361,15883.02009,5.78857,22.72503,0.32752,0.42108,0.40994,1.90041,0.58062,0.79044,0.66074,1.01315,1.03897,0.00061,0.00606,0.00020,0.07517,0.02640,0.71435,0.00011,0.88374,8.33624,4.58038,164.65775,0.82113,0.71578,16.69119,29.38526
0.28405,0.06156,13.14847,0.01050,0.01044,573.62348,15921.10321,5.77707,22.85068,0.32703,0.42347,0.40883,1.92443,0.58284,0.79143,0.66054,1.02847,1.03935,0.00060,0.00603,0.00020,0.07549,0.02656,0.71344,0.00018,0.88618,8.31487,4.58132,164.67752,0.82098,0.71338,16.82112,29.45278
0.28417,0.06121,13.12862,0.01038,0.01052,576.23041,15956.50890,5.78262,22.72726,0.32640,0.42534,0.40672,1.92372,0.58183,0.79529,0.66718,1.02670,1.03961,0.00060,0.00604,0.00020,0.07517,0.02653,0.71790,0.00026,0.88806,8.27348,4.55661,164.80245,0.81613,0.71328,16.89377,29.21729
0.28503,0.06133,13.19537,0.01040,0.01045,579.15941,15858.93103,5.81059,22.51305,0.32470,0.42521,0.40508,1.92742,0.57859,0.80052,0.66835,1.02988,1.04908,0.00061,0.00603,0.00020,0.07604,0.02665,0.71780,0.00022,0.89111,8.27354,4.53576,165.28713,0.81112,0.71121,16.96700,29.12396
0.28527,0.06157,13.10952,0.01039,0.01050,581.73920,15874.03385,5.77392,22.43495,0.32583,0.42661,0.40686,1.91693,0.58014,0.80413,0.67053,1.03229,1.05231,0.00061,0.00605,0.00020,0.07599,0.02679,0.71549,0.00012,0.88523,8.32649,4.55085,167.57387,0.80751,0.71328,17.08034,28.91497
0.28521,0.06117,13.10207,0.01042,0.01054,579.67949,15853.22437,5.77957,22.54429,0.32748,0.42615,0.40728,1.88572,0.57824,0.80632,0.67070,1.03318,1.06293,0.00061,0.00606,0.00020,0.07594,0.02703,0.71843,0.00013,0.88759,8.32095,4.54344,167.46545,0.80510,0.71499,17.10912,28.83992
0.28705,0.06119,13.15364,0.01035,0.01050,576.53658,15802.54563,5.78801,22.77458,0.32828,0.42902,0.40648,1.87690,0.58323,0.80856,0.67447,1.02950,1.06759,0.00061,0.00605,0.00020,0.07587,0.02676,0.71445,0.00019,0.89076,8.32317,4.56280,167.53218,0.80442,0.71216,17.13009,28.69403
0.28895,0.06103,13.15179,0.01042,0.01044,576.37534,15780.47504,5.80369,22.81634,0.32717,0.43110,0.40700,1.86526,0.58043,0.80489,0.67235,1.02713,1.06900,0.00061,0.00607,0.00020,0.07602,0.02687,0.72076,0.00001,0.88906,8.38417,4.57284,166.23236,0.79871,0.71307,17.22145,28.64417
0.28557,0.06120,13.20584,0.01046,0.01043,577.19633,15970.47010,5.77742,23.01388,0.32839,0.43343,0.40606,1.85013,0.57745,0.80750,0.67066,1.02283,1.07512,0.00061,0.00603,0.00020,0.07550,0.02689,0.71783,0.00003,0.89074,8.34617,4.56990,166.51357,0.79873,0.71308,17.17428,28.61441
0.28491,0.06093,13.18980,0.01041,0.01040,578.76666,15941.40639,5.78694,23.25486,0.32900,0.43142,0.40446,1.85029,0.57736,0.80870,0.67632,1.01987,1.07108,0.00060,0.00601,0.00020,0.07570,0.02695,0.71871,0.00011,0.89226,8.29627,4.54994,166.36194,0.80639,0.71739,17.13165,28.62992
0.28496,0.06106,13.19734,0.01039,0.01038,579.59615,15915.22786,5.80656,23.34608,0.32715,0.43219,0.40667,1.83849,0.57178,0.80745,0.67846,1.01577,1.07204,0.00060,0.00596,0.00020,0.07543,0.02688,0.71706,0.00001,0.89333,8.31271,4.54163,166.27033,0.80515,0.71472,17.16739,28.53599
0.28460,0.06105,13.18291,0.01033,0.01039,578.20572,15927.40942,5.86737,23.35657,0.32764,0.43242,0.40236,1.83273,0.57070,0.81192,0.67527,1.01167,1.06935,0.00060,0.00598,0.00020,0.07582,0.02702,0.71676,0.00024,0.90078,8.30656,4.54364,165.97982,0.80632,0.71404,17.16408,28.55731
0.28681,0.06084,13.18132,0.01028,0.01047,583.87517,15963.93039,5.86770,23.47966,0.33237,0.43464,0.40374,1.83602,0.57011,0.80838,0.67677,1.01236,1.06078,0.00059,0.00594,0.00020,0.07608,0.02697,0.72171,0.00023,0.90082,8.23913,4.55916,166.36022,0.81310,0.70841,17.20231,28.50136
0.28601,0.06120,13.15921,0.01026,0.01050,586.79268,16064.44368,5.84717,23.56383,0.33070,0.43765,0.40355,1.82119,0.57184,0.81106,0.67558,1.01091,1.06683,0.00059,0.00592,0.00020,0.07508,0.02694,0.71756,0.00011,0.90521,8.24028,4.53896,167.21551,0.81412,0.71060,17.32604,28.25363
0.28667,0.06139,13.03287,0.01021,0.01047,590.17415,16027.07341,5.84576,23.62820,0.32942,0.43759,0.40354,1.82560,0.57528,0.81375,0.67914,1.01222,1.07348,0.00059,0.00589,0.00020,0.07464,0.02698,0.71647,0.00020,0.90501,8.22579,4.50648,169.05830,0.81516,0.71575,17.35515,28.13224
0.28410,0.06161,12.89481,0.01021,0.01052,587.60359,15944.77079,5.84048,23.54365,0.32906,0.43798,0.39965,1.82119,0.57878,0.81111,0.67995,1.00675,1.06279,0.00060,0.00589,0.00020,0.07494,0.02690,0.71552,0.00005,0.90118,8.28284,4.46162,168.21726,0.81850,0.71729,17.29445,28.24590
0.28378,0.06227,12.87216,0.01028,0.01051,587.39521,15852.00054,5.85825,23.45190,0.33041,0.43769,0.39985,1.82813,0.57340,0.80720,0.68204,1.00893,1.06514,0.00059,0.00591,0.00020,0.07495,0.02690,0.70802,0.00004,0.90205,8.28327,4.48010,168.37643,0.81481,0.71688,17.40895,27.90104
0.28546,0.06212,12.90852,0.01032,0.01056,586.93228,16026.31840,5.87005,23.50615,0.33308,0.44039,0.40020,1.82960,0.57273,0.80486,0.68388,0.99934,1.06542,0.00059,0.00590,0.00020,0.07449,0.02677,0.70771,0.00005,0.90351,8.26552,4.44675,167.59595,0.81602,0.71740,17.38198,27.84703
0.28694,0.06165,12.87191,0.01030,0.01057,591.39203,15900.38728,5.83312,23.32395,0.33400,0.44269,0.40422,1.82533,0.57166,0.80642,0.68685,0.99627,1.07729,0.00059,0.00591,0.00020,0.07508,0.02671,0.70480,0.00005,0.90165,8.31476,4.42435,168.65488,0.81080,0.71816,17.37021,27.92088
0.28826,0.06148,12.80313,0.01027,0.01051,586.36291,15926.79112,5.87434,23.46841,0.33056,0.44236,0.40606,1.80560,0.57010,0.80863,0.68767,0.99959,1.07909,0.00059,0.00591,0.00020,0.07488,0.02668,0.70053,0.00001,0.90434,8.30066,4.43487,170.24840,0.80910,0.72033,17.43293,27.84879
0.28869,0.06111,12.79829,0.01017,0.01059,586.11305,15998.49226,5.85531,23.46806,0.32805,0.43991,0.40458,1.79740,0.56899,0.81115,0.68973,0.99418,1.08213,0.00058,0.00593,0.00020,0.07468,0.02673,0.69984,0.00003,0.89758,8.39134,4.43023,172.07005,0.81164,0.71932,17.47867,27.99266
0.29210,0.06056,12.78083,0.01017,0.01057,584.48758,15993.23618,5.83907,23.39674,0.32949,0.43703,0.40253,1.80483,0.56972,0.80973,0.68376,0.99087,1.08517,0.00059,0.00592,0.00020,0.07415,0.02662,0.70002,0.00001,0.88683,8.40874,4.44247,171.58118,0.81339,0.71371,17.68502,28.15936
0.29158,0.06048,12.82709,0.01022,0.01062,585.03305,15945.77085,5.84375,23.41881,0.32874,0.43992,0.39865,1.80830,0.57491,0.81307,0.68341,0.99230,1.08558,0.00059,0.00590,0.00020,0.07427,0.02658,0.69676,0.00001,0.89637,8.40063,4.44998,172.78012,0.81235,0.71816,17.75477,28.43951
0.29053,0.06016,12.83575,0.01022,0.01067,583.95062,15980.17502,5.83229,23.48837,0.33343,0.44346,0.40003,1.82123,0.57486,0.81531,0.68074,0.98890,1.08510,0.00059,0.00595,0.00020,0.07407,0.02659,0.69831,0.00021,0.90032,8.44843,4.46998,172.28180,0.80797,0.71654,17.70839,28.62401
0.29133,0.05995,12.78804,0.01023,0.01072,582.20520,15967.92334,5.85855,23.48127,0.32979,0.44587,0.40517,1.84039,0.58018,0.81476,0.68152,0.99003,1.08696,0.00060,0.00594,0.00020,0.07438,0.02675,0.69749,0.00021,0.90174,8.50349,4.48010,172.03368,0.81042,0.71396,17.65878,28.61909
0.29125,0.05996,12.68909,0.01031,0.01070,585.23181,16022.50356,5.85501,23.43001,0.32906,0.44585,0.40530,1.84822,0.58144,0.81264,0.68493,0.99337,1.09344,0.00060,0.00593,0.00020,0.07454,0.02704,0.70010,0.00021,0.89547,8.41408,4.50884,170.96544,0.81074,0.71708,17.78201,28.70077
0.29270,0.05985,12.65298,0.01036,0.01077,585.33000,16101.68733,5.82760,23.53071,0.32927,0.44602,0.40558,1.85088,0.58327,0.81130,0.68479,0.98915,1.09371,0.00060,0.00595,0.00020,0.07472,0.02712,0.70013,0.00013,0.89051,8.39812,4.51060,170.71900,0.81068,0.71748,17.84117,28.86392
0.29422,0.06037,12.56884,0.01033,0.01069,588.09694,16185.42835,5.82453,23.76999,0.32844,0.44338,0.40171,1.82655,0.58258,0.81146,0.68662,0.98798,1.09974,0.00060,0.00594,0.00020,0.07450,0.02718,0.69456,0.00007,0.89031,8.40066,4.54999,170.81890,0.80671,0.71763,17.88856,28.85960
0.29426,0.06001,12.65899,0.01038,0.01057,588.52222,16062.09686,5.87674,23.77703,0.32553,0.44547,0.39990,1.82276,0.58505,0.81089,0.67744,0.99096,1.09560,0.00060,0.00593,0.00020,0.07468,0.02721,0.69029,0.00009,0.89164,8.42844,4.54591,171.40307,0.80931,0.71383,17.95095,28.95069
0.29714,0.05992,12.67520,0.01040,0.01055,588.16139,16012.59195,5.87010,23.96977,0.32810,0.44663,0.39812,1.80631,0.58646,0.81712,0.67830,0.98519,1.09005,0.00060,0.00598,0.00020,0.07459,0.02713,0.68223,0.00003,0.89515,8.41641,4.55321,171.24241,0.80345,0.71633,17.83850,28.87022
0.29774,0.06036,12.62518,0.01043,0.01050,586.68258,15964.90288,5.88932,23.93311,0.32809,0.44950,0.39894,1.80425,0.58507,0.82114,0.68070,0.99150,1.08904,0.00060,0.00599,0.00020,0.07462,0.02724,0.68358,0.00002,0.90717,8.41441,4.55857,170.63242,0.79855,0.71245,17.74540,28.82426
0.29806,0.06043,12.62973,0.01046,0.01042,584.07228,15907.17111,5.90205,23.90666,0.32585,0.44956,0.40059,1.81775,0.58998,0.82305,0.68010,0.99408,1.08285,0.00060,0.00601,0.00020,0.07411,0.02712,0.67982,0.00008,0.90770,8.41367,4.55087,170.59534,0.79636,0.70987,17.79548,28.83310
0.29756,0.06004,12.47483,0.01047,0.01042,583.96062,15961.43885,5.93390,23.83678,0.32692,0.44962,0.39861,1.80498,0.59715,0.82195,0.67892,0.99373,1.07995,0.00060,0.00604,0.00020,0.07428,0.02699,0.67913,0.00018,0.91289,8.46581,4.55437,169.88669,0.80041,0.70726,17.91477,28.80339
0.29768,0.06081,12.39457,0.01045,0.01037,588.68434,16084.15530,5.93734,23.97866,0.32811,0.44892,0.39656,1.80348,0.59436,0.82614,0.67664,0.99879,1.08020,0.00061,0.00604,0.00020,0.07399,0.02692,0.67059,0.00002,0.91191,8.50963,4.57374,168.98515,0.79324,0.70732,18.00874,29.18134
0.29633,0.06127,12.30238,0.01046,0.01037,588.66786,16094.41613,5.88905,23.81772,0.32650,0.44981,0.39713,1.80910,0.59485,0.82449,0.67606,1.00350,1.08251,0.00060,0.00603,0.00020,0.07404,0.02701,0.66832,0.00013,0.91166,8.45643,4.54112,168.83409,0.79521,0.71170,17.95566,29.32281
0.29552,0.06155,12.37311,0.01050,0.01037,587.15108,15995.23676,5.86838,23.69346,0.32814,0.45444,0.39901,1.80600,0.59236,0.82334,0.67159,1.00542,1.08272,0.00060,0.00605,0.00020,0.07483,0.02689,0.66747,0.00003,0.91004,8.44775,4.50147,170.43520,0.79651,0.71105,17.90110,29.47669
0.29360,0.06162,12.35052,0.01052,0.01035,589.35168,16146.20752,5.82739,23.55864,0.32740,0.45071,0.39419,1.82210,0.59215,0.82373,0.66924,0.99942,1.08734,0.00060,0.00602,0.00020,0.07490,0.02687,0.66313,0.00006,0.90149,8.49025,4.49178,171.74637,0.79275,0.71166,17.89685,29.45259
0.29308,0.06200,12.39092,0.01053,0.01035,586.75518,16209.64339,5.86247,23.79857,0.32408,0.45209,0.39326,1.82375,0.59263,0.81916,0.66821,0.99900,1.08344,0.00060,0.00600,0.00020,0.07489,0.02679,0.66451,0.00006,0.90877,8.51820,4.47292,170.97120,0.79186,0.71327,18.00361,29.43343
0.29390,0.06099,12.39195,0.01050,0.01035,587.06649,16169.48448,5.89818,23.76251,0.32443,0.45230,0.39374,1.82341,0.59545,0.82055,0.66859,0.99471,1.09352,0.00060,0.00598,0.00020,0.07446,0.02680,0.66477,0.00003,0.91779,8.51486,4.48476,172.47930,0.79428,0.72004,17.93637,29.44637
0.29351,0.06062,12.50127,0.01050,0.01022,590.21103,16035.16027,5.88620,23.70984,0.32443,0.45198,0.39503,1.81877,0.59730,0.81505,0.66506,1.00121,1.09615,0.00060,0.00602,0.00020,0.07450,0.02669,0.65428,0.00004,0.91319,8.49234,4.47719,171.67186,0.79202,0.71796,17.93501,29.62505
0.29340,0.06032,12.45365,0.01044,0.01033,592.63909,16043.29476,5.85328,23.77865,0.32545,0.45171,0.39667,1.82411,0.60196,0.81179,0.66579,0.99908,1.08970,0.00060,0.00603,0.00020,0.07518,0.02672,0.65476,0.00006,0.91091,8.45442,4.45209,172.04530,0.79484,0.71305,17.97804,29.84867
0.29481,0.05968,12.42691,0.01044,0.01031,589.06524,16141.56124,5.85960,23.79548,0.32165,0.45283,0.39976,1.81785,0.60609,0.81526,0.66890,0.99563,1.08886,0.00060,0.00608,0.00020,0.07558,0.02683,0.66500,0.00007,0.91426,8.49063,4.45663,173.11054,0.79638,0.71059,17.98505,29.83034
0.29549,0.05945,12.38751,0.01036,0.01033,587.84206,16106.12569,5.83654,23.77609,0.32359,0.45537,0.39734,1.79960,0.60377,0.81641,0.66838,0.99866,1.07970,0.00060,0.00601,0.00020,0.07568,0.02687,0.65989,0.00005,0.91153,8.46682,4.43784,172.80121,0.79651,0.70769,17.97957,29.80591
0.29399,0.05959,12.24467,0.01041,0.01028,588.13405,16095.49120,5.82147,23.86497,0.32269,0.45566,0.39759,1.79816,0.60739,0.81723,0.66675,0.99822,1.07372,0.00059,0.00602,0.00020,0.07534,0.02705,0.65972,0.00002,0.91114,8.46542,4.42752,174.71777,0.80291,0.70616,17.95707,29.86732
0.29230,0.05930,12.36326,0.01038,0.01035,586.40888,16174.17782,5.87360,23.81316,0.32074,0.45642,0.39606,1.79458,0.61003,0.81844,0.66826,0.99695,1.06650,0.00059,0.00604,0.00020,0.07491,0.02738,0.65543,0.00001,0.91135,8.41406,4.40689,174.49154,0.80690,0.70740,17.83630,29.87758
0.29185,0.05951,12.37235,0.01042,0.01035,583.54624,16258.82595,5.90288,23.83863,0.31660,0.45841,0.39463,1.79454,0.61300,0.81791,0.66540,0.99577,1.07122,0.00059,0.00605,0.00020,0.07506,0.02745,0.64952,0.00000,0.91098,8.39981,4.38290,173.74920,0.80684,0.70826,17.94519,29.94276
0.29356,0.05938,12.32535,0.01048,0.01033,583.80341,16327.34203,5.86307,23.92282,0.31775,0.46209,0.39702,1.79931,0.61251,0.82212,0.66309,0.99800,1.07583,0.00059,0.00605,0.00020,0.07494,0.02738,0.64844,0.00006,0.91512,8.44452,4.38355,173.48853,0.80799,0.71223,17.90287,29.84572
0.29416,0.05892,12.22442,0.01054,0.01031,583.40300,16202.14719,5.84701,23.97968,0.31865,0.46471,0.39619,1.80152,0.61361,0.82141,0.66615,0.99765,1.08134,0.00060,0.00605,0.00020,0.07504,0.02739,0.65004,0.00001,0.91988,8.48108,4.41055,172.88055,0.80687,0.71598,17.89022,30.08141
0.29427,0.05903,12.27751,0.01055,0.01026,582.20689,16265.87904,5.78944,24.02748,0.31906,0.46517,0.39714,1.79707,0.61852,0.82470,0.66642,1.00009,1.08407,0.00060,0.00606,0.00020,0.07467,0.02740,0.65426,0.00001,0.92277,8.44756,4.37855,174.22088,0.80922,0.71616,17.95981,29.89815
0.29366,0.05850,12.27301,0.01064,0.01033,581.96655,16249.24133,5.75592,23.84998,0.32141,0.46566,0.39888,1.80330,0.62069,0.82716,0.66345,1.00104,1.08616,0.00060,0.00607,0.00020,0.07489,0.02748,0.65451,0.00003,0.91901,8.41767,4.38294,175.22852,0.80595,0.71579,17.97961,29.91137
0.29351,0.05925,12.33245,0.01071,0.01038,580.19189,16164.83842,5.76721,23.87111,0.31926,0.46673,0.39589,1.80443,0.62360,0.82317,0.66432,1.00512,1.08006,0.00060,0.00605,0.00020,0.07486,0.02724,0.65668,0.00001,0.92756,8.39556,4.38389,174.90894,0.80461,0.71639,18.00383,29.38482
0.29517,0.05889,12.31917,0.01079,0.01039,578.88765,16115.05198,5.74910,24.03859,0.31986,0.46698,0.39420,1.80051,0.62269,0.83206,0.66529,1.00486,1.08033,0.00060,0.00602,0.00020,0.07429,0.02741,0.65864,0.00014,0.93069,8.33662,4.35134,173.82181,0.80190,0.72002,18.01890,29.44591
0.29540,0.05976,12.32224,0.01079,0.01038,577.97534,16199.36093,5.73220,23.97947,0.31747,0.46731,0.39475,1.80245,0.62255,0.83201,0.66693,1.00854,1.08166,0.00060,0.00602,0.00020,0.07406,0.02737,0.65966,0.00010,0.93086,8.35259,4.35463,172.46727,0.79746,0.72312,17.94127,29.42866
0.29455,0.05999,12.33650,0.01081,0.01039,578.52159,16145.03802,5.71232,23.91578,0.31987,0.46714,0.39625,1.80798,0.62450,0.83226,0.66976,1.00178,1.08288,0.00060,0.00600,0.00020,0.07441,0.02745,0.65907,0.00006,0.92644,8.32112,4.34839,172.51692,0.79598,0.72311,17.93045,29.51101
0.29447,0.05957,12.30905,0.01068,0.01037,580.12282,16169.66150,5.72839,23.88324,0.32064,0.46709,0.39640,1.79690,0.62499,0.82892,0.66621,0.99410,1.08296,0.00060,0.00597,0.00020,0.07448,0.02745,0.65682,0.00008,0.92113,8.32801,4.35232,171.82719,0.79247,0.72746,17.96993,29.22642
0.29279,0.05944,12.30201,0.01062,0.01046,584.10101,16245.68947,5.78135,23.85656,0.32130,0.46612,0.39696,1.78595,0.62738,0.83116,0.66758,0.99718,1.08492,0.00060,0.00598,0.00020,0.07441,0.02732,0.65306,0.00017,0.92232,8.27758,4.35207,172.28959,0.79188,0.73217,17.97769,29.23007
0.29520,0.05958,12.26747,0.01071,0.01051,585.07305,16171.75547,5.74521,23.93798,0.32127,0.46325,0.39663,1.79437,0.62542,0.83308,0.66638,0.99283,1.09421,0.00060,0.00591,0.00020,0.07472,0.02717,0.65006,0.00018,0.92078,8.24196,4.32662,173.25728,0.79062,0.72520,17.95742,29.23361
0.29392,0.05923,12.27477,0.01071,0.01054,584.36062,16190.02102,5.73941,24.01067,0.32423,0.46088,0.40028,1.78889,0.62561,0.83002,0.66131,0.98848,1.09252,0.00059,0.00591,0.00020,0.07491,0.02718,0.65116,0.00019,0.92131,8.21364,4.32449,173.26476,0.79024,0.72600,17.85692,29.12797
0.29312,0.05906,12.26220,0.01076,0.01050,584.18712,16220.43632,5.75366,23.91927,0.32714,0.46123,0.39967,1.78525,0.62786,0.82622,0.66609,0.99715,1.09108,0.00060,0.00589,0.00020,0.07478,0.02728,0.65136,0.00010,0.92669,8.17608,4.31026,174.29888,0.78492,0.72789,17.91205,29.22999
0.29350,0.05945,12.38334,0.01078,0.01050,585.86427,16320.86476,5.77320,23.73999,0.32842,0.46106,0.39996,1.76820,0.62496,0.82862,0.66795,0.98870,1.09166,0.00060,0.00589,0.00020,0.07483,0.02735,0.65610,0.00005,0.92660,8.19535,4.34593,175.93711,0.79104,0.72673,17.93253,29.00627
0.29281,0.05891,12.45020,0.01076,0.01045,588.39330,16273.32306,5.76735,23.80310,0.32662,0.46277,0.39806,1.75633,0.62926,0.82673,0.66690,0.98858,1.08446,0.00060,0.00590,0.00020,0.07478,0.02750,0.65375,0.00003,0.93285,8.13463,4.34267,176.32564,0.78771,0.72439,18.15864,28.84985
0.29189,0.05894,12.36443,0.01077,0.01055,585.96585,16260.23849,5.76431,23.71631,0.33020,0.46319,0.39858,1.75664,0.63293,0.82417,0.66282,0.98118,1.09286,0.00060,0.00590,0.00020,0.07486,0.02734,0.65780,0.00003,0.93742,8.09440,4.32691,177.18391,0.78327,0.72301,18.06571,28.64898
0.28889,0.05880,12.27837,0.01076,0.01058,591.94306,16190.47848,5.75750,23.56851,0.32982,0.46514,0.39761,1.75302,0.62901,0.82556,0.66670,0.97082,1.09646,0.00060,0.00592,0.00020,0.07473,0.02725,0.65997,0.00016,0.94544,8.09115,4.34792,176.48729,0.78704,0.72493,18.11983,28.42040
0.29032,0.05844,12.23116,0.01080,0.01050,590.86790,16213.35201,5.75051,23.53035,0.32909,0.46692,0.39745,1.75841,0.62927,0.82203,0.66466,0.96418,1.09117,0.00060,0.00591,0.00020,0.07475,0.02734,0.66097,0.00006,0.94343,8.10200,4.37758,175.51921,0.78544,0.72502,18.04465,28.25581
0.28892,0.05895,12.22505,0.01085,0.01043,593.69468,16356.20127,5.77675,23.48307,0.33045,0.46393,0.39825,1.76218,0.62744,0.82397,0.66437,0.96232,1.09483,0.00060,0.00590,0.00020,0.07462,0.02733,0.65831,0.00002,0.94056,8.08879,4.41102,175.48428,0.78821,0.72672,18.10222,28.40904
0.28688,0.05968,12.21415,0.01086,0.01038,594.49889,16320.06855,5.79369,23.39293,0.33130,0.46009,0.40028,1.76441,0.63337,0.82714,0.66769,0.96971,1.08841,0.00060,0.00592,0.00020,0.07478,0.02727,0.66153,0.00005,0.93349,8.05525,4.41184,176.93961,0.78758,0.73417,18.20474,28.22953
0.28543,0.05951,12.17257,0.01092,0.01039,594.79315,16377.65844,5.80620,23.45948,0.32988,0.46152,0.40116,1.76040,0.63097,0.82864,0.66982,0.97131,1.08412,0.00061,0.00594,0.00020,0.07483,0.02712,0.66006,0.00004,0.94311,8.02008,4.38947,177.79858,0.79207,0.73738,18.19688,28.07726
0.28443,0.06009,12.24212,0.01097,0.01035,590.22649,16303.09016,5.79843,23.54447,0.32944,0.46154,0.40177,1.76597,0.62854,0.82659,0.66826,0.96509,1.08445,0.00061,0.00597,0.00020,0.07510,0.02703,0.66295,0.00011,0.94776,8.04407,4.37618,177.63648,0.79340,0.74344,18.23810,27.96392
0.28417,0.06036,12.21361,0.01106,0.01025,590.75685,16208.52954,5.81596,23.57115,0.32942,0.46369,0.40415,1.77369,0.63251,0.82896,0.66846,0.95937,1.08787,0.00060,0.00593,0.00020,0.07510,0.02693,0.66615,0.00006,0.94390,8.11677,4.39961,177.71728,0.78954,0.74286,18.22002,27.69084
0.28432,0.06021,12.15918,0.01102,0.01025,591.23498,16197.83878,5.76931,23.72388,0.33016,0.46034,0.40568,1.78268,0.63666,0.83023,0.67115,0.95816,1.09298,0.00060,0.00591,0.00020,0.07484,0.02689,0.66761,0.00005,0.94424,8.15014,4.39479,177.92695,0.78834,0.74010,18.18583,27.53763
0.28436,0.06045,12.02375,0.01097,0.01025,588.29782,16303.21196,5.79636,23.71137,0.32984,0.45758,0.40651,1.76646,0.63784,0.83435,0.67060,0.95542,1.08454,0.00060,0.00590,0.00020,0.07510,0.02704,0.66913,0.00003,0.95399,8.13231,4.37109,177.87360,0.78799,0.73649,18.13087,27.66120
0.28280,0.06053,11.98502,0.01100,0.01024,586.10997,16294.66235,5.78489,23.70494,0.32778,0.46160,0.40768,1.76699,0.63498,0.83841,0.67668,0.95712,1.08644,0.00060,0.00590,0.00020,0.07530,0.02702,0.66435,0.00000,0.94657,8.18104,4.39513,177.30668,0.78990,0.74172,18.17661,27.64601
0.28370,0.06028,11.94764,0.01099,0.01028,585.80542,16221.83951,5.83445,23.90483,0.32722,0.46105,0.40586,1.78349,0.63236,0.84194,0.67448,0.94931,1.09118,0.00059,0.00590,0.00020,0.07499,0.02705,0.66652,0.00010,0.95497,8.14678,4.39141,177.74147,0.78602,0.73800,18.30556,27.87230
0.28328,0.06054,12.02205,0.01102,0.01025,585.74608,16295.39401,5.82403,23.99844,0.32704,0.46259,0.40633,1.79586,0.63304,0.84101,0.67331,0.95015,1.09175,0.00060,0.00593,0.00020,0.07484,0.02704,0.66992,0.00011,0.96013,8.21018,4.38806,179.38118,0.78903,0.73029,18.35083,27.79216
0.28161,0.06045,12.06018,0.01108,0.01019,584.66697,16325.01960,5.78191,23.94439,0.32861,0.45939,0.40622,1.80541,0.63221,0.84195,0.67626,0.95306,1.08813,0.00060,0.00595,0.00020,0.07481,0.02701,0.66707,0.00005,0.96639,8.20241,4.41696,180.04390,0.78791,0.72611,18.24548,27.99293
0.28312,0.06004,12.02967,0.01102,0.01022,578.76750,16492.23444,5.75086,23.98131,0.32973,0.46113,0.40776,1.79664,0.63717,0.84033,0.67479,0.95665,1.09120,0.00060,0.00592,0.00020,0.07529,0.02693,0.66166,0.00000,0.96375,8.13500,4.43235,180.24219,0.78859,0.72643,18.23194,28.02295
0.28448,0.05976,12.07980,0.01100,0.01019,581.41586,16561.30180,5.72236,24.01639,0.33007,0.46188,0.40545,1.80236,0.63734,0.83921,0.67217,0.95759,1.08983,0.00060,0.00591,0.00020,0.07470,0.02712,0.66310,0.00009,0.96217,8.14470,4.44295,179.74308,0.78960,0.72379,18.26822,27.78013
0.28521,0.05950,12.12517,0.01101,0.01025,585.95298,16457.36559,5.75915,24.10407,0.33159,0.45855,0.40285,1.81918,0.63315,0.83987,0.67374,0.95172,1.09150,0.00060,0.00593,0.00020,0.07440,0.02713,0.66422,0.00000,0.96305,8.18477,4.42207,179.70128,0.78459,0.72617,18.16121,27.82208
0.28871,0.05908,12.14693,0.01102,0.01027,585.32831,16498.73385,5.76761,24.18101,0.33587,0.45999,0.40273,1.82234,0.63358,0.84223,0.67513,0.95789,1.08937,0.00061,0.00596,0.00020,0.07424,0.02716,0.66540,0.00000,0.97058,8.17357,4.43020,178.03680,0.78837,0.73265,18.27758,27.72016
0.28798,0.05941,12.12196,0.01098,0.01022,585.28740,16589.92808,5.80231,24.30345,0.33645,0.46209,0.40163,1.81579,0.62811,0.84281,0.67582,0.95175,1.08489,0.00060,0.00594,0.00020,0.07414,0.02715,0.66301,0.00004,0.97277,8.13813,4.39758,177.45398,0.78844,0.73305,18.26753,27.95374
0.28698,0.05953,12.23047,0.01105,0.01028,587.35621,16585.96593,5.83515,24.42966,0.33685,0.46118,0.40167,1.82709,0.62800,0.84006,0.68067,0.95523,1.08257,0.00060,0.00589,0.00020,0.07381,0.02706,0.66001,0.00010,0.96475,8.16170,4.38086,176.53521,0.78515,0.73072,18.25897,27.78128
0.28627,0.05871,12.30634,0.01106,0.01038,582.37468,16698.29293,5.87354,24.56765,0.34032,0.45716,0.40238,1.81939,0.63242,0.83369,0.68088,0.96006,1.08032,0.00060,0.00591,0.00020,0.07398,0.02709,0.65840,0.00001,0.96732,8.17918,4.33876,175.95225,0.78701,0.72940,18.25484,27.79531
0.28412,0.05878,12.21731,0.01104,0.01042,580.54710,16744.93258,5.85148,24.51445,0.34115,0.45614,0.40270,1.83421,0.63560,0.83043,0.68413,0.95307,1.07726,0.00061,0.00588,0.00020,0.07358,0.02694,0.65256,0.00006,0.97344,8.14809,4.33098,175.71006,0.78807,0.72610,18.39959,27.93559
0.28432,0.05832,12.19277,0.01098,0.01040,582.82809,16777.01829,5.86963,24.44705,0.34372,0.45943,0.40266,1.82542,0.63746,0.83121,0.68421,0.95623,1.07787,0.00061,0.00587,0.00020,0.07378,0.02718,0.65817,0.00003,0.97989,8.15518,4.33834,176.38078,0.79021,0.72488,18.38774,27.85586
0.28395,0.05865,12.24879,0.01101,0.01045,581.25179,16728.20941,5.88073,24.45996,0.34280,0.45993,0.40123,1.81589,0.64315,0.83070,0.68997,0.96499,1.07292,0.00061,0.00588,0.00020,0.07291,0.02742,0.65131,0.00007,0.97661,8.07248,4.29348,175.51261,0.79278,0.72549,18.41613,28.00788
0.28264,0.05902,12.19606,0.01107,0.01038,580.62147,16665.87176,5.85532,24.51475,0.34431,0.46194,0.40386,1.82252,0.64032,0.83460,0.68944,0.96070,1.07160,0.00061,0.00589,0.00020,0.07323,0.02750,0.64913,0.00003,0.97664,8.09395,4.28670,174.04006,0.79186,0.72618,18.21763,27.77971
0.28490,0.05898,12.35681,0.01120,0.01040,580.08903,16775.21117,5.87588,24.49414,0.34563,0.46318,0.39973,1.83903,0.63699,0.83549,0.69023,0.96494,1.06457,0.00061,0.00594,0.00020,0.07321,0.02743,0.65471,0.00004,0.97866,8.07957,4.29043,173.72099,0.79567,0.72272,18.15167,28.14224
0.28568,0.05831,12.30074,0.01121,0.01031,578.96235,16891.01694,5.87085,24.41206,0.34435,0.46459,0.39899,1.83998,0.63992,0.82892,0.69847,0.96204,1.07379,0.00061,0.00594,0.00020,0.07334,0.02742,0.66218,0.00003,0.97342,8.04425,4.26707,173.60025,0.79951,0.72044,18.12170,28.27309
0.28469,0.05859,12.30532,0.01124,0.01024,578.68501,16716.33756,5.91196,24.38258,0.34159,0.46469,0.39671,1.83248,0.63810,0.82788,0.69881,0.96049,1.08137,0.00061,0.00597,0.00020,0.07345,0.02730,0.65803,0.00004,0.96865,8.03262,4.24938,173.72662,0.79812,0.71596,18.12610,28.08509
0.28528,0.05850,12.35473,0.01123,0.01024,577.81659,16764.07844,5.91936,24.17073,0.34052,0.46445,0.39699,1.82484,0.63803,0.83135,0.70139,0.95355,1.08226,0.00061,0.00598,0.00020,0.07363,0.02742,0.65409,0.00006,0.97680,7.98568,4.26014,173.22435,0.79901,0.71477,18.19397,28.48542
0.28716,0.05823,12.29990,0.01111,0.01026,575.53380,16703.62331,5.90304,24.16284,0.33965,0.46491,0.39530,1.84572,0.63378,0.83039,0.69784,0.95056,1.08232,0.00061,0.00597,0.00020,0.07370,0.02730,0.65843,0.00005,0.97416,8.01073,4.24992,171.54784,0.79648,0.71885,18.18062,28.11135
0.28642,0.05801,12.21740,0.01105,0.01034,578.28750,16866.74286,5.90461,24.21499,0.33787,0.46631,0.39426,1.84796,0.64175,0.82933,0.69464,0.94576,1.08190,0.00061,0.00603,0.00020,0.07379,0.02749,0.65854,0.00010,0.97308,7.97671,4.25257,171.24394,0.79834,0.72044,18.21200,28.30153
0.28740,0.05781,12.13177,0.01104,0.01027,579.04494,16863.92073,5.95467,24.18695,0.33689,0.46775,0.39229,1.84680,0.64514,0.83056,0.68883,0.93934,1.07372,0.00060,0.00606,0.00020,0.07401,0.02733,0.65839,0.00022,0.97272,8.01684,4.28535,170.84704,0.79320,0.72129,18.27044,28.09216
0.28711,0.05801,12.12339,0.01099,0.01036,581.42509,16796.99506,5.98958,24.19699,0.33926,0.46599,0.39285,1.85332,0.64411,0.83019,0.68906,0.94181,1.08224,0.00061,0.00604,0.00020,0.07500,0.02717,0.65977,0.00021,0.97587,8.01842,4.27966,170.77450,0.79084,0.72122,18.28876,28.09495
0.28684,0.05883,12.10292,0.01097,0.01035,582.25074,16956.99108,5.96858,24.25130,0.33922,0.46859,0.39098,1.84345,0.64030,0.82716,0.68665,0.94567,1.07954,0.00061,0.00604,0.00020,0.07546,0.02724,0.65966,0.00002,0.97843,8.02334,4.28733,169.47220,0.78784,0.71935,18.27555,27.91746
0.28762,0.05872,12.03456,0.01106,0.01040,582.89531,16961.03240,5.98119,24.05979,0.34460,0.46546,0.38762,1.83898,0.64031,0.82849,0.68195,0.94965,1.08248,0.00062,0.00600,0.00020,0.07521,0.02730,0.65859,0.00005,0.97523,8.03669,4.26458,170.17060,0.78704,0.71812,18.33815,27.76331
0.28852,0.05829,12.04548,0.01111,0.01044,585.01553,16961.58442,5.97949,24.16514,0.34413,0.46853,0.38791,1.85047,0.64002,0.82552,0.68237,0.94873,1.07685,0.00062,0.00600,0.00020,0.07549,0.02741,0.66010,0.00014,0.96958,8.09633,4.25589,168.91219,0.78412,0.72429,18.36885,27.92068
0.29137,0.05755,12.14597,0.01102,0.01048,584.56663,17008.17304,6.00523,24.17487,0.34520,0.47168,0.38567,1.84532,0.64120,0.82626,0.67767,0.95130,1.07264,0.00061,0.00603,0.00020,0.07525,0.02749,0.65888,0.00017,0.96929,8.00254,4.26441,167.42553,0.78700,0.72431,18.55640,28.04009
0.29151,0.05754,12.02526,0.01093,0.01040,585.63235,17094.00127,5.98317,24.10610,0.34472,0.47114,0.38322,1.84669,0.63706,0.82710,0.68818,0.94465,1.07553,0.00061,0.00599,0.00020,0.07509,0.02763,0.65770,0.00007,0.96902,8.03574,4.27371,166.26813,0.78897,0.73047,18.49107,27.96327
0.29312,0.05731,12.06406,0.01092,0.01043,586.02132,17093.98850,6.01363,24.12134,0.34368,0.46685,0.38196,1.85292,0.64400,0.82961,0.68417,0.94177,1.08128,0.00061,0.00605,0.00020,0.07519,0.02782,0.66187,0.00012,0.97124,8.12265,4.26183,165.23187,0.78990,0.73537,18.52488,27.90505
0.29424,0.05664,12.03719,0.01094,0.01052,585.17841,17058.96557,5.97977,24.25339,0.34406,0.46984,0.37712,1.84688,0.64517,0.83408,0.68274,0.93975,1.08202,0.00061,0.00602,0.00020,0.07474,0.02788,0.66170,0.00028,0.97062,8.15965,4.26754,164.52736,0.79344,0.73641,18.57662,27.81009
0.29263,0.05631,12.08201,0.01095,0.01049,584.50909,17072.45625,5.99652,24.30043,0.34547,0.46954,0.37403,1.85402,0.64955,0.83391,0.68608,0.93512,1.07527,0.00061,0.00599,0.00020,0.07535,0.02796,0.66073,0.00024,0.97071,8.25584,4.26481,163.94179,0.79268,0.73814,18.58328,27.51875
0.29380,0.05617,11.99803,0.01095,0.01053,587.13096,17058.56260,6.05423,24.39053,0.34335,0.46712,0.37336,1.85069,0.64791,0.83242,0.67864,0.93710,1.07688,0.00061,0.00596,0.00020,0.07511,0.02813,0.65930,0.00011,0.96621,8.26237,4.23635,165.94359,0.78816,0.73761,18.56476,27.46501
0.29119,0.05631,12.04673,0.01102,0.01054,584.22458,16985.05731,6.06731,24.22549,0.34336,0.46892,0.37449,1.85400,0.64842,0.83799,0.67760,0.93594,1.07882,0.00061,0.00603,0.00020,0.07488,0.02809,0.66052,0.00002,0.97063,8.25323,4.21503,165.96061,0.78654,0.73141,18.50393,27.46652
0.29244,0.05638,12.22853,0.01102,0.01049,589.18521,16979.60246,6.06314,24.26240,0.34566,0.46735,0.37770,1.87039,0.64517,0.83468,0.67646,0.93774,1.07314,0.00061,0.00600,0.00020,0.07446,0.02824,0.65758,0.00001,0.96985,8.21932,4.21879,166.55743,0.78502,0.73561,18.54067,27.50644
0.29145,0.05610,12.15539,0.01099,0.01056,588.92046,16958.29704,6.05628,24.26195,0.34860,0.46735,0.37372,1.87355,0.64568,0.83875,0.67349,0.93773,1.07039,0.00060,0.00600,0.00020,0.07526,0.02820,0.65301,0.00003,0.97627,8.24923,4.23263,167.35241,0.78745,0.73372,18.57286,27.51245
0.29160,0.05616,12.24556,0.01110,0.01056,587.70738,16973.58389,6.03248,24.15385,0.34826,0.46939,0.37625,1.87435,0.63914,0.83754,0.67536,0.94054,1.06839,0.00060,0.00602,0.00020,0.07519,0.02828,0.64858,0.00002,0.96916,8.21325,4.23986,165.62505,0.78089,0.73387,18.64045,27.51723
0.29308,0.05535,12.13814,0.01110,0.01053,588.46992,17054.16251,6.01931,24.28759,0.34708,0.47195,0.37938,1.88756,0.64084,0.83930,0.67398,0.94419,1.06763,0.00061,0.00602,0.00020,0.07522,0.02827,0.65105,0.00018,0.97079,8.17008,4.23277,164.91867,0.77549,0.73113,18.72022,27.39743
0.29200,0.05518,12.07032,0.01109,0.01041,584.43679,17148.69177,5.96266,24.21960,0.34883,0.47209,0.38057,1.87132,0.64288,0.83970,0.67882,0.94522,1.07661,0.00061,0.00602,0.00020,0.07547,0.02820,0.64759,0.00022,0.97467,8.18344,4.25083,164.55632,0.77600,0.72804,18.86064,27.34575
0.29038,0.05481,12.18915,0.01110,0.01044,585.76659,17202.51183,5.96529,24.15431,0.34932,0.47543,0.37807,1.87894,0.64407,0.83710,0.68204,0.95089,1.07748,0.00062,0.00604,0.00020,0.07519,0.02830,0.65084,0.00000,0.98168,8.23938,4.31528,165.90581,0.77223,0.72734,18.97016,27.24854
0.28946,0.05493,12.20495,0.01108,0.01047,588.09379,17068.98286,5.97424,24.15812,0.34870,0.47488,0.38046,1.88401,0.64476,0.83295,0.68335,0.94721,1.08172,0.00061,0.00606,0.00020,0.07567,0.02831,0.65069,0.00001,0.98645,8.29727,4.31716,166.05505,0.77373,0.72417,18.90834,27.23006
0.28866,0.05433,12.30573,0.01108,0.01057,588.81611,17069.61246,5.97921,24.24068,0.34905,0.47478,0.38139,1.87882,0.64837,0.83296,0.67803,0.95011,1.07880,0.00062,0.00610,0.00020,0.07551,0.02833,0.65505,0.00008,0.97930,8.31143,4.29318,167.47537,0.77445,0.72181,18.89400,27.09112
0.28776,0.05444,12.28367,0.01103,0.01052,586.47568,17164.36389,6.03877,24.18046,0.35422,0.47585,0.38253,1.87954,0.64520,0.83419,0.68139,0.95097,1.07976,0.00062,0.00607,0.00021,0.07508,0.02817,0.65383,0.00010,0.98367,8.31532,4.30322,167.14027,0.77573,0.72118,18.86573,27.06816
0.28967,0.05438,12.22815,0.01103,0.01043,582.73971,17249.30331,6.04100,24.29518,0.35604,0.47235,0.38377,1.88329,0.64444,0.83436,0.67807,0.94520,1.06992,0.00062,0.00606,0.00020,0.07449,0.02807,0.65025,0.00012,0.98032,8.29676,4.32408,166.31268,0.77944,0.72260,18.92845,27.14481
0.29132,0.05478,12.24408,0.01109,0.01036,584.47268,17287.16008,6.08662,24.17403,0.35514,0.47223,0.38111,1.88468,0.64339,0.83279,0.68296,0.94991,1.07435,0.00062,0.00603,0.00020,0.07431,0.02784,0.64164,0.00011,0.97659,8.26487,4.30510,167.45175,0.77761,0.71953,18.83327,27.10526
0.28842,0.05450,12.19638,0.01100,0.01040,581.27641,17203.55664,6.03687,24.04118,0.35470,0.47338,0.38394,1.87310,0.64000,0.82878,0.68167,0.94784,1.08009,0.00062,0.00602,0.00021,0.07425,0.02793,0.63719,0.00006,0.98182,8.28940,4.27757,167.09452,0.77702,0.71912,18.93083,26.94686
0.28653,0.05417,12.19385,0.01099,0.01040,581.60373,17143.93133,6.06606,24.07992,0.35524,0.47043,0.38264,1.85669,0.63957,0.82688,0.68361,0.95373,1.07262,0.00062,0.00601,0.00021,0.07458,0.02774,0.64268,0.00006,0.97729,8.25816,4.29305,168.43923,0.77319,0.72088,18.96039,26.72329
0.28898,0.05393,12.15554,0.01088,0.01035,578.96857,17112.15898,6.06088,24.10606,0.35403,0.46880,0.38472,1.86502,0.63969,0.82815,0.68622,0.95662,1.07124,0.00062,0.00600,0.00021,0.07516,0.02759,0.63762,0.00008,0.98293,8.27835,4.30377,169.02706,0.77394,0.71778,18.97269,26.65687
0.28804,0.05345,12.17830,0.01090,0.01033,579.27146,17131.52760,6.03510,24.15524,0.35745,0.46456,0.38701,1.86931,0.64429,0.82874,0.68837,0.94869,1.07160,0.00063,0.00596,0.00021,0.07519,0.02765,0.63555,0.00005,0.98353,8.25669,4.27425,169.46637,0.77671,0.71576,19.15050,26.95046
0.28971,0.05312,12.23996,0.01089,0.01033,581.48510,17244.79665,6.02559,24.12536,0.35956,0.46620,0.38578,1.86024,0.64489,0.82554,0.69052,0.95232,1.06603,0.00063,0.00591,0.00021,0.07504,0.02758,0.63697,0.00002,0.96945,8.26944,4.27517,170.76598,0.77591,0.71503,19.19118,27.27833
0.29131,0.05255,12.23820,0.01092,0.01032,585.82934,17327.33759,6.09305,24.00051,0.36101,0.46679,0.38859,1.86167,0.64307,0.82237,0.68881,0.95847,1.06451,0.00062,0.00591,0.00021,0.07526,0.02780,0.63848,0.00005,0.96436,8.28418,4.27109,170.26410,0.77557,0.71965,19.23302,26.98020
0.29121,0.05337,12.24170,0.01085,0.01034,587.92312,17224.89854,6.15333,23.91980,0.35835,0.46456,0.38867,1.86085,0.64795,0.81930,0.69000,0.95600,1.06363,0.00063,0.00600,0.00021,0.07591,0.02785,0.64016,0.00000,0.96699,8.28242,4.29327,169.96985,0.78025,0.71896,19.33577,27.13538
0.29143,0.05340,12.25309,0.01086,0.01025,584.92682,17370.85258,6.14209,23.93509,0.36206,0.46188,0.38865,1.86409,0.64675,0.82154,0.68634,0.94843,1.07149,0.00063,0.00605,0.00021,0.07548,0.02786,0.64719,0.00003,0.96939,8.23829,4.30782,169.28930,0.78354,0.71920,19.39194,27.11476
0.29243,0.05263,12.28633,0.01096,0.01026,587.97399,17443.15389,6.14616,23.82608,0.36321,0.46201,0.38995,1.86405,0.65230,0.82043,0.68883,0.95372,1.06654,0.00063,0.00607,0.00021,0.07523,0.02778,0.64697,0.00002,0.97292,8.27591,4.28045,167.76707,0.78719,0.71985,19.37833,27.33031
0.29438,0.05259,12.25090,0.01094,0.01025,588.00985,17389.71279,6.11529,23.71975,0.36408,0.46260,0.39101,1.86597,0.65722,0.82064,0.69120,0.94951,1.05936,0.00063,0.00607,0.00020,0.07476,0.02749,0.64865,0.00006,0.96776,8.31976,4.23310,168.41431,0.78570,0.71875,19.37579,27.18728
0.29455,0.05281,12.26816,0.01099,0.01030,590.64040,17384.59989,6.06839,23.66419,0.36440,0.46302,0.39203,1.85698,0.65433,0.82120,0.68862,0.94749,1.05788,0.00063,0.00610,0.00020,0.07452,0.02757,0.64085,0.00008,0.96353,8.27233,4.24656,170.40945,0.78046,0.72028,19.30238,27.46278
0.29638,0.05261,12.18076,0.01099,0.01029,592.10377,17247.57675,6.05842,23.65860,0.36708,0.46513,0.39274,1.84610,0.65424,0.82348,0.69082,0.94842,1.05453,0.00063,0.00610,0.00020,0.07489,0.02756,0.64007,0.00006,0.97192,8.25857,4.21144,169.93865,0.77975,0.72202,19.19832,27.86734
0.29832,0.05299,12.09185,0.01106,0.01036,589.49011,17279.55943,6.05823,23.73416,0.36651,0.46479,0.39383,1.84300,0.64861,0.82656,0.68821,0.94337,1.05007,0.00063,0.00609,0.00020,0.07525,0.02758,0.64420,0.00004,0.96948,8.24852,4.19239,168.34166,0.77406,0.71994,19.31265,27.84097
0.29847,0.05309,12.19623,0.01104,0.01034,591.34721,17331.63184,6.07195,23.76923,0.36963,0.46630,0.39280,1.84336,0.65261,0.82432,0.68411,0.93780,1.04825,0.00063,0.00609,0.00020,0.07559,0.02772,0.64252,0.00003,0.96998,8.22610,4.14658,166.51356,0.77599,0.71794,19.32986,27.85501
0.30217,0.05280,12.17530,0.01106,0.01031,590.78207,17302.48772,6.14108,23.76456,0.36956,0.46452,0.39345,1.86271,0.64930,0.82326,0.68362,0.93958,1.05084,0.00063,0.00611,0.00020,0.07529,0.02758,0.64820,0.00002,0.97246,8.25690,4.15686,166.30412,0.78000,0.71674,19.25144,27.95725
0.30364,0.05246,12.19862,0.01107,0.01024,592.88420,17297.33804,6.10997,23.63207,0.36855,0.46252,0.39277,1.86552,0.64886,0.82499,0.69265,0.93886,1.05148,0.00063,0.00609,0.00020,0.07485,0.02762,0.65603,0.00007,0.98129,8.22994,4.16995,165.78372,0.79006,0.71893,19.26611,27.76347
0.30467,0.05254,12.27264,0.01104,0.01029,593.01385,17332.41358,6.13164,23.83046,0.37140,0.46417,0.39119,1.87319,0.64691,0.82629,0.69173,0.93233,1.05378,0.00063,0.00607,0.00020,0.07490,0.02755,0.64438,0.00022,0.99096,8.22387,4.17246,165.47183,0.79028,0.71695,19.33081,27.82572
0.30438,0.05229,12.19726,0.01099,0.01033,592.07443,17390.61025,6.06969,23.67694,0.37225,0.46323,0.39129,1.85748,0.64386,0.82772,0.68702,0.93389,1.06200,0.00062,0.00610,0.00020,0.07436,0.02771,0.63844,0.00020,0.98488,8.25153,4.18780,165.50403,0.79011,0.71617,19.31394,27.84505
0.30445,0.05226,12.21303,0.01101,0.01030,588.79991,17343.31675,6.13106,23.75420,0.37321,0.46160,0.39269,1.84264,0.64770,0.82968,0.68780,0.93042,1.06188,0.00063,0.00606,0.00020,0.07462,0.02769,0.63186,0.00012,0.98419,8.28053,4.19654,164.99702,0.78589,0.71595,19.34631,27.66083
0.30320,0.05226,12.24905,0.01094,0.01031,587.91941,17459.75371,6.14203,23.56435,0.37205,0.46055,0.39542,1.84642,0.64849,0.82576,0.68475,0.93266,1.06205,0.00063,0.00603,0.00020,0.07429,0.02766,0.62991,0.00006,0.98327,8.24847,4.20116,165.51011,0.79012,0.71003,19.28445,27.45679
0.30361,0.05249,12.30248,0.01096,0.01023,585.40586,17442.92647,6.15584,23.61318,0.37295,0.46318,0.39737,1.85989,0.64957,0.82219,0.68683,0.93922,1.06116,0.00063,0.00605,0.00020,0.07358,0.02753,0.63104,0.00004,0.97887,8.24814,4.18814,165.21985,0.79147,0.70862,19.27497,27.53982
0.30248,0.05244,12.32573,0.01099,0.01021,580.73297,17354.13903,6.16424,23.60034,0.37407,0.45902,0.39662,1.87276,0.65069,0.82314,0.68477,0.94604,1.05473,0.00063,0.00604,0.00020,0.07326,0.02730,0.62885,0.00011,0.98023,8.26076,4.20412,165.89863,0.78900,0.70582,19.28239,27.41247
0.30372,0.05238,12.24155,0.01103,0.01013,578.15484,17297.82967,6.12725,23.68452,0.37346,0.46331,0.39298,1.86382,0.64970,0.82545,0.68405,0.94789,1.05830,0.00063,0.00605,0.00020,0.07344,0.02711,0.63232,0.00013,0.98620,8.29136,4.20445,165.38259,0.78756,0.71132,19.21686,27.09372
0.30321,0.05229,12.16410,0.01103,0.01029,578.11879,17348.36089,6.12010,23.60158,0.36887,0.46408,0.39423,1.88371,0.64962,0.83317,0.68826,0.95460,1.05610,0.00064,0.00602,0.00020,0.07290,0.02729,0.62817,0.00012,0.98751,8.40293,4.20983,167.61101,0.78820,0.71336,19.25759,27.15778
0.30518,0.05242,12.12856,0.01095,0.01029,581.70320,17545.88443,6.17130,23.65741,0.36834,0.46432,0.39193,1.87270,0.64238,0.83189,0.68579,0.95264,1.05344,0.00064,0.00605,0.00020,0.07220,0.02766,0.63067,0.00003,0.99216,8.36719,4.16263,166.58762,0.78865,0.71521,19.35007,27.22555
0.30492,0.05210,12.07457,0.01088,0.01031,580.80222,17403.83799,6.18817,23.67288,0.36677,0.46195,0.39171,1.86627,0.63998,0.83383,0.68779,0.94456,1.06086,0.00063,0.00607,0.00020,0.07239,0.02791,0.62592,0.00003,0.98753,8.35626,4.18916,164.32669,0.78116,0.71569,19.49213,27.27919
0.30525,0.05245,12.13528,0.01076,0.01028,582.24597,17368.05036,6.16740,23.46827,0.36521,0.45991,0.39308,1.85054,0.64017,0.83269,0.68953,0.94087,1.05986,0.00064,0.00598,0.00020,0.07245,0.02791,0.63467,0.00004,0.98250,8.33710,4.15049,164.03744,0.78440,0.72059,19.43527,27.42534
0.30462,0.05251,12.18781,0.01070,0.01024,584.27474,17285.95319,6.15706,23.39339,0.36390,0.46306,0.39119,1.84698,0.64444,0.83274,0.69465,0.93642,1.05817,0.00064,0.00597,0.00020,0.07278,0.02808,0.63359,0.00003,0.97747,8.39075,4.19828,163.60681,0.78439,0.71578,19.54878,27.30119
0.30532,0.05274,12.19149,0.01065,0.01026,582.86486,17167.82593,6.14188,23.50028,0.36360,0.46475,0.38837,1.84388,0.64336,0.83488,0.68608,0.93280,1.06365,0.00063,0.00596,0.00020,0.07218,0.02810,0.64247,0.00014,0.97849,8.37300,4.23598,162.29529,0.78114,0.71743,19.68743,27.52359
0.30602,0.05278,12.22101,0.01065,0.01033,582.01348,17183.84726,6.16615,23.52293,0.36656,0.46531,0.38540,1.84309,0.64516,0.82994,0.69078,0.93105,1.06188,0.00063,0.00594,0.00020,0.07260,0.02804,0.64696,0.00002,0.97639,8.37248,4.24220,161.48187,0.78216,0.71958,19.73707,27.43984
0.30507,0.05292,12.27260,0.01068,0.01036,577.01493,17367.95506,6.14379,23.66699,0.37157,0.46424,0.38507,1.84697,0.64428,0.83083,0.68544,0.93194,1.05279,0.00063,0.00591,0.00020,0.07319,0.02792,0.64810,0.00012,0.97980,8.35407,4.21439,161.10686,0.78622,0.71731,19.65010,27.35392
0.30352,0.05299,12.14827,0.01069,0.01044,575.51356,17490.22786,6.13530,23.63474,0.37429,0.46510,0.38584,1.84027,0.64145,0.83240,0.68331,0.93170,1.04765,0.00063,0.00590,0.00020,0.07331,0.02788,0.64323,0.00020,0.98154,8.30519,4.18115,159.76845,0.78612,0.71762,19.65054,27.26797
0.30312,0.05318,12.10351,0.01071,0.01043,579.83861,17409.62433,6.07347,23.75239,0.37572,0.46516,0.38609,1.84695,0.64253,0.83425,0.68424,0.92748,1.05314,0.00062,0.00588,0.00020,0.07351,0.02794,0.64216,0.00022,0.98013,8.32346,4.12191,158.66962,0.78451,0.71901,19.58638,27.31245
0.30369,0.05286,11.98082,0.01071,0.01042,580.80846,17474.72396,6.05622,23.80364,0.38149,0.46364,0.38289,1.81815,0.63808,0.83113,0.68242,0.92831,1.05168,0.00062,0.00586,0.00020,0.07427,0.02787,0.63870,0.00027,0.97702,8.34285,4.13843,158.57555,0.78889,0.72499,19.59021,27.55877
0.30293,0.05275,12.02423,0.01070,0.01042,581.67579,17547.97659,6.09204,23.95947,0.38615,0.46441,0.38307,1.81916,0.64189,0.83612,0.67882,0.92635,1.04872,0.00062,0.00585,0.00020,0.07499,0.02800,0.64070,0.00006,0.97879,8.33903,4.16142,157.64338,0.78678,0.72444,19.46771,27.76971
0.30483,0.05253,12.02262,0.01071,0.01048,583.84818,17571.34319,6.09436,23.92510,0.38634,0.46710,0.38009,1.81805,0.64626,0.83341,0.67636,0.92363,1.05139,0.00063,0.00585,0.00021,0.07473,0.02786,0.64385,0.00017,0.97037,8.39334,4.18995,158.40071,0.78803,0.71848,19.53796,27.78540
0.30513,0.05240,11.96964,0.01072,0.01044,580.24977,17703.79616,6.06042,23.87061,0.38903,0.47028,0.38287,1.81378,0.64484,0.82964,0.67413,0.93058,1.05241,0.00063,0.00592,0.00020,0.07435,0.02788,0.64453,0.00002,0.97071,8.35199,4.20271,158.80786,0.79134,0.72062,19.52617,27.55567
0.30413,0.05125,11.90159,0.01074,0.01049,576.72710,17604.00797,6.05618,23.65775,0.38885,0.46982,0.38430,1.80590,0.64620,0.82898,0.67842,0.93258,1.04694,0.00063,0.00594,0.00020,0.07387,0.02787,0.65118,0.00007,0.97441,8.36654,4.18605,160.36233,0.79073,0.71879,19.52574,27.54264
0.30438,0.05105,11.85691,0.01082,0.01048,573.66691,17805.37208,6.02178,23.86751,0.38982,0.46842,0.38450,1.80398,0.64511,0.82919,0.68348,0.93349,1.04218,0.00064,0.00589,0.00020,0.07414,0.02793,0.65525,0.00003,0.96850,8.37686,4.16910,159.46398,0.79318,0.71672,19.46379,27.26409
0.30461,0.05130,11.86978,0.01082,0.01045,570.92731,17771.46536,6.01778,23.97405,0.38898,0.46614,0.38609,1.80177,0.64445,0.83200,0.68365,0.92930,1.04206,0.00064,0.00587,0.00020,0.07412,0.02793,0.65804,0.00009,0.96703,8.32385,4.15033,158.44977,0.79499,0.71762,19.34895,27.41667
0.30518,0.05153,11.88451,0.01071,0.01048,567.82990,17757.48176,6.02985,24.01125,0.38937,0.46957,0.38298,1.79099,0.64508,0.83213,0.68001,0.92493,1.03982,0.00064,0.00588,0.00021,0.07380,0.02795,0.66125,0.00004,0.96696,8.42010,4.10326,159.70604,0.79524,0.71439,19.33638,27.14229
0.30428,0.05146,11.80278,0.01075,0.01044,568.40140,17850.03986,6.01565,24.04489,0.38737,0.47161,0.38687,1.77819,0.64305,0.83669,0.68042,0.91845,1.04156,0.00065,0.00585,0.00021,0.07394,0.02795,0.66393,0.00008,0.97087,8.40421,4.08379,158.03163,0.79335,0.72028,19.28763,27.02018
0.30375,0.05104,11.85192,0.01070,0.01047,570.73396,17970.86758,6.00891,23.96792,0.38756,0.47416,0.38937,1.77676,0.64458,0.83444,0.68204,0.92347,1.04015,0.00065,0.00582,0.00021,0.07406,0.02821,0.66736,0.00012,0.97401,8.36706,4.08712,157.44514,0.79371,0.71927,19.20312,27.14446
0.30448,0.05078,11.82863,0.01070,0.01047,569.03596,18022.92770,5.97899,23.97187,0.38957,0.47475,0.38850,1.77376,0.64414,0.83709,0.67969,0.92815,1.03254,0.00065,0.00578,0.00021,0.07410,0.02810,0.66563,0.00011,0.97721,8.39531,4.08400,158.93786,0.79080,0.71986,19.24315,27.18304
0.30426,0.05102,11.86999,0.01076,0.01045,568.42543,17932.27918,5.96380,23.92157,0.39114,0.47146,0.38781,1.78369,0.64522,0.83580,0.68033,0.92623,1.02805,0.00065,0.00578,0.00021,0.07397,0.02809,0.66958,0.00014,0.97331,8.39187,4.08720,158.07740,0.79012,0.72078,19.34797,26.93925
0.30496,0.05123,11.92741,0.01088,0.01052,567.32482,17903.19487,5.96120,23.84152,0.38697,0.47177,0.38482,1.78574,0.64615,0.83797,0.67886,0.92656,1.03227,0.00065,0.00579,0.00021,0.07361,0.02797,0.66871,0.00007,0.96720,8.42050,4.08504,157.94634,0.78817,0.72758,19.40541,26.97476
0.30529,0.05145,11.99162,0.01094,0.01047,565.30478,17692.21193,5.89565,23.87973,0.39112,0.47250,0.38256,1.78311,0.64747,0.83477,0.67727,0.92144,1.03819,0.00065,0.00580,0.00021,0.07377,0.02806,0.66915,0.00012,0.96226,8.36065,4.07685,157.86568,0.78644,0.72883,19.42331,27.02965
0.30377,0.05144,11.94540,0.01105,0.01049,565.58480,17705.93486,5.87671,23.99606,0.39225,0.47210,0.38321,1.78968,0.64995,0.83651,0.67457,0.92264,1.04307,0.00066,0.00581,0.00020,0.07413,0.02813,0.66684,0.00010,0.96422,8.35977,4.07087,158.45904,0.78356,0.72959,19.38643,26.89415
0.30707,0.05097,11.87769,0.01101,0.01050,565.67355,17824.39165,5.90485,24.01315,0.39322,0.47252,0.38020,1.80661,0.65131,0.83246,0.66860,0.92719,1.04735,0.00065,0.00576,0.00021,0.07414,0.02810,0.66204,0.00006,0.96635,8.36382,4.10212,157.44457,0.78949,0.72839,19.32583,26.94756
0.30776,0.05103,11.85777,0.01102,0.01049,565.10873,17799.37184,5.86938,24.06357,0.39226,0.47155,0.37827,1.79950,0.64930,0.83043,0.67035,0.92012,1.04855,0.00065,0.00575,0.00020,0.07428,0.02793,0.66197,0.00004,0.97117,8.34944,4.10234,157.47377,0.79174,0.72665,19.27768,27.18030
0.30529,0.05148,11.83004,0.01104,0.01040,567.93223,17813.34677,5.87523,24.12165,0.39141,0.46982,0.38314,1.79925,0.65346,0.83249,0.67169,0.92274,1.05042,0.00065,0.00577,0.00021,0.07410,0.02788,0.66789,0.00010,0.96693,8.37999,4.12473,158.59383,0.79067,0.72418,19.27024,27.05284
0.30610,0.05151,11.92652,0.01097,0.01048,569.34013,17797.74128,5.91283,24.21161,0.39040,0.46798,0.38165,1.78421,0.65604,0.83054,0.67147,0.92863,1.05209,0.00065,0.00579,0.00021,0.07400,0.02806,0.66579,0.00003,0.95992,8.43121,4.12283,158.00490,0.78919,0.72080,19.25765,27.24919
0.30997,0.05115,11.95645,0.01097,0.01056,570.96148,17802.78403,5.90349,24.20781,0.39061,0.47056,0.38225,1.77209,0.65945,0.83400,0.66919,0.92827,1.04566,0.00066,0.00583,0.00021,0.07407,0.02788,0.66779,0.00007,0.95984,8.45294,4.11290,158.30907,0.78757,0.72287,19.23019,27.31821
0.30948,0.05140,11.97852,0.01102,0.01059,577.15902,17970.03839,5.90492,24.37565,0.39013,0.46925,0.38317,1.77820,0.65470,0.83467,0.67139,0.93117,1.04951,0.00065,0.00584,0.00021,0.07432,0.02804,0.66439,0.00002,0.96083,8.45119,4.15369,157.53958,0.78588,0.72899,19.23967,27.19045
0.30886,0.05112,11.90947,0.01102,0.01059,584.05889,17932.92105,5.87717,24.37700,0.38599,0.46749,0.38595,1.79551,0.65078,0.83445,0.66776,0.92823,1.05139,0.00065,0.00587,0.00021,0.07453,0.02811,0.66851,0.00024,0.96876,8.48044,4.15281,156.65175,0.78801,0.72485,19.25797,27.06671
0.30767,0.05124,11.94597,0.01101,0.01054,584.88107,18010.85029,5.88308,24.53131,0.38503,0.46792,0.38862,1.80701,0.64998,0.82954,0.66703,0.92472,1.04956,0.00065,0.00594,0.00021,0.07391,0.02836,0.66848,0.00004,0.96459,8.43643,4.12702,156.91764,0.79086,0.72166,19.23995,26.91493
0.30964,0.05116,12.02738,0.01099,0.01050,580.63618,18009.67360,5.82843,24.53626,0.38350,0.46917,0.39106,1.80183,0.64958,0.83073,0.66537,0.92539,1.05070,0.00065,0.00593,0.00021,0.07435,0.02830,0.66920,0.00008,0.95916,8.39092,4.12755,156.38602,0.78513,0.71887,19.25573,26.93168
0.31015,0.05141,12.06363,0.01099,0.01052,577.89013,17940.23878,5.87263,24.62719,0.38149,0.47120,0.39163,1.80438,0.65103,0.83305,0.66876,0.93136,1.05221,0.00065,0.00595,0.00021,0.07411,0.02820,0.67031,0.00002,0.95837,8.45593,4.09155,156.19969,0.78386,0.72381,19.23259,27.07258
0.30970,0.05084,11.94307,0.01095,0.01051,575.65149,18048.97120,5.91598,24.63053,0.37973,0.47371,0.38970,1.80904,0.64878,0.83558,0.66527,0.92163,1.05234,0.00065,0.00597,0.00021,0.07352,0.02836,0.66293,0.00006,0.95325,8.43301,4.06465,155.84429,0.78046,0.72033,19.15801,26.93396
0.31078,0.05066,11.97013,0.01093,0.01051,577.94988,18075.87052,5.89761,24.55515,0.37916,0.47617,0.39023,1.81083,0.64688,0.83567,0.66347,0.93144,1.04914,0.00065,0.00599,0.00021,0.07341,0.02839,0.65992,0.00003,0.95501,8.44951,4.08184,155.74900,0.77838,0.72211,19.11806,27.07011
0.30942,0.05060,11.99994,0.01097,0.01045,577.91184,17940.36286,5.89740,24.49102,0.37667,0.47632,0.38721,1.80179,0.64534,0.83172,0.65809,0.92918,1.04783,0.00065,0.00598,0.00021,0.07338,0.02847,0.65494,0.00003,0.95668,8.51229,4.09504,156.89618,0.77802,0.72576,19.10673,26.91480
0.30745,0.05067,12.03146,0.01097,0.01044,577.08295,18042.01106,5.89077,24.57334,0.37621,0.47531,0.39240,1.80954,0.64255,0.83024,0.65740,0.92861,1.04074,0.00064,0.00598,0.00021,0.07320,0.02852,0.65635,0.00001,0.95968,8.50673,4.13621,156.45359,0.77410,0.72679,19.17297,27.18870
0.30842,0.05005,11.96750,0.01101,0.01044,575.90930,18016.91290,5.91242,24.57543,0.37651,0.47507,0.39138,1.80531,0.64060,0.83012,0.65815,0.92152,1.04361,0.00065,0.00602,0.00021,0.07318,0.02850,0.65626,0.00001,0.96356,8.45201,4.12875,155.23094,0.76935,0.73052,19.12649,27.10979
0.30977,0.05010,12.06234,0.01106,0.01048,572.26374,18058.71810,5.88108,24.68817,0.37910,0.47692,0.39210,1.80295,0.64443,0.83130,0.65992,0.92610,1.04620,0.00065,0.00599,0.00021,0.07335,0.02843,0.65619,0.00002,0.96190,8.44794,4.15872,155.03912,0.77262,0.73203,19.15909,26.88346
0.30933,0.04960,11.98791,0.01097,0.01053,567.03800,18097.46181,5.81700,24.66243,0.37569,0.47769,0.39344,1.79607,0.64451,0.83499,0.66326,0.91983,1.04573,0.00065,0.00599,0.00021,0.07336,0.02845,0.65361,0.00014,0.96040,8.48821,4.13007,154.80270,0.77402,0.73077,19.27400,27.00186
0.30985,0.04953,11.92109,0.01093,0.01048,567.54599,18110.45392,5.76201,24.62077,0.37558,0.47669,0.39247,1.80921,0.64420,0.83842,0.66106,0.90762,1.05302,0.00065,0.00606,0.00021,0.07357,0.02844,0.65553,0.00015,0.95292,8.49631,4.14601,155.10055,0.77660,0.72957,19.22186,27.12588
0.31004,0.04947,12.02885,0.01088,0.01041,570.14186,18063.95288,5.77602,24.44179,0.37474,0.47202,0.39148,1.82663,0.64433,0.83609,0.66879,0.90179,1.05331,0.00066,0.00605,0.00021,0.07376,0.02858,0.65251,0.00009,0.96349,8.45074,4.14893,154.07651,0.76762,0.72623,19.26834,27.11142
0.31312,0.04957,11.98948,0.01097,0.01038,570.87273,18097.23523,5.78378,24.48705,0.37125,0.47119,0.38950,1.83563,0.64659,0.83370,0.66481,0.90559,1.04816,0.00066,0.00609,0.00021,0.07409,0.02847,0.64833,0.00014,0.96447,8.47855,4.14791,153.37282,0.77067,0.72601,19.33092,27.31892
0.31339,0.04960,11.97235,0.01090,0.01040,568.72425,18069.39761,5.75489,24.49864,0.37500,0.47076,0.38806,1.83553,0.64548,0.83019,0.66573,0.90179,1.04186,0.00066,0.00609,0.00021,0.07399,0.02866,0.64336,0.00000,0.96314,8.50238,4.16661,154.35699,0.77143,0.72633,19.38392,27.20966
0.31128,0.04921,12.01202,0.01093,0.01040,570.11356,18077.85806,5.71608,24.50596,0.37390,0.47116,0.38886,1.82682,0.64626,0.83050,0.66124,0.90299,1.04403,0.00066,0.00605,0.00021,0.07409,0.02845,0.63774,0.00004,0.96088,8.54776,4.18274,155.51267,0.76832,0.73265,19.37770,27.07214
0.31203,0.04937,12.00401,0.01093,0.01044,569.34886,18127.62110,5.73839,24.55854,0.37304,0.47201,0.39002,1.81318,0.64128,0.83332,0.66027,0.90912,1.03877,0.00066,0.00603,0.00021,0.07423,0.02849,0.63602,0.00017,0.96089,8.51132,4.17629,154.25970,0.77289,0.72500,19.41271,27.15137
0.31237,0.04979,12.04134,0.01090,0.01051,566.10318,18128.06294,5.73874,24.67773,0.37036,0.47010,0.38749,1.81948,0.64308,0.83274,0.66195,0.91261,1.03081,0.00066,0.00605,0.00021,0.07431,0.02874,0.63252,0.00000,0.96683,8.48660,4.17024,154.26496,0.76785,0.72217,19.44579,27.04314
0.31374,0.05014,12.10361,0.01094,0.01057,568.85305,18077.41264,5.73265,24.72496,0.37204,0.46918,0.38920,1.79766,0.63858,0.83334,0.65730,0.91148,1.03498,0.00065,0.00606,0.00021,0.07424,0.02871,0.63089,0.00007,0.95849,8.43832,4.15034,154.21553,0.76610,0.71866,19.47063,27.13029
0.31404,0.04964,12.11490,0.01098,0.01063,567.35546,18122.20941,5.76522,24.77473,0.37129,0.46885,0.39018,1.79489,0.63275,0.83742,0.65713,0.92094,1.03519,0.00065,0.00608,0.00021,0.07457,0.02850,0.63198,0.00011,0.96765,8.40028,4.13917,154.73300,0.76664,0.71676,19.45771,27.29149
0.31723,0.05041,12.17210,0.01106,0.01063,568.63895,18296.56410,5.76122,24.74402,0.37274,0.46815,0.39371,1.79224,0.63818,0.83829,0.65447,0.92935,1.03538,0.00065,0.00609,0.00021,0.07433,0.02827,0.63484,0.00004,0.97070,8.43038,4.10744,155.87163,0.76490,0.72117,19.54674,27.31072
0.31716,0.05061,12.20245,0.01095,0.01059,573.17743,18395.39453,5.80900,24.67512,0.37232,0.47117,0.39613,1.80033,0.63614,0.83781,0.65412,0.92156,1.03317,0.00065,0.00599,0.00021,0.07419,0.02829,0.63565,0.00012,0.97312,8.51719,4.09960,153.60451,0.76126,0.71445,19.66822,27.52676
0.31545,0.05038,12.23125,0.01099,0.01062,574.27236,18482.33700,5.82965,24.65836,0.37157,0.46981,0.39490,1.80769,0.63570,0.83516,0.65596,0.92763,1.03631,0.00065,0.00600,0.00021,0.07422,0.02834,0.63173,0.00013,0.96196,8.51084,4.10672,153.10741,0.75956,0.70714,19.63585,27.55792
0.31412,0.05005,12.20311,0.01102,0.01062,575.00683,18518.10505,5.85796,24.78423,0.37347,0.46934,0.39745,1.83098,0.63401,0.83866,0.65821,0.92163,1.03294,0.00065,0.00597,0.00021,0.07406,0.02830,0.63213,0.00019,0.96403,8.48191,4.09411,154.12076,0.76270,0.70502,19.45289,27.51007
0.31158,0.04937,12.27361,0.01097,0.01057,575.40689,18657.52792,5.88799,24.66633,0.37343,0.46886,0.39879,1.83281,0.63359,0.84244,0.65861,0.92356,1.02952,0.00065,0.00598,0.00021,0.07399,0.02856,0.63299,0.00023,0.96187,8.46702,4.10731,154.63493,0.75537,0.70448,19.53508,27.76926
0.31158,0.04919,12.31593,0.01099,0.01055,576.38075,18668.49934,5.86942,24.73883,0.37220,0.46786,0.39715,1.84053,0.63791,0.84177,0.65583,0.92177,1.02144,0.00065,0.00598,0.00021,0.07415,0.02831,0.63017,0.00019,0.95233,8.45075,4.07297,154.58866,0.75562,0.70077,19.61715,27.84118
0.31164,0.04903,12.38300,0.01091,0.01049,577.90029,18677.36635,5.91005,24.87829,0.36990,0.46598,0.39708,1.84993,0.63278,0.84196,0.65314,0.91146,1.02174,0.00065,0.00598,0.00021,0.07419,0.02851,0.62669,0.00012,0.95542,8.54026,4.05400,154.09328,0.75781,0.70361,19.57899,28.02975
0.30928,0.04946,12.39737,0.01093,0.01053,574.45264,18782.12963,5.86364,24.85822,0.36846,0.46732,0.39381,1.87018,0.63372,0.84615,0.64910,0.90705,1.02575,0.00065,0.00597,0.00021,0.07430,0.02879,0.62445,0.00017,0.95993,8.51589,4.04822,155.62388,0.75709,0.70953,19.55851,27.68391
0.30911,0.05005,12.34829,0.01092,0.01049,575.77517,18687.21713,5.84370,24.70018,0.37007,0.46751,0.39303,1.88531,0.63604,0.84740,0.64818,0.90359,1.02088,0.00065,0.00597,0.00021,0.07496,0.02858,0.62080,0.00016,0.95494,8.50695,4.07121,157.70927,0.75984,0.71470,19.68447,27.54377
0.31105,0.04957,12.40553,0.01085,0.01045,578.80547,18695.37797,5.82247,24.69515,0.37035,0.46619,0.39340,1.88434,0.63544,0.84638,0.64867,0.90396,1.03067,0.00065,0.00594,0.00021,0.07501,0.02852,0.62453,0.00034,0.95311,8.47197,4.06916,156.56946,0.76285,0.71312,19.80153,27.40052
0.31194,0.04919,12.38385,0.01085,0.01043,579.99115,18679.06396,5.87566,24.87687,0.36972,0.46866,0.39795,1.89041,0.63712,0.84641,0.64847,0.89088,1.02722,0.00065,0.00590,0.00021,0.07600,0.02861,0.63229,0.00037,0.96180,8.41748,4.07142,157.42424,0.76348,0.71632,19.82624,27.51162
0.31009,0.04980,12.38519,0.01083,0.01042,577.27735,18688.44203,5.88625,24.70966,0.36947,0.46629,0.39792,1.90105,0.64150,0.84542,0.64481,0.88969,1.02364,0.00065,0.00587,0.00021,0.07565,0.02887,0.63038,0.00019,0.95520,8.41370,4.06687,157.35955,0.77095,0.70885,19.79104,27.56853
0.30942,0.04955,12.33230,0.01098,0.01044,577.00003,18675.51222,5.90453,24.55315,0.36510,0.46537,0.39694,1.90959,0.64411,0.84245,0.64617,0.89316,1.02171,0.00065,0.00590,0.00021,0.07509,0.02922,0.62943,0.00009,0.96610,8.38170,4.06344,156.55549,0.77159,0.71220,19.97318,27.84629
0.30758,0.04935,12.21536,0.01104,0.01049,578.54374,18610.26067,5.87704,24.48726,0.36603,0.46735,0.39619,1.90540,0.64900,0.84103,0.65029,0.89912,1.01968,0.00064,0.00590,0.00021,0.07518,0.02926,0.62814,0.00014,0.97066,8.40516,4.08558,156.46349,0.76686,0.71586,20.05951,27.45717
0.30700,0.04897,12.26141,0.01102,0.01051,583.79667,18660.84003,5.89861,24.49015,0.36857,0.46804,0.39689,1.91384,0.64402,0.83736,0.65508,0.89642,1.01777,0.00064,0.00588,0.00021,0.07537,0.02921,0.63324,0.00012,0.96820,8.41559,4.06572,157.01026,0.76150,0.71326,20.04009,27.60186
0.30729,0.04910,12.28986,0.01099,0.01057,584.33387,18755.92260,5.81372,24.44576,0.36552,0.47092,0.39471,1.91527,0.64316,0.84156,0.65004,0.89485,1.01771,0.00064,0.00595,0.00021,0.07562,0.02921,0.63574,0.00007,0.97428,8.40751,4.03685,158.20256,0.75883,0.71521,20.05615,27.71912
0.30729,0.04851,12.31195,0.01096,0.01054,584.09406,18800.11971,5.77981,24.36354,0.37089,0.47284,0.39242,1.89331,0.64169,0.84267,0.64878,0.88871,1.01804,0.00064,0.00596,0.00021,0.07607,0.02944,0.63190,0.00005,0.97995,8.35561,4.02426,159.42659,0.75976,0.70862,20.20477,27.92687
0.31048,0.04895,12.31963,0.01098,0.01044,584.40158,18787.42753,5.73725,24.16517,0.36914,0.47630,0.39376,1.89500,0.64277,0.84576,0.64868,0.89443,1.01002,0.00064,0.00595,0.00021,0.07629,0.02920,0.62815,0.00018,0.97954,8.33976,4.01326,157.32950,0.76313,0.70423,20.23006,28.04172
0.31130,0.04812,12.26630,0.01092,0.01043,587.89657,18782.17403,5.73082,24.25399,0.36800,0.47631,0.39600,1.91400,0.63807,0.84730,0.64994,0.90230,1.00165,0.00065,0.00595,0.00021,0.07592,0.02935,0.62624,0.00018,0.96902,8.27160,4.00410,158.82765,0.76236,0.70316,20.28928,27.88071
0.31113,0.04839,12.28943,0.01095,0.01035,586.99263,18778.37226,5.76733,24.07301,0.36435,0.47437,0.39595,1.90741,0.63538,0.84437,0.64628,0.90165,1.00026,0.00065,0.00595,0.00021,0.07665,0.02950,0.63463,0.00012,0.97346,8.33227,3.99398,159.21645,0.76137,0.70265,20.28184,27.86126
0.31189,0.04772,12.18755,0.01090,0.01033,587.11400,18711.43661,5.76627,24.11274,0.36244,0.47577,0.39924,1.89920,0.63381,0.84545,0.64606,0.90134,0.99972,0.00064,0.00597,0.00021,0.07695,0.02948,0.63739,0.00021,0.96038,8.32792,3.93504,158.66897,0.76634,0.70711,20.33586,28.08446
0.31257,0.04732,12.18855,0.01087,0.01032,587.24568,18672.05016,5.80015,24.23178,0.36415,0.47497,0.39733,1.90400,0.63238,0.84220,0.65113,0.90658,0.99944,0.00064,0.00598,0.00021,0.07694,0.02947,0.63242,0.00005,0.96353,8.38429,3.92615,157.95923,0.76507,0.71198,20.37595,28.00405
0.31503,0.04769,12.15569,0.01078,0.01038,588.92081,18584.00558,5.81447,24.38904,0.36290,0.47813,0.39548,1.92655,0.63345,0.84035,0.65340,0.90115,1.00603,0.00064,0.00598,0.00021,0.07665,0.02954,0.62585,0.00002,0.95402,8.39644,3.93946,158.13267,0.76643,0.71758,20.42624,28.13407
0.31681,0.04754,12.19917,0.01077,0.01032,591.01735,18713.53723,5.87367,24.39522,0.36360,0.47686,0.39620,1.94133,0.63610,0.83947,0.64980,0.90069,1.00305,0.00064,0.00594,0.00021,0.07718,0.02949,0.62942,0.00003,0.95284,8.34536,3.91296,158.65247,0.76632,0.71247,20.47940,28.17306
0.32006,0.04709,12.29669,0.01072,0.01031,588.55627,18788.72057,5.90968,24.40603,0.36430,0.47839,0.39595,1.93388,0.63645,0.84723,0.64690,0.90061,0.99420,0.00064,0.00598,0.00021,0.07691,0.02971,0.63369,0.00001,0.95480,8.33795,3.91546,158.61717,0.76737,0.71026,20.42305,28.27650
0.32144,0.04705,12.36901,0.01074,0.01029,587.60137,18708.69635,5.88772,24.42997,0.36350,0.47521,0.39710,1.94146,0.63647,0.84948,0.64849,0.90084,0.99640,0.00064,0.00597,0.00021,0.07724,0.02952,0.63111,0.00013,0.95664,8.34454,3.90105,157.51526,0.76253,0.70862,20.44870,28.21605
0.31944,0.04665,12.34312,0.01067,0.01028,582.63832,18762.08786,5.89884,24.48854,0.36626,0.47593,0.39855,1.94631,0.63437,0.85343,0.64891,0.89085,0.99672,0.00064,0.00592,0.00021,0.07748,0.02935,0.63160,0.00009,0.96465,8.38338,3.89110,158.21971,0.76401,0.71124,20.55458,28.08852
0.32125,0.04704,12.41621,0.01067,0.01035,581.29685,18748.31768,5.89924,24.66315,0.36813,0.47445,0.39757,1.93823,0.63188,0.85298,0.64845,0.88665,1.00100,0.00064,0.00593,0.00021,0.07756,0.02928,0.63016,0.00017,0.96512,8.40595,3.86659,158.53688,0.76645,0.70459,20.50517,27.69487
0.31898,0.04777,12.37907,0.01067,0.01038,581.75141,18862.15097,5.89376,24.53102,0.36582,0.47572,0.39702,1.93317,0.62794,0.85454,0.64604,0.87988,1.01167,0.00064,0.00591,0.00021,0.07781,0.02897,0.63886,0.00021,0.97472,8.42737,3.85325,156.56507,0.76563,0.70288,20.39200,27.74573
0.31831,0.04758,12.42532,0.01068,0.01036,584.18645,18818.74789,5.89480,24.50439,0.36626,0.47397,0.39796,1.92103,0.62194,0.85178,0.64756,0.88797,1.01264,0.00064,0.00592,0.00021,0.07821,0.02907,0.64286,0.00020,0.98292,8.42495,3.82873,157.35929,0.76655,0.70788,20.34914,28.01598
0.31927,0.04765,12.35530,0.01073,0.01033,584.72737,18778.73292,5.87417,24.42308,0.36331,0.47446,0.40028,1.92443,0.62366,0.84798,0.65298,0.89116,1.01382,0.00065,0.00592,0.00021,0.07780,0.02897,0.64171,0.00016,0.99488,8.46783,3.83965,155.83010,0.76827,0.70465,20.43866,28.12761
0.31898,0.04869,12.41930,0.01077,0.01020,589.39152,18785.57170,5.89175,24.43828,0.36516,0.47143,0.40005,1.91634,0.62539,0.85061,0.65505,0.88929,1.01630,0.00065,0.00594,0.00021,0.07757,0.02904,0.63671,0.00007,0.98889,8.49391,3.81318,156.93227,0.76814,0.70304,20.44346,28.20014
0.32078,0.04842,12.35058,0.01076,0.01025,590.24907,18898.02051,5.89745,24.53164,0.36426,0.47390,0.40166,1.92854,0.62669,0.84762,0.65337,0.89215,1.01946,0.00065,0.00590,0.00021,0.07716,0.02883,0.63761,0.00003,0.99368,8.47081,3.79319,157.94561,0.77044,0.69934,20.58325,28.05957
0.32284,0.04828,12.31157,0.01081,0.01025,591.63757,18900.47921,5.91672,24.48869,0.36656,0.47346,0.39975,1.91629,0.62340,0.84948,0.65748,0.89148,1.01951,0.00065,0.00589,0.00021,0.07710,0.02896,0.63832,0.00001,0.99587,8.41850,3.79222,157.10461,0.77552,0.69094,20.65208,28.10642
0.32255,0.04826,12.33871,0.01074,0.01026,593.44393,18852.10009,5.93559,24.64694,0.36656,0.47301,0.40138,1.91596,0.62550,0.85182,0.65657,0.88278,1.02335,0.00065,0.00593,0.00021,0.07757,0.02912,0.63964,0.00027,0.98905,8.43834,3.76415,157.18025,0.77497,0.68963,20.81036,28.54840
0.32120,0.04862,12.41228,0.01071,0.01026,596.63369,18680.23796,5.94366,24.59371,0.36834,0.47209,0.40375,1.91923,0.62801,0.85117,0.65847,0.88412,1.02559,0.00066,0.00593,0.00021,0.07803,0.02896,0.64260,0.00002,0.99198,8.47086,3.74333,157.26499,0.77370,0.68588,20.82628,28.60832
0.31884,0.04900,12.39422,0.01072,0.01022,602.22416,18815.73068,5.90109,24.64946,0.37066,0.47247,0.40416,1.92248,0.62952,0.85108,0.65891,0.88474,1.02680,0.00065,0.00593,0.00021,0.07810,0.02915,0.63010,0.00006,0.99824,8.50777,3.72781,155.42599,0.77216,0.68616,20.75778,28.53141
0.31848,0.04894,12.35997,0.01069,0.01030,607.09500,18828.48927,5.90153,24.45483,0.37228,0.47268,0.40687,1.92943,0.63048,0.84949,0.65658,0.89238,1.02025,0.00065,0.00595,0.00021,0.07807,0.02924,0.63179,0.00013,0.99181,8.52837,3.72276,153.82546,0.76838,0.68775,20.77000,28.48398
0.31913,0.04883,12.28179,0.01075,0.01036,607.95337,18821.97187,5.89453,24.58854,0.37343,0.47230,0.40779,1.93401,0.63146,0.85174,0.65780,0.88806,1.02395,0.00065,0.00594,0.00021,0.07762,0.02934,0.63489,0.00004,0.99802,8.50923,3.72293,155.90855,0.76969,0.68582,20.68889,28.72169
0.32001,0.04898,12.33162,0.01081,0.01035,605.46355,18917.52432,5.88903,24.77060,0.37626,0.47286,0.40710,1.94017,0.62821,0.84763,0.66096,0.88386,1.01762,0.00065,0.00598,0.00020,0.07697,0.02933,0.63256,0.00006,0.99917,8.52397,3.68915,154.73457,0.76501,0.68375,20.75111,28.87479
0.32202,0.04871,12.32665,0.01078,0.01038,604.06701,18978.59116,5.89752,24.96750,0.37446,0.47627,0.40489,1.92864,0.62338,0.84852,0.65934,0.88089,1.02649,0.00065,0.00596,0.00020,0.07667,0.02927,0.63733,0.00004,0.99343,8.56503,3.64374,155.75530,0.77424,0.68173,20.80940,28.76803
0.32207,0.04794,12.32829,0.01080,0.01034,605.74742,19021.86725,5.91138,24.83899,0.37436,0.47699,0.40906,1.91570,0.62372,0.84798,0.66200,0.88438,1.02430,0.00065,0.00595,0.00020,0.07701,0.02920,0.63692,0.00008,0.98892,8.57353,3.64687,157.54752,0.77299,0.68680,20.79805,28.66087
0.32417,0.04843,12.35371,0.01074,0.01037,607.07860,19037.91405,5.84514,24.94666,0.37309,0.47468,0.40737,1.91659,0.62225,0.84596,0.66307,0.87899,1.02189,0.00065,0.00600,0.00020,0.07746,0.02897,0.63551,0.00000,0.98746,8.58971,3.65167,156.91358,0.77388,0.68289,20.71779,28.76047
0.32364,0.04772,12.33174,0.01071,0.01038,605.31420,19030.88625,5.88488,25.02791,0.36970,0.47630,0.40972,1.92442,0.62030,0.84093,0.66371,0.88401,1.01979,0.00065,0.00599,0.00020,0.07744,0.02893,0.62992,0.00005,0.97964,8.53844,3.64640,157.36464,0.77921,0.68136,20.72329,28.64304
0.32317,0.04802,12.30453,0.01069,0.01042,605.05582,19167.26269,5.89901,25.11376,0.36935,0.47728,0.40827,1.94602,0.61947,0.84278,0.66583,0.88680,1.02040,0.00065,0.00595,0.00021,0.07782,0.02891,0.63325,0.00001,0.98134,8.55724,3.64635,157.45220,0.77702,0.68625,20.66660,28.82385
0.32372,0.04735,12.26739,0.01073,0.01046,608.49246,19160.98077,5.91097,24.96594,0.37002,0.47757,0.41122,1.92427,0.61385,0.84233,0.66085,0.88630,1.01897,0.00065,0.00598,0.00020,0.07775,0.02878,0.63484,0.00004,0.97762,8.48822,3.61773,158.90738,0.77690,0.68828,20.59948,28.64846
0.32194,0.04733,12.31768,0.01075,0.01047,604.23944,19176.56555,5.92646,25.02002,0.36721,0.47320,0.41227,1.92506,0.61235,0.84035,0.66342,0.88508,1.02125,0.00065,0.00594,0.00020,0.07775,0.02878,0.63726,0.00004,0.97616,8.47604,3.61983,158.73706,0.77103,0.68325,20.60745,28.56892
0.31846,0.04700,12.33789,0.01069,0.01044,604.08745,19189.44246,5.97665,25.02282,0.36858,0.47644,0.41189,1.93079,0.61886,0.83852,0.66098,0.88103,1.01538,0.00065,0.00594,0.00020,0.07779,0.02879,0.64123,0.00002,0.97463,8.53348,3.63510,159.55660,0.77555,0.68826,20.60078,28.61904
0.31909,0.04711,12.22832,0.01076,0.01042,605.21073,19188.75397,5.95034,25.09286,0.36719,0.47621,0.41225,1.91756,0.61255,0.84221,0.65829,0.88257,1.00134,0.00065,0.00597,0.00021,0.07818,0.02891,0.63896,0.00020,0.97637,8.57073,3.64983,159.52149,0.76917,0.69075,20.56119,28.62816
0.31999,0.04715,12.26729,0.01072,0.01045,608.17571,19215.18385,5.94258,25.05492,0.36913,0.47892,0.41356,1.90814,0.61105,0.84454,0.65792,0.87768,1.00593,0.00065,0.00598,0.00021,0.07777,0.02902,0.64432,0.00007,0.98088,8.53855,3.64088,159.81747,0.76884,0.69571,20.54612,29.00504
0.32048,0.04780,12.25464,0.01072,0.01045,605.70679,19242.96559,5.97361,24.86977,0.36956,0.47815,0.41039,1.92713,0.61197,0.84767,0.65260,0.87447,1.00554,0.00065,0.00594,0.00021,0.07796,0.02924,0.64302,0.00001,0.98539,8.48327,3.66257,159.11541,0.76742,0.69997,20.55038,29.21818
0.32072,0.04848,12.35554,0.01069,0.01047,608.51247,19253.75940,5.94132,24.85420,0.36685,0.48159,0.40990,1.93748,0.61071,0.84870,0.64898,0.86977,1.00349,0.00065,0.00595,0.00021,0.07743,0.02905,0.64021,0.00002,0.98797,8.49622,3.69943,160.78071,0.76489,0.69627,20.60492,29.05509
0.32211,0.04919,12.37365,0.01085,0.01033,602.49788,18854.94493,5.80984,24.80308,0.37444,0.47457,0.40673,1.94159,0.63449,0.85149,0.65884,0.88125,1.02299,0.00065,0.00602,0.00020,0.07673,0.02936,0.63286,0.00002,0.99624,8.49812,3.75608,155.61124,0.76223,0.68507,20.83554,28.84210
0.32151,0.04905,12.44043,0.01079,0.01041,604.14653,18910.12310,5.75273,24.71862,0.37524,0.47553,0.40559,1.94771,0.63344,0.84932,0.66359,0.86897,1.02835,0.00066,0.00600,0.00020,0.07627,0.02941,0.63171,0.00000,0.99408,8.53104,3.76949,155.14824,0.75335,0.68713,20.93946,28.78250
0.32159,0.04817,12.40329,0.01086,0.01038,610.38345,18900.88683,5.95665,24.83324,0.37968,0.47419,0.40765,1.94481,0.62639,0.85284,0.66278,0.88584,1.01568,0.00065,0.00600,0.00020,0.07689,0.02936,0.63645,0.00020,0.99860,8.49984,3.71079,155.43678,0.76538,0.68159,20.69702,28.96377
0.32003,0.04831,12.46036,0.01085,0.01034,605.99220,18904.86912,5.93003,24.85414,0.37906,0.47537,0.40583,1.94262,0.62580,0.84907,0.66409,0.88844,1.02012,0.00065,0.00599,0.00020,0.07692,0.02917,0.63827,0.00007,0.99627,8.52132,3.70730,157.20781,0.75475,0.68132,20.70298,28.69420
0.32002,0.04812,12.35971,0.01085,0.01032,608.58763,18886.84518,5.88656,24.83891,0.38123,0.47536,0.40622,1.93967,0.62665,0.85172,0.66997,0.88189,1.01329,0.00066,0.00598,0.00020,0.07739,0.02937,0.64662,0.00003,0.99905,8.58102,3.70150,155.74474,0.75969,0.68323,20.73381,28.60922
0.32247,0.04773,12.26438,0.01085,0.01032,601.76792,19095.97941,5.92565,24.82162,0.38136,0.47468,0.40910,1.95452,0.62702,0.85307,0.66755,0.88043,1.00969,0.00066,0.00597,0.00020,0.07771,0.02934,0.65028,0.00005,0.99940,8.57293,3.67676,157.53381,0.76570,0.68117,20.74359,28.67493
0.32397,0.04834,12.35028,0.01092,0.01034,599.87948,19124.98803,5.92402,24.75106,0.38055,0.47472,0.40936,1.94514,0.62416,0.85651,0.66828,0.89055,1.00505,0.00066,0.00602,0.00020,0.07790,0.02930,0.64800,0.00004,0.99823,8.58226,3.67868,157.56380,0.76843,0.67914,20.69879,28.45224
0.32565,0.04756,12.47235,0.01101,0.01031,598.20855,19057.77758,5.90972,24.89986,0.37988,0.47751,0.40807,1.94641,0.62572,0.85620,0.66548,0.89214,1.00545,0.00066,0.00599,0.00020,0.07781,0.02916,0.64700,0.00003,0.99250,8.59012,3.68426,158.17141,0.76977,0.68740,20.67947,28.35541
0.32443,0.04676,12.49178,0.01103,0.01026,599.90799,19143.41053,5.93371,24.61759,0.37822,0.47858,0.40763,1.93481,0.62580,0.85668,0.67090,0.88750,1.01869,0.00066,0.00600,0.00020,0.07757,0.02927,0.64710,0.00009,0.99009,8.57060,3.68922,157.86457,0.77044,0.68735,20.65192,28.42311
0.32311,0.04641,12.51593,0.01102,0.01031,600.20974,19327.71029,5.95781,24.62723,0.38122,0.48277,0.40436,1.94458,0.62771,0.85348,0.67187,0.88136,1.02053,0.00066,0.00599,0.00020,0.07724,0.02930,0.64680,0.00015,0.99550,8.52097,3.67484,156.82083,0.77211,0.69022,20.65253,28.67183
0.32156,0.04721,12.46064,0.01099,0.01034,601.58458,19379.73257,5.89034,24.74786,0.37828,0.48301,0.40231,1.93728,0.62647,0.85398,0.67359,0.88561,1.02149,0.00066,0.00600,0.00020,0.07679,0.02940,0.65182,0.00008,0.99892,8.50651,3.66595,157.15057,0.76801,0.68359,20.71792,28.66946
0.32319,0.04706,12.45217,0.01103,0.01032,599.45027,19423.41486,5.92767,24.76620,0.38175,0.48538,0.40254,1.94070,0.62714,0.85569,0.67274,0.88323,1.01968,0.00066,0.00605,0.00020,0.07679,0.02937,0.65715,0.00009,0.99954,8.41002,3.68180,158.08396,0.76761,0.68141,20.67309,28.97064
0.32265,0.04678,12.55406,0.01098,0.01032,599.60450,19535.58318,5.93726,24.53056,0.38312,0.48839,0.40101,1.93632,0.62530,0.85642,0.67586,0.88461,1.02433,0.00066,0.00607,0.00020,0.07674,0.02947,0.66000,0.00003,0.99230,8.42615,3.71479,159.23493,0.76618,0.68451,20.70391,29.11842
0.32403,0.04637,12.62082,0.01098,0.01031,595.06448,19692.33911,5.87437,24.52220,0.38354,0.48386,0.40080,1.92241,0.62658,0.85475,0.67082,0.88177,1.02945,0.00066,0.00610,0.00020,0.07662,0.02937,0.65376,0.00006,0.98627,8.42256,3.73334,159.06104,0.76608,0.68853,20.85775,29.17080
0.32313,0.04601,12.53870,0.01104,0.01032,593.70473,19728.23138,5.95681,24.57301,0.38171,0.48016,0.40220,1.91104,0.63162,0.85261,0.67100,0.88038,1.02983,0.00066,0.00612,0.00020,0.07689,0.02933,0.65646,0.00005,0.98791,8.47235,3.75907,159.69679,0.77055,0.68581,20.82434,28.98122
0.32368,0.04567,12.46010,0.01112,0.01032,590.11403,19658.02927,5.91701,24.49770,0.38149,0.47939,0.40552,1.90805,0.63106,0.85074,0.67096,0.88768,1.02758,0.00066,0.00617,0.00020,0.07679,0.02915,0.66096,0.00018,0.98029,8.49714,3.77109,161.21238,0.77523,0.68298,20.89821,28.76521
0.32323,0.04621,12.49477,0.01120,0.01028,593.84816,19712.65364,5.89206,24.40432,0.38170,0.47868,0.40257,1.90410,0.62753,0.85293,0.67100,0.89088,1.01630,0.00066,0.00620,0.00020,0.07676,0.02915,0.65732,0.00002,0.98022,8.53074,3.75442,161.78200,0.77685,0.67892,20.96791,28.88053
0.31998,0.04596,12.44921,0.01119,0.01029,594.36378,19661.89402,5.82517,24.36590,0.38223,0.48047,0.40181,1.89285,0.63068,0.85008,0.66910,0.88836,1.02378,0.00066,0.00622,0.00020,0.07676,0.02902,0.65343,0.00006,0.97600,8.61828,3.76297,165.02806,0.78060,0.67682,20.92767,28.63906
0.31851,0.04561,12.44542,0.01119,0.01026,593.36304,19719.11343,5.80309,24.23561,0.38377,0.47921,0.40122,1.87995,0.62678,0.85002,0.66964,0.88079,1.02611,0.00066,0.00624,0.00020,0.07674,0.02896,0.65766,0.00019,0.98127,8.61591,3.75890,163.47289,0.77660,0.68464,20.99271,28.76780
0.31860,0.04526,12.45914,0.01115,0.01023,597.02311,19785.50155,5.77485,24.32848,0.38212,0.48003,0.40300,1.88500,0.62436,0.84853,0.67011,0.88071,1.01413,0.00066,0.00621,0.00020,0.07680,0.02869,0.65531,0.00018,0.98117,8.62713,3.73878,162.64254,0.77165,0.68281,20.92744,28.64069
0.31722,0.04495,12.37832,0.01110,0.01022,596.13974,19670.60212,5.79070,24.35987,0.38007,0.48169,0.40459,1.88065,0.62355,0.84518,0.66701,0.88030,1.01130,0.00065,0.00624,0.00020,0.07694,0.02891,0.65743,0.00003,0.97003,8.59508,3.73127,162.93619,0.77056,0.68208,20.87917,28.85940
0.31686,0.04487,12.37290,0.01098,0.01018,596.16247,19753.60598,5.82408,24.29172,0.37902,0.48203,0.40640,1.86437,0.62190,0.84257,0.66490,0.87556,1.01888,0.00065,0.00621,0.00020,0.07718,0.02908,0.65791,0.00005,0.97178,8.57072,3.75332,162.45473,0.76261,0.68041,20.80406,28.92384
0.31541,0.04516,12.26648,0.01096,0.01013,593.48046,19773.51146,5.82758,24.29790,0.37814,0.48333,0.40514,1.84785,0.62313,0.84035,0.66419,0.86829,1.01831,0.00065,0.00620,0.00020,0.07701,0.02930,0.66842,0.00003,0.96385,8.55592,3.71513,161.38507,0.76905,0.68324,20.81802,29.12441
0.31582,0.04502,12.37495,0.01096,0.01014,592.12338,19818.38945,5.83941,24.31608,0.37763,0.48574,0.40119,1.85848,0.62339,0.84635,0.66770,0.87119,1.01543,0.00065,0.00615,0.00020,0.07693,0.02952,0.67073,0.00004,0.96406,8.50654,3.71574,161.44437,0.77251,0.67787,20.87318,29.16435
0.31559,0.04500,12.46093,0.01097,0.01011,594.41917,19906.89217,5.88925,24.23703,0.37781,0.48545,0.40166,1.86524,0.62227,0.84292,0.66873,0.87606,1.02344,0.00066,0.00612,0.00021,0.07661,0.02950,0.67790,0.00000,0.96219,8.55004,3.73777,162.78380,0.77632,0.68062,20.95828,29.03216
0.31678,0.04454,12.56346,0.01093,0.01011,595.02520,19758.91258,5.88639,24.30189,0.37797,0.48299,0.39953,1.86148,0.62236,0.84350,0.67279,0.87243,1.02229,0.00066,0.00614,0.00021,0.07648,0.02957,0.68053,0.00005,0.96481,8.56518,3.75777,161.20751,0.77486,0.67663,20.99849,29.05511
0.31426,0.04488,12.53433,0.01081,0.01005,595.92579,19802.18465,5.87054,24.21983,0.37668,0.48164,0.39915,1.86669,0.62916,0.84372,0.67852,0.86817,1.01562,0.00065,0.00617,0.00021,0.07631,0.02943,0.67769,0.00004,0.96175,8.59749,3.78086,161.16599,0.77222,0.68383,20.99131,28.98753
0.31370,0.04469,12.48693,0.01078,0.01006,595.32688,19854.22094,5.88048,24.26921,0.37683,0.48213,0.40037,1.86649,0.63004,0.84112,0.67797,0.86289,1.01607,0.00065,0.00617,0.00021,0.07644,0.02964,0.68028,0.00000,0.97134,8.58967,3.78656,160.76002,0.77363,0.68891,20.94778,29.13275
0.31116,0.04442,12.53555,0.01082,0.01012,595.80205,19956.29355,5.88920,24.26533,0.37535,0.48269,0.40064,1.86000,0.62863,0.83449,0.67336,0.86559,1.00947,0.00065,0.00613,0.00021,0.07675,0.02972,0.67910,0.00000,0.96717,8.59081,3.74449,157.70290,0.76825,0.69255,21.02129,29.15321
0.30873,0.04446,12.57672,0.01095,0.01012,600.13374,19908.93052,5.91136,24.35457,0.37375,0.48129,0.40271,1.87568,0.62778,0.83187,0.67142,0.87758,1.00391,0.00065,0.00616,0.00021,0.07723,0.02954,0.68022,0.00005,0.96329,8.57446,3.72329,158.26763,0.76083,0.69092,21.13224,29.12172
0.30983,0.04397,12.66101,0.01105,0.01009,598.47028,19829.80919,5.95522,24.28056,0.37683,0.48096,0.40079,1.87938,0.62804,0.83168,0.67719,0.87730,0.99996,0.00065,0.00613,0.00021,0.07735,0.02953,0.68353,0.00013,0.95982,8.51497,3.72251,158.87872,0.76633,0.69624,21.01508,29.34930
0.31120,0.04349,12.63496,0.01109,0.01009,594.59321,19834.33205,5.90846,24.23949,0.37579,0.48364,0.40071,1.89042,0.63020,0.83153,0.67211,0.87724,1.00051,0.00065,0.00611,0.00021,0.07772,0.02931,0.68283,0.00007,0.96254,8.53929,3.77288,159.33557,0.76887,0.69645,20.95448,29.23449
0.31002,0.04323,12.60478,0.01109,0.01004,592.73348,19806.07844,5.95917,24.04796,0.37524,0.48076,0.40038,1.88159,0.62753,0.83093,0.67490,0.88256,0.99383,0.00065,0.00613,0.00021,0.07769,0.02928,0.67971,0.00004,0.96703,8.57583,3.75185,158.91924,0.77121,0.69489,20.93964,29.27127
0.31258,0.04342,12.47762,0.01108,0.01005,589.36759,19995.62925,5.95330,23.93671,0.37895,0.48035,0.39985,1.88629,0.62972,0.83665,0.66848,0.87335,0.98535,0.00065,0.00617,0.00021,0.07720,0.02926,0.67572,0.00010,0.96718,8.62523,3.72832,158.73305,0.77021,0.68977,20.79102,29.46258
0.31296,0.04353,12.49438,0.01108,0.01010,591.62686,19987.03557,5.95227,23.87443,0.37797,0.48119,0.40156,1.87233,0.63050,0.83233,0.66825,0.88353,0.98457,0.00065,0.00615,0.00021,0.07709,0.02919,0.67814,0.00006,0.97173,8.63780,3.71341,156.95495,0.77101,0.68986,20.78985,29.23072
0.31229,0.04369,12.55156,0.01104,0.01001,588.50527,19947.02234,5.93303,23.72295,0.37573,0.48145,0.40258,1.88454,0.63167,0.83208,0.66702,0.88226,0.98621,0.00066,0.00615,0.00021,0.07736,0.02915,0.67201,0.00008,0.96390,8.66139,3.69657,156.41212,0.76736,0.69255,20.70006,29.17225
0.31290,0.04418,12.44713,0.01107,0.00998,591.33661,19942.32786,5.94388,23.51584,0.37725,0.48238,0.40497,1.88897,0.63295,0.83064,0.66021,0.87458,0.99416,0.00066,0.00614,0.00022,0.07691,0.02938,0.67661,0.00002,0.96123,8.68013,3.70877,156.39664,0.77132,0.69845,20.67659,29.16091
0.31352,0.04351,12.46422,0.01109,0.00997,597.17473,20022.42130,5.89089,23.46638,0.37765,0.48286,0.40341,1.87984,0.63073,0.83312,0.65976,0.87257,0.99945,0.00066,0.00614,0.00021,0.07681,0.02936,0.67311,0.00004,0.97535,8.63475,3.69771,156.65021,0.76956,0.69231,20.53719,29.16727
0.31468,0.04362,12.44584,0.01116,0.00996,597.98653,20101.35614,5.91068,23.34126,0.37785,0.48367,0.39962,1.88509,0.62500,0.83396,0.65545,0.87195,0.99206,0.00066,0.00613,0.00021,0.07709,0.02937,0.66857,0.00008,0.96619,8.58977,3.69360,156.06376,0.76636,0.68884,20.50453,29.32836
0.31573,0.04344,12.40291,0.01111,0.01001,598.32351,20135.57607,5.85420,23.57976,0.37552,0.48243,0.40054,1.88228,0.62447,0.83223,0.65309,0.86415,0.98799,0.00066,0.00614,0.00022,0.07735,0.02946,0.66684,0.00004,0.96529,8.58423,3.69922,156.25340,0.76373,0.68980,20.38799,29.67197
0.31578,0.04422,12.39958,0.01115,0.01003,595.51208,20073.42309,5.84110,23.59952,0.37501,0.48346,0.40015,1.89349,0.62499,0.83733,0.65066,0.86225,0.97940,0.00067,0.00622,0.00022,0.07693,0.02934,0.66241,0.00006,0.96221,8.53345,3.73177,157.22332,0.76097,0.69318,20.40049,29.53791
0.31550,0.04407,12.35410,0.01123,0.01001,595.57891,19985.82134,5.84323,23.64628,0.37507,0.48478,0.39978,1.90009,0.62512,0.83936,0.65230,0.86019,0.97874,0.00067,0.00624,0.00021,0.07665,0.02953,0.65661,0.00003,0.96620,8.48135,3.74217,157.91825,0.76379,0.69198,20.43888,29.49273
0.31502,0.04401,12.41516,0.01120,0.01001,593.78525,20087.44374,5.83480,23.69667,0.37397,0.48347,0.40277,1.90412,0.62266,0.83871,0.65118,0.85976,0.98321,0.00067,0.00625,0.00021,0.07645,0.02962,0.64720,0.00004,0.96438,8.46279,3.75972,157.87725,0.76435,0.69378,20.53696,29.50070
0.31691,0.04408,12.58585,0.01111,0.00998,590.89980,19889.67770,5.83813,23.71994,0.37293,0.48211,0.40038,1.89641,0.62272,0.83843,0.65363,0.86329,0.98078,0.00067,0.00626,0.00021,0.07716,0.02962,0.64605,0.00001,0.96267,8.45616,3.72788,157.30055,0.76534,0.69817,20.58304,29.59986
0.31605,0.04363,12.52687,0.01105,0.00992,591.84237,19775.67383,5.82402,23.66137,0.37259,0.48740,0.39736,1.90826,0.61850,0.83615,0.65500,0.86948,0.97814,0.00067,0.00625,0.00021,0.07697,0.02979,0.64530,0.00002,0.96113,8.42916,3.71238,156.75506,0.76657,0.69677,20.57123,29.60553
0.31606,0.04308,12.53516,0.01101,0.00995,591.83101,19666.62417,5.80820,23.72126,0.37460,0.48697,0.39879,1.91462,0.61557,0.83084,0.65447,0.86334,0.98005,0.00066,0.00628,0.00021,0.07673,0.02941,0.64659,0.00003,0.96459,8.42281,3.63147,156.87519,0.76872,0.69923,20.57263,29.47781
0.32001,0.04296,12.62833,0.01108,0.00998,592.08367,19764.67162,5.81086,23.72057,0.37233,0.48366,0.39731,1.92025,0.61584,0.83641,0.65534,0.86742,0.99343,0.00066,0.00627,0.00021,0.07680,0.02960,0.64551,0.00008,0.95873,8.41387,3.66490,155.96074,0.77016,0.70832,20.55724,29.32726
0.32030,0.04296,12.55441,0.01101,0.00997,597.45951,19643.65018,5.83032,23.81916,0.37609,0.48607,0.39832,1.91718,0.61480,0.83250,0.66089,0.86691,0.98628,0.00066,0.00630,0.00021,0.07654,0.02948,0.64330,0.00004,0.96333,8.44632,3.63358,155.75256,0.77162,0.70705,20.55525,29.30334
0.31980,0.04251,12.48654,0.01097,0.00995,596.83604,19744.73140,5.82021,23.91079,0.37789,0.48620,0.39638,1.93537,0.61315,0.83003,0.66122,0.87431,0.99380,0.00066,0.00629,0.00021,0.07736,0.02941,0.64462,0.00005,0.96593,8.47166,3.64608,155.68269,0.77684,0.69945,20.62025,29.27433
0.31791,0.04206,12.65906,0.01099,0.00984,600.77873,19781.32672,5.76037,24.03155,0.37409,0.48462,0.39904,1.92949,0.61564,0.82994,0.66794,0.87597,0.98410,0.00066,0.00629,0.00021,0.07757,0.02962,0.64304,0.00008,0.96217,8.49404,3.67492,156.58615,0.77479,0.69609,20.66383,29.45402
0.31806,0.04206,12.57051,0.01099,0.00980,601.29750,19721.10366,5.72508,23.96299,0.37455,0.48859,0.40005,1.94426,0.61742,0.83052,0.66426,0.87575,0.97298,0.00066,0.00622,0.00021,0.07730,0.02955,0.64823,0.00007,0.96638,8.48969,3.68205,154.28842,0.77292,0.69536,20.63907,29.40799
0.31690,0.04249,12.60917,0.01086,0.00981,605.12391,19533.13992,5.73960,23.91807,0.37541,0.48643,0.40015,1.94054,0.62123,0.82802,0.66373,0.87913,0.97124,0.00066,0.00617,0.00021,0.07697,0.02963,0.64395,0.00010,0.97087,8.48697,3.68530,155.18631,0.77273,0.70328,20.68503,29.41483
