0.297863824,0.073254377,13.17262396,0.010510723,0.010910208,481.9420133,16672.09249,6.056193257,19.40920619,0.330479148,0.439969795,0.459213041,1.961232903,0.582916867,0.77864747,0.610025677,1.08476649,1.017866597,0.000584516,0.005740948,0.000194428,0.073513314,0.023909002,0.768652648,6.57E-05,0.874816998,7.858867859,3.989309569,148.1467153,0.772607846,0.692375553,17.30480755,25.35223652
0.297808582,0.073923265,13.15761556,0.010579394,0.010861974,480.7314164,16763.9939,6.079987179,19.35179465,0.331087065,0.436806312,0.457870448,1.939908152,0.58841527,0.779515764,0.606115531,1.083022198,1.020264466,0.000586964,0.00579311,0.000196217,0.073482196,0.023904241,0.774614567,0.000267894,0.864484545,7.838492682,4.000450196,148.5641541,0.766859432,0.688395332,17.35626597,25.51005076
0.295458419,0.074415153,13.16168267,0.010629307,0.010829765,481.5095368,16862.52632,6.093548185,19.29455731,0.332109188,0.433497441,0.458889298,1.947868029,0.586287465,0.778888091,0.607657868,1.085761695,1.010806123,0.000593218,0.005741515,0.000196509,0.073845031,0.02364163,0.779877643,0.0002435,0.861539358,7.797515775,4.012934254,149.4024633,0.768435263,0.688775288,17.36680854,25.66409942
0.290556199,0.073691625,13.12517529,0.010618935,0.010761986,485.6462184,16827.35424,6.079974714,19.1528403,0.333332681,0.435508277,0.45904149,1.930956716,0.587185897,0.781229694,0.606242387,1.087812493,1.014571881,0.000597489,0.005764025,0.000195691,0.074678801,0.023733422,0.782509029,0.000232144,0.858851826,7.816102678,4.010774921,149.266717,0.761940156,0.690123786,17.40694033,25.66263219
0.288922563,0.073701027,13.13533106,0.010577326,0.010786397,480.2216133,16742.24762,6.052548684,19.26598136,0.334619086,0.43699493,0.457234692,1.916153451,0.586927601,0.778832712,0.609515163,1.09138817,1.021508356,0.000595709,0.005805599,0.000194647,0.074751602,0.023680995,0.775329197,0.000113575,0.856283544,7.862800922,4.007142675,150.0693596,0.753854639,0.686813156,17.45646308,26.00516646
0.285838977,0.073656566,13.03932574,0.010605951,0.010860049,477.7908829,16714.22164,6.064928756,19.21549256,0.335017445,0.437050068,0.459499602,1.91924754,0.583559167,0.788507656,0.610827312,1.087484105,1.027119513,0.000594512,0.005825526,0.000193475,0.074866553,0.023654288,0.77457128,0.000247336,0.860048548,7.857885479,3.97822558,151.2792775,0.753984505,0.688945795,17.5176701,26.20378068
0.28822161,0.073953912,13.12613574,0.010619297,0.010873925,476.847092,16775.49213,6.083866528,19.42904064,0.332105847,0.434212213,0.457758415,1.920067911,0.5818336,0.788121124,0.610653378,1.088240968,1.032491308,0.000595561,0.00582616,0.000192582,0.07512126,0.023653532,0.772368526,0.000216563,0.85131176,7.841896416,3.984609046,151.9071763,0.747211135,0.686440084,17.49763316,26.22088385
0.287533424,0.073793187,13.11533956,0.010618991,0.010824037,475.2432554,16750.36928,6.076192524,19.54714896,0.331835679,0.435862656,0.455828663,1.924313757,0.579094973,0.787438479,0.607275177,1.086641486,1.031658448,0.000600442,0.005807202,0.00019031,0.075004721,0.023568951,0.77132773,0.000196388,0.848774511,7.843568497,3.993779996,152.7896603,0.748836373,0.685247212,17.4856593,25.99597717
0.285537169,0.073461751,13.05910904,0.010650663,0.01083032,475.9354767,16725.6131,6.048994141,19.5866691,0.330465901,0.43746366,0.4574654,1.930426538,0.577184811,0.786945109,0.605667157,1.08348359,1.031687183,0.000603138,0.005809841,0.000190465,0.074799911,0.023468179,0.76810803,0.000112324,0.850072905,7.78356051,3.982076271,154.0380875,0.749319586,0.686135605,17.51903918,25.85936937
0.283995884,0.073826531,13.05818767,0.010607966,0.010822914,477.012692,16708.09914,6.021930491,19.6882402,0.331720041,0.436567272,0.459176603,1.929173027,0.578552089,0.789525137,0.603757375,1.083245704,1.032306889,0.000602441,0.005835959,0.000190431,0.075201249,0.023614393,0.769051739,0.000291824,0.851099803,7.756893333,3.962171741,153.7052415,0.75343511,0.689830083,17.5676451,26.08811426
0.283321982,0.07340136,13.03865411,0.010639019,0.01082422,476.3893726,16755.0445,6.041942129,19.49511804,0.330519653,0.436112736,0.460182132,1.932725027,0.580943462,0.788716782,0.599673361,1.093115548,1.024866027,0.000607427,0.005862464,0.000190299,0.075075872,0.023571671,0.7727902,0.000344862,0.852934945,7.780973831,4.002262474,153.0175477,0.755130275,0.689633663,17.61282142,26.18883228
0.285952457,0.072890475,13.00384653,0.010600209,0.010870781,478.921663,16874.70632,6.060685722,19.61032803,0.330657753,0.434210663,0.458653578,1.929719353,0.579922113,0.789029125,0.604206885,1.094204996,1.023004017,0.000602947,0.005878757,0.000189749,0.075747996,0.02375873,0.771868995,0.000292259,0.861535545,7.748219891,4.008244392,151.9155857,0.75475219,0.685880016,17.57834124,26.16847034
0.286544043,0.073070744,12.90415142,0.010544715,0.0108782,480.3524699,17010.41664,6.084940283,19.44348358,0.330585663,0.432543766,0.457139866,1.926464242,0.582731005,0.788359208,0.606883983,1.094383474,1.028911193,0.000607722,0.005901382,0.000190304,0.076031318,0.023624212,0.773432165,0.000310501,0.865915171,7.692666539,4.003782717,153.8065595,0.757895153,0.683129281,17.53755786,26.0243587
0.288685521,0.072829563,12.90704157,0.01059598,0.01088721,481.1974971,16905.33414,6.125131555,19.44925375,0.332270255,0.43323324,0.455516528,1.922832766,0.586974933,0.786239651,0.606227754,1.092376058,1.0265883,0.00060699,0.005938223,0.000190717,0.07583348,0.023662046,0.779941553,0.000167886,0.868481275,7.653627201,3.981003191,153.5519983,0.758350001,0.680077439,17.61221709,26.12185699
0.289591231,0.073001061,12.98064744,0.010583049,0.010925917,480.2013411,16688.3594,6.143918975,19.31940688,0.330241505,0.433222979,0.457755518,1.922576497,0.586792556,0.784019029,0.605937241,1.100098516,1.027210575,0.000607527,0.00593456,0.000188355,0.075717371,0.02370226,0.783742747,0.000119397,0.869692208,7.623041148,3.981345624,152.9685667,0.761436991,0.673252016,17.58048437,26.09789096
0.290533752,0.073396541,12.9756166,0.010509535,0.010998468,479.9159289,16577.29897,6.127769624,19.31881502,0.330913377,0.436074407,0.456742113,1.924390994,0.588462396,0.785103895,0.606781972,1.103062549,1.027369147,0.00060368,0.005899343,0.000188885,0.075763834,0.023915536,0.786022889,0.0002418,0.877094047,7.652589588,3.994409629,151.5200059,0.761495181,0.674714727,17.57923003,26.10221424
0.289990351,0.073617437,12.9162351,0.010513765,0.010939885,484.222158,16572.49615,6.158648399,19.31397536,0.33322616,0.436526436,0.45969737,1.9279641,0.58540239,0.780565298,0.606788204,1.104505211,1.02822586,0.000601557,0.005917458,0.000188444,0.075582124,0.023774822,0.786862811,0.000208922,0.875449933,7.589519719,3.969404279,150.8908226,0.755349422,0.669851494,17.61464315,25.95934413
0.291376544,0.073403748,12.8229794,0.010531845,0.010926546,484.0107198,16479.86512,6.136341782,19.38703343,0.332883722,0.435781118,0.458799468,1.937147346,0.5814602,0.784836441,0.602956295,1.104597941,1.031104304,0.000602699,0.005975313,0.000188476,0.075320931,0.023906144,0.780776495,9.71E-05,0.883109406,7.543093713,3.986315915,151.9871536,0.754200869,0.66535044,17.65340866,25.95423794
0.290512185,0.073645262,12.75031341,0.01046405,0.010946581,486.8543254,16548.18769,6.129119726,19.29680147,0.336743557,0.437807689,0.458234469,1.928472972,0.58394848,0.787977734,0.602666683,1.106297418,1.033089042,0.000600046,0.005992536,0.00018935,0.075407253,0.024239681,0.781996277,7.05E-05,0.88761575,7.566602317,3.984511805,151.2908612,0.755909553,0.664830128,17.76657857,26.2562821
0.292723707,0.073568451,12.65467615,0.010451175,0.010971102,486.6194743,16585.03947,6.115299371,19.36607505,0.338559814,0.433960242,0.458621707,1.919463101,0.582790986,0.78813089,0.601269291,1.108777669,1.035709853,0.000603292,0.005999226,0.000190285,0.07565219,0.024269124,0.775155348,1.46E-05,0.886896166,7.457300747,3.959081621,151.8282028,0.756457024,0.664533421,17.67349853,26.35015795
0.291313774,0.073338225,12.68227898,0.010470818,0.011030965,483.5621644,16586.40945,6.118258701,19.36957325,0.337479697,0.432679056,0.458294743,1.931535997,0.582065014,0.792449279,0.608061632,1.109805279,1.036843117,0.000606145,0.005994804,0.000190937,0.07600811,0.024300209,0.77752339,0.00016453,0.882017235,7.481262868,3.953874868,151.0742482,0.756323618,0.66923734,17.66772821,26.10988231
0.290664224,0.073944851,12.70056667,0.010440022,0.010964863,484.7850764,16562.45412,6.140873522,19.16208629,0.334599047,0.43176399,0.457749672,1.940698241,0.577653183,0.794930558,0.602946905,1.11848949,1.039949485,0.000605386,0.005962643,0.000190394,0.076325417,0.024412692,0.782937235,8.92E-05,0.871585749,7.600351073,3.937418458,151.2776863,0.755055707,0.669130633,17.68596196,26.11824268
0.290872114,0.073209433,12.75394989,0.01043925,0.011069602,486.9661176,16612.62341,6.130981799,19.15499986,0.332327109,0.429351555,0.455411245,1.928709801,0.581075163,0.793892565,0.603491869,1.115059131,1.032137112,0.000601951,0.005956804,0.000190656,0.076800821,0.02441205,0.785089038,5.78E-05,0.866915538,7.528207406,3.925633487,153.3241173,0.754477644,0.667185667,17.56647719,25.79051956
0.292960542,0.073260181,12.75286361,0.010517189,0.01113462,488.6973621,16478.67243,6.121634779,19.20383098,0.328611333,0.432369525,0.454370681,1.930282613,0.581940225,0.792500787,0.607881879,1.111628804,1.031312786,0.000601531,0.005983418,0.000191496,0.076857255,0.024459878,0.781236218,0.000105527,0.864375313,7.520984224,3.94149327,152.3840292,0.757068596,0.669353928,17.53642368,25.73923779
0.293024052,0.072972391,12.74027189,0.010537104,0.011141948,485.6961178,16592.32685,6.12679969,19.00932708,0.328291469,0.431930262,0.454461964,1.934336112,0.584106631,0.797918938,0.606751954,1.104670918,1.025828841,0.000602988,0.005989419,0.000192528,0.077024774,0.02446999,0.779264361,0.000102622,0.869464462,7.522123244,3.949055752,152.8512081,0.761581059,0.670568864,17.71614775,25.91162576
0.294100449,0.072702269,12.742759,0.010526542,0.011169339,484.9023527,16503.07716,6.169269798,19.07913655,0.327583446,0.432666767,0.454888554,1.924867729,0.581794859,0.79863032,0.612081794,1.09988039,1.025694277,0.000607176,0.005999198,0.000193333,0.077258208,0.02448498,0.780836415,7.72E-05,0.869798235,7.454357225,3.909473876,151.3423861,0.757394007,0.67262957,17.66443284,25.60616162
0.295288861,0.073082705,12.7313339,0.010527809,0.011155623,482.3146918,16504.04,6.174613069,19.02989572,0.326042302,0.432632509,0.453255683,1.921972863,0.579529736,0.796801299,0.60785575,1.105384425,1.038329406,0.000608872,0.005974451,0.000193289,0.077366843,0.024537675,0.781285305,8.22E-05,0.872085478,7.503006128,3.893354259,150.4854769,0.755071215,0.67242886,17.69794443,25.51342392
0.295116989,0.072842236,12.78405413,0.010532204,0.01125726,478.7767597,16544.41906,6.205049655,19.01053757,0.326620754,0.433591016,0.454987735,1.915479574,0.581179422,0.797820465,0.607848114,1.110761085,1.036335645,0.000610865,0.005934622,0.00019386,0.07803138,0.024465971,0.777575394,0.000338394,0.876249518,7.48672561,3.920552554,150.3919344,0.75919235,0.67771787,17.70502451,25.78329072
0.29495721,0.072878199,12.92510385,0.01054791,0.011158502,483.9437251,16610.32132,6.204236062,19.04281112,0.325929049,0.440669677,0.457993895,1.922414837,0.582798419,0.79461645,0.602788548,1.119719803,1.042497383,0.000610008,0.005924302,0.000196081,0.078170202,0.024468224,0.783469199,0.00026033,0.883330456,7.523048318,3.890451756,149.2253077,0.761281072,0.672716913,17.69445077,25.78043831
0.295534129,0.072303868,12.90785249,0.010556869,0.011209069,482.6026644,16692.16695,6.13535224,19.02469768,0.322474069,0.438761046,0.459322538,1.933343863,0.585037142,0.794032156,0.600639419,1.118429853,1.041000431,0.000612581,0.00591801,0.000196077,0.077754987,0.024598671,0.787876077,0.000297402,0.877598348,7.540507376,3.863390651,150.0460806,0.759433726,0.671791035,17.58441845,25.96573986
0.299731389,0.072608809,12.916794,0.010634954,0.011235414,476.6803374,16658.52761,6.141526152,18.95392849,0.32337102,0.434787878,0.461092546,1.922472646,0.589235837,0.787122906,0.603871867,1.11591066,1.035556527,0.000610417,0.005933282,0.000196933,0.07830643,0.02440485,0.793119171,0.000201607,0.878075477,7.566813794,3.882850139,149.7035331,0.755750542,0.669141651,17.71327117,26.06374184
0.301258331,0.071852074,12.93176696,0.010634557,0.011226633,475.4204138,16634.42326,6.10511131,18.97196531,0.321753246,0.434280941,0.460932572,1.919185898,0.586860862,0.786396901,0.610270976,1.121778964,1.032377394,0.000607426,0.005956374,0.000196286,0.077557918,0.024568722,0.794833667,0.000194169,0.876272896,7.558001329,3.874068547,150.6865804,0.756228542,0.67361835,17.74456981,26.08021788
0.301456729,0.0713344,12.99245857,0.010603588,0.011128314,478.9666377,16650.384,6.103180473,18.81534699,0.318141724,0.435596456,0.462887565,1.930444342,0.589224731,0.782654623,0.609093393,1.112257245,1.029093401,0.000609788,0.005935773,0.000195777,0.077946929,0.024644502,0.799225002,0.000142006,0.88025869,7.527781814,3.865311268,149.3599784,0.756952588,0.670314265,17.65611413,26.03183671
0.302774597,0.070999613,13.03608667,0.01060123,0.011108805,479.5220956,16676.74938,6.095248046,18.68750689,0.317563913,0.43709021,0.460919803,1.934192742,0.590955967,0.781484382,0.610152742,1.113287908,1.031958514,0.000617279,0.005925799,0.000195869,0.077871507,0.024734711,0.800231273,0.000139849,0.880081762,7.476808876,3.878862432,149.4955085,0.762326322,0.669948198,17.57069571,26.00410818
0.301889645,0.071483763,13.07013526,0.010647362,0.011156011,476.6478644,16708.99041,6.0716921,18.73687135,0.316379717,0.439541926,0.458510847,1.91801665,0.589933754,0.783220955,0.609721021,1.115112555,1.036230664,0.000618325,0.005953509,0.00019656,0.077688163,0.024362162,0.798342259,4.62E-05,0.885696541,7.521801386,3.862251562,151.3900681,0.759259974,0.669123629,17.55642517,25.84825057
0.302287107,0.07079064,13.07076517,0.010626187,0.011180688,471.9739659,16717.7,6.079050832,18.72148991,0.314037097,0.438409774,0.456001572,1.91632261,0.591125054,0.778330896,0.610975063,1.110739167,1.035609604,0.000618795,0.005932895,0.000194926,0.077420789,0.024167439,0.802970043,0.000146368,0.882275612,7.584272236,3.889993932,152.2310298,0.763814095,0.668625877,17.61556054,25.83146388
0.303734704,0.071470449,12.96437455,0.010614222,0.011191714,469.3527779,16795.41994,6.023348524,18.81528959,0.310925162,0.440570533,0.455840534,1.909213834,0.59651714,0.777319289,0.615720432,1.115813633,1.034187192,0.000617895,0.005926141,0.000193804,0.076916279,0.023880168,0.79937043,0.000184271,0.884305772,7.564900244,3.841639782,150.7146009,0.76136093,0.665406228,17.46452295,25.90159208
0.303348343,0.071911314,13.04488356,0.010602378,0.011260853,470.2935401,16764.83661,6.026620499,18.85683378,0.313360724,0.441923906,0.454852332,1.924845625,0.590892883,0.779262496,0.61690057,1.11855711,1.041209089,0.000616415,0.005947123,0.000194075,0.077293926,0.024065736,0.805772348,0.000197373,0.882886173,7.548044794,3.867118305,149.5641412,0.757328972,0.669344276,17.38177353,25.62956631
0.302894788,0.071721157,12.98750213,0.010587898,0.011300985,468.4939458,16635.81037,6.030587781,18.82226728,0.31276554,0.440757917,0.454379192,1.920466152,0.589134038,0.782314762,0.615896807,1.128702362,1.040414936,0.000615105,0.005950438,0.000194263,0.077855004,0.024044831,0.807106837,2.74E-05,0.887950518,7.507878728,3.876009387,152.635909,0.754883293,0.667703524,17.36480519,25.76491425
0.302172451,0.071301668,12.99403014,0.010576496,0.011410959,468.1022921,16729.32825,6.029772302,18.95767495,0.310132585,0.441493665,0.453249583,1.892061211,0.589048175,0.782469516,0.616767239,1.131029365,1.036855173,0.000617183,0.005917662,0.000193476,0.077873558,0.024261498,0.81007723,2.82E-05,0.882031571,7.443671299,3.856515206,151.9007516,0.758049155,0.668419606,17.42341527,25.56622343
0.301211675,0.071599501,13.04162404,0.010626994,0.011422054,468.4204383,16697.41614,6.007466637,18.93515868,0.310746784,0.441243202,0.450297226,1.895264449,0.589861923,0.783441385,0.618115665,1.11890602,1.026397657,0.000615436,0.005895285,0.000194329,0.077392217,0.024294711,0.804966188,3.09E-05,0.882108501,7.377121234,3.844522611,153.4058668,0.758126813,0.672658857,17.51760524,25.70254649
0.30073278,0.071754053,12.91229308,0.010691479,0.011408165,469.5638927,16670.28714,6.039045052,18.91221386,0.31022797,0.440387141,0.452080238,1.889112795,0.589997217,0.782053614,0.622088114,1.110600411,1.02788612,0.000618126,0.005875959,0.000193538,0.077498735,0.024081861,0.806022994,0.000364136,0.884380363,7.40342767,3.853696428,153.4701171,0.761697463,0.676244888,17.56133079,25.66340512
0.301611512,0.072630038,12.90582418,0.0107155,0.011316436,463.8775993,16634.49712,6.042395398,18.96542345,0.309574148,0.44283252,0.452145237,1.886620211,0.587106494,0.782058674,0.618088331,1.105198846,1.02929251,0.000617758,0.0059271,0.000195266,0.077218303,0.023878822,0.811414128,0.000205752,0.878611942,7.388932432,3.87736566,153.5993799,0.761485486,0.675144586,17.6947645,25.7147477
0.301558109,0.072956633,12.89319478,0.010747089,0.011279414,465.1871518,16698.18732,6.039062877,18.91685118,0.31039229,0.443112107,0.450300314,1.88963884,0.586871548,0.784773179,0.61910268,1.10370588,1.039413365,0.000617286,0.005929091,0.00019423,0.077114302,0.023980326,0.810715744,0.000138385,0.885515687,7.404567602,3.888791422,153.4641754,0.765100251,0.672004863,17.63746514,25.77478948
0.304309053,0.073188888,12.92634611,0.010771393,0.011216965,464.7852098,16720.23881,6.031814441,19.04794973,0.309985745,0.441324756,0.446447769,1.902156306,0.588603125,0.789960378,0.620597057,1.107692822,1.04065726,0.000620068,0.005942533,0.000195707,0.076730475,0.023928678,0.804246886,0.000285155,0.880975697,7.382205822,3.902906846,153.6661059,0.760738132,0.668892082,17.58760219,26.00005587
0.303506107,0.072195674,12.8827465,0.010786803,0.011259098,465.1745775,16835.98516,6.042067568,19.13152413,0.306806777,0.441707444,0.447068125,1.891961404,0.591561934,0.786394586,0.618314693,1.097083117,1.036921079,0.000624959,0.005913511,0.000193848,0.076838125,0.023962789,0.806468309,0.000174389,0.879426335,7.419505746,3.924131708,155.2761521,0.76560079,0.668478828,17.57315086,26.02516978
0.305942416,0.07285396,12.9276211,0.010721445,0.011315489,466.3906275,16873.31756,6.061679317,19.01995497,0.305058763,0.443339362,0.446547377,1.884643912,0.594168851,0.781661763,0.620097042,1.098721036,1.03958445,0.000624872,0.005953955,0.000193647,0.07705151,0.023878909,0.811875599,0.000180339,0.888664177,7.448528154,3.929415949,155.9589126,0.763375899,0.667290335,17.66179118,26.0976953
0.304888546,0.072928753,12.80532842,0.010694604,0.011356021,465.2497659,16955.75052,6.070930393,18.98932482,0.305730279,0.440890962,0.445956813,1.886300473,0.596209047,0.786718554,0.622593014,1.092920679,1.034945756,0.000628437,0.005951274,0.000193445,0.077077984,0.024083497,0.808765005,4.61E-05,0.890697974,7.464948255,3.929266189,156.3089853,0.76451963,0.669550062,17.64833898,26.2850851
0.304209917,0.073025605,12.81073988,0.010712531,0.011395896,464.6479936,17037.98129,6.05435632,18.93583522,0.305849841,0.439408071,0.442852481,1.868003207,0.602976371,0.793810776,0.625326205,1.094137443,1.033502033,0.00063019,0.005942615,0.000193391,0.077272206,0.024142417,0.806287213,6.37E-05,0.90150239,7.513912524,3.931660199,156.845954,0.764906587,0.668880543,17.53560567,26.18017669
0.304143823,0.072221043,12.61805576,0.010678982,0.01141145,462.8168417,17035.71652,6.067526266,18.80053182,0.305962778,0.436675289,0.443797775,1.864934388,0.603005094,0.790651852,0.622948792,1.086089862,1.02912538,0.000626373,0.00593563,0.000193237,0.077098264,0.024258416,0.801867479,0.000251597,0.900762255,7.429806676,3.913073764,156.4035122,0.762347509,0.661347212,17.48285611,26.29684025
0.303911722,0.071343435,12.65856267,0.01071665,0.011453694,458.1300319,17065.71244,6.123725892,18.88748185,0.306211329,0.437410186,0.444452532,1.869240134,0.59891648,0.785488878,0.625443345,1.083771667,1.023183855,0.000623917,0.005876268,0.00019339,0.077185605,0.02422022,0.805767088,7.67E-05,0.898723662,7.46484257,3.909336917,157.8461769,0.761907549,0.656419615,17.61281052,26.30021377
0.303655257,0.070877685,12.64359816,0.010767524,0.011446501,454.0335092,17108.58379,6.139193431,18.93086934,0.304066087,0.434867903,0.447008283,1.864822531,0.603240731,0.790441979,0.631001643,1.087605045,1.013253213,0.000620563,0.005931292,0.00019452,0.077204563,0.024168659,0.809291347,0.000209355,0.893389882,7.548784625,3.89944812,156.7435086,0.763904974,0.656156093,17.54331355,26.26825754
0.301258089,0.070924589,12.59104722,0.01072041,0.011430029,452.2621513,17065.58463,6.159160105,19.02028938,0.303230176,0.43158981,0.447488562,1.870860209,0.606899554,0.792978393,0.628972073,1.084647886,1.013339916,0.000614744,0.005976659,0.000194168,0.077500055,0.024347444,0.807185512,0.000116807,0.891834839,7.471793576,3.892553146,156.5958566,0.767536497,0.647730806,17.48904232,26.39361377
0.299737131,0.070919769,12.64558684,0.010590882,0.011319072,449.7975724,17111.0027,6.154074906,18.98611246,0.304145703,0.434508777,0.447461573,1.882496722,0.611265648,0.78935704,0.627113752,1.079215835,1.010576883,0.000615289,0.005979616,0.000191712,0.077622915,0.0243378,0.813175099,0.000102672,0.900748584,7.42501052,3.881845862,155.4261784,0.769719131,0.654703137,17.35498741,26.3489522
0.299727284,0.070513102,12.60285128,0.010567105,0.011260594,451.8074153,17106.74012,6.174369296,19.08104863,0.305022247,0.438627597,0.450099331,1.886385025,0.611858393,0.789719711,0.62616681,1.070893814,1.015058136,0.000617864,0.005992366,0.000191749,0.077461789,0.024317902,0.809550875,7.17E-05,0.901257793,7.472834072,3.885018037,156.3067893,0.765073426,0.652094019,17.45937428,26.59149387
0.298694447,0.070481487,12.54780892,0.010632956,0.011310983,451.647476,17060.30008,6.16029258,18.92038566,0.304738762,0.439933411,0.452531877,1.899339583,0.609542644,0.78655723,0.625215257,1.068683436,1.024246662,0.000615131,0.005950982,0.000190883,0.077222541,0.024477665,0.815102324,8.02E-05,0.896266529,7.392013166,3.871194755,156.9616392,0.768964681,0.649750564,17.38380681,26.49090756
0.297557821,0.070900348,12.64171119,0.010598021,0.011383822,444.3629787,17121.48476,6.128900404,18.95371549,0.30251075,0.439872705,0.450768688,1.894813355,0.607791498,0.788443503,0.62453244,1.076757933,1.021510714,0.00061186,0.005923651,0.000191105,0.077370833,0.024495796,0.81592894,3.02E-05,0.890302152,7.422364267,3.860344804,155.516805,0.764427054,0.64926037,17.42762955,26.60334079
0.299602554,0.070961908,12.68228408,0.01055224,0.01132998,443.2835074,17170.18923,6.143250342,19.13528226,0.304271021,0.43832891,0.451018645,1.884372999,0.605424892,0.790589868,0.624881249,1.084549965,1.030152024,0.000615691,0.005888252,0.000191528,0.077623334,0.024456698,0.814775985,4.86E-05,0.888324192,7.439218331,3.881515497,156.9365379,0.768104973,0.64078987,17.37747925,26.66966019
0.300265955,0.071349926,12.64812405,0.010595442,0.011362008,442.1523029,17161.82796,6.143138997,19.17614227,0.30583989,0.438776151,0.451692754,1.87623394,0.606203261,0.795873484,0.624957662,1.083980594,1.031289648,0.000618558,0.005890528,0.000191666,0.077960187,0.024437872,0.828394115,0.000109911,0.882090974,7.439929024,3.879689655,156.8730663,0.760405848,0.63612788,17.44450379,26.48193021
0.299983768,0.07047102,12.66565504,0.010538497,0.011350059,443.1689696,17183.52032,6.156108562,19.17097628,0.311927485,0.438930925,0.454331783,1.884891518,0.602459521,0.793743339,0.628470315,1.086406163,1.035544931,0.000617255,0.005872659,0.00019087,0.077590155,0.024414348,0.829855374,3.16E-05,0.879882693,7.388985572,3.895620322,157.0197506,0.763235983,0.635892793,17.39308357,26.29766915
0.298466148,0.070527425,12.61701411,0.010561673,0.011212833,440.5013813,17246.73142,6.181202124,19.23639045,0.310407577,0.442847198,0.451921959,1.873289966,0.60246305,0.792834736,0.627866338,1.079082759,1.036268891,0.000621832,0.005889265,0.000191543,0.07803976,0.024411938,0.82625249,7.14E-06,0.877813611,7.394944453,3.901199166,156.0518292,0.764399405,0.639463051,17.32827207,26.01757034
0.297408604,0.070542104,12.64136737,0.010503239,0.011250036,440.3776898,17220.21938,6.271132993,19.19192327,0.309520786,0.441607487,0.453794127,1.87916205,0.601254087,0.796555,0.626049443,1.072752243,1.036710863,0.000621302,0.00584729,0.000191583,0.077725102,0.02451749,0.829672883,4.00E-05,0.869254372,7.414780924,3.890601966,155.5892742,0.768028515,0.641397492,17.15782671,26.08572674
0.298305534,0.0701812,12.57257861,0.01047599,0.011242068,436.6145938,17373.09312,6.319401396,19.2500527,0.308132009,0.438392706,0.457721161,1.880558039,0.600162552,0.794877845,0.625834097,1.076275798,1.03799365,0.00062101,0.005883073,0.000191758,0.078202613,0.024527638,0.824862531,7.43E-05,0.868136666,7.445773404,3.868473308,153.930513,0.771322649,0.634399243,17.09118091,25.93739557
0.299314814,0.069780837,12.56660037,0.010467733,0.011154905,436.7968223,17406.36126,6.297632235,19.22157414,0.307994911,0.43868464,0.457423502,1.871592497,0.59836456,0.79656506,0.622019492,1.074035799,1.037668628,0.000623292,0.005904541,0.000193245,0.078567591,0.024384821,0.826089816,5.62E-05,0.872293887,7.456962315,3.900036125,154.3175686,0.768659333,0.633588967,17.01290752,26.33778277
0.302669341,0.070526606,12.58766069,0.01050182,0.01110376,435.7213237,17512.83689,6.299465276,19.18168694,0.304947968,0.437881057,0.455122946,1.898395163,0.60010321,0.799400321,0.623052153,1.070799752,1.039491567,0.00061962,0.005919652,0.000192243,0.078037678,0.024614051,0.823998767,4.70E-05,0.872358486,7.50646202,3.904670568,153.7146502,0.768531444,0.636997876,17.05864842,26.44626733
0.304558223,0.070079323,12.53521555,0.010491296,0.011127676,438.0752902,17535.83536,6.310929272,19.30043004,0.302095218,0.436916804,0.455535652,1.89483409,0.598215948,0.793598033,0.626538568,1.069175649,1.042997479,0.000620162,0.005918833,0.00018947,0.077892938,0.024721688,0.831005846,3.91E-05,0.879110226,7.487357439,3.89432094,152.8937088,0.767243145,0.640102732,17.17380822,26.52630451
0.30406202,0.070839764,12.44996065,0.010445822,0.011139317,437.1969059,17546.64778,6.327751037,19.27758407,0.302737459,0.438660078,0.457869119,1.901075027,0.599005313,0.795680687,0.629723919,1.075841197,1.04602124,0.000619877,0.005910331,0.000188727,0.077894057,0.024408392,0.832648573,3.71E-05,0.873687566,7.562731818,3.879827332,152.7315753,0.765389191,0.641649684,17.36906799,26.49985085
0.303022071,0.070788663,12.43112295,0.010504816,0.011091726,436.4140818,17542.53878,6.307108613,19.38505332,0.306169132,0.436598533,0.458654795,1.91654081,0.599826487,0.797459184,0.630498991,1.075634161,1.055300865,0.000619567,0.005912057,0.000187825,0.078220962,0.024373411,0.82873297,0.00016674,0.871520602,7.520757123,3.873223132,151.6703212,0.765543561,0.64337567,17.37727695,26.43185016
0.302016533,0.070377201,12.48543499,0.010526145,0.011150832,442.1124848,17530.74257,6.291932702,19.26380234,0.303781338,0.435885572,0.457363412,1.89948609,0.599184654,0.795090173,0.631777428,1.07428207,1.051110157,0.000620954,0.005920441,0.000188979,0.078083075,0.024547501,0.824306328,7.50E-05,0.871959516,7.527184365,3.874161406,152.0223754,0.767559225,0.640517883,17.24751352,26.24315316
0.303112609,0.07053413,12.34459089,0.010612714,0.01112475,446.9495218,17567.533,6.321315634,19.37687334,0.30217124,0.437694509,0.459676957,1.89467118,0.601657961,0.792560431,0.628157214,1.068977726,1.037874378,0.000623632,0.00590793,0.000189262,0.077833384,0.024620363,0.821556513,3.15E-05,0.872859723,7.583497294,3.895697759,150.6650109,0.767496115,0.639449557,17.137342,26.28131884
0.301951502,0.070490132,12.2263544,0.010583478,0.011175885,444.9434802,17574.23996,6.290227376,19.42086984,0.301371301,0.433053263,0.458977709,1.889697965,0.593182477,0.793453213,0.634167785,1.062780794,1.038353246,0.000624768,0.005915092,0.000187834,0.078286518,0.024623428,0.810549884,4.18E-05,0.883622863,7.517050576,3.90141535,151.416103,0.770768136,0.638624028,17.20657683,26.16030016
0.304287813,0.070753883,12.2718327,0.010582942,0.01121131,443.497222,17537.31247,6.310695413,19.35220249,0.301056058,0.432945211,0.455061997,1.902287923,0.594259011,0.791575038,0.632925905,1.070519971,1.040498277,0.000625668,0.005911158,0.000187242,0.078378538,0.024560206,0.811375451,2.56E-05,0.882805398,7.485483419,3.93845097,152.9611528,0.77195529,0.639592447,17.10547371,26.35381475
0.303183222,0.070758917,12.25125736,0.010504704,0.011195466,441.1500054,17491.86163,6.292774442,19.2008451,0.305378681,0.436460039,0.455249274,1.904953927,0.59862774,0.793842777,0.63415398,1.073437833,1.048831618,0.000625379,0.005920619,0.000187476,0.078851256,0.024628647,0.815737768,7.60E-06,0.879191969,7.483577013,3.941025556,154.4216038,0.770157886,0.634357852,17.1175126,26.3406575
0.303678102,0.06996248,12.20597805,0.010507658,0.01119644,440.607154,17448.44209,6.277879546,19.34790441,0.302433371,0.435881548,0.454404926,1.899300511,0.597477633,0.79908367,0.640119741,1.074607262,1.03826853,0.000625751,0.005955874,0.000186947,0.079374493,0.024462802,0.814445521,5.39E-05,0.884590681,7.511296207,3.96334668,154.513608,0.768802228,0.633692653,17.19712338,26.2749817
0.30418299,0.07027363,12.23701669,0.010532364,0.011166623,441.4975719,17355.64584,6.312942011,19.37047907,0.304166841,0.437866899,0.452747809,1.895717928,0.604050362,0.796916668,0.644282224,1.078367832,1.036355384,0.000627794,0.006006038,0.000186282,0.07929296,0.024388507,0.813627151,4.25E-06,0.887034837,7.499644817,3.953227877,154.4911644,0.766704799,0.636603108,17.20649252,26.48700598
0.304445796,0.070200346,12.15917347,0.010565563,0.011210732,437.6817253,17313.10617,6.305908889,19.22426371,0.298554729,0.435768919,0.450050018,1.901528718,0.601416352,0.796648215,0.640675857,1.074510206,1.033164042,0.000631104,0.006027684,0.000185443,0.07960992,0.024477597,0.817202596,4.14E-05,0.883864354,7.429760542,3.937293013,154.1306663,0.762645122,0.633890863,17.17186136,26.4770618
0.303789276,0.070540138,12.20223056,0.010615473,0.011120484,433.1969984,17408.18055,6.28263528,19.26022096,0.300031827,0.434854135,0.447741186,1.878468589,0.602492903,0.793517142,0.64343735,1.075697812,1.033195511,0.000630254,0.006090896,0.000186348,0.078930517,0.0244516,0.816509698,0.000118138,0.885905126,7.432306883,3.949302455,154.3408191,0.767124388,0.639067553,17.15872918,26.664943
0.306052609,0.070458232,12.1789041,0.010609539,0.011074477,435.6178264,17415.80532,6.234482034,19.45462033,0.300799988,0.434113272,0.447162865,1.870500568,0.600545465,0.793587334,0.6498413,1.075651618,1.02985208,0.00062875,0.006069812,0.000185446,0.078512728,0.02432778,0.814725783,8.68E-05,0.886299339,7.430592399,3.949668288,153.9519414,0.770925207,0.64363776,17.18388909,26.62130098
0.304624505,0.070143856,12.12829336,0.0106436,0.011079356,432.5421312,17448.01204,6.289847547,19.51681859,0.303609604,0.434188395,0.44691299,1.868809706,0.601444439,0.79785656,0.651189171,1.064132266,1.030679481,0.000631906,0.006071578,0.000184702,0.078810836,0.024342663,0.815823824,0.00015606,0.889134796,7.450854254,3.948528936,152.6144861,0.768837219,0.645896991,17.28271946,26.69799916
0.304272762,0.069830714,12.12046253,0.010690404,0.01110769,432.436372,17413.03742,6.280703241,19.60840141,0.302904369,0.430688603,0.443009924,1.869018753,0.602485203,0.798464792,0.651848104,1.053566654,1.038599445,0.000634244,0.006134551,0.000184988,0.078850183,0.024470069,0.811610752,3.25E-05,0.884353034,7.446919937,3.980233899,153.2861718,0.767845788,0.647286463,17.22205385,26.84887626
0.306582993,0.069729062,12.20729835,0.010689199,0.01115051,429.6045284,17431.6626,6.257121608,19.59654424,0.299771899,0.429655904,0.442726135,1.858615506,0.602948827,0.798745662,0.657204255,1.050850661,1.045644066,0.000636744,0.006197265,0.00018241,0.078908721,0.024447294,0.810196606,4.82E-05,0.881935379,7.47592868,3.969439979,151.8321628,0.76844447,0.6417053,17.30933545,26.82127149
0.308432247,0.069454556,12.23479078,0.010617038,0.011104156,429.3243934,17367.06028,6.243604146,19.53613625,0.297755667,0.428026388,0.439013352,1.857964367,0.605584221,0.800523248,0.654227344,1.060118508,1.047758999,0.000639962,0.006228473,0.000181184,0.079591538,0.024591296,0.81005117,0.00030256,0.876955847,7.468000358,4.014224013,152.2359088,0.763682748,0.641251755,17.32081738,26.77789323
0.308129376,0.069522301,12.19005218,0.01062911,0.011169663,429.5116937,17574.13409,6.223974854,19.72056239,0.295906694,0.43020996,0.439465579,1.850213666,0.611405346,0.804269221,0.656161086,1.057597532,1.044034733,0.000640416,0.006191753,0.000181039,0.08013421,0.024478344,0.802945619,0.00030244,0.878928757,7.491017959,4.008669143,153.8282591,0.757964906,0.641787149,17.25305831,26.75865312
0.306982754,0.069740944,12.18961106,0.010606417,0.011187562,426.9004297,17550.08868,6.257741388,19.71716353,0.295107971,0.429801314,0.442991534,1.846012696,0.610532627,0.802328963,0.65628226,1.06336287,1.041794626,0.000640798,0.00621124,0.000180064,0.079264556,0.024455046,0.809151677,0.000133141,0.878952063,7.549632806,3.999233981,153.395651,0.755773039,0.647101399,17.30420954,26.61058483
0.304872444,0.069424539,12.14512699,0.010579601,0.011273834,424.1870836,17622.95828,6.29850977,19.78693405,0.296127177,0.42888193,0.445351386,1.843480877,0.605220778,0.804762923,0.658890737,1.072191353,1.038106423,0.000643124,0.006269272,0.000181175,0.079804128,0.024494882,0.805772338,0.000142172,0.885911198,7.542670409,4.015944792,153.5362676,0.746087148,0.644957007,17.39491926,26.40481255
0.30655265,0.069086751,12.07016987,0.010551407,0.011199639,424.5775888,17656.36382,6.288696897,19.89964492,0.29591977,0.429408722,0.447426743,1.833104493,0.604422518,0.800632152,0.65427258,1.067750886,1.041974853,0.000638557,0.006229199,0.000181761,0.079983709,0.024623767,0.806072588,7.27E-05,0.884098206,7.501521551,3.998421763,153.8572752,0.751706404,0.647183197,17.53475907,26.10981167
0.307166962,0.068734823,12.12796673,0.010620998,0.011119984,422.5959828,17820.31685,6.257355354,19.93096984,0.295750147,0.426445633,0.447684622,1.825222778,0.604662258,0.803421702,0.656408702,1.068693731,1.040733795,0.000641267,0.006280892,0.000181983,0.079638165,0.024687092,0.809499522,0.00012502,0.884761672,7.549531986,3.953650574,152.8349523,0.754566194,0.648902676,17.52499094,25.99527951
0.30819869,0.068482616,12.12478868,0.010676416,0.011207244,421.6871291,17836.41773,6.265064029,20.06889971,0.2950205,0.426027593,0.446397574,1.820046511,0.604745106,0.806327768,0.658553431,1.072479192,1.043539646,0.000642853,0.006277441,0.000181473,0.079033368,0.024717718,0.81447174,0.000124924,0.880329786,7.573997612,3.958679658,153.8519505,0.753163418,0.641235683,17.46941659,25.99955805
0.307300076,0.068685102,12.20471646,0.010707758,0.011240287,420.9000417,17745.10499,6.26625598,19.96181799,0.296358838,0.428617379,0.444995895,1.816933269,0.603234351,0.811135391,0.660761249,1.082684521,1.040397655,0.000643857,0.006270351,0.000182317,0.078582873,0.024898053,0.818447605,8.23E-05,0.883164923,7.534329296,3.975357224,154.0951368,0.759776657,0.637077498,17.59979773,25.72646855
0.30783728,0.068065458,12.09780778,0.010739223,0.011212213,415.4559029,17805.64578,6.252214287,20.02649515,0.294289148,0.428367772,0.444398524,1.827976028,0.604115448,0.812823679,0.658076467,1.079194879,1.047229576,0.000645147,0.006251336,0.000180937,0.078316035,0.024984876,0.821350797,0.000182349,0.882407787,7.504856834,3.958591539,154.1226215,0.758018023,0.633116113,17.67705343,25.61960143
0.309113949,0.068808115,12.07896147,0.010692526,0.011226605,415.7043383,17875.4854,6.278612892,20.00383938,0.291384368,0.42578654,0.443716686,1.835801746,0.603462841,0.812363479,0.659692696,1.076199928,1.048892057,0.000642583,0.006283779,0.000181505,0.078269309,0.025042997,0.821816318,0.000102658,0.881822878,7.547822757,3.946555774,154.1961235,0.764370407,0.632658084,17.73217615,25.64934199
0.307222541,0.068337685,12.08556241,0.010757741,0.011299475,415.8907599,17983.71506,6.274194409,19.89805316,0.292107476,0.427619318,0.445393074,1.840246066,0.601240132,0.80781688,0.659755765,1.077726434,1.046716525,0.000647509,0.006289294,0.000180584,0.078173336,0.025158574,0.819940835,2.30E-05,0.882034327,7.51894844,3.932326571,153.5434956,0.764650905,0.631244198,17.78241336,25.68210823
0.309149096,0.068409122,12.16225578,0.010783641,0.011289024,414.3241996,18004.59206,6.259223084,19.87038126,0.294219122,0.427194431,0.446395643,1.802467683,0.59919372,0.807182818,0.660247174,1.081475638,1.044529072,0.000646439,0.006297593,0.000180445,0.078315598,0.0251199,0.819324672,0.000109819,0.883181808,7.466449619,3.951131892,153.6330811,0.768079866,0.633551675,17.80719985,25.58718203
0.311448263,0.068976676,12.18099783,0.010868694,0.011346867,419.1981638,18098.87846,6.255113192,19.84339155,0.29382973,0.425648376,0.444226043,1.803566179,0.597119722,0.804492822,0.655395026,1.083872513,1.042406145,0.000647598,0.006321613,0.000179944,0.078444487,0.025281888,0.817415071,3.55E-05,0.881524213,7.473212412,3.974212256,152.6945486,0.762849906,0.636914667,17.76973495,25.34579785
0.310443834,0.068920296,12.16458314,0.010843211,0.011406568,423.0930224,18138.48422,6.267693328,19.95727453,0.290096945,0.426563075,0.448892595,1.80222892,0.589756105,0.798721301,0.655283888,1.086239368,1.048654538,0.000645623,0.006309473,0.000181324,0.078810967,0.025264502,0.821567008,4.05E-05,0.875611605,7.476787142,3.965461185,152.0723743,0.762988918,0.634144558,17.68414295,25.53329073
0.30794094,0.069730051,12.22434865,0.010774385,0.011389852,418.7057797,18173.5628,6.213310355,20.10440999,0.287656443,0.426665671,0.450135131,1.803934618,0.590298874,0.803906292,0.652247003,1.086653443,1.058191787,0.000643055,0.006311448,0.000182723,0.0792369,0.025165288,0.821193627,4.56E-05,0.874196158,7.416351057,3.980086831,152.852867,0.757267986,0.632765231,17.69248906,25.74462101
0.309839213,0.069421014,12.07419669,0.010811543,0.011333401,419.9526703,18176.03514,6.193609174,20.02579483,0.285749831,0.42495683,0.452686996,1.795915608,0.587107378,0.804510686,0.651868456,1.09066978,1.062344814,0.000642994,0.006325796,0.000182184,0.079610622,0.02515509,0.818480727,0.000108343,0.876416328,7.416136888,3.981124281,153.5006148,0.751709738,0.631580372,17.71448416,25.81047048
0.307767797,0.069919721,12.10268056,0.010880364,0.011350111,420.8789026,18105.97861,6.22298616,19.86664694,0.285194154,0.425782023,0.456323502,1.822898234,0.588430241,0.805573135,0.65328646,1.086163251,1.068679353,0.000644588,0.00634318,0.000181967,0.079337487,0.025343074,0.818954174,8.49E-05,0.876341454,7.405471378,3.973442849,151.9919713,0.756503591,0.628214611,17.78899352,25.85067792
0.309789523,0.070003188,12.06536691,0.010840609,0.011322969,423.4095028,18085.14211,6.190357656,19.91316655,0.284678887,0.426083509,0.456525728,1.842228898,0.591688092,0.805216975,0.649223927,1.088059125,1.075419627,0.000647086,0.006356962,0.000182386,0.079981073,0.025258725,0.820918024,8.16E-05,0.87926384,7.398026257,3.973128308,152.6350661,0.751131728,0.629074941,17.79017947,26.05585112
0.308968754,0.069614228,11.98498965,0.010809155,0.01135249,422.212444,18174.96953,6.236019616,19.87719247,0.28272974,0.426753263,0.45716037,1.836255861,0.593932146,0.807567946,0.65043328,1.090578236,1.075597453,0.000647864,0.006350974,0.000181425,0.080100143,0.025311727,0.827689696,2.70E-05,0.882991057,7.392814756,3.990195317,152.1141377,0.75444348,0.632188295,17.79131361,26.33926443
0.311750082,0.070124158,11.97745193,0.010793064,0.011363769,423.6493299,18191.34395,6.249824863,19.88960075,0.283937464,0.425821082,0.462168938,1.84474241,0.595926553,0.807540917,0.648109773,1.08943496,1.070994259,0.000646414,0.006320434,0.000179074,0.080051728,0.025444078,0.827704543,7.79E-05,0.884690946,7.411112559,3.972327144,151.7974312,0.754178419,0.63229435,17.67952632,26.29146281
0.314253046,0.069609606,11.90639425,0.010830047,0.011416431,428.8345541,18172.63638,6.252757082,19.82983565,0.283980565,0.424222818,0.457126574,1.846866416,0.599213909,0.812216538,0.650453184,1.085216935,1.069799021,0.00064711,0.00628133,0.000178018,0.079739049,0.025424299,0.834572438,5.16E-05,0.880899358,7.474898641,3.984070469,153.0168003,0.755239169,0.635816204,17.65351557,26.21674824
0.314256475,0.069554424,11.94252248,0.010872336,0.011364398,428.8840218,18115.78946,6.209316741,19.87195952,0.284614329,0.428432682,0.456621854,1.831498243,0.602420726,0.807713662,0.650765925,1.08768914,1.06154725,0.000644744,0.006322028,0.000179259,0.079583586,0.025418568,0.839616139,5.39E-05,0.882935788,7.462356829,3.990513281,152.8148778,0.756792075,0.639016616,17.6440504,26.19180664
0.313979779,0.068745248,11.96235185,0.010815069,0.011348844,428.3480243,18111.11504,6.173954866,20.00378069,0.286363884,0.431370464,0.455352779,1.846437859,0.604625697,0.809272837,0.644127367,1.083765648,1.049759233,0.000645658,0.006335825,0.000179894,0.079302803,0.025360227,0.836627161,3.50E-05,0.887436441,7.397837433,3.978037098,152.8284962,0.752971535,0.636716882,17.69872898,26.18844882
0.313944477,0.068603389,11.96582387,0.010773192,0.011307603,437.0359916,18103.49272,6.181463004,19.99902875,0.283075364,0.430197948,0.455486894,1.848334531,0.601309929,0.803315967,0.644545391,1.089958728,1.046434859,0.000647568,0.006301456,0.000180268,0.079434202,0.025401963,0.842537789,4.08E-05,0.889519765,7.440594723,4.004379727,152.9065869,0.757654259,0.64184957,17.64149104,26.08020342
0.313882569,0.069037638,12.00097298,0.010752113,0.01131512,438.0015611,18165.08266,6.20108795,20.18272711,0.285019207,0.430160991,0.456800217,1.856965199,0.600830079,0.803318274,0.64614085,1.095535583,1.052478576,0.000649753,0.006273242,0.000178106,0.079234294,0.025392681,0.847240929,3.93E-05,0.883789021,7.465581651,4.026426428,152.290051,0.758296136,0.640518289,17.59088801,25.87800113
0.313244869,0.068763646,12.00238581,0.010753392,0.011249965,439.5053044,18153.74288,6.159849788,20.04192971,0.282163002,0.433401199,0.458983406,1.865771528,0.604927759,0.802947648,0.648002717,1.102549804,1.054295821,0.000653292,0.006266753,0.00017974,0.079845237,0.025286553,0.844495711,6.61E-05,0.885114301,7.450891879,4.033817836,152.4507052,0.753698854,0.636349255,17.59803664,25.83338389
0.315016232,0.068765684,12.03504641,0.010672187,0.011173471,433.3620955,18256.41669,6.189289272,19.97479084,0.281510796,0.434059023,0.459184506,1.875314485,0.606014294,0.803591482,0.647347182,1.09521136,1.058269048,0.000657944,0.006301607,0.000179865,0.079189907,0.025464557,0.851645326,3.72E-05,0.885634637,7.441353167,4.035130569,153.0000314,0.754619734,0.642650758,17.54532189,26.12277578
0.31341325,0.067998682,12.01205232,0.010736543,0.011209826,433.0671733,18302.09191,6.231253501,19.85268528,0.284766027,0.433578034,0.456653123,1.868715294,0.607761203,0.801719639,0.647832891,1.099097652,1.048855795,0.00065888,0.006285985,0.000180735,0.079183685,0.025453205,0.84730238,9.04E-05,0.879715063,7.363578239,4.053345818,152.8333342,0.75796893,0.653233327,17.57231928,26.37025842
0.314463321,0.067810842,11.95088068,0.010723967,0.011219489,433.3931129,18363.98905,6.26573748,19.81075705,0.282324434,0.435292116,0.455066606,1.852238169,0.607015152,0.796095069,0.649350471,1.086229717,1.050257872,0.000660015,0.006274306,0.000180715,0.078736113,0.025551052,0.844379271,5.74E-05,0.875878713,7.383409895,4.038114893,151.8219773,0.754161475,0.656125269,17.54781639,26.38286124
0.312974382,0.067587465,12.02510111,0.010823643,0.011149974,433.7237722,18341.30426,6.228890277,19.74939485,0.28537289,0.43685636,0.454567612,1.863892096,0.606331548,0.796296615,0.647106669,1.086221323,1.046060495,0.000659648,0.006265448,0.000180012,0.078542347,0.025342286,0.843970113,3.25E-05,0.878315332,7.39193962,4.006874502,151.1367493,0.753569827,0.653622319,17.55835675,26.28545335
0.315209659,0.067581176,12.08177941,0.010837904,0.011156095,433.459066,18359.28468,6.227434429,19.83638021,0.284087522,0.43728342,0.452179668,1.853854936,0.608894491,0.796195036,0.64263739,1.086736373,1.056909637,0.000662462,0.006291521,0.000180261,0.078539399,0.025138794,0.844768266,0.000139132,0.874765108,7.350026004,4.006175577,152.2607762,0.753759011,0.651359405,17.56384599,26.40930754
0.318606279,0.06644658,12.0865255,0.010865656,0.011012946,435.7754629,18363.58574,6.146792876,19.98104103,0.282875978,0.437739073,0.456083413,1.839453344,0.60314075,0.797051757,0.640202188,1.082016255,1.062516754,0.000664235,0.006261797,0.000179819,0.077766119,0.025224687,0.850957857,0.0001363,0.881806543,7.320655534,4.005753075,151.019209,0.756049347,0.650146074,17.55995479,26.61154403
0.317653607,0.06655749,12.02305371,0.010887013,0.010971751,434.7525642,18391.52188,6.137695833,20.06094964,0.283016991,0.434521335,0.455805725,1.848937349,0.598985586,0.798922201,0.633726514,1.080719562,1.059323511,0.000665286,0.006230451,0.000181294,0.077733808,0.025490457,0.845881832,6.18E-05,0.886673664,7.28727788,3.989890803,150.6723207,0.760056521,0.655099356,17.49501295,26.70486657
0.319318574,0.066730892,12.0763998,0.010897131,0.011056376,435.7226192,18420.31853,6.116570689,20.08832644,0.284148535,0.432755503,0.453461369,1.859044998,0.598307943,0.797843819,0.636917595,1.076849478,1.066802953,0.000667309,0.006235211,0.000179582,0.078420974,0.025262167,0.851254851,0.000295448,0.875002223,7.293968626,4.01364953,149.4555698,0.755996088,0.653718387,17.51622296,26.41834778
0.320204879,0.066622308,11.97349814,0.010893291,0.011063522,435.7712906,18474.2134,6.135525198,20.0001751,0.282829983,0.434297375,0.450751657,1.858330176,0.595732037,0.794133625,0.635707696,1.077416754,1.065772484,0.000665039,0.006174467,0.00017949,0.078844625,0.025095308,0.852139485,0.000310068,0.881369785,7.306474044,3.996674037,148.7119299,0.760474813,0.656336008,17.49335103,26.51736984
0.318051549,0.066306876,11.94051607,0.010895291,0.011110387,436.7962677,18449.27867,6.141433587,19.99505762,0.283883636,0.4378892,0.452433662,1.883952929,0.596414238,0.793879032,0.637363687,1.076943401,1.063258566,0.000667515,0.006179153,0.000179399,0.078707592,0.025242619,0.849544504,0.000138921,0.881541406,7.383464632,4.019265862,148.1350107,0.761138282,0.658493185,17.44158279,26.3848807
0.318984894,0.0667148,11.93602739,0.01093947,0.011057989,437.75413,18358.55099,6.112580968,19.90140938,0.28649102,0.439754307,0.452491231,1.8713607,0.591338778,0.796322403,0.640886237,1.075258244,1.067501312,0.000667178,0.006194455,0.000180032,0.079001055,0.025075399,0.852149142,0.000365149,0.881414312,7.401676285,4.020054739,148.5637402,0.765921814,0.659043332,17.39710308,26.22058243
0.317756974,0.065796683,11.89653195,0.010935087,0.011064491,436.5236119,18364.68343,6.10508852,19.78990565,0.286185078,0.441716951,0.453306483,1.877207404,0.588908772,0.797381544,0.639931429,1.072020133,1.06760081,0.000668695,0.006201234,0.000180646,0.079483182,0.025281685,0.85745445,0.000227804,0.878515669,7.474883139,4.061741468,148.624317,0.762457579,0.654964265,17.38123587,26.14180544
0.315782976,0.065297137,11.9551865,0.010878699,0.011054314,435.1572841,18333.01263,6.088725709,19.74640288,0.285212127,0.439154605,0.453940833,1.879282892,0.591135946,0.793445855,0.631927782,1.070616404,1.064464089,0.000663733,0.006102433,0.000182106,0.079810564,0.02520578,0.856809181,0.000301215,0.87740139,7.483962567,4.028584145,149.0804217,0.760423131,0.65299583,17.33803392,26.36091331
0.314930916,0.066014775,11.953234,0.010879589,0.011083552,437.2264244,18336.9885,6.108012139,19.83542509,0.287006933,0.441079357,0.452334975,1.886998389,0.592121196,0.789859588,0.629242142,1.06781003,1.062718777,0.000662934,0.006064577,0.000181461,0.079422311,0.025197194,0.853072348,0.000121745,0.873404616,7.479563768,4.040102844,148.5966164,0.759523842,0.652602739,17.28287873,26.49787683
0.315590371,0.06610885,11.98538469,0.010973977,0.011103114,441.2663175,18298.54666,6.112837287,19.95295692,0.286113123,0.442203087,0.453544274,1.865536493,0.597608331,0.785048409,0.626343415,1.066479785,1.064467464,0.00066789,0.005990618,0.000179614,0.078697948,0.025284627,0.852996556,5.95E-05,0.876544462,7.543288739,4.04672238,149.0767637,0.760243897,0.655486158,17.40134285,26.41631664
0.317297103,0.066716444,12.00680585,0.010908157,0.01111334,437.6905657,18374.03484,6.071580912,19.90403857,0.285357544,0.442850849,0.454939209,1.8572339,0.591448814,0.788531851,0.623721221,1.058443335,1.062086562,0.000665375,0.005957188,0.00017772,0.078321118,0.025324475,0.852847647,6.46E-05,0.882579454,7.548368172,4.078207151,150.1916729,0.756496436,0.656999885,17.44969204,26.41330585
0.319067283,0.066262126,12.02173561,0.010890236,0.01107866,436.7994707,18523.80937,6.051058353,19.96084996,0.287042209,0.443534633,0.45799297,1.863587933,0.591022904,0.789481094,0.620959512,1.051961092,1.045443936,0.000660207,0.005916536,0.000176924,0.077992759,0.02527447,0.847990327,6.59E-05,0.884129318,7.533378383,4.113027015,149.9185494,0.758121157,0.656100021,17.59001264,26.30283114
0.317673433,0.065381439,11.94806031,0.010860407,0.011069027,436.2272496,18536.64858,6.082554432,20.00481276,0.288981304,0.442575754,0.459069424,1.851824585,0.595725768,0.790218027,0.622421041,1.05066774,1.053497798,0.00065999,0.005939694,0.000175874,0.077909005,0.025345592,0.844825748,6.51E-05,0.88809459,7.462253337,4.096078983,149.3708426,0.757028155,0.653062039,17.53906214,26.4604649
0.317949828,0.065558392,11.94939851,0.010953601,0.011095035,434.8022997,18451.34325,6.064537851,20.05479945,0.290355021,0.44358546,0.458514361,1.842963525,0.596666109,0.788902028,0.623649074,1.055266101,1.053122912,0.000656668,0.005970066,0.000175239,0.077815827,0.025342473,0.845980705,7.52E-05,0.886514715,7.389315282,4.072791835,150.203803,0.754298474,0.646765648,17.6406573,26.60578024
0.316985867,0.065022148,12.01600232,0.011006552,0.011046802,433.8472755,18453.00734,6.053789767,20.04822459,0.291898541,0.44146624,0.457247398,1.858553461,0.596589551,0.792498901,0.621592786,1.052540334,1.049322252,0.000653461,0.005949411,0.000174231,0.078385383,0.025315861,0.848135179,9.15E-05,0.88389583,7.420788824,4.071570439,150.0054329,0.7524763,0.649822413,17.63329293,26.46952445
0.315291439,0.06489375,12.04143213,0.011092,0.011052715,431.1961415,18492.48861,6.054748946,20.11796884,0.292492827,0.437197184,0.457905645,1.880539561,0.595167393,0.790723486,0.620723528,1.059847739,1.054600201,0.000649315,0.005980941,0.000175412,0.078529636,0.025407138,0.85830159,5.88E-07,0.893122986,7.349097815,4.047480508,150.4848736,0.751290316,0.659457214,17.57658387,26.58684516
0.31584798,0.064938605,11.93478803,0.011014773,0.010997994,428.7877664,18464.98856,6.060628459,19.9872821,0.290635011,0.436947136,0.455837735,1.88743948,0.597909795,0.786763794,0.622186118,1.05851077,1.050331973,0.000651519,0.005976963,0.000174986,0.078646078,0.025280016,0.857414492,1.64E-06,0.898505602,7.372253294,4.067872265,148.9161431,0.751800422,0.660579905,17.56951983,26.69653082
0.315946135,0.064634826,11.93456415,0.011021944,0.011040593,426.3331713,18454.97807,6.083215495,19.96149567,0.290767453,0.438414768,0.458161334,1.880230742,0.598572831,0.791709339,0.620574321,1.054956803,1.048899001,0.000644327,0.005959277,0.000175173,0.078920746,0.025417078,0.856888327,0.000121119,0.891520178,7.401969446,4.033461711,147.6923388,0.749636799,0.662096666,17.56582895,26.90249606
0.31903795,0.063788639,11.92839894,0.010945303,0.010994307,425.2061894,18471.46867,6.051187564,20.0343775,0.292274153,0.436947912,0.459869562,1.897369495,0.601878411,0.794279996,0.62082449,1.062123748,1.047266369,0.000647655,0.00596555,0.000175565,0.079195124,0.02534693,0.855255416,3.79E-05,0.890687654,7.368682685,4.013072163,148.6918329,0.75262626,0.663044825,17.58579781,27.09555524
0.318593072,0.063464758,11.83463515,0.010940853,0.010973324,426.8358654,18677.55208,6.039972159,19.8825232,0.293692809,0.436906227,0.460231485,1.898039388,0.60049961,0.792363886,0.619888525,1.067136314,1.047919541,0.000640655,0.005986338,0.000174308,0.07901539,0.02523455,0.854318774,8.35E-05,0.895717903,7.355543805,3.996651806,149.3534983,0.754545699,0.662883625,17.59016391,27.41304492
0.31931998,0.063496947,11.73482624,0.010958739,0.010994865,422.6970415,18699.16901,6.050023172,19.93055804,0.294267324,0.436117989,0.461229204,1.900134674,0.603076609,0.789209801,0.616082777,1.063796212,1.046120951,0.000643014,0.00597459,0.000172537,0.080094312,0.025102387,0.857954872,0.000148732,0.899838089,7.363310062,3.977016632,147.7424637,0.749732988,0.666460633,17.53207163,27.24979267
0.318456874,0.063565591,11.66877441,0.010996046,0.010990239,423.1959778,18545.34986,6.00206161,19.851052,0.291727013,0.435626805,0.459594997,1.896898325,0.60514257,0.793154812,0.61652203,1.063295982,1.046480613,0.000641037,0.005996633,0.000171609,0.079914188,0.02517806,0.85841698,0.000148866,0.8934746,7.357418864,3.955995576,149.6325532,0.751402643,0.667539867,17.60138702,27.09034174
0.31852085,0.062426207,11.64104008,0.011039782,0.010891609,423.7761809,18647.27611,6.035673611,19.77310726,0.288648471,0.438471187,0.458993334,1.901311701,0.60382251,0.794923998,0.614177907,1.064161147,1.057982396,0.000642684,0.005956967,0.000170818,0.079705536,0.025464992,0.855086766,1.85E-05,0.890651182,7.377693256,3.961198653,148.0191704,0.752913803,0.663149976,17.53053167,26.97705798
0.319074604,0.061652029,11.58953626,0.011073121,0.010853649,422.1724715,18658.84628,6.067483056,19.8508723,0.285699908,0.435739304,0.457793676,1.896798271,0.606429898,0.794028764,0.61344168,1.067775609,1.054888157,0.000641103,0.005972897,0.00017241,0.08015433,0.025478535,0.851795959,3.83E-05,0.892739453,7.434423138,3.965779641,148.7440063,0.752826257,0.664752375,17.53329428,27.18741069
0.322252017,0.061841108,11.57632981,0.011018414,0.010869661,419.3382346,18736.12523,6.054117472,19.83591847,0.287382677,0.43801586,0.457028078,1.917725616,0.604661418,0.797364664,0.615165351,1.077325184,1.050329252,0.000640684,0.005943004,0.00017456,0.080072668,0.025227231,0.849408616,0.000165613,0.886635608,7.511306161,3.95223349,150.2388893,0.755987202,0.667894576,17.66844728,27.2441153
0.320830207,0.061375698,11.64583891,0.011083134,0.010900072,419.6034356,18741.99997,6.050806451,19.9233028,0.29061824,0.438939151,0.457167507,1.928968602,0.603693974,0.796406542,0.615230974,1.071087437,1.047713143,0.000637306,0.005955928,0.000174863,0.080485778,0.025235203,0.852547841,0.000167067,0.888953952,7.422818204,3.946816592,150.2357142,0.753736101,0.666042832,17.70821798,27.22238886
0.322416857,0.061363874,11.62749901,0.011090107,0.010886227,418.7051255,18756.23236,6.095871866,19.74228408,0.290853989,0.43936832,0.454934141,1.927859371,0.604266213,0.799062151,0.616754201,1.067199442,1.039820819,0.000640098,0.005946034,0.000174036,0.080371274,0.025314813,0.849625669,1.48E-05,0.884344745,7.420153443,3.969903485,151.8364438,0.755847989,0.661504037,17.65221013,27.42183278
0.324256247,0.061622634,11.57054017,0.010943235,0.010822046,416.1919492,18816.18014,6.093627894,19.63683657,0.296507551,0.435669439,0.454450717,1.944208923,0.599589713,0.800563782,0.616682456,1.066104161,1.038843582,0.000642062,0.005913964,0.000175791,0.080337342,0.025256801,0.853422615,1.37E-05,0.886766336,7.493575351,4.007666178,152.270903,0.74965273,0.667414728,17.57006287,27.41969256
0.322608763,0.061569411,11.48168246,0.01088405,0.010819744,419.2203395,18808.36583,6.077215981,19.81579876,0.294214891,0.437046834,0.455184838,1.941473814,0.600252139,0.79978704,0.617397897,1.062326629,1.035783949,0.000641769,0.005899229,0.000177016,0.080380746,0.025053697,0.845598637,0.000157287,0.886538851,7.45084124,4.025261877,152.8873465,0.746861252,0.659126514,17.48778551,27.54487466
0.321976422,0.061283788,11.48724056,0.010943456,0.010852608,421.074113,18730.84526,6.076709027,20.05903463,0.292640562,0.436824149,0.457653572,1.962604753,0.596492157,0.803277627,0.619451306,1.055893335,1.046414657,0.000638752,0.005881954,0.00017795,0.080803875,0.025100677,0.845279488,2.71E-05,0.886486515,7.464925421,3.991624923,152.4075889,0.742758088,0.662607502,17.56265876,27.48336691
0.320035946,0.061109132,11.3992353,0.011035821,0.010808235,426.925606,18710.83583,6.037114964,20.01344245,0.293313673,0.437857856,0.458536325,1.963106304,0.59334402,0.798573583,0.622482824,1.053257121,1.047195124,0.000641959,0.005917943,0.000177387,0.080586003,0.025151862,0.851063512,4.99E-05,0.896517943,7.492083832,4.002647207,152.575686,0.7433146,0.657171758,17.4684126,27.34659678
0.320878958,0.060506566,11.4020888,0.011009075,0.010776525,425.9586787,18656.8965,6.057057001,20.22630167,0.296231175,0.440543833,0.460746859,1.97899266,0.586252053,0.797747985,0.624748807,1.058715713,1.045399536,0.000641396,0.005950023,0.000176957,0.080203273,0.025162971,0.849415019,1.19E-05,0.896952839,7.484079677,4.046615032,151.6506534,0.741601229,0.659174156,17.4208532,27.46691197
0.32185984,0.059940437,11.42002112,0.010981361,0.010804271,427.1549163,18612.09693,6.0100174,20.11534433,0.297285917,0.440385973,0.460342011,1.969327091,0.589879292,0.800979077,0.623247842,1.059898865,1.051532347,0.000638099,0.005887638,0.000174906,0.08065809,0.025242212,0.851819696,5.74E-05,0.891091607,7.483294936,4.038046541,150.8552597,0.736478281,0.663883009,17.34538582,27.49541931
0.321621276,0.060175647,11.39801403,0.010983358,0.010795569,427.2550592,18666.13293,6.004936922,20.05996268,0.295461148,0.441904715,0.45741543,1.961340776,0.584847126,0.801565107,0.623950923,1.064037459,1.045891029,0.000639869,0.005835013,0.000174623,0.08020278,0.025115359,0.853408676,0.000216301,0.889490461,7.562411875,4.022198277,149.749994,0.734721586,0.663681532,17.36537033,27.50878624
0.320223531,0.060056596,11.38784666,0.010903799,0.010823667,426.9318366,18693.20495,5.977465556,20.18660668,0.296764045,0.442408568,0.454034316,1.958069687,0.589335743,0.803204804,0.622582493,1.058440005,1.052566669,0.00063909,0.005830313,0.000174926,0.080338462,0.025272278,0.851117877,4.32E-06,0.887574657,7.545593399,4.020103004,149.9251662,0.73338696,0.6602076,17.25792478,27.49287736
0.323437538,0.058998007,11.46150693,0.010891772,0.010865749,428.5537684,18637.57292,5.95346267,20.05595228,0.295795384,0.443289523,0.452763746,1.938857752,0.592571371,0.802382705,0.622467967,1.053479313,1.058857757,0.000642433,0.005764087,0.000175711,0.080440298,0.025484027,0.860824121,2.31E-05,0.880821957,7.581291393,4.007015578,150.112719,0.734566758,0.660900973,17.26756806,27.39418641
0.324402905,0.058327294,11.57199017,0.010781609,0.010877571,429.4266942,18609.93208,5.973227736,20.11563743,0.298681746,0.448520819,0.451969813,1.91568088,0.587970732,0.80145556,0.624068168,1.054933458,1.063052857,0.000643733,0.005777214,0.000174998,0.080285629,0.025348019,0.857842813,4.30E-05,0.890272288,7.613817437,3.992733006,152.1171641,0.735782966,0.664454734,17.3286626,27.44864623
0.324673754,0.058208001,11.50523044,0.010825992,0.010828209,431.2052322,18657.90847,6.016452385,20.22186105,0.301238531,0.447097164,0.455220628,1.895340723,0.586146774,0.803605743,0.622411916,1.04769782,1.064395163,0.000651254,0.005835718,0.000175142,0.080057104,0.02533607,0.858630784,5.51E-05,0.885140849,7.577119165,3.97392193,150.9448367,0.729520392,0.664558883,17.45756034,27.37706115
0.323809895,0.058139364,11.53886917,0.010826301,0.010866186,429.9045627,18705.19011,5.942783056,20.38907653,0.301280522,0.444473563,0.452524055,1.889381095,0.58539496,0.803761068,0.623523291,1.050505141,1.069320254,0.000650646,0.005848232,0.000173678,0.08016168,0.025256725,0.851759193,0.000128359,0.878864627,7.6044235,3.958384211,150.9005139,0.727415767,0.663541791,17.44617464,27.37807219
0.327146773,0.058109559,11.51461974,0.010831016,0.010913222,431.9097251,18994.20732,5.935826955,20.38795918,0.296435898,0.445378604,0.456047446,1.901906159,0.585183234,0.80642932,0.628881933,1.058822492,1.061559134,0.000651141,0.005828005,0.000174672,0.079777615,0.025135402,0.852174361,9.51E-05,0.874064731,7.624813606,3.955353421,151.3736843,0.727843412,0.662839042,17.44625218,27.2750525
0.32809327,0.057442849,11.51891917,0.010782541,0.01092537,430.5961628,19008.9805,5.962347221,20.25174628,0.29421993,0.445163811,0.455652331,1.901988378,0.586901129,0.804571368,0.631749348,1.06242715,1.066862363,0.000643655,0.00583903,0.000174838,0.079952779,0.025166715,0.85421754,0.000109789,0.879057244,7.657377297,3.972769675,151.1609617,0.722438587,0.664147002,17.43735354,27.24814004
0.325219922,0.05728063,11.40868892,0.010795473,0.01096087,431.1009937,19071.09431,6.002203892,20.19724682,0.296065918,0.444784012,0.453262426,1.882756492,0.586421649,0.804252714,0.630891638,1.059494701,1.073471503,0.000643531,0.005821493,0.000174953,0.079957721,0.025100711,0.851233941,8.49E-05,0.881086547,7.717628706,3.966585945,150.9847633,0.717196546,0.667978773,17.54852209,27.17080384
0.325545015,0.057299198,11.34386273,0.010837245,0.010954628,431.7713002,19029.18511,6.072212871,20.30233157,0.29912023,0.443899059,0.457045523,1.906166377,0.587525095,0.802601022,0.626128511,1.063144827,1.07143999,0.000642719,0.005815706,0.000174381,0.0799347,0.025092997,0.851326519,4.73E-05,0.876834085,7.684200738,3.958301284,152.6061419,0.715427988,0.66822706,17.60002486,27.08255021
0.303378576,0.069453509,11.34002865,0.009894181,0.009500949,459.1454893,17246.27173,6.027752919,20.53783825,0.372047063,0.389924475,0.405215839,1.962352251,0.52457462,0.858463637,0.654124743,0.929567487,1.018717914,0.000570587,0.005869627,0.000235113,0.073827816,0.024598585,0.909247434,4.56E-05,0.80712138,8.459247579,3.94292255,136.2018154,0.648320173,0.67626914,17.29219146,30.20237771
0.301845833,0.068875168,11.22999774,0.009949409,0.009484421,458.1601073,17384.26525,6.085474484,20.47466971,0.370426035,0.391220191,0.406983634,1.962342547,0.526178924,0.854496611,0.654494704,0.928395299,1.020388002,0.000574309,0.005887996,0.000234765,0.074311937,0.024470507,0.911672565,3.28E-05,0.809696613,8.401015148,3.94410255,136.980416,0.650560034,0.678503952,17.26697903,30.02818584
0.301956217,0.068680764,11.12322711,0.009939826,0.009489143,452.1702755,17184.09098,6.105066002,20.48354627,0.37338402,0.39122829,0.409725882,1.952644867,0.523847419,0.850678094,0.657269014,0.933129686,1.027484011,0.000577235,0.005893506,0.000235704,0.073784011,0.024658396,0.914812831,5.52E-05,0.809909529,8.403752233,3.913670085,135.6601349,0.652560141,0.679612252,17.27076456,29.98261628
0.301968266,0.069095213,11.11734936,0.009920895,0.009470235,451.1166058,17214.02603,6.151645586,20.54516857,0.373737275,0.392126232,0.410655598,1.944679949,0.531257753,0.855788734,0.659980437,0.929506084,1.029394263,0.000575608,0.005939384,0.000235783,0.073730685,0.024766929,0.913086365,0.000110003,0.816514443,8.334194116,3.897407732,134.8992075,0.648330198,0.679812759,17.34056152,30.24784346
0.304048147,0.069029217,11.05376505,0.009936843,0.009445361,448.9335222,17128.9025,6.196665863,20.52859102,0.374275489,0.388761397,0.407411922,1.952049121,0.526348503,0.854446881,0.655139026,0.926644974,1.022873991,0.000570105,0.005941578,0.000235174,0.073951225,0.024770997,0.915271736,6.72E-05,0.813646956,8.332301307,3.884605358,135.4243844,0.655198438,0.681942471,17.36235815,30.32531044
0.305821729,0.069099843,11.0254485,0.009952412,0.009408804,447.5784266,17127.46269,6.288255878,20.55574218,0.375422835,0.391140524,0.404748986,1.946792415,0.528526348,0.85293786,0.650856708,0.92746544,1.020574082,0.000562679,0.005950786,0.000235128,0.073665248,0.024779591,0.913595058,1.41E-05,0.817853619,8.347014245,3.907762585,133.0607456,0.654820221,0.681422597,17.27480583,30.20732553
0.305134611,0.069693269,11.07338865,0.009978526,0.009398484,453.4740384,17226.20031,6.254828787,20.40844436,0.371965036,0.393030346,0.404194309,1.942411393,0.532818783,0.855358847,0.65170897,0.917603601,1.025504824,0.000566294,0.005925804,0.000234785,0.074196206,0.024964038,0.912699152,1.58E-05,0.818409803,8.309281864,3.894045714,132.8765102,0.655731541,0.675746817,17.25989753,30.13708325
0.304094105,0.069036231,11.12677656,0.0099347,0.009386788,453.2572856,17341.67369,6.265169256,20.4200163,0.37367376,0.391065275,0.403861579,1.953287199,0.527202479,0.857858508,0.653027337,0.925981857,1.01623086,0.000566858,0.00593206,0.000233548,0.074059253,0.025157969,0.903032557,5.13E-05,0.820258818,8.325660499,3.93554522,131.7979611,0.653381581,0.673410244,17.16237064,29.9120417
0.304825746,0.068710342,11.16487233,0.009965726,0.0093718,452.4614268,17397.05707,6.260919937,20.3752745,0.376044995,0.391316406,0.404877176,1.937973717,0.529336041,0.859346819,0.648125329,0.921900413,1.02028248,0.000567607,0.005928944,0.00023481,0.074118789,0.025246381,0.899508872,3.04E-05,0.816104965,8.318773679,3.947630159,131.4899259,0.656056129,0.670038083,17.04779759,29.9604059
0.303565359,0.068806329,11.21679193,0.009874327,0.009384378,451.4174537,17265.35226,6.304632568,20.38961644,0.373678147,0.394941711,0.404497815,1.945231984,0.530486248,0.859548198,0.650171992,0.924426414,1.030799211,0.000566974,0.005875834,0.000234989,0.074030806,0.0252093,0.902041237,3.60E-06,0.812454108,8.286728971,3.963746413,132.2371043,0.653994561,0.67128824,17.06139781,29.98794205
0.303472546,0.068650098,11.14370773,0.009934919,0.009333127,449.0163821,17297.29334,6.307331869,20.50482294,0.378384141,0.396945027,0.403012855,1.956183642,0.532131106,0.857216266,0.648349387,0.922396053,1.030749354,0.000563736,0.005852575,0.000235187,0.074039237,0.025184136,0.902903718,1.75E-05,0.807394051,8.307920012,3.951454773,130.291878,0.654011699,0.675036629,17.03474506,29.90340873
0.302818578,0.068551938,11.13230773,0.009932935,0.009261737,445.19997,17246.95112,6.308409,20.38541532,0.378045136,0.394149229,0.404830006,1.960633465,0.530078528,0.858732309,0.651847713,0.921690911,1.028568027,0.00056313,0.005863855,0.000235267,0.073624972,0.025001805,0.912828966,0.000170642,0.813404031,8.268336498,3.922199957,129.4935834,0.655539561,0.671688093,16.97937327,29.74821351
0.302122839,0.06822497,11.0430905,0.009967962,0.009297656,446.0437596,17366.7922,6.287499187,20.41499335,0.378929053,0.392524927,0.40448822,1.944546393,0.530648837,0.855607038,0.655310394,0.925405507,1.027718397,0.00056367,0.005859662,0.000233605,0.072944126,0.024994363,0.911018742,3.31E-05,0.811651316,8.315526622,3.950258052,128.8114114,0.650050215,0.670425684,16.95992427,29.83619055
0.301569161,0.068337118,11.06197822,0.009881286,0.009263995,441.4921389,17226.58971,6.303781124,20.42411999,0.377595947,0.39243176,0.402800005,1.93131172,0.532759701,0.859475099,0.654660675,0.928374979,1.025834427,0.000560639,0.005881095,0.000233274,0.073206438,0.025001745,0.909812219,9.60E-05,0.809978344,8.276277549,3.947871188,128.6440005,0.645283195,0.674705989,16.94400872,29.89820192
0.301450693,0.069028022,11.04225164,0.009982331,0.009208482,439.5127441,17270.57168,6.281462675,20.38222567,0.379016487,0.391645801,0.402906711,1.913925711,0.527757693,0.856210359,0.653468338,0.931632279,1.020963267,0.000558697,0.005884912,0.000232606,0.073343722,0.025034661,0.908084449,5.97E-05,0.808206095,8.253580557,3.957134877,129.0504955,0.642359632,0.67626743,16.97835843,29.73457243
0.301928545,0.069229012,11.15021435,0.010029179,0.009282334,435.8092368,17389.90442,6.346137419,20.26999555,0.380260112,0.393042926,0.402195626,1.915561222,0.525319377,0.860376334,0.651877338,0.928509432,1.028420536,0.000559993,0.005866597,0.00023012,0.07394913,0.024906326,0.907959455,0.000133195,0.807061863,8.290949,3.921414957,129.7125639,0.64763268,0.682768114,16.93448121,29.64767473
0.301377418,0.068349224,11.13898618,0.010049207,0.009306523,437.5388135,17494.27911,6.341604983,20.24928378,0.380767,0.393011816,0.400806415,1.896746654,0.522810832,0.862736043,0.650372728,0.925121206,1.02460357,0.000557331,0.005852387,0.000230166,0.074190705,0.024674708,0.907267929,0.000111499,0.797595211,8.296409854,3.935930562,130.7777703,0.650572573,0.687535692,16.91088445,29.46105663
0.302575599,0.069337845,11.14326195,0.010038145,0.00929675,435.5709735,17601.66342,6.413520925,20.28965385,0.379764551,0.395119361,0.400388369,1.885753763,0.523905375,0.863806106,0.650275308,0.929325044,1.020704027,0.000562179,0.00581561,0.000231039,0.074105322,0.024676408,0.907979662,0.000161498,0.803354464,8.313018743,3.932238983,130.1041723,0.650362716,0.684345829,16.94810201,29.22521272
0.302515823,0.069736663,11.10983414,0.010066477,0.009273948,438.1512007,17672.87718,6.419391152,20.20837648,0.380086562,0.395492593,0.404382536,1.885682016,0.527266992,0.863195116,0.649653954,0.934528761,1.02155143,0.000562216,0.005839312,0.000230721,0.074219712,0.024652159,0.906161074,0.000134479,0.803107837,8.325731019,3.935800612,129.8936956,0.647873576,0.682045459,17.08293935,29.17350324
0.300880114,0.069939413,11.11402799,0.010076853,0.009321187,440.2063106,17642.14301,6.41041218,20.27982663,0.380903003,0.396666322,0.403141081,1.872722202,0.533492775,0.863369816,0.651898235,0.923926592,1.019604017,0.000570892,0.005861927,0.000231294,0.074518469,0.024776047,0.902127097,3.34E-05,0.798430212,8.382447334,3.924897587,130.3800562,0.651889774,0.686732552,17.11549417,28.94886924
0.302015912,0.070312961,11.16686144,0.010085971,0.00922995,438.6060723,17683.30147,6.416403003,20.17474997,0.378751228,0.398634972,0.40352766,1.875740421,0.529975771,0.863899905,0.65087907,0.928569175,1.01379928,0.000565092,0.005897591,0.000231762,0.074266063,0.025035249,0.904062087,1.45E-05,0.794999925,8.350136942,3.920482631,132.3413493,0.651233324,0.688367327,17.16645948,29.03181084
0.297815397,0.07016831,11.17328667,0.010057683,0.009260181,437.8214825,17636.64585,6.411956232,20.12911224,0.379975578,0.400643798,0.405821804,1.88597182,0.532109698,0.863313517,0.649506717,0.920049643,1.014417438,0.00056304,0.005882755,0.000233055,0.074749084,0.025103341,0.90620006,3.41E-05,0.798532683,8.35396895,3.912268859,131.9511812,0.653581379,0.685170237,17.20541189,28.92062571
0.299797625,0.070279088,11.21908818,0.010098385,0.009349442,437.8950576,17642.98811,6.438932847,19.91117279,0.383518237,0.399890114,0.405477279,1.888346472,0.530639237,0.867577232,0.651904843,0.9240494,1.008450259,0.0005627,0.005925674,0.000232156,0.075061524,0.024977784,0.910642241,8.56E-05,0.806124245,8.312017768,3.926073436,132.2804766,0.655407956,0.689787437,17.30116662,29.09578713
0.299438523,0.070616263,11.23523113,0.010080406,0.009370538,437.7152391,17611.47111,6.467192537,19.93277356,0.383552297,0.402386217,0.402856011,1.904976615,0.531193844,0.868622022,0.652081395,0.911248658,1.007289318,0.000557894,0.00590733,0.000232265,0.075162852,0.025175715,0.906459451,0.000144724,0.801591918,8.278991234,3.944231622,131.3360912,0.660766257,0.684546145,17.39913959,29.12277011
0.304547369,0.07121315,11.26708604,0.010111966,0.009428588,434.2138708,17643.09858,6.497671622,19.92676754,0.380142992,0.396339883,0.401857104,1.892272364,0.528744006,0.869965707,0.649402303,0.903535566,1.010538894,0.00055653,0.005906696,0.000232637,0.074673313,0.02519497,0.900637239,9.30E-05,0.803175154,8.271137943,3.95157692,130.0843594,0.656410861,0.687232535,17.37068496,29.26200674
0.302930089,0.071174389,11.27001796,0.0101479,0.009347669,435.5506575,17676.97187,6.521865092,19.94608853,0.378981921,0.399437443,0.397705653,1.905056579,0.528221174,0.865186222,0.646218093,0.911033004,1.012600174,0.000557949,0.005888428,0.00023276,0.07486908,0.025278456,0.904279696,3.28E-05,0.800348999,8.195009726,3.937173493,130.9961125,0.656796636,0.686094786,17.32961222,29.21983431
0.303098001,0.071294288,11.14838805,0.010150231,0.009295271,439.4425115,17633.0195,6.539938829,19.82629914,0.381304483,0.401069631,0.399114456,1.904803264,0.524043138,0.867942763,0.64986769,0.908105295,1.012086209,0.000560924,0.00591755,0.000233934,0.074966364,0.025187227,0.899863018,0.000123504,0.790099081,8.16144428,3.942758493,131.1641936,0.655725027,0.691439863,17.25651187,29.25162249
0.304634897,0.071054167,11.32802684,0.010137376,0.009289456,442.0779645,17670.64005,6.569618508,19.87690898,0.37824938,0.397885314,0.403334942,1.906725365,0.52694559,0.867615365,0.650945061,0.914551639,0.99685183,0.000560663,0.005914763,0.000236277,0.075412652,0.025340546,0.905150899,8.31E-05,0.785081243,8.14673208,3.954500424,131.7550303,0.655519487,0.690373584,17.2615963,29.22001088
0.305526944,0.070179321,11.2717511,0.010097685,0.009279743,439.8969226,17538.98445,6.518962799,19.99764647,0.38033129,0.400429386,0.405458466,1.912319552,0.523781556,0.871604373,0.652148974,0.924964568,1.000794875,0.000554038,0.005901085,0.00023617,0.075541678,0.025251382,0.904911959,0.000126758,0.785315857,8.144059474,3.948912687,132.4255413,0.657146006,0.69122157,17.29253297,29.18758836
0.302923418,0.069912017,11.32368617,0.010201694,0.009278903,441.8311032,17563.1895,6.514886097,20.14547503,0.381751533,0.399054765,0.406629828,1.930809492,0.52683435,0.869808706,0.65136361,0.923242973,1.00462886,0.000557083,0.005909636,0.000235403,0.075219294,0.025089362,0.902186324,0.00016697,0.78868859,8.146621672,3.945318467,133.2163705,0.65156247,0.690918218,17.33259482,29.21649887
0.305040829,0.069791036,11.27382911,0.01018371,0.009218987,444.1016501,17527.17519,6.530268963,20.12355463,0.386913921,0.396940824,0.407851334,1.936565655,0.526512982,0.866574913,0.653924478,0.913673267,1.002030533,0.000556598,0.005872972,0.000234946,0.074789765,0.02529207,0.899979291,2.39E-05,0.792737655,8.140981455,3.900374656,132.2487822,0.648161035,0.693425275,17.24516389,29.47752305
0.304590001,0.070232504,11.32995785,0.010090129,0.009259313,444.7140002,17471.99649,6.555354064,20.06913814,0.390874321,0.399107361,0.407562012,1.924482967,0.524241588,0.872386858,0.662279853,0.918432835,0.998179602,0.00055065,0.00587514,0.000235252,0.075061376,0.025303619,0.90427396,4.87E-05,0.789970709,8.151727414,3.874398837,132.4501415,0.652805787,0.692862972,17.38059272,29.46768842
0.305181856,0.069957116,11.38071827,0.010110331,0.009203599,446.1639328,17649.12828,6.557250201,20.15223094,0.392541127,0.395378873,0.404754578,1.927462726,0.527498103,0.874751721,0.66305055,0.921224615,0.989261025,0.000551694,0.005829294,0.00023426,0.07481457,0.025243207,0.90503156,2.67E-05,0.787203337,8.117101704,3.846588318,133.9656454,0.649644142,0.687319199,17.33615357,29.46283005
0.304421944,0.070359667,11.37151229,0.010094317,0.009244309,445.4701567,17690.96684,6.511506362,20.22281013,0.391217943,0.395267688,0.40762846,1.920990541,0.526359958,0.87702416,0.659123129,0.923212132,0.99338633,0.000554125,0.005860234,0.00023303,0.07470101,0.025303294,0.900416116,5.55E-06,0.789639074,8.119021995,3.845139185,133.3820473,0.650987025,0.689146037,17.2452443,29.27698422
0.304174046,0.070588732,11.39758536,0.0100604,0.009253064,445.8002503,17776.29467,6.468484192,20.16580465,0.391472881,0.397640539,0.406201764,1.905527562,0.527285224,0.876991039,0.660481108,0.925943912,0.996283281,0.000553473,0.005833166,0.000231217,0.075042933,0.025199158,0.898116014,4.06E-05,0.792648033,8.118791947,3.863630961,133.2685698,0.646124416,0.69066645,17.18086843,29.37172088
0.305625616,0.070693738,11.35082041,0.010080189,0.009406486,445.371172,17712.52097,6.480221498,20.18129912,0.391374076,0.397242414,0.406586056,1.911405606,0.530511883,0.88153569,0.658043732,0.918035719,0.996665331,0.000559577,0.005881948,0.000231177,0.07517467,0.025318006,0.891085815,0.000105347,0.79459048,8.144638654,3.863393099,132.1665925,0.646849359,0.689035705,17.27101587,29.31912578
0.305023816,0.070133696,11.31624145,0.009986371,0.009415634,443.7351276,17644.22511,6.456850252,20.13296794,0.392413234,0.395341606,0.406191804,1.920505573,0.526890579,0.879365162,0.65579089,0.910715409,0.995592439,0.00055333,0.005847741,0.000232038,0.07472241,0.025262671,0.893572988,0.000141066,0.79486563,8.154687068,3.839526793,132.4708062,0.644511605,0.691683683,17.19514856,29.28901064
0.303400009,0.069927062,11.3948631,0.010029575,0.009454437,442.3712972,17618.5651,6.475640374,20.26685836,0.392782738,0.396869657,0.403664048,1.921575822,0.528184421,0.877439345,0.654754363,0.901137419,0.990249532,0.000558343,0.005857499,0.000230874,0.074475619,0.02539929,0.896196831,2.95E-05,0.795616649,8.163195977,3.819357673,130.8604448,0.643956522,0.687970373,17.03917012,29.15817012
0.303823069,0.069579934,11.42197844,0.010059642,0.009446097,441.4790266,17645.20888,6.46777465,20.12811844,0.394104545,0.39878063,0.403010118,1.917362034,0.532432044,0.876400298,0.652880961,0.887201736,0.986320577,0.000556667,0.00580522,0.000231164,0.074096175,0.02544086,0.902901319,1.02E-05,0.787609901,8.137212069,3.833555238,130.5584489,0.640537272,0.691846137,17.00818159,29.22258682
0.302436518,0.069786801,11.34627754,0.010096829,0.00944779,441.5482602,17700.69471,6.454810203,20.12992389,0.391303644,0.399759515,0.401437637,1.90915748,0.535361072,0.878760506,0.650167479,0.8817736,0.977462398,0.000555826,0.005816859,0.000230637,0.073999392,0.025491764,0.900655053,6.46E-05,0.786590667,8.183302632,3.81346272,131.4904908,0.645401725,0.688495241,17.01924644,29.26922832
0.300579286,0.070020977,11.179678,0.010074176,0.009448428,439.5788266,17700.44668,6.444740068,20.0059753,0.392243329,0.400264128,0.398677159,1.896658137,0.539607975,0.880799458,0.649378352,0.882397378,0.976167866,0.000554742,0.005796191,0.00023065,0.073953476,0.025385154,0.902771837,0.000106293,0.791715877,8.158676464,3.792382298,131.2644561,0.647274284,0.688212975,16.94991761,29.3071498
0.302556073,0.07043226,11.12862534,0.010033336,0.00945448,443.1663343,17853.71585,6.453737866,20.01841469,0.390795675,0.397494738,0.397495864,1.912153825,0.541241177,0.880077122,0.651124946,0.8863361,0.977048033,0.000556182,0.00573323,0.000229347,0.073741724,0.025329075,0.909898291,0.000126955,0.790054648,8.129513783,3.753604542,130.5840271,0.651440108,0.6841218,16.93898137,29.16699978
0.303632185,0.070717753,11.13101173,0.010067605,0.009436663,443.4907098,17781.77951,6.464812463,20.25458235,0.389275833,0.391064012,0.398935033,1.922387837,0.543212462,0.880498956,0.647467231,0.888739568,0.978378485,0.000559658,0.005747307,0.000229501,0.073620178,0.025354464,0.913936867,9.52E-06,0.794456761,8.190002004,3.723598658,131.6785934,0.653937805,0.681475249,16.99869061,29.31239971
0.303759903,0.07079457,11.1435864,0.010021614,0.009409656,445.4328325,17810.68081,6.459768566,20.07489801,0.389963118,0.387583573,0.397629607,1.921242461,0.539880516,0.87856044,0.643478795,0.892744109,0.98106573,0.000558869,0.005749362,0.000229083,0.073459251,0.025481716,0.917755937,6.78E-06,0.796797631,8.162152397,3.715025641,132.3979835,0.65599204,0.673292994,17.1210743,29.62997027
0.305125105,0.070983497,11.05934837,0.010004545,0.009422801,442.9665169,17826.21382,6.447830265,20.23803015,0.389916139,0.386820531,0.396464774,1.923726071,0.540197784,0.880351538,0.642508196,0.890225247,0.980647166,0.000557867,0.005736364,0.000229192,0.073325762,0.025151399,0.924912651,6.60E-06,0.795389448,8.201494383,3.722106035,133.2140677,0.651833624,0.675723167,17.26431699,29.77134146
0.303111633,0.070731926,11.20567544,0.01001574,0.009362704,440.6625908,17728.48387,6.442213974,20.22018534,0.394215404,0.389286131,0.395851812,1.919188248,0.539873275,0.882273896,0.646044949,0.896817549,0.985586673,0.000560768,0.005721588,0.000227573,0.073097957,0.024896599,0.92358689,4.73E-05,0.804166139,8.296679598,3.710366116,134.7169618,0.651409056,0.667119556,17.25779715,29.63526927
0.301317904,0.071077495,11.22111016,0.009956144,0.009334267,443.6693929,17804.36295,6.442113184,20.2176088,0.394702701,0.386642215,0.39175885,1.905866362,0.53617177,0.881396202,0.644392176,0.891039969,0.982049729,0.000561768,0.005693531,0.00022839,0.072766643,0.024925054,0.926022556,2.28E-06,0.80033611,8.24591316,3.719496406,134.3947528,0.649061035,0.662876906,17.25590367,29.60464221
0.298936543,0.071054222,11.14815202,0.009893511,0.009343429,442.2073685,17727.33389,6.500081113,20.15842223,0.39200554,0.384580469,0.392611916,1.899289634,0.537300703,0.879697734,0.640265904,0.895295218,0.988231348,0.000561451,0.005662262,0.00022674,0.07275285,0.024982827,0.927565942,9.77E-05,0.795852196,8.223998744,3.702145105,133.0551192,0.64653889,0.663832012,17.25387031,29.49980204
0.301749132,0.070880729,11.14950803,0.009776431,0.009371377,442.105444,17731.20171,6.474300444,20.12439097,0.390588469,0.387141144,0.391452062,1.910423215,0.538110915,0.880236642,0.645248519,0.890829593,0.979957109,0.000563323,0.005676916,0.000226492,0.072917298,0.025133555,0.924104675,2.26E-05,0.795732047,8.201555385,3.684266476,132.4539074,0.644582409,0.664331124,17.19507495,29.63801969
0.30204086,0.071131015,11.12215268,0.009838267,0.009454631,442.3043082,17764.24454,6.500805532,20.15813771,0.390577153,0.384101261,0.392203981,1.926390095,0.535952428,0.879335295,0.648170292,0.892167745,0.975303011,0.000564275,0.00562621,0.000227508,0.072061997,0.025178772,0.926250445,8.41E-07,0.79987037,8.216418841,3.65466015,132.528656,0.643816046,0.667028173,17.18690896,29.65287024
0.303529627,0.071038477,11.15943897,0.009841236,0.009529384,439.528368,17802.80337,6.500303329,20.22025669,0.389419877,0.386690768,0.392562985,1.919045074,0.538064091,0.880737963,0.650521758,0.882950202,0.980211012,0.000566596,0.005660823,0.000227492,0.072234679,0.025032156,0.934883992,5.52E-05,0.795991055,8.193710399,3.641775113,131.9428037,0.64231063,0.663526615,17.26776764,29.38020448
0.305460607,0.070561388,11.14889967,0.009752769,0.009460235,436.50006,17959.71024,6.476615644,20.04587704,0.387984155,0.387934914,0.390771781,1.919092007,0.540322597,0.879233709,0.650093705,0.875706115,0.985526492,0.000563002,0.005681505,0.000226802,0.072571574,0.024951336,0.935576805,6.75E-06,0.793073194,8.173598671,3.643105326,131.2190356,0.638234365,0.666451593,17.42589987,29.22774176
0.30607619,0.070604501,11.15094956,0.009889817,0.00940119,438.0288477,17939.08544,6.464993001,20.141037,0.389634803,0.386468612,0.389470245,1.911894554,0.542224945,0.877092207,0.6480052,0.876378392,0.987954646,0.000557348,0.005632463,0.000225813,0.072433574,0.025033486,0.930032024,1.66E-05,0.798021632,8.14939089,3.627709501,132.0321123,0.643974804,0.667888453,17.49703213,29.40720007
0.303369513,0.069909384,11.09223524,0.009874141,0.009395079,436.6692591,18021.10162,6.508330973,20.13589697,0.387351631,0.384184942,0.391972853,1.911007343,0.540797218,0.877227346,0.651865423,0.875453898,0.981225839,0.000554568,0.005669055,0.000225192,0.072568076,0.025259009,0.926323394,2.25E-05,0.798368099,8.138867358,3.622068956,131.383105,0.64547147,0.671926105,17.47346041,29.53442654
0.304290763,0.0699224,11.07183709,0.009767192,0.009380786,436.073711,18017.23521,6.523442307,20.27868236,0.386205507,0.384500342,0.388170386,1.927170724,0.547984621,0.872318653,0.649919036,0.882683943,0.983135993,0.000551953,0.005667239,0.000225936,0.07244492,0.025238439,0.931361696,5.44E-05,0.796775146,8.09369789,3.61123436,130.2729522,0.64622002,0.679572856,17.54087392,29.55679667
0.304015221,0.069557654,11.02722104,0.009834937,0.009427171,432.9658893,18034.50866,6.497214389,20.60032341,0.382879289,0.389677691,0.38464829,1.923161416,0.551557826,0.874028888,0.647093603,0.882452912,0.98600065,0.000551494,0.005696295,0.000226754,0.072222405,0.02522474,0.92967445,2.72E-06,0.804076424,8.085790846,3.602727891,129.6590267,0.651571161,0.682594578,17.44359839,29.36285746
0.305860076,0.069776738,11.05011616,0.009871275,0.009448221,429.9974064,18111.08099,6.487741379,20.5563452,0.381832584,0.389723717,0.385407811,1.93668843,0.549952647,0.875105209,0.647016924,0.883347373,0.979477783,0.000549706,0.005668105,0.000226922,0.071958909,0.025409463,0.935478959,7.68E-06,0.803842027,8.108532879,3.588154983,130.4624537,0.648712166,0.681502828,17.52083199,29.10688642
0.30744036,0.070273516,10.9829005,0.009874124,0.009433453,430.4371255,18155.85045,6.538115971,20.51250958,0.380886268,0.390693919,0.38680839,1.938302266,0.547120098,0.874464534,0.641960356,0.882442134,0.983258398,0.000548579,0.005716009,0.000225951,0.071681602,0.025398709,0.934849902,4.36E-05,0.803781011,8.009680662,3.552744676,131.1255701,0.653600847,0.685485229,17.64228237,29.44485255
0.307903719,0.069960945,11.03271164,0.009799255,0.009422909,426.510358,18080.04724,6.552479931,20.65128454,0.380123066,0.389782927,0.384895928,1.917646526,0.542341005,0.871804811,0.645189397,0.872500131,0.977644343,0.000543477,0.005700633,0.000224585,0.071423513,0.025371788,0.930620642,0.000109603,0.809246077,7.943868035,3.55484148,129.8237793,0.651843572,0.684637694,17.65568855,29.67341558
0.30662178,0.06998266,11.11181345,0.009765842,0.009444708,429.0384209,17976.15393,6.528842073,20.62085967,0.377533526,0.389319634,0.389094348,1.891435642,0.544983784,0.868087108,0.651755386,0.878428374,0.977383011,0.000544224,0.005715961,0.000224017,0.071197002,0.025258288,0.930829786,4.08E-05,0.803560997,7.944604441,3.583492954,128.9589078,0.65295704,0.683308508,17.72768312,29.37286668
0.30586943,0.069924753,11.13209064,0.009690552,0.009396202,428.8073442,18051.69579,6.566002506,20.50034268,0.376677189,0.389234243,0.392691624,1.891590476,0.549958006,0.866780775,0.651333881,0.883203289,0.97573417,0.000542232,0.005724716,0.000223859,0.071085055,0.025272975,0.928302882,0.000124182,0.801875509,7.982089527,3.546321322,128.9326047,0.657314922,0.684404357,17.83175971,29.43620319
0.307865917,0.070192587,11.1685074,0.009811626,0.009365078,428.5864016,18030.29348,6.613317867,20.32152976,0.375590137,0.392316059,0.390129577,1.897383657,0.550651254,0.864113155,0.648304616,0.8783141,0.976744516,0.000542563,0.005694171,0.000223793,0.070955131,0.02553635,0.933823359,1.15E-06,0.796215454,7.994851324,3.528031009,128.8008546,0.655356028,0.682269012,17.90867858,29.40488446
0.305343175,0.069547888,11.23330903,0.009844359,0.009375369,429.1731953,17948.39973,6.585439345,20.38822411,0.375814246,0.393622968,0.388167609,1.914795591,0.549321395,0.867934599,0.642394379,0.891867048,0.978903875,0.000543336,0.005649513,0.00022329,0.071158327,0.025573087,0.934168093,3.51E-05,0.797678548,8.041211187,3.535255466,128.8109149,0.658250136,0.682442739,17.86822521,29.61589791
0.306053974,0.069735154,11.15892907,0.009823486,0.009356212,430.0439202,18043.51563,6.586719691,20.38421882,0.374284847,0.397006301,0.390595499,1.927940756,0.54385237,0.866974485,0.642346509,0.899398432,0.97707081,0.000545662,0.005678522,0.000223569,0.070999833,0.025574949,0.937220922,5.11E-05,0.794522185,8.054932696,3.570061444,129.3495229,0.660057704,0.681402749,17.77980844,29.8138089
0.306981324,0.069444618,11.29226908,0.009865092,0.009282822,429.8336158,18202.59298,6.592561004,20.3888425,0.375482899,0.394813938,0.392073463,1.934818333,0.542873494,0.868295082,0.642716108,0.898315336,0.9786801,0.000540787,0.005690944,0.000223945,0.070837654,0.025610385,0.940704952,2.73E-05,0.801674022,8.021968037,3.536655536,129.6141438,0.65937075,0.678912436,17.80872368,29.69889362
0.30743925,0.069185685,11.28932493,0.00983079,0.009283097,433.5003998,18393.16237,6.613564916,20.56888598,0.378783143,0.39486136,0.395504345,1.940843447,0.541903667,0.867516228,0.646835868,0.900580763,0.974130515,0.000537868,0.005699674,0.000223679,0.070463791,0.02568695,0.944667072,2.40E-05,0.79571191,8.072920508,3.541290507,128.2180689,0.654017941,0.676287866,17.64673682,29.68839843
0.305507505,0.06967753,11.24468963,0.009811932,0.009325115,431.7491551,18431.56302,6.668657188,20.53410759,0.378443953,0.40026848,0.396329013,1.925683004,0.543582131,0.867436375,0.649002299,0.902729832,0.971180981,0.000537894,0.005750344,0.000224285,0.071291146,0.025487945,0.946833043,3.41E-06,0.790083667,8.100545593,3.53205764,128.1677098,0.652862746,0.677181683,17.59825941,29.81154979
0.305120968,0.069587156,11.23133004,0.009857613,0.009309605,433.5131105,18295.81649,6.664373712,20.62019803,0.379188506,0.399393051,0.396330406,1.923507117,0.543432184,0.871580316,0.647444137,0.902479497,0.979487361,0.000537884,0.005724885,0.00022417,0.07199801,0.025305909,0.946700862,2.79E-06,0.798389521,8.21217149,3.524352513,128.2490694,0.648279278,0.676662068,17.67343905,29.65014985
0.305643248,0.069738081,11.38220322,0.009812166,0.009289661,436.3083671,18228.44543,6.659379318,20.50972207,0.380188181,0.39787632,0.394471359,1.932334093,0.544505993,0.872195309,0.647238355,0.898081744,0.986435135,0.000537839,0.005746922,0.000223843,0.072163691,0.025205924,0.951012564,0.000320729,0.791559098,8.225875177,3.524430668,126.1527898,0.649993925,0.677576315,17.74785858,29.52184284
0.303808347,0.069953034,11.50758383,0.009778447,0.009235305,437.9355221,18379.52749,6.698506374,20.60768329,0.376913998,0.396731329,0.39320005,1.921202997,0.547157077,0.869136026,0.650159687,0.892321036,0.980404252,0.000538811,0.005778824,0.000223146,0.071614246,0.025532956,0.9486077,4.20E-05,0.794747878,8.179947534,3.518905042,127.0752551,0.650614911,0.68199659,17.85365938,29.56672971
0.303251099,0.070010424,11.41652913,0.009798448,0.009283228,434.9986939,18366.51104,6.686575516,20.77254752,0.376873145,0.394774012,0.394097059,1.940942874,0.547948634,0.868730636,0.650084568,0.891653317,0.978264544,0.00053853,0.005812372,0.000222123,0.072029351,0.025481797,0.95425028,0.000101858,0.794234465,8.168527051,3.516851217,126.4576646,0.653708459,0.681734682,17.82566692,29.90192055
0.304693754,0.070247933,11.39887634,0.009784106,0.009322771,434.9552142,18370.45423,6.677846321,20.74692493,0.376843248,0.393233077,0.395502333,1.959987464,0.549857401,0.871000278,0.649136895,0.884560055,0.977410311,0.000542817,0.005813456,0.000221975,0.071858904,0.025452025,0.950728261,0.000117631,0.789411631,8.203874567,3.523194332,127.1552578,0.655018679,0.681694853,17.79092124,29.98482502
0.304596579,0.070529883,11.30518662,0.009845148,0.009353852,435.2246769,18227.0265,6.698249206,20.47268653,0.376215119,0.39268881,0.397520606,1.968818835,0.544863117,0.876371042,0.648217177,0.883727952,0.978379363,0.000544351,0.005811917,0.000221578,0.071711814,0.02570682,0.954545348,7.81E-06,0.792015828,8.227749071,3.527319314,127.6824141,0.657165257,0.679213957,17.80257061,30.00061535
0.303825925,0.070206895,11.32991994,0.009970235,0.009338476,434.8318127,18166.97323,6.702218084,20.44785967,0.377033438,0.392949795,0.396682362,1.970138505,0.543401443,0.876960907,0.647264906,0.879021918,0.980268798,0.000550893,0.005817423,0.000222469,0.072028136,0.025682631,0.952583784,0.000108071,0.789305672,8.308232134,3.523174525,130.8568928,0.66146705,0.671570622,17.80044723,30.11151303
0.302393946,0.070095369,11.37785028,0.009982707,0.009280471,433.8528156,18109.65217,6.688577221,20.57025335,0.37728146,0.391879652,0.396453138,1.981129284,0.544945615,0.872036427,0.645534962,0.875682492,0.979848669,0.000550523,0.005826606,0.00022284,0.072070819,0.025745975,0.948743368,1.83E-05,0.790666163,8.242823573,3.538252584,127.9319544,0.65862446,0.676382294,17.82493665,30.01831143
0.30424183,0.070496919,11.36664446,0.009951911,0.009298926,430.3775109,18220.78095,6.706399842,20.53812099,0.374893639,0.386477378,0.397023851,1.967209418,0.542455034,0.872056568,0.647103887,0.88343044,0.977544146,0.000553182,0.005797672,0.000223912,0.071817307,0.025730716,0.953354503,2.95E-05,0.782706306,8.164003938,3.551234186,126.5537306,0.656400936,0.674785427,17.82461553,30.18521624
0.304913662,0.069568331,11.30396223,0.009996607,0.009255942,429.1113019,18330.74385,6.679013017,20.5506588,0.374216318,0.384672284,0.399739322,1.977709699,0.54305861,0.871371785,0.649801607,0.880367749,0.980223166,0.000554398,0.005827648,0.000225124,0.07189118,0.025762201,0.956638372,8.93E-06,0.778490246,8.215423512,3.557442067,125.276973,0.653382534,0.676937543,17.79663257,30.2517616
0.304470852,0.069787727,11.3186573,0.009973258,0.009262642,427.2800465,18498.86973,6.673606349,20.54068164,0.373932007,0.385185414,0.399094901,1.979217119,0.549254916,0.869045495,0.658171051,0.883218613,0.986095192,0.000554421,0.00582593,0.000224125,0.07199339,0.025675833,0.951338371,9.34E-06,0.78686534,8.126856778,3.563691363,125.0953931,0.650090154,0.678408706,17.925238,30.37479552
0.305831625,0.06955919,11.26834836,0.009970227,0.009250498,431.8097183,18534.89586,6.710225475,20.55242591,0.377067058,0.384545542,0.396376688,1.977680122,0.549848501,0.865613193,0.660550182,0.889846917,0.995299006,0.000553694,0.005802302,0.000224847,0.071912034,0.025745706,0.951638835,2.55E-05,0.785016385,8.144511989,3.586146058,121.8601584,0.65012092,0.679560383,18.0424873,30.2268484
0.305885341,0.069243931,11.31722537,0.009967237,0.009146447,429.8862616,18675.01283,6.692459138,20.63555541,0.378638736,0.388627163,0.39737286,1.966160704,0.550378783,0.864642694,0.6575427,0.888586512,0.986640388,0.000555047,0.005785279,0.000225237,0.071449867,0.025820176,0.951766207,0.000286853,0.796207975,8.122941105,3.587151752,121.9893003,0.652946442,0.681586104,17.99411842,30.29324141
0.30467845,0.069198717,11.33562311,0.009937811,0.009116221,429.274463,18571.1445,6.683694316,20.58740591,0.374867576,0.389655818,0.398647675,1.947119958,0.542649003,0.859146509,0.656432374,0.892370864,0.989074314,0.000555092,0.005796122,0.000227272,0.071505378,0.025919079,0.953693444,0.000231794,0.793792146,8.106945011,3.604366999,121.6974913,0.654077236,0.674488262,18.07212225,30.07778395
0.30120186,0.069121132,11.22112818,0.0099571,0.009186732,427.9477857,18584.38628,6.704240664,20.42078172,0.375508117,0.390543757,0.401340266,1.952526745,0.539301104,0.859337262,0.653388109,0.896341261,0.991216624,0.000555582,0.005749111,0.000227096,0.071447933,0.026035922,0.950603276,0.000174342,0.795399895,8.108674106,3.596842339,123.6131622,0.660655888,0.677499026,18.08721039,30.3938855
0.303400991,0.069357989,11.19842152,0.009989513,0.009192106,430.2913377,18621.28285,6.789488451,20.31196308,0.374795237,0.390571026,0.401431077,1.958982389,0.539926513,0.859878163,0.659610532,0.897882285,0.995042164,0.000557692,0.005726379,0.000228271,0.071753923,0.026034095,0.952571234,9.78E-05,0.797226778,8.072367752,3.605901765,124.0778287,0.663361099,0.678639118,17.99110905,30.20936079
0.301742938,0.069874591,11.10970274,0.01002304,0.009226127,430.4542603,18664.26734,6.821391055,20.25955407,0.374694844,0.393953844,0.397318347,1.948637566,0.537882265,0.856714466,0.663793351,0.890284635,1.000097008,0.00055756,0.005743509,0.000228939,0.071530796,0.025885466,0.947398408,5.61E-05,0.80546047,8.11301641,3.596332271,125.0135649,0.662221266,0.676611651,18.0199642,30.28372012
0.300490254,0.0697547,11.08553233,0.010037973,0.009237556,432.4684844,18766.2467,6.827670326,20.18503009,0.375679484,0.397248391,0.39542319,1.948867423,0.535246174,0.859807018,0.660507882,0.886901877,1.001334254,0.000557664,0.005732959,0.00022775,0.071418266,0.025864521,0.947453152,6.43E-05,0.808991597,8.147828484,3.589488079,125.3786279,0.66130353,0.67717718,18.05498246,30.27464093
0.302353782,0.06949785,11.08167566,0.010002442,0.00919456,432.0804477,18801.47579,6.869275837,20.11952137,0.374016072,0.39729948,0.395893268,1.945045063,0.532914056,0.864372827,0.662971701,0.897893202,1.003927608,0.000556364,0.005672338,0.000227123,0.07127756,0.025922913,0.949458694,0.000112824,0.818312406,8.188687376,3.579832996,125.937735,0.669222952,0.682594517,18.0737796,30.16665778
0.301019996,0.069344925,11.09397394,0.01003045,0.009204028,432.6053143,18759.63503,6.884974068,20.23693716,0.372855304,0.39838709,0.39749211,1.943572959,0.531895413,0.869736418,0.663821673,0.896242028,1.002777134,0.000558992,0.005694516,0.000227442,0.071403826,0.02596343,0.950357147,2.73E-05,0.821852436,8.191746359,3.58418463,126.9779367,0.667773437,0.687188798,18.07118621,29.85584912
0.297118007,0.069224941,11.07910711,0.010048038,0.009191462,432.3943642,18839.29443,6.875278655,20.12094202,0.37323675,0.399743713,0.39620908,1.939976917,0.536090664,0.868013921,0.660268331,0.896751598,1.009066466,0.000563171,0.005688471,0.000227536,0.071925507,0.026056561,0.947401515,0.000146692,0.82010072,8.157008236,3.592352286,127.3559178,0.666317336,0.687225085,18.03142225,30.13871133
0.296396573,0.06872279,11.01606907,0.0100656,0.009145971,432.7754183,18847.46828,6.890632475,20.3201228,0.375146706,0.397593381,0.396705029,1.947251959,0.53774061,0.872573879,0.660712023,0.897328528,1.002215421,0.000562317,0.005653569,0.000226227,0.072296883,0.025879995,0.949567888,6.49E-05,0.825970713,8.193273284,3.591525571,128.0377798,0.669213128,0.688647588,18.06650223,29.98809512
0.29888289,0.069589232,10.94781082,0.010198296,0.00917705,431.6467337,18847.71611,6.851835979,20.28009396,0.37450513,0.398338949,0.397230179,1.964088084,0.539518118,0.874475261,0.66228573,0.896695472,1.008089443,0.000555784,0.005687888,0.000225426,0.072246892,0.025844944,0.952488701,6.87E-05,0.818050963,8.163534219,3.591520823,128.5838388,0.677279451,0.686860049,17.98544127,29.78929051
0.297707113,0.070065335,10.86316683,0.01018879,0.009238777,434.3514652,18827.92292,6.812510884,20.08634095,0.372344256,0.398744905,0.398531114,1.978954611,0.538429712,0.871604668,0.659903237,0.902276625,1.008626529,0.000555876,0.005675997,0.000223839,0.071343014,0.026145048,0.953882424,2.60E-05,0.815155684,8.169671228,3.592076649,129.6478858,0.680785416,0.687828769,18.11566216,29.78846588
0.298552771,0.070222903,10.85905033,0.010240988,0.009230813,437.278576,18755.56554,6.802006196,20.14153822,0.371908599,0.397761885,0.397603406,2.000931587,0.538673772,0.871504138,0.660476063,0.897759829,1.01322057,0.000554602,0.005606867,0.000225031,0.071631049,0.026050625,0.951978358,7.21E-05,0.824083593,8.216258196,3.584817876,129.5683339,0.673270622,0.686411521,18.13412405,29.37220271
0.298368082,0.070752871,10.90334328,0.010154975,0.009217826,437.1432871,18844.51681,6.814113154,20.23804619,0.372206579,0.394135923,0.397647599,2.015877913,0.540971679,0.878779997,0.655110225,0.899339235,1.019011028,0.00055317,0.005635022,0.000225014,0.071201765,0.02613719,0.95634208,0.000209106,0.823380625,8.190077002,3.557393232,128.0620726,0.674670478,0.685224798,18.22377388,29.4802188
0.299466925,0.070369333,10.85622651,0.010145954,0.009197367,438.2439619,19009.64649,6.783958915,20.33331908,0.372326526,0.394978193,0.400451964,2.017723621,0.540927879,0.876525496,0.650526758,0.902621974,1.030306477,0.000555855,0.005618483,0.000225641,0.071198988,0.026161305,0.954953578,0.000204367,0.818324373,8.143831491,3.566195128,126.9331731,0.673688302,0.689123474,18.13948345,29.63383573
0.30007659,0.070969581,10.7460896,0.010158564,0.00918877,441.500344,18911.49146,6.776009061,20.26544637,0.372465651,0.396520505,0.400799202,2.010593934,0.538453989,0.879819162,0.650852806,0.902782605,1.029509893,0.000552949,0.005679751,0.00022535,0.071879267,0.026142064,0.953016154,0.000102107,0.821023165,8.10247433,3.55176145,127.8797359,0.66883023,0.692125283,18.09612981,29.4273314
0.300934372,0.070578633,10.76386328,0.010175544,0.009057,444.297727,18838.15844,6.757661216,20.15007093,0.371373126,0.391683018,0.397907586,2.005254447,0.539689075,0.88069755,0.648342477,0.906198327,1.029589404,0.000555394,0.005640765,0.000224366,0.07249264,0.026275792,0.950569009,4.71E-05,0.816019921,8.075977802,3.598230842,129.1541372,0.663803073,0.692669274,18.05452275,29.38897949
0.298609869,0.070886342,10.70334674,0.010177106,0.009013965,444.0140302,18790.0103,6.78131263,20.25757986,0.374996634,0.39497461,0.39927576,2.000116666,0.532293115,0.880313182,0.646943217,0.909357374,1.024235673,0.000555333,0.005651875,0.000224156,0.07270083,0.026375354,0.946572586,2.40E-05,0.819030957,8.074854837,3.577341339,127.1257975,0.665506788,0.695611647,18.19103318,29.1728924
0.298438179,0.070022715,10.82008046,0.010182315,0.00903355,441.0040009,18714.04978,6.790522918,20.28119685,0.372240655,0.39531263,0.398012745,2.000952935,0.530555329,0.880620863,0.645735589,0.913325595,1.024965721,0.000556371,0.005642735,0.000223316,0.072934126,0.026325564,0.940131244,0.000118546,0.821316606,8.004598758,3.541165078,127.9662589,0.663318664,0.698772836,18.15028425,29.02190997
0.299945774,0.069336655,10.76698237,0.010113071,0.008942646,438.3511752,18773.44661,6.684317387,20.25199973,0.370778482,0.391518019,0.398965423,1.987139325,0.53422381,0.877132686,0.651068584,0.900980481,1.026616615,0.000555116,0.005683044,0.000223332,0.072774374,0.026403992,0.951654759,9.28E-05,0.821626572,8.034558767,3.560270289,127.4623537,0.661748955,0.694195427,18.14377615,28.87501317
0.300219214,0.069296544,10.7726353,0.010148802,0.008947832,437.0740597,18764.40707,6.711395324,20.12360894,0.368992222,0.388783621,0.402091444,1.986508801,0.530830205,0.875926432,0.654374014,0.89989034,1.027276546,0.000556033,0.005602885,0.00022424,0.072567944,0.026107489,0.950773434,5.44E-05,0.821833759,8.117078275,3.540391982,126.4886589,0.661456265,0.694694828,18.13458468,28.87551589
0.299845249,0.068998093,10.87952946,0.010145942,0.008954685,440.5460807,18723.27668,6.728886306,19.92271601,0.366580317,0.385648972,0.402113738,1.980454308,0.533416967,0.873394961,0.653057082,0.905495788,1.027838472,0.000555622,0.005606542,0.000224418,0.073250227,0.026065927,0.955603884,8.29E-05,0.819500417,8.142488232,3.54175873,127.4365739,0.661708792,0.688535238,18.18557505,28.97509423
0.29774945,0.069320372,10.92095325,0.010190915,0.008903204,439.1644175,18856.05015,6.726557657,20.15016304,0.365990672,0.384784528,0.400213497,1.973830165,0.533241137,0.875440421,0.647121493,0.909717085,1.028696661,0.000565875,0.005632433,0.000222633,0.073507675,0.025902304,0.960879354,0.000112443,0.82522825,8.134696158,3.507946458,126.782672,0.662528438,0.685105416,18.14300103,29.14836715
0.299938941,0.070300555,10.92670914,0.010222657,0.008917042,440.3518269,18906.76008,6.72497714,20.26494425,0.364884312,0.383418244,0.40256859,1.981009411,0.536222159,0.875990887,0.648017894,0.906718567,1.031798437,0.000566371,0.005651537,0.00022317,0.073443925,0.025783632,0.95783836,0.000259532,0.819136397,8.199459558,3.503525904,127.3515923,0.662637485,0.688950459,18.08490699,29.41595136
0.299703204,0.070672458,10.9700745,0.010252979,0.008903459,441.762901,19013.59945,6.717340405,20.27155876,0.360949476,0.384646023,0.39877604,1.990077068,0.536480059,0.877997889,0.645222938,0.912530265,1.033194214,0.000569283,0.005660016,0.000224725,0.073252756,0.025676245,0.957361833,7.87E-05,0.822354769,8.20540837,3.51717078,127.6952554,0.659324752,0.69157346,18.04108773,29.33097682
0.30117271,0.070361968,10.98073626,0.010203847,0.008945014,441.3032777,18922.50883,6.740324811,20.27697754,0.359798769,0.381862346,0.393659553,1.988951875,0.541551357,0.875935097,0.64624132,0.911837835,1.028010827,0.000566853,0.005667436,0.000225597,0.073054968,0.025671966,0.96145887,0.00018872,0.829459607,8.224321111,3.47741269,126.5235949,0.664866048,0.684710829,17.97444051,29.54141775
0.302447958,0.069935913,11.02887715,0.010234459,0.00891711,439.2033975,18834.42648,6.743823931,20.11145961,0.359459709,0.381613001,0.38789662,1.990922077,0.5396298,0.870995737,0.6421785,0.906081037,1.038146685,0.00056829,0.005669347,0.000224158,0.073204829,0.025372872,0.957847771,0.000162175,0.828553317,8.19010816,3.476479629,126.4571679,0.665307956,0.687471804,17.99465512,29.51197001
0.301738502,0.069883841,10.9990953,0.010136477,0.008991919,439.1596697,18786.06133,6.723769818,20.02482053,0.359489641,0.378268667,0.388609912,1.972681198,0.537862289,0.867975628,0.640164695,0.900454745,1.034790575,0.000565359,0.005651338,0.000225031,0.07278007,0.025557872,0.957091414,0.000164311,0.83552988,8.170979798,3.489195683,126.2748954,0.668503691,0.690500225,17.99931917,29.24023044
0.300836323,0.070786886,11.0633241,0.01024298,0.008982558,439.0739934,18864.00932,6.700738084,19.97837822,0.362597125,0.380944755,0.388708289,1.971074599,0.535889933,0.866351804,0.64110613,0.900194745,1.03350317,0.000564968,0.005673795,0.000225526,0.072297031,0.025936717,0.954891241,2.30E-05,0.82752122,8.23106746,3.514626951,125.3412925,0.666624716,0.692075641,18.09499267,29.15463643
0.300049939,0.070720425,11.14901615,0.010248765,0.008924076,437.8282353,18969.63769,6.670407169,20.06801607,0.36130326,0.380523101,0.390347006,1.960413293,0.531546854,0.859948188,0.636735803,0.899588448,1.036541028,0.000566945,0.00566475,0.000226031,0.07223562,0.026025618,0.954234902,3.98E-05,0.818370422,8.211089006,3.522600119,124.6544264,0.669396705,0.691812844,18.14360812,29.10433681
0.298973696,0.070549056,11.13193154,0.01032382,0.008847113,435.0863389,19114.95651,6.696968404,20.10846053,0.360916536,0.380350293,0.39001004,1.975735932,0.53398229,0.858494343,0.634701712,0.900773597,1.038710606,0.000567384,0.005698929,0.000224887,0.072127102,0.026094632,0.946409181,7.50E-05,0.809910195,8.272786624,3.5145839,122.6990985,0.661974154,0.690642324,18.15463719,28.82877173
0.299764703,0.071143195,11.18850338,0.010347226,0.00886421,434.8812066,18954.99405,6.668359178,20.04035486,0.358393358,0.380475217,0.386329846,1.982120307,0.530127794,0.855032743,0.636128037,0.898685887,1.032396144,0.00057109,0.005702756,0.000225588,0.071614939,0.026029614,0.943250121,6.67E-05,0.81000743,8.262480026,3.498156607,121.6704312,0.668706019,0.689084719,18.25741104,28.91522424
0.299590998,0.071151597,11.18587353,0.010316083,0.008862323,433.2936736,18806.94185,6.640558728,20.07159749,0.357110306,0.384771731,0.383215307,1.981038185,0.530955153,0.85706046,0.637409586,0.89907482,1.0245283,0.000569134,0.00571829,0.000226297,0.071837662,0.02606486,0.938924526,6.30E-05,0.806442756,8.294963291,3.506338651,121.9280216,0.662645548,0.693447063,18.34065186,29.02985615
0.301761457,0.070811699,11.18468293,0.010270386,0.008880389,433.5242669,18971.00645,6.684577259,19.94178271,0.353853213,0.386322269,0.384373765,1.976995115,0.530503491,0.855174677,0.637555138,0.903690675,1.026989483,0.000567171,0.005739536,0.000225953,0.071817602,0.026151548,0.94223953,7.63E-05,0.808727717,8.333353833,3.518071779,120.6429056,0.658933092,0.690160818,18.31939089,28.81017203
0.300270854,0.070610177,11.10011652,0.010356035,0.008815012,431.8203996,18840.85923,6.74283314,20.03539799,0.352970712,0.383966746,0.384237571,1.98084218,0.525886735,0.856446279,0.639966968,0.899835488,1.02886496,0.000570424,0.005728888,0.000225937,0.071565164,0.026051729,0.943512521,0.000159666,0.810445503,8.343714629,3.514538754,120.4793828,0.659210358,0.68709414,18.34418099,28.89313138
0.300559926,0.070230171,11.21978609,0.010422942,0.008792296,430.2001167,18981.08007,6.749606138,19.89984649,0.354058101,0.38203797,0.384509144,1.975538329,0.529048916,0.856114049,0.639762598,0.895152851,1.028109509,0.000568573,0.005714643,0.000226986,0.071282373,0.02598512,0.943233818,0.000241344,0.805920234,8.379117077,3.475581839,118.6130532,0.657603904,0.683930291,18.26938277,28.9211803
0.299791995,0.070920203,11.19146838,0.010371353,0.008882801,428.2696555,18961.83244,6.767905506,19.91795421,0.355943223,0.384127604,0.383387438,1.98522649,0.52953831,0.855865794,0.639568779,0.885020501,1.020120811,0.000570931,0.005709988,0.000228088,0.070786102,0.026013402,0.946564737,2.33E-05,0.805479092,8.329340848,3.498959234,119.1432959,0.662215339,0.679227656,18.32410981,28.8415721
0.302642209,0.071138198,11.23986674,0.010434709,0.00883696,427.9159083,18939.77951,6.775211423,19.97126559,0.354446414,0.388171163,0.381811029,1.99789485,0.522348201,0.851895517,0.635285858,0.886200853,1.024587155,0.000571155,0.005720969,0.000227199,0.070756625,0.025958087,0.948575652,8.93E-05,0.803939581,8.312654162,3.489878593,119.7605987,0.661426323,0.678190387,18.29689096,28.78301471
0.302531481,0.071881756,11.20605487,0.010370939,0.008907991,425.5796909,19041.41285,6.792740657,20.15066414,0.35586923,0.388073555,0.382589976,1.989582057,0.52311122,0.851422094,0.63719781,0.890382124,1.02346471,0.000572124,0.005657145,0.000226399,0.071010167,0.026003399,0.947317791,0.000132147,0.801921228,8.30633313,3.483427055,118.3200795,0.661988709,0.678023418,18.40256336,28.70769676
0.301389867,0.071971116,11.15446385,0.010433972,0.008916675,424.1535678,19071.24716,6.812707387,20.11844905,0.35550225,0.389289126,0.383024818,1.989570606,0.522359655,0.851231427,0.640733979,0.891078777,1.024508841,0.00057194,0.005650113,0.000225403,0.070727801,0.026128737,0.93854907,7.48E-05,0.809253629,8.334456253,3.490401373,118.1289233,0.666084614,0.676286267,18.38721983,28.82202448
0.301130052,0.071397394,11.15976905,0.010416423,0.008857209,423.2101608,19128.74524,6.820784272,20.10182085,0.357631636,0.391906299,0.385063853,1.967461529,0.51822201,0.852070786,0.636749174,0.885981706,1.024704861,0.000570567,0.005626184,0.00022609,0.070504665,0.026126874,0.936921481,9.91E-05,0.812367796,8.328118018,3.517683722,118.9787897,0.668838359,0.674976193,18.33641394,28.69256193
0.301243877,0.071034265,11.13215784,0.010350704,0.008868806,420.2680472,19186.8713,6.807061597,20.19356353,0.35679537,0.392685863,0.383087892,1.983647056,0.516336899,0.855673319,0.636403718,0.886325469,1.028562877,0.000570849,0.005653641,0.000225385,0.070185353,0.026096878,0.943727885,0.000128372,0.805027232,8.335879173,3.498701164,117.9306137,0.665274499,0.667230049,18.38798574,28.52020265
0.300847519,0.071466553,11.04948168,0.010361204,0.008897609,418.6192731,19111.51102,6.835783897,20.23353017,0.355861003,0.39578928,0.380582702,1.982735565,0.518484481,0.852932933,0.637848036,0.881320118,1.034828675,0.000572861,0.005665096,0.000226176,0.069862737,0.026128755,0.939302466,4.10E-05,0.802007528,8.327383482,3.495135214,117.5928314,0.671666005,0.66162047,18.2361048,28.46563748
0.300821172,0.07084549,11.0378063,0.010326194,0.008795908,416.6484724,19162.74605,6.840963313,20.09399722,0.360440307,0.393972687,0.378777375,1.975576674,0.519125298,0.853105168,0.63639976,0.873161992,1.03619101,0.000570331,0.005711291,0.000225858,0.07000783,0.025990184,0.941644005,0.000109294,0.801363718,8.31933522,3.506240653,119.0290046,0.674481411,0.665898882,18.25772456,28.47706282
0.301475122,0.0702586,11.07237581,0.01035211,0.008701431,418.9627521,19219.23189,6.819381454,20.02133652,0.359322268,0.395388946,0.378411388,1.986065076,0.519872639,0.848905843,0.635628406,0.875027652,1.034356236,0.000572594,0.005739537,0.000225873,0.070601018,0.025960246,0.939637759,0.000172152,0.804411377,8.269772909,3.499871152,117.7906603,0.672791337,0.670786569,18.15845444,28.53172427
0.302546953,0.070599762,10.94863131,0.010367142,0.008768539,419.3051172,19268.43489,6.798946198,20.04352862,0.356883737,0.39467215,0.378851075,1.977451975,0.517319806,0.850424318,0.636555863,0.869837768,1.039655314,0.000571315,0.005718622,0.000225481,0.070580738,0.025786486,0.94053005,0.000107292,0.808013679,8.280188103,3.474302049,117.995229,0.672783425,0.678239062,18.03269151,28.50377237
0.303687068,0.070319165,10.84233814,0.010302149,0.008794279,419.4585453,19111.50943,6.825441517,20.01687356,0.356057247,0.392732214,0.37661542,1.966877258,0.52277934,0.850321619,0.632388919,0.876486552,1.047540971,0.000571078,0.005683504,0.000224962,0.070587043,0.025778853,0.936959303,1.24E-05,0.815883578,8.223719111,3.469738696,119.5523313,0.673388469,0.680757197,18.11130276,28.47869516
0.3041826,0.069788353,10.95890281,0.010303421,0.008734167,418.8361747,19172.32351,6.783065958,20.12636888,0.354368263,0.391585602,0.380966275,1.98876977,0.522371869,0.848618537,0.632785938,0.874725401,1.039861986,0.000571995,0.005738696,0.000225302,0.070225136,0.025888025,0.937912988,1.54E-05,0.812407299,8.223333058,3.471931836,119.4313591,0.674368181,0.675911228,18.17770276,28.59636549
0.303235072,0.069929134,10.89003756,0.010349725,0.008702271,417.7315789,19119.04725,6.798108409,19.99966839,0.357268079,0.392343097,0.37981444,1.98338119,0.522683468,0.852444263,0.634015923,0.878279066,1.031025765,0.000578563,0.005785309,0.000226029,0.07044291,0.025723044,0.935091257,5.96E-05,0.819292163,8.19547004,3.461868228,120.4899333,0.67443311,0.676936949,18.22586451,28.40101789
0.302362272,0.069613337,10.94320962,0.010399123,0.008693511,419.7570772,19214.94621,6.801155825,19.91869054,0.359743814,0.390410973,0.377884227,2.009438924,0.525367789,0.85216789,0.635418927,0.877750567,1.035677515,0.000582743,0.005796871,0.000223689,0.070003179,0.025648432,0.937422666,0.000124429,0.82488308,8.143444978,3.466501425,120.4323405,0.66955704,0.675451256,18.2469526,28.41683561
0.302457312,0.068533446,10.92716771,0.010396049,0.008660354,421.1335512,19271.9581,6.790509542,19.89773776,0.360572817,0.386870936,0.380697349,2.016346827,0.529682241,0.849980348,0.638215271,0.882586612,1.040846918,0.000580157,0.005780543,0.000222579,0.069801432,0.025643772,0.938258203,3.35E-05,0.816145352,8.135067672,3.499191142,121.0392678,0.670988324,0.679129711,18.1945142,28.1970298
0.302636494,0.068013893,10.9167923,0.010420085,0.008560997,425.1270129,19482.94919,6.781461069,19.99734764,0.356910072,0.383402348,0.380659826,2.011522244,0.531237381,0.846734765,0.641197254,0.885209433,1.042991167,0.000578795,0.00576599,0.00022218,0.069637535,0.025672572,0.93444504,1.91E-05,0.812904239,8.072272996,3.536670469,122.086154,0.66896442,0.67879339,18.1289721,28.10484542
0.302955067,0.068293892,10.99219614,0.010436126,0.008525941,425.909208,19527.67188,6.765941819,20.25475796,0.353658778,0.383929101,0.38095898,2.017320285,0.538041129,0.847313132,0.639264128,0.886973188,1.045650315,0.000582768,0.005750526,0.000221389,0.069717348,0.025854816,0.930606529,2.06E-05,0.804318483,7.95747786,3.541962447,121.8423219,0.66178677,0.678597453,18.02860484,28.09059289
0.304551612,0.06798267,11.00758265,0.010376833,0.008500274,423.0546637,19502.82484,6.736480716,20.12630359,0.35248899,0.385758444,0.383806397,2.018342714,0.534993396,0.851998688,0.638958671,0.892483346,1.046456261,0.000582501,0.005760398,0.000221417,0.069064677,0.025934569,0.935544322,7.12E-05,0.812647016,7.916140349,3.542769847,121.0186838,0.660604702,0.684800792,18.10638118,28.17740269
0.306513668,0.068031506,11.00996539,0.01033692,0.008402959,426.992893,19537.10579,6.720690624,20.13849226,0.350227165,0.386071247,0.385887402,2.011866159,0.537060859,0.854651834,0.638414081,0.892726906,1.042164425,0.000581534,0.005778276,0.000222996,0.069064865,0.02580412,0.933146165,5.06E-05,0.813070078,7.950875176,3.54740006,120.633087,0.657864965,0.681226016,18.0581461,28.11812868
0.30589159,0.067697296,10.98204156,0.010375826,0.008297816,427.2935948,19669.83792,6.68646,20.30877639,0.35111687,0.387369847,0.385217697,1.997654083,0.540250887,0.853490468,0.640251238,0.886860267,1.042751843,0.000583153,0.005802197,0.000222724,0.069391069,0.02561106,0.935241533,6.36E-05,0.817517726,7.962837804,3.547459755,118.2907781,0.657443759,0.677775308,18.14117879,28.30124482
0.306300393,0.067284771,11.00547854,0.010364921,0.008257711,426.8148077,19602.26845,6.728615831,20.39776344,0.350081014,0.387980452,0.38314273,2.004712924,0.538085552,0.8539949,0.641462274,0.885473288,1.047299888,0.000589332,0.005862129,0.000223291,0.068513382,0.025566312,0.93386795,9.62E-05,0.809422912,7.987528356,3.564997242,119.5114121,0.659049835,0.680928908,18.19250895,28.23433807
0.306042113,0.067416642,10.99635085,0.01043045,0.008193853,424.4521201,19775.94101,6.669439176,20.44117996,0.349705416,0.387901709,0.382376312,2.002860396,0.543004411,0.858648969,0.640488451,0.890284782,1.049491354,0.000582721,0.005838545,0.00022441,0.068106076,0.025517616,0.930666566,0.000211935,0.803542782,7.977279268,3.576612811,118.3095752,0.657846884,0.674933621,18.19442035,28.55565481
0.305257151,0.067288938,11.04004019,0.010440917,0.008108983,421.8733842,19761.52867,6.633951861,20.5954156,0.347385923,0.390427448,0.384841429,2.000738415,0.54410968,0.862669778,0.639291802,0.887174706,1.042212789,0.000581299,0.005834778,0.00022367,0.067698416,0.025701664,0.925782693,6.37E-06,0.80860045,8.029712079,3.559215468,116.3715416,0.659903237,0.670986616,18.1920381,28.35062797
0.303527683,0.067058164,11.02942885,0.010417785,0.008085803,423.611163,19760.60088,6.650608224,20.61207913,0.349770915,0.388384247,0.384714787,2.001709703,0.544507415,0.863514839,0.635139552,0.884394154,1.044048975,0.000585664,0.005820973,0.000224666,0.067482958,0.025737539,0.933317178,9.45E-05,0.80368469,8.043892782,3.558550368,115.9715958,0.656071069,0.664121211,18.1470459,28.54520978
0.302587171,0.067424571,10.92526862,0.01036614,0.008173436,426.3795362,19619.39131,6.651985653,20.58032829,0.350172675,0.388478123,0.386867867,2.008920541,0.542777615,0.861433011,0.634348184,0.88655887,1.041725023,0.00058827,0.005901511,0.000223895,0.068349597,0.025721231,0.926004543,7.54E-05,0.799685097,7.967345906,3.571816156,117.1528858,0.654473606,0.659920131,18.02744302,28.38617115
0.303070961,0.067444754,10.8915724,0.010286842,0.00811345,422.415272,19868.33236,6.622459317,20.54413306,0.350878671,0.393242556,0.388492251,1.998786744,0.539518647,0.863605239,0.632345171,0.894748526,1.043994449,0.000583615,0.005935936,0.000223422,0.068306658,0.025705807,0.928658317,9.23E-05,0.793686524,7.943570646,3.594528003,118.7710593,0.656630114,0.661517727,18.09967464,28.20700634
0.301812287,0.067324151,10.85855171,0.010351301,0.008125186,421.3938744,19850.63255,6.627181325,20.48393992,0.351727753,0.39143698,0.391563321,2.015148324,0.541729255,0.859637112,0.631251424,0.895168169,1.034469898,0.000578966,0.005937333,0.000221778,0.068030334,0.025416217,0.929692321,0.00013294,0.795717008,7.893809369,3.595615452,117.8188697,0.655425805,0.660328921,18.04446102,28.21847225
0.301967522,0.067248708,10.84095394,0.010374818,0.008051492,419.355142,19704.60391,6.685735857,20.37915984,0.351592245,0.392746554,0.386814281,2.016639771,0.543009847,0.855254459,0.629573011,0.884832919,1.0309712,0.000576936,0.006001994,0.000222194,0.067770297,0.025156259,0.929365691,2.94E-05,0.787247752,7.942655467,3.619216141,116.7151934,0.657968631,0.656484074,17.95576336,28.33680486
0.301474513,0.067645353,10.86673426,0.010399236,0.008043869,419.5213032,19804.23124,6.688811707,20.10520202,0.353234424,0.394221368,0.386813056,2.001810124,0.541771145,0.853182601,0.62798427,0.87821471,1.037581861,0.000581273,0.005983309,0.000221463,0.068180955,0.025536462,0.930847887,1.27E-05,0.785712082,7.942427807,3.623632007,114.6168791,0.654106731,0.655295855,17.99032968,28.29251648
0.298121795,0.068026493,10.92002831,0.010435744,0.007933953,421.3685152,19792.14995,6.706953355,20.15404564,0.353960395,0.395357216,0.384066495,2.014682327,0.545374448,0.853111726,0.630099186,0.866143918,1.034524648,0.000584663,0.005978816,0.000220739,0.067399118,0.025424882,0.925063127,6.71E-05,0.784617366,7.914419285,3.623446183,114.902329,0.654898797,0.658614835,18.02190806,28.51140127
0.298325529,0.068071587,10.9546728,0.010456895,0.007947793,420.3885254,19901.12698,6.701334569,20.13763382,0.353450364,0.397135616,0.384013839,2.005539909,0.547916228,0.855416821,0.632450909,0.86421404,1.034704943,0.000587473,0.005954401,0.000221606,0.067048301,0.025231567,0.927050915,0.000177047,0.782519522,7.889762424,3.628051706,114.5719212,0.648215119,0.661164294,18.02288555,28.29342298
0.300127553,0.067804419,10.96246045,0.010408386,0.007947382,419.575503,19854.58128,6.691310662,20.13749957,0.351510125,0.400030326,0.383529266,2.017514639,0.546938911,0.852713166,0.629344487,0.862013387,1.03568716,0.000584463,0.00595859,0.000222075,0.067349142,0.025148485,0.927423248,0.000125658,0.776234993,7.857394069,3.627785051,115.3298871,0.651664053,0.655856278,18.01029137,28.38140033
0.300341868,0.067681856,10.90671583,0.010479634,0.007954923,419.9686817,19889.75277,6.703239977,20.07416122,0.353983253,0.401957723,0.384191109,2.020197729,0.545609389,0.854503002,0.632981506,0.867186614,1.043998961,0.000582642,0.005963934,0.000221772,0.067173864,0.025019629,0.929245512,0.000144097,0.772897554,7.889731691,3.665981224,115.645569,0.652272829,0.661775284,18.1056464,28.61647522
0.299053613,0.067650626,10.84677159,0.010454762,0.007909667,420.0903756,19941.09341,6.703819185,20.17824829,0.3555166,0.40286725,0.384730589,2.026929188,0.547464483,0.854139961,0.631301778,0.861440593,1.042886758,0.000583398,0.005998262,0.000223384,0.067300829,0.02498414,0.932790178,9.66E-05,0.773473452,7.840571058,3.647190336,114.1530669,0.654173894,0.655740005,18.01628852,28.54631367
0.298773342,0.068048384,10.89113291,0.010471209,0.00782831,421.2326317,20026.01154,6.710232089,20.00703672,0.355461047,0.401738422,0.385195599,2.038546686,0.542544106,0.852806956,0.632432986,0.862479578,1.045615934,0.000582078,0.005976521,0.000224083,0.067105082,0.02504586,0.937963211,7.19E-05,0.77392715,7.829642656,3.625013507,113.0311801,0.654195584,0.661495876,17.9950797,28.44690872
0.298465277,0.067605751,10.92448216,0.010459496,0.007826492,425.7880046,19966.40912,6.710394906,20.10138011,0.358746321,0.402728026,0.385339002,2.042414446,0.541966324,0.853645904,0.631367713,0.858424847,1.044003711,0.000582371,0.005951633,0.000225436,0.067375945,0.024778425,0.931224381,0.000166786,0.774487168,7.879199719,3.596846553,114.7570965,0.656988041,0.669212746,17.88638028,28.48226971
0.299491863,0.067456006,11.0703411,0.010535579,0.007851104,430.4069269,19975.27009,6.685557613,20.13446958,0.360196686,0.404444883,0.383018148,2.056253574,0.542211534,0.85187159,0.630345025,0.858012544,1.048810029,0.000582053,0.005952492,0.000224784,0.066989405,0.024892179,0.929120372,0.00026895,0.773388762,7.897847069,3.592246765,115.6138119,0.655934522,0.677931633,17.86278758,28.37197604
0.30006966,0.0671575,11.0841647,0.010591038,0.007841505,428.9324789,19916.96254,6.680302559,20.19393104,0.358770782,0.404883396,0.385507843,2.059012834,0.53962515,0.85598799,0.633628215,0.850705903,1.048421682,0.000586858,0.005968779,0.000224146,0.067375189,0.024917655,0.929887088,0.000234581,0.761247339,7.957453949,3.606008578,114.1893933,0.652697168,0.681977224,17.89401793,28.43162076
0.299820167,0.067227665,11.0993903,0.010660873,0.007733013,427.7010338,19949.14521,6.681806723,20.10838327,0.357206186,0.405069367,0.382625589,2.050511051,0.538654715,0.854959285,0.632801664,0.842371155,1.045499702,0.000591881,0.005992178,0.000220978,0.066932223,0.02484421,0.921795059,0.000111839,0.757502277,7.95641461,3.623424359,113.3203304,0.647305479,0.680692333,17.93983057,28.71024944
0.300278459,0.067855348,10.99136823,0.010587639,0.007700771,428.3450765,20072.38878,6.6469916,20.18328038,0.35252585,0.401468024,0.379456037,2.06424502,0.535395317,0.853831335,0.630949997,0.837453461,1.044169363,0.000589083,0.005990362,0.000222005,0.067189584,0.02497331,0.919953605,0.000271374,0.756113895,7.956632042,3.612712937,111.6585206,0.642370492,0.681256822,17.88499438,29.10453872
0.299974668,0.067952438,10.92584033,0.010589023,0.007737262,433.8679156,20115.883,6.604207145,19.99164911,0.35405274,0.400686712,0.379620209,2.069807485,0.536213234,0.850842728,0.627069373,0.843465141,1.04513187,0.000588216,0.006020496,0.000223282,0.066808234,0.025225494,0.916769392,0.00011146,0.757202302,8.000144329,3.647392881,111.7541897,0.641118554,0.681796318,17.86286043,29.03517025
0.300904535,0.067951109,10.97762983,0.010524793,0.007624355,435.1226872,20165.56654,6.571241224,20.04603806,0.353124451,0.397869531,0.377711447,2.062364518,0.533410247,0.850349268,0.624614991,0.840101347,1.041898134,0.000587847,0.006020126,0.000223678,0.066926729,0.025300731,0.911127975,4.36E-05,0.766277675,8.085607301,3.64912129,112.7737617,0.644694474,0.68332517,17.90427718,29.11929813
0.300797093,0.067745214,11.02588317,0.010497639,0.007609221,436.904893,20079.78012,6.569408264,20.00614803,0.355500122,0.397489429,0.380383222,2.068408922,0.528524883,0.849814447,0.624877472,0.837845326,1.038913344,0.000585577,0.005994859,0.000224045,0.06730649,0.025329273,0.915010174,0.000109718,0.763468801,8.131549273,3.668790338,112.730117,0.646792946,0.684249639,17.79906887,29.20927375
0.301287394,0.067745955,11.0004363,0.010511327,0.007589504,439.4375555,20030.05769,6.587975236,20.0242788,0.356192322,0.39928989,0.378625618,2.055830441,0.534965074,0.848732586,0.623650329,0.837684775,1.038602286,0.000586661,0.006032172,0.000223322,0.066845742,0.025322407,0.912423245,9.76E-05,0.763333708,8.12372321,3.667168172,112.6249518,0.651718126,0.683458281,17.72985105,29.13479921
0.303762929,0.068280648,10.95305156,0.010495629,0.007518895,440.840209,20079.67707,6.57953318,20.01194953,0.356981741,0.395868736,0.375790903,2.070042656,0.534488187,0.851258798,0.624338919,0.837658306,1.037329035,0.000584494,0.006035796,0.000224492,0.066940359,0.025178074,0.917042163,0.000278951,0.762751884,8.094236295,3.671071105,110.4430716,0.650640705,0.684415079,17.75806005,29.17856145
0.30633712,0.067614497,10.85291229,0.010526686,0.007458042,441.5377282,19985.6501,6.597765557,19.92112026,0.356923908,0.397101513,0.375237971,2.075009828,0.53135068,0.845724874,0.623418718,0.838025704,1.048013898,0.000591839,0.006064137,0.000224843,0.067022252,0.025137918,0.918579989,0.000235459,0.764126755,8.101017031,3.625775911,112.2195599,0.651228737,0.69088647,17.85170845,29.25798435
0.305608717,0.067778714,10.90729821,0.010486483,0.007475927,443.44913,20005.3036,6.584630823,19.87721812,0.358367076,0.398266886,0.375119976,2.069209755,0.534656163,0.844644236,0.617905048,0.849776831,1.047741448,0.000591042,0.006052426,0.000223209,0.066741984,0.025209204,0.911944312,0.000160315,0.763859776,8.134705861,3.620970145,110.5526442,0.654261308,0.687013487,17.70961442,29.17086527
0.30722656,0.068110854,10.8351501,0.010483917,0.007495497,442.203936,20102.01289,6.643554823,19.95693537,0.359067537,0.39821974,0.375261209,2.070457976,0.536860096,0.844511297,0.615389518,0.8430228,1.046756944,0.000592588,0.006046115,0.000224221,0.066325296,0.025197064,0.909063385,0.000155436,0.767373719,8.168996232,3.614582835,110.2558063,0.660069683,0.69164361,17.7642903,29.2773478
0.308296075,0.06845224,10.92053029,0.010549969,0.007500869,436.0796636,20083.26677,6.676509753,20.01514094,0.358634567,0.399447281,0.374542496,2.066039809,0.543686712,0.843719515,0.616079367,0.835748977,1.043026584,0.000590811,0.006094175,0.000223718,0.06637137,0.025482791,0.910093869,8.72E-05,0.77295007,8.22583388,3.627415608,109.2249588,0.660202826,0.68691963,17.78537834,29.23697118
0.308882236,0.06886391,10.87300774,0.010580185,0.00749366,433.9835839,20166.81106,6.636449231,20.06242894,0.35351354,0.401931406,0.374351755,2.080299465,0.547176816,0.843654839,0.615887885,0.835459947,1.047513494,0.000589651,0.006139019,0.000224397,0.066266787,0.025450788,0.913031982,1.82E-05,0.77503564,8.208967361,3.604902774,107.8974404,0.663744033,0.68342326,17.72327169,29.34245707
0.311779472,0.069157115,10.84870938,0.010612886,0.0074517,438.696308,20125.67615,6.605410051,19.94674197,0.35311594,0.402668244,0.374971115,2.072639821,0.548016292,0.844992857,0.612119254,0.836735267,1.044580489,0.000586772,0.006142627,0.000224066,0.065904616,0.02533446,0.91760241,7.38E-05,0.769236537,8.19197603,3.6183252,108.6949419,0.664681695,0.678129742,17.69937387,29.35422466
0.315760891,0.068913386,10.89775935,0.010549451,0.007388478,438.4265086,20120.98622,6.550314548,19.99648421,0.354619715,0.403575566,0.373276415,2.07440719,0.550048349,0.842540424,0.614733479,0.83162251,1.044405248,0.000585654,0.006159502,0.000223508,0.06598303,0.025293298,0.921711859,0.000108924,0.770582441,8.185258392,3.623219246,109.4589399,0.661482626,0.680927951,17.64367158,29.39245296
0.318287103,0.069488138,10.88294036,0.010638881,0.007350487,438.6150503,20349.16593,6.569587997,19.96118507,0.348216747,0.400115806,0.374688343,2.08726292,0.556612824,0.836398879,0.615490551,0.828631627,1.051835862,0.000589299,0.006110724,0.0002247,0.066078308,0.025245525,0.925816993,0.000114512,0.769129838,8.208372796,3.597522417,110.5730533,0.660647579,0.681226671,17.67843774,29.04832202
0.318564094,0.069250603,10.95885831,0.010652592,0.007360402,438.2483449,20270.21839,6.565772001,20.04199579,0.344308332,0.399492457,0.374461666,2.097816375,0.556698915,0.830652904,0.613875418,0.835506293,1.054958257,0.000588028,0.006067035,0.000225534,0.066502504,0.025100401,0.925405632,0.000154504,0.764661458,8.19601036,3.610068818,110.3272975,0.662731005,0.686458661,17.71967922,29.13573164
0.318599217,0.06871386,10.90271019,0.010632571,0.007310817,441.4816006,20239.41432,6.528258285,20.10530897,0.343324622,0.398875636,0.373804032,2.111961172,0.553414472,0.829707162,0.612639204,0.829599294,1.061209351,0.000588038,0.00604537,0.000224851,0.066551726,0.024917776,0.929559585,0.000122754,0.76128629,8.217950787,3.588829181,109.9837523,0.654863364,0.684957952,17.69563171,29.03619552
0.319885923,0.068905738,10.8872667,0.010605574,0.007237343,441.6549512,20196.54728,6.511301459,20.08514901,0.344896606,0.39882367,0.373470297,2.118523372,0.551513339,0.82404204,0.611927663,0.822705278,1.054374918,0.000589625,0.006007546,0.000224048,0.066809566,0.024825633,0.935392771,0.000140329,0.760162163,8.209289067,3.570510599,109.6528257,0.651968611,0.685372411,17.74318485,29.0420776
0.320971619,0.068221189,10.82600145,0.01053488,0.007250652,442.8965721,20262.60018,6.504664134,20.16068505,0.343588663,0.395551674,0.37058452,2.12066817,0.548368734,0.823885691,0.612294835,0.816759138,1.050678721,0.000596375,0.005972017,0.000225736,0.066764882,0.024811334,0.938437506,0.000152056,0.759057336,8.248163432,3.580445171,109.2597936,0.656470533,0.683742058,17.7154032,28.8539409
0.321360041,0.067523875,10.77181862,0.010560432,0.007282527,442.2662759,20141.25291,6.519595026,20.23875159,0.347215647,0.395469261,0.3689605,2.111214472,0.543850392,0.82322264,0.612472108,0.816584063,1.052376589,0.000592814,0.005962056,0.000224218,0.067151021,0.024785704,0.93004141,6.84E-06,0.757313871,8.215859743,3.547893847,110.1893494,0.648863586,0.685877393,17.68574273,29.0937491
0.3212331,0.067538785,10.65419857,0.010535925,0.00726638,444.9752266,19949.83048,6.494787009,20.2682756,0.348449707,0.393623582,0.367987242,2.108843149,0.539876618,0.827152694,0.609163996,0.819995012,1.052722816,0.000594,0.005952987,0.000222328,0.067166572,0.024685763,0.933720938,7.42E-06,0.754760595,8.224554003,3.548340755,111.0542132,0.647031656,0.682594348,17.77537546,29.07929642
0.322336201,0.067180201,10.70102528,0.010520662,0.007278057,444.2376148,19754.02559,6.435603856,20.36214469,0.347725964,0.398061953,0.369666858,2.112201933,0.539993452,0.830411764,0.606777397,0.82398693,1.059681392,0.000596707,0.005907783,0.000222986,0.067098811,0.024677595,0.93501564,7.11E-05,0.753013202,8.251177673,3.544766298,109.9381491,0.642728537,0.681735702,17.76137589,28.81403256
0.323645439,0.067694365,10.66986169,0.01048827,0.007323875,443.3669094,19949.04869,6.457483067,20.32744833,0.350683573,0.394376592,0.370595986,2.123414984,0.539602876,0.831341837,0.608409369,0.828305172,1.066682851,0.000593313,0.005885288,0.000223366,0.067399131,0.024550494,0.932447682,4.64E-05,0.752773555,8.212244146,3.516118192,109.8771583,0.642786777,0.682719349,17.73494051,28.84694488
0.325221815,0.067997145,10.76724947,0.010472454,0.007322184,441.6373782,20049.39681,6.464676398,20.27682929,0.351139894,0.39684914,0.36640707,2.131972403,0.538635372,0.831650852,0.608756156,0.828033936,1.070197938,0.000589034,0.005777779,0.000223569,0.067207704,0.024475045,0.931579422,0.000215517,0.737114157,8.203474537,3.502243846,109.4669641,0.650753467,0.683497831,17.71353078,28.81817809
0.329012576,0.068099413,10.86091729,0.010399754,0.007349062,444.8346624,20122.55488,6.475096047,20.33956674,0.349656434,0.394677667,0.36507672,2.126436169,0.54109629,0.824597271,0.61280765,0.832936759,1.070504416,0.000591321,0.005839966,0.000222944,0.066792341,0.024452729,0.944961379,1.17E-05,0.73875249,8.199076013,3.481594472,110.6783853,0.653994709,0.684801867,17.60543403,28.53790898
0.329706011,0.068118695,10.88121106,0.010408422,0.007308151,446.4207073,20151.75807,6.45711916,20.41862867,0.348023107,0.394888732,0.367528285,2.121220527,0.536085333,0.829777346,0.610991635,0.838653849,1.066325775,0.000588595,0.005830597,0.000222512,0.06716134,0.024532284,0.943447564,9.43E-06,0.730759656,8.238301131,3.508634066,109.1391674,0.657392252,0.678459626,17.76171894,28.74814989
0.329700652,0.067674703,10.94760473,0.01044028,0.007324592,445.9326739,20385.30679,6.481805008,20.35525843,0.34564604,0.397798673,0.36710283,2.113675637,0.539975599,0.830132961,0.610142008,0.830896255,1.067269124,0.00058818,0.005868012,0.00022175,0.066964016,0.024476281,0.946713073,7.71E-05,0.724960362,8.169657755,3.472779716,111.205243,0.659945261,0.680256872,17.81187116,28.71582804
0.329969655,0.067675496,10.89947795,0.010373567,0.007336079,443.9969083,20272.65228,6.413634259,20.52490036,0.344167462,0.398399344,0.367641277,2.117298011,0.544224956,0.829303379,0.611064478,0.831752175,1.064537446,0.000589735,0.005866388,0.000222613,0.067336974,0.024313351,0.949100026,5.52E-05,0.735974869,8.141582419,3.457596979,109.4568815,0.656883386,0.685989565,17.79127726,28.9188661
0.329393325,0.06757659,10.94087323,0.010401941,0.007274217,443.5958695,20281.84181,6.399298864,20.65071151,0.345374591,0.401071482,0.369389287,2.125722118,0.544552938,0.835876519,0.607610894,0.834044558,1.062759684,0.000588375,0.005815039,0.000223092,0.067689537,0.024539078,0.943216266,0.000136293,0.736030223,8.151683624,3.483767238,108.2464199,0.652223374,0.68759077,17.78407974,29.28120088
0.332271871,0.06697842,10.90553383,0.01037973,0.007260677,439.5467784,20429.17297,6.388687633,20.56764686,0.347164078,0.405282178,0.366332459,2.116679687,0.539671081,0.835765454,0.606805497,0.840756934,1.061229163,0.000589279,0.005842242,0.00022371,0.067398334,0.024569797,0.939807968,6.03E-05,0.733457959,8.093835155,3.428989659,108.3266403,0.653993319,0.685060632,17.77363766,29.23146732
0.332460031,0.065863788,10.99902016,0.010398893,0.007279637,438.7533077,20389.69114,6.431154769,20.52185981,0.343239234,0.405402988,0.366316785,2.108928542,0.539091668,0.834240243,0.607293911,0.846452464,1.060002118,0.000591608,0.005756117,0.000223572,0.067223534,0.024466781,0.932554729,4.37E-05,0.729722159,8.043241536,3.413580424,107.0963384,0.658128798,0.687492263,17.64222899,29.47631128
0.335513268,0.066016958,10.95949518,0.010404113,0.007246135,437.7300814,20509.36443,6.479871173,20.40750464,0.346228323,0.406163753,0.366752395,2.103832765,0.541714998,0.832991883,0.604327156,0.845126309,1.068155244,0.000588008,0.00570952,0.000223124,0.067683064,0.024472402,0.932152092,0.000119585,0.740197753,8.035259791,3.395741226,106.9222871,0.653270144,0.687825285,17.54568592,29.1073885
0.336974027,0.065732698,10.9366166,0.010430809,0.007237493,441.2081681,20621.91013,6.498523498,20.37340604,0.348578737,0.408051148,0.366382722,2.089925408,0.54403845,0.840267034,0.610378745,0.850088554,1.059793921,0.000586211,0.005698335,0.00022321,0.067091724,0.024180295,0.928574944,8.05E-05,0.737876441,8.020780351,3.360434357,105.731095,0.651351578,0.68543688,17.50216012,29.20197939
0.335949126,0.065516086,10.93992826,0.01039193,0.007148386,437.6187079,20555.61685,6.489682954,20.38552258,0.347897001,0.408720361,0.367045941,2.100928812,0.541540172,0.845710364,0.609789501,0.844467857,1.061630416,0.000583834,0.005692633,0.00022326,0.06638564,0.024167562,0.923621814,4.60E-06,0.743387599,7.961377718,3.382054617,104.7459573,0.651517321,0.679024485,17.53405571,29.00413724
0.337744489,0.066251963,10.88246617,0.010315871,0.00708489,438.2681519,20767.00505,6.515841747,20.41724659,0.347204224,0.411659584,0.367641528,2.097166484,0.539937035,0.844767557,0.608937216,0.837528024,1.066570788,0.000586999,0.005703918,0.00022451,0.066752366,0.024320851,0.929115753,2.90E-05,0.741979852,7.971062862,3.390780865,106.2062355,0.658960477,0.678550687,17.44491225,29.10693236
0.337650779,0.066770551,10.96394598,0.010307292,0.007050149,438.2427747,20703.01663,6.523607746,20.45934315,0.346836245,0.41307654,0.367082453,2.104399676,0.539600176,0.839568576,0.605436286,0.835960628,1.065016539,0.000591345,0.005692104,0.000225088,0.066788681,0.024407748,0.930511251,9.05E-05,0.737730109,8.028232184,3.347286341,106.3950155,0.655333123,0.677428148,17.36186613,28.81793608
0.336374358,0.066832837,10.95222208,0.010278235,0.006970701,436.3182242,20717.01491,6.497572115,20.51402567,0.344180013,0.415100815,0.365488282,2.107840361,0.540114988,0.837214805,0.605061761,0.829261216,1.063013638,0.00059186,0.005668032,0.000224762,0.066723617,0.024350954,0.929639756,5.57E-05,0.742329978,8.031159613,3.336754628,104.5758096,0.652706158,0.679120667,17.46526973,28.88031233
0.336148644,0.066936988,11.02440654,0.010312113,0.007016926,438.0013875,20834.78159,6.493455241,20.43913597,0.345104947,0.414936683,0.364527131,2.108124994,0.53831392,0.837308005,0.605789889,0.825635662,1.072633781,0.000596582,0.005662439,0.000225138,0.06652036,0.02431306,0.930653839,2.12E-05,0.750134716,8.06373841,3.344249142,106.6946269,0.649687716,0.685007589,17.35903618,28.73567782
0.337546278,0.06625968,10.84281628,0.010310904,0.007072057,438.7583011,20994.46956,6.467004317,20.35765884,0.343417546,0.415132304,0.365102991,2.124733631,0.536621012,0.838897008,0.605915455,0.819799633,1.069767878,0.000594001,0.005601213,0.000227498,0.0672089,0.024681389,0.931865601,1.04E-05,0.750283165,8.042325988,3.348462776,106.0684259,0.649545212,0.682961814,17.4077508,28.5661326
0.337863352,0.066724981,10.8096029,0.010287431,0.006981555,439.2641696,21016.63122,6.448638546,20.25057542,0.340452694,0.415658081,0.366093111,2.127166382,0.535274188,0.83895411,0.604046846,0.819631913,1.065825364,0.000594971,0.005596009,0.000225519,0.067431927,0.024578811,0.93602133,4.17E-06,0.754576002,7.996130403,3.382324056,106.1633043,0.649865872,0.677028231,17.44872698,28.52460016
0.338673542,0.068098304,10.89236252,0.010234466,0.007006821,438.6047446,21104.01075,6.414248105,20.15012655,0.340432537,0.415250433,0.362584066,2.132366426,0.536771175,0.838986902,0.606419621,0.818536334,1.071788746,0.000593771,0.005644363,0.000225671,0.067420389,0.024774008,0.938562861,3.28E-05,0.75684229,7.960639887,3.407879994,106.0516524,0.657270964,0.673804586,17.48003461,28.57819728
0.337565956,0.068335163,10.85621665,0.010237807,0.006954804,434.3424029,21078.06367,6.401160554,19.9727889,0.34128015,0.415237528,0.362333512,2.144199048,0.535209579,0.837817525,0.599477429,0.820761314,1.070350853,0.000596649,0.005650668,0.000225562,0.067488465,0.024788254,0.940795556,0.000118849,0.758254286,7.958137442,3.378011721,106.0617541,0.661801971,0.67617264,17.43751117,28.55793898
0.340564134,0.068998076,10.84426878,0.010133241,0.006941569,435.629022,21116.38936,6.390004352,20.00358814,0.342889353,0.414775551,0.360311987,2.14924945,0.531992511,0.837888593,0.598758037,0.820039892,1.070484022,0.000596106,0.005680356,0.00022427,0.067597765,0.024794656,0.938151133,3.57E-05,0.763025972,7.920085736,3.357398519,106.0561717,0.664241416,0.67574903,17.49669876,28.59550259
0.341959834,0.069490782,10.88804336,0.010102254,0.006849613,436.5843165,21166.1731,6.379144132,20.1771094,0.342891565,0.412730763,0.358278432,2.155941482,0.536748188,0.840436386,0.601474153,0.816679432,1.062831249,0.000596466,0.005722587,0.000224192,0.067833669,0.024813576,0.933120611,3.07E-05,0.757386643,7.952720707,3.357785366,106.5183568,0.665892795,0.677929771,17.54309235,28.43665646
0.341998346,0.069623233,10.93429108,0.010101519,0.006768994,435.2611196,21119.52113,6.359711277,20.01317611,0.341546746,0.414769918,0.354765215,2.163120661,0.539677772,0.841850855,0.603824233,0.813760676,1.065762909,0.000597278,0.005732613,0.000224442,0.067801098,0.024588256,0.946047802,0.000136443,0.756598474,7.993804294,3.360144228,105.8894879,0.664451571,0.682965258,17.57092597,28.59535147
0.342763701,0.069366968,10.95564928,0.010120509,0.006739448,435.1318463,21107.16075,6.327177954,19.8642273,0.34229947,0.412551816,0.356025678,2.170347844,0.53677734,0.84842069,0.602515361,0.812432465,1.060341165,0.000599379,0.00573557,0.000225248,0.068385583,0.024570927,0.945832029,1.41E-05,0.757572601,7.971148429,3.352715007,105.5892978,0.66669771,0.683143617,17.57070123,28.62629729
0.344511936,0.069102777,11.08760047,0.010061047,0.006691428,436.6221335,21034.24918,6.353352161,19.97336575,0.340889612,0.411957936,0.360665688,2.178641691,0.536818955,0.845743788,0.598514075,0.799693429,1.060350163,0.00060117,0.005759209,0.000225612,0.068349072,0.024441203,0.950171727,4.78E-06,0.758764046,7.984063086,3.376451369,102.8703802,0.669010583,0.677110427,17.42928614,28.57825445
0.344029713,0.069346423,11.1215354,0.010059844,0.00666386,434.4294858,20953.79909,6.339121829,19.93619359,0.341698387,0.408707414,0.360224891,2.170890934,0.540367932,0.844894337,0.605105992,0.806765938,1.064918958,0.000600796,0.005761548,0.000227233,0.068241194,0.024474955,0.946101034,6.30E-05,0.758003956,8.038094273,3.381204461,103.9003353,0.677764465,0.678608714,17.54157259,28.88750376
0.344196245,0.068898222,11.11794086,0.010030891,0.006631581,436.8205155,20813.10037,6.325694926,19.88568547,0.342691837,0.407560709,0.359280605,2.163288813,0.539848464,0.842661446,0.602208021,0.805702046,1.063560881,0.000595147,0.00572541,0.000226507,0.067942221,0.024488514,0.949030384,4.16E-05,0.757520268,7.997401267,3.369086387,104.4243441,0.676932313,0.674486362,17.58769824,28.76389959
0.344515918,0.069317982,11.08199624,0.010054487,0.006617391,440.7102969,20727.05712,6.338648132,19.96301977,0.340820068,0.403177532,0.359346145,2.157228998,0.536328571,0.839309522,0.599053808,0.811510895,1.051729562,0.000590277,0.005705255,0.00022699,0.068743557,0.024400401,0.947137272,5.25E-05,0.759659896,8.04819172,3.379760847,105.7413104,0.681644887,0.682166329,17.55728637,28.58899143
0.345985177,0.069078671,11.06287333,0.01002143,0.006621054,440.406259,20606.86091,6.349107499,19.96612294,0.337826422,0.403902331,0.358982268,2.135073063,0.534194577,0.840043803,0.593311167,0.813423954,1.050003425,0.000584463,0.005716235,0.000226945,0.069294391,0.024326098,0.948454104,3.98E-05,0.762560487,7.994274771,3.383407135,105.500213,0.684280979,0.678400129,17.56437022,28.65150207
0.346162765,0.069305051,11.10999522,0.010053149,0.006518009,442.5079558,20652.02109,6.389792009,19.77626191,0.338848797,0.403631368,0.363008705,2.142271755,0.53113398,0.840382569,0.590862583,0.804275775,1.050236563,0.000580161,0.005684054,0.00022787,0.069580932,0.024207048,0.949420145,6.31E-05,0.770933163,7.980329819,3.394246319,103.9619909,0.679610357,0.679075329,17.58912038,28.66314064
0.348202268,0.06950375,11.06954716,0.010157374,0.006537431,444.2339274,20715.92647,6.366366622,19.58135325,0.337740703,0.403269834,0.362339525,2.143520128,0.532046007,0.836962377,0.592997234,0.8063592,1.056745215,0.00057894,0.005702039,0.000229294,0.070206477,0.024348951,0.953075592,6.87E-05,0.762348376,7.972298697,3.391586733,102.2790199,0.677783807,0.676508455,17.73784099,28.90488
0.347080871,0.069614532,11.05587614,0.010179738,0.006476291,440.5670491,20713.45125,6.362830637,19.5570103,0.339907854,0.401687654,0.362842541,2.135991219,0.535706281,0.835856665,0.595085869,0.806673742,1.049607232,0.000575433,0.005660537,0.00023256,0.070794959,0.024228448,0.952978992,6.03E-05,0.771118885,7.938392884,3.408779622,102.9310803,0.678462645,0.676540843,17.78954176,28.9539746
0.347691744,0.069662583,10.99725114,0.010213905,0.006419141,438.338328,20877.60406,6.384797758,19.56108951,0.338456107,0.398913978,0.362889824,2.133255571,0.536543314,0.842187189,0.598124848,0.802311827,1.049366147,0.000573826,0.00563879,0.000232054,0.070641079,0.024324152,0.952582344,7.42E-06,0.765745532,7.91366305,3.405339851,100.5264737,0.673703255,0.676567892,17.82953935,29.0950719
0.347281391,0.069529036,10.88634536,0.010200548,0.006373442,437.7420982,20901.01832,6.391675556,19.46375886,0.337660443,0.392065972,0.362019862,2.135956008,0.539589595,0.838582092,0.596015127,0.791312051,1.053485903,0.000570825,0.005664139,0.000231483,0.070109819,0.024143601,0.953933771,9.79E-06,0.766352606,7.933001669,3.390804861,101.6260132,0.672460636,0.669490729,17.89377764,29.19159592
0.348568414,0.069045576,10.82759732,0.010220793,0.00641026,437.5066484,20894.92335,6.330581148,19.63739135,0.334158694,0.393603869,0.361097818,2.139366547,0.53908009,0.838882168,0.592889519,0.791592793,1.056466476,0.000568307,0.00564951,0.000232612,0.069898553,0.024018723,0.953383324,0.000188012,0.770429541,7.91425842,3.358596659,101.5125911,0.67449948,0.669955955,17.94567982,29.22482066
0.349946878,0.069124502,10.81536068,0.010275631,0.006385372,437.9082486,20862.42739,6.305713637,19.67859798,0.334586046,0.39061707,0.362296403,2.143646743,0.545084087,0.838750522,0.593515033,0.78389442,1.055937571,0.000570718,0.005666037,0.000232717,0.070007382,0.023855558,0.951749061,0.00017429,0.771231525,7.901812245,3.35168605,101.2475026,0.675862665,0.667375038,17.93079889,29.07122879
0.350961846,0.068505596,10.76058566,0.010276522,0.006310453,437.5622524,20764.71817,6.300270627,19.74239979,0.329490211,0.389278346,0.363080702,2.156146727,0.540984699,0.835232029,0.596088258,0.785671592,1.052560085,0.000574818,0.005609126,0.000231709,0.069738293,0.023875086,0.948472447,2.40E-05,0.769946613,7.939626824,3.326521585,100.0822418,0.67221294,0.671591785,17.89621822,28.98475398
0.351640712,0.068213876,10.81277389,0.01024822,0.006342008,437.8453825,20874.45434,6.32887847,19.78571907,0.328381502,0.385635204,0.364885906,2.151738382,0.536595325,0.84107336,0.596096881,0.784576788,1.054592369,0.000572906,0.005619258,0.000232617,0.069519693,0.024077054,0.953095803,0.000135725,0.774202374,7.890714127,3.290500208,101.0542159,0.677493647,0.673041608,17.89119288,28.89628184
0.351013192,0.068275649,10.77631047,0.0102314,0.006363097,435.7443873,20896.91341,6.288422071,19.86514494,0.328622132,0.386187007,0.363290048,2.141759565,0.534705613,0.842103701,0.59953678,0.778434603,1.060969305,0.000576321,0.005641116,0.000231973,0.069400956,0.023999166,0.951019337,7.61E-05,0.77026605,7.909006941,3.278210412,101.2206234,0.67887411,0.677563954,17.82009197,28.90283919
0.349851198,0.068224447,10.73155006,0.010342802,0.006333614,437.2126252,21055.7619,6.307927848,19.80966135,0.32431617,0.386417582,0.364069433,2.150802774,0.538829373,0.845279785,0.599329671,0.776723206,1.061556064,0.000575943,0.005604997,0.000231694,0.069621725,0.024102818,0.949694593,0.000134277,0.769978212,7.92422369,3.242520908,101.1860058,0.68178964,0.681575177,17.81891006,28.86441804
0.348305562,0.068742742,10.77350909,0.01037333,0.006395351,439.9645841,20887.99053,6.25165739,19.76158122,0.325853666,0.386358427,0.365257738,2.1373582,0.537622478,0.84670253,0.597604008,0.768802725,1.057010498,0.000576545,0.005629742,0.000231872,0.069864695,0.024246845,0.948805921,9.71E-05,0.775353821,7.958319185,3.230576165,101.159642,0.677961034,0.682334555,17.73584711,28.84871396
0.352291169,0.069351356,10.82368625,0.010434655,0.00637462,442.0323142,20980.43923,6.261684881,19.62130134,0.32447311,0.388084133,0.36396115,2.146779311,0.54040527,0.844714946,0.597607513,0.775848481,1.053754612,0.000582324,0.005587262,0.000231329,0.069849505,0.024462181,0.948064833,8.79E-05,0.785091992,7.968295344,3.207816142,100.7467049,0.677607872,0.676039588,17.70212013,28.73329483
0.352706917,0.069033851,10.87641986,0.010453279,0.006381824,442.638275,20997.0447,6.279068505,19.67845381,0.319836976,0.390943702,0.366112756,2.156622729,0.538146605,0.841508359,0.59946157,0.773938167,1.054387062,0.00058288,0.005564156,0.000232613,0.069960389,0.024527563,0.941581441,0.000283836,0.779857957,7.995155518,3.205412265,100.3849953,0.674609721,0.6791234,17.59932945,28.83133268
0.352443117,0.069105067,10.95046835,0.010445088,0.006328502,442.4129691,21060.79076,6.269052796,19.63435226,0.316980546,0.391753101,0.363732893,2.154421284,0.539908602,0.84007915,0.600141989,0.775961437,1.061492442,0.000584562,0.005540715,0.000234107,0.069823624,0.024398314,0.948079032,0.000349288,0.783794405,7.99148987,3.215598477,100.522864,0.680064581,0.678011112,17.51248998,28.93438499
0.351366244,0.069349479,10.98123154,0.010390643,0.006319794,441.9900296,21101.87843,6.244098537,19.50288842,0.318143938,0.395597878,0.364566128,2.146168263,0.540797789,0.843063491,0.598823022,0.771913464,1.055271391,0.000585164,0.005528561,0.00023512,0.069445007,0.024528654,0.951253221,4.38E-05,0.795169231,7.984564306,3.183767165,101.5553637,0.677960271,0.676487951,17.52698532,29.15371341
0.352207532,0.069152978,10.94091717,0.010280686,0.006277905,442.6790326,21035.15816,6.236625707,19.62814155,0.319710277,0.39534856,0.361557256,2.151022377,0.53710296,0.84314521,0.597633636,0.771116475,1.056191467,0.000583923,0.005518441,0.000234313,0.06930755,0.024722787,0.953976828,0.000310365,0.792925494,8.013520156,3.166356178,101.8960043,0.681862842,0.677740654,17.61616954,29.06473536
0.353175486,0.06931247,10.9333528,0.010190492,0.006262661,440.0174794,21079.15881,6.264438643,19.48359965,0.318883783,0.393377469,0.361588529,2.151944407,0.534370077,0.842552756,0.600942503,0.772020525,1.057599311,0.00058021,0.005523465,0.00023421,0.069336738,0.024361857,0.959477984,0.000279197,0.789035305,8.011910544,3.163200942,103.1626151,0.676341672,0.681395621,17.74263173,28.79038384
0.354593743,0.069184826,10.86823919,0.010221984,0.006345908,444.235971,21139.87234,6.294564228,19.47757564,0.317179313,0.395986743,0.361799376,2.158463005,0.532736476,0.840266525,0.601304415,0.775977315,1.060748042,0.000579513,0.00552837,0.000233236,0.068933354,0.024350818,0.949649557,0.000374922,0.791228098,8.049076806,3.175993418,103.5169867,0.673554546,0.681934535,17.86283705,28.78030067
0.355034135,0.068621504,10.79325023,0.010290218,0.006401958,446.9991638,21167.68085,6.313540136,19.65078721,0.31457347,0.396428968,0.361530494,2.165127596,0.53496918,0.835128665,0.599270597,0.764213764,1.048647109,0.000580495,0.005594217,0.000232902,0.069170743,0.024368907,0.945024839,4.09E-05,0.789731218,8.10485725,3.197709073,102.2775162,0.677695496,0.682959843,17.94215205,28.59838599
0.355740022,0.068169853,10.7512688,0.010315217,0.006414492,452.2980672,21103.83534,6.359172294,19.69941147,0.313749237,0.397574064,0.361450321,2.151089978,0.533088496,0.837328979,0.59563957,0.764478305,1.043720416,0.000580761,0.005559776,0.000232366,0.069433465,0.024537836,0.951206215,0.00019146,0.793178433,8.090560097,3.185251519,103.3633483,0.674039267,0.685663582,17.91114313,28.65100449
0.351063106,0.068307673,10.72136266,0.010199201,0.006281748,452.4523873,21149.59537,6.327860892,19.7491145,0.312783379,0.397721755,0.360836156,2.168012654,0.529074873,0.834958702,0.592756593,0.771091115,1.037795667,0.000581661,0.005578704,0.000232615,0.069379657,0.024708476,0.944012436,2.23E-05,0.79868008,8.044157072,3.204617639,103.6703913,0.672187113,0.689137984,17.98518777,28.5628746
0.352049264,0.068647736,10.86243567,0.010156049,0.00628995,452.054081,21244.76449,6.344938012,19.74116161,0.314820825,0.400647644,0.358829485,2.163817743,0.53034689,0.831482748,0.592445335,0.770781598,1.036777577,0.000587518,0.005584553,0.000231107,0.068405488,0.024410971,0.94790692,0.000123199,0.794692738,8.019073137,3.182762193,105.2727071,0.671658307,0.688667603,17.97863333,28.50022856
0.353450815,0.068571322,10.94145511,0.010100282,0.006309719,453.991236,21234.12631,6.403938268,19.84161855,0.314098022,0.39985334,0.358875805,2.154498177,0.528594024,0.832813208,0.592691171,0.773080445,1.041529144,0.000587094,0.005586559,0.00022911,0.068548871,0.024146655,0.950276117,1.41E-06,0.797927505,7.986203035,3.180765264,105.8166045,0.668099958,0.691674015,17.94751577,28.37007071
0.353693372,0.06858497,10.94835982,0.010104081,0.006318716,455.4752438,21185.3869,6.4161302,19.67046994,0.316155855,0.397951083,0.353785477,2.151487247,0.531031066,0.829066159,0.593178808,0.766077601,1.040321039,0.000586063,0.005622637,0.000228944,0.068400653,0.024201922,0.953848757,1.45E-05,0.802245144,7.961966857,3.153894013,105.5322137,0.671268524,0.690221361,17.84601271,28.4588419
0.355464704,0.069017692,10.88065972,0.01007551,0.006212264,454.477426,21297.01863,6.386855768,19.78515149,0.316538864,0.399549798,0.352068953,2.158962902,0.526131194,0.834607395,0.593316136,0.760251725,1.038325903,0.000583886,0.005611276,0.000228081,0.06825753,0.023955552,0.954782004,0.000115605,0.798130967,7.945602488,3.169087107,106.6640465,0.677216019,0.690604753,17.87246996,28.54360268
0.355186045,0.068805274,10.87930521,0.010099365,0.006200491,457.0948904,21513.97281,6.37618626,20.00287965,0.315147465,0.397097132,0.351504798,2.162325525,0.525587902,0.826317544,0.594659591,0.764827625,1.045028535,0.000585835,0.00559831,0.000226911,0.067831612,0.023897417,0.963709424,6.54E-05,0.806323703,7.920080241,3.162024401,106.9023346,0.673713498,0.692095799,17.86726854,28.39191546
0.35309441,0.068298516,10.73780141,0.010108901,0.006185391,461.4201285,21540.41942,6.335817838,19.99521134,0.314662522,0.397369138,0.346040317,2.150076108,0.52342138,0.825706822,0.595641009,0.763046961,1.044471153,0.000588531,0.005554695,0.000226354,0.068113786,0.023702537,0.955115586,6.14E-05,0.806847424,7.920776879,3.143082558,108.0168382,0.669000442,0.690839927,17.82445629,28.35221508
0.354933345,0.067852629,10.76609569,0.010074169,0.006102969,463.7750624,21317.11642,6.332738299,20.02131297,0.309291303,0.398712331,0.343033487,2.150821796,0.519249399,0.826343583,0.600298404,0.758397058,1.042912446,0.000589724,0.005557612,0.00022437,0.068599048,0.02340582,0.949452724,0.0002786,0.81212772,7.953203606,3.105422876,106.612372,0.669613753,0.695039195,17.80949718,28.29824024
0.354815191,0.067655118,10.78519591,0.010156046,0.006044248,459.2368105,21318.39914,6.326870274,19.88885775,0.309540663,0.398201229,0.344384164,2.149610069,0.523789894,0.827644299,0.598966088,0.757874924,1.046407269,0.000592486,0.00562128,0.000223467,0.068482351,0.023359348,0.947312463,9.74E-06,0.819969257,8.01853278,3.106712358,108.7068774,0.664308087,0.687312136,17.78259695,28.05440456
0.356596613,0.067822665,10.78834719,0.01014967,0.006065547,462.2735529,21213.00895,6.284204208,19.80150923,0.307139637,0.395724011,0.34569916,2.141786843,0.529190349,0.825431271,0.597284237,0.756489992,1.045174529,0.000596712,0.005586654,0.00022363,0.068866234,0.02334479,0.949703353,5.35E-05,0.820841487,8.027369132,3.104986135,108.0595077,0.670448435,0.683050206,17.78157635,28.02977573
0.357655555,0.067796529,10.79963838,0.010120229,0.00600514,458.2674851,21230.29949,6.318185401,19.76692204,0.305116486,0.394055842,0.341620355,2.138175566,0.528356431,0.824522262,0.596060618,0.748657013,1.040559453,0.00059965,0.005583323,0.000224105,0.06912775,0.022989774,0.944665188,8.21E-05,0.822175725,7.999274562,3.103365242,109.0684623,0.672386206,0.680794853,17.72237583,28.19620783
0.357331675,0.067643055,10.79677509,0.010228551,0.005985819,458.4414399,21234.21907,6.261900024,19.68537903,0.308829534,0.391942778,0.341987536,2.129038183,0.525283988,0.825763622,0.594255738,0.747057053,1.035909846,0.000603484,0.005622766,0.000223629,0.069043671,0.02302983,0.94550454,0.000200352,0.81458013,8.012109811,3.121926553,107.9966098,0.670303775,0.683448112,17.76377671,28.29579714
0.35674024,0.067525324,10.82884789,0.010251615,0.005942074,458.3429148,21287.71431,6.217669016,19.75815334,0.309108051,0.392949491,0.343274527,2.126933993,0.52804779,0.824740399,0.59089266,0.727817972,1.035051592,0.000603896,0.005613499,0.000224301,0.068983931,0.022959542,0.939493395,5.53E-06,0.819286942,7.984173331,3.09092637,108.0234547,0.667127909,0.683694068,17.72233694,28.56472044
0.359000967,0.067060731,10.78860951,0.010181174,0.005980503,455.1506432,21323.56412,6.217327457,19.55074369,0.308434175,0.394564903,0.341881522,2.130357727,0.533510039,0.827482653,0.594507125,0.725455929,1.032220378,0.000603226,0.005623819,0.000223608,0.068808353,0.02285727,0.937910871,0.000164633,0.817281255,7.998900361,3.126804056,108.8297757,0.661855385,0.684778257,17.84608381,28.43612347
0.361334397,0.067161887,10.67774719,0.010188874,0.006010248,452.123223,21433.21676,6.151989047,19.60826212,0.308668898,0.393897067,0.340176223,2.129250522,0.533613785,0.826354861,0.593620217,0.72416515,1.028177248,0.000602716,0.005651082,0.000223365,0.069399252,0.022919738,0.931354083,9.32E-07,0.821945174,8.038229588,3.134386586,107.9718457,0.659220902,0.681411933,17.91438534,28.27115644
0.365877615,0.067394547,10.70387575,0.010179933,0.005954081,453.0359929,21385.96332,6.147435418,19.56803675,0.312174898,0.394796213,0.338816497,2.146909499,0.533438028,0.825575924,0.595121459,0.72954749,1.023063092,0.000608387,0.005691628,0.000222833,0.069853306,0.022757677,0.925840265,7.50E-05,0.82257171,8.020767883,3.107388728,107.1909829,0.654660798,0.678146437,17.86455385,28.16768469
0.363162311,0.067945217,10.70620061,0.01017594,0.00591356,456.1874308,21318.71114,6.087946363,19.64998662,0.311178408,0.397039768,0.339092635,2.157072427,0.527823947,0.826982212,0.597607268,0.735285798,1.023981888,0.000607241,0.005750529,0.000221575,0.069841798,0.0228651,0.923001325,5.13E-06,0.821684978,8.037574719,3.116553841,107.2084393,0.650346721,0.674805637,17.94057949,28.26541147
0.366489227,0.068036933,10.61206178,0.01025752,0.005875211,450.4590376,21225.16563,6.02168309,19.74629209,0.310703593,0.395311708,0.341256953,2.16332386,0.526676771,0.822577376,0.597230404,0.733205847,1.024819127,0.000601408,0.005768064,0.000222025,0.069243281,0.022625552,0.91916619,1.90E-05,0.827044775,8.024660883,3.135444681,106.3410361,0.648622832,0.677655927,18.04472028,28.08139945
0.363955565,0.067412604,10.57243252,0.010343104,0.005874862,448.058017,21265.79207,6.001944876,19.57599191,0.312726253,0.397529607,0.33978444,2.155889425,0.529070789,0.830552094,0.596357862,0.738018897,1.019258805,0.000602064,0.005787452,0.000222429,0.069352715,0.022542722,0.925253076,0.00010807,0.826613504,7.998036858,3.123253341,106.1764686,0.642746717,0.683702602,18.09236582,28.08780118
0.363650299,0.06836272,10.44767604,0.010256217,0.005832133,448.3701957,21303.61735,5.983698035,19.55659035,0.314425969,0.399207853,0.34160828,2.148831167,0.528276058,0.828197219,0.595849247,0.739169799,1.019775715,0.000605341,0.005821782,0.000222361,0.069180344,0.022635515,0.928171824,0.000124236,0.82798155,8.024178498,3.115274485,105.4940268,0.644092225,0.67648796,18.20609809,28.40091476
