treatment,day,DOMaddition,DOM,bact_DOM,bact,fungi,respSubstrate,baselineResp,respSoil,POM,MAOMs,MAOMp,MAOM
12 0 W A,0,0.00000,1.92175,5.17500,18.73713,5.81708,0.00000,0.01009,0.01009,16.28995,21.13991,10.57000,31.70991
12 0 W A,1,0.00000,4.12513,4.66449,16.96861,5.76024,0.00000,0.01129,0.01154,16.28989,21.13981,10.57000,31.70982
12 0 W A,2,0.00000,6.11300,4.20735,15.37516,5.70445,0.00000,0.01040,0.01086,16.28983,21.13972,10.57002,31.70974
12 0 W A,3,0.00000,7.90587,3.79800,13.93939,5.64969,0.00000,0.00960,0.01023,16.28977,21.13963,10.57003,31.70966
12 0 W A,4,0.00000,9.52279,3.43146,12.64565,5.59594,0.00000,0.00888,0.00963,16.28971,21.13953,10.57006,31.70959
12 0 W A,5,0.00000,10.98112,3.10325,11.47985,5.54318,0.00000,0.00823,0.00905,16.28964,21.13944,10.57009,31.70953
12 0 W A,6,0.00000,12.29662,2.80937,10.42926,5.49139,0.00000,0.00764,0.00850,16.28957,21.13934,10.57013,31.70947
12 0 W A,7,0.00000,13.48350,2.54623,9.48245,5.44056,0.00000,0.00711,0.00796,16.28951,21.13925,10.57017,31.70942
12 0 W A,8,0.00000,14.55459,2.31061,8.62909,5.39066,0.00000,0.00664,0.00744,16.28944,21.13915,10.57022,31.70938
12 0 W A,9,0.00000,15.52145,2.09964,7.85989,5.34168,0.00000,0.00620,0.00693,16.28938,21.13906,10.57028,31.70934
12 0 W A,10,0.00000,16.39448,1.91072,7.16647,5.29360,0.00000,0.00581,0.00644,16.28932,21.13897,10.57033,31.70930
12 0 W A,11,0.00000,17.18307,1.74154,6.54129,5.24639,0.00000,0.00546,0.00596,16.28926,21.13887,10.57039,31.70927
12 0 W A,12,0.00000,17.89564,1.59004,5.97756,5.20005,0.00000,0.00514,0.00549,16.28920,21.13878,10.57046,31.70924
12 0 W A,13,0.00000,18.53977,1.45435,5.46913,5.15456,0.00000,0.00485,0.00503,16.28915,21.13870,10.57052,31.70922
12 0 W A,14,0.00000,19.12229,1.33282,5.01051,5.10990,0.00000,0.00459,0.00459,16.28910,21.13861,10.57059,31.70920
12 0 W A,15,0.00000,19.64933,1.22396,4.59670,5.06606,0.00000,0.00435,0.00435,16.28905,21.13852,10.57067,31.70918
12 0 W A,16,0.00000,20.12641,1.12643,4.22324,5.02302,0.00000,0.00414,0.00414,16.28900,21.13843,10.57074,31.70917
12 0 W A,17,0.00000,20.55849,1.03904,3.88609,4.98076,0.00000,0.00394,0.00394,16.28895,21.13835,10.57081,31.70916
12 0 W A,18,0.00000,20.95003,0.96072,3.58161,4.93926,0.00000,0.00376,0.00376,16.28891,21.13826,10.57089,31.70915
12 0 W A,19,0.00000,21.30502,0.89051,3.30654,4.89853,0.00000,0.00360,0.00360,16.28886,21.13817,10.57097,31.70914
12 0 W A,20,0.00000,21.62706,0.82755,3.05792,4.85853,0.00000,0.00345,0.00345,16.28881,21.13809,10.57105,31.70914
12 0 W A,21,0.00000,21.91940,0.77109,2.83311,4.81926,0.00000,0.00332,0.00332,16.28876,21.13801,10.57113,31.70913
12 0 W A,22,0.00000,22.18492,0.72043,2.62972,4.78071,0.00000,0.00320,0.00320,16.28872,21.13792,10.57121,31.70913
12 0 W A,23,0.00000,22.42624,0.67495,2.44560,4.74285,0.00000,0.00309,0.00309,16.28867,21.13784,10.57129,31.70913
12 0 W A,24,0.00000,22.64570,0.63412,2.27881,4.70568,0.00000,0.00299,0.00299,16.28862,21.13776,10.57137,31.70913
12 0 W A,25,0.00000,22.84540,0.59745,2.12763,4.66918,0.00000,0.00289,0.00289,16.28858,21.13767,10.57145,31.70913
12 0 W A,26,0.00000,23.02723,0.56448,1.99050,4.63333,0.00000,0.00281,0.00281,16.28853,21.13759,10.57154,31.70913
12 0 W A,27,0.00000,23.19289,0.53484,1.86600,4.59814,0.00000,0.00273,0.00273,16.28849,21.13751,10.57162,31.70914
12 0 W A,28,0.00000,23.34389,0.50817,1.75287,4.56358,0.00000,0.00266,0.00266,16.28844,21.13743,10.57171,31.70914
12 0 W A,29,0.00000,23.48160,0.48417,1.65000,4.52965,0.00000,0.00259,0.00259,16.28840,21.13736,10.57179,31.70915
12 0 W A,30,0.00000,23.60726,0.46255,1.55635,4.49632,0.00000,0.00253,0.00253,16.28835,21.13728,10.57188,31.70915
12 0 W A,31,0.00000,23.72197,0.44306,1.47102,4.46360,0.00000,0.00247,0.00247,16.28831,21.13720,10.57196,31.70916
12 0 W A,32,0.00000,23.82672,0.42548,1.39320,4.43146,0.00000,0.00242,0.00242,16.28826,21.13712,10.57205,31.70917
12 0 W A,33,0.00000,23.92241,0.40963,1.32213,4.39991,0.00000,0.00237,0.00237,16.28822,21.13705,10.57213,31.70918
12 0 W A,34,0.00000,24.00984,0.39531,1.25718,4.36891,0.00000,0.00233,0.00233,16.28818,21.13697,10.57222,31.70919
12 0 W A,35,0.00000,24.08973,0.38237,1.19774,4.33848,0.00000,0.00229,0.00229,16.28813,21.13690,10.57230,31.70920
12 0 W A,36,0.00000,24.16273,0.37067,1.14329,4.30859,0.00000,0.00225,0.00225,16.28809,21.13682,10.57239,31.70921
12 0 W A,37,0.00000,24.22944,0.36009,1.09334,4.27923,0.00000,0.00221,0.00221,16.28805,21.13675,10.57247,31.70922
12 0 W A,38,0.00000,24.29039,0.35051,1.04748,4.25040,0.00000,0.00218,0.00218,16.28801,21.13668,10.57256,31.70924
12 0 W A,39,0.00000,24.34605,0.34184,1.00533,4.22208,0.00000,0.00215,0.00215,16.28797,21.13660,10.57265,31.70925
12 0 W A,40,0.00000,24.39686,0.33397,0.96652,4.19427,0.00000,0.00212,0.00212,16.28792,21.13653,10.57273,31.70926
12 0 W A,41,0.00000,24.44321,0.32684,0.93077,4.16696,0.00000,0.00209,0.00209,16.28788,21.13646,10.57282,31.70928
12 0 W A,42,0.00000,24.48546,0.32037,0.89779,4.14013,0.00000,0.00206,0.00206,16.28784,21.13639,10.57290,31.70929
12 0 W A,43,0.00000,24.52393,0.31450,0.86733,4.11378,0.00000,0.00204,0.00204,16.28780,21.13632,10.57299,31.70931
12 0 W A,44,0.00000,24.55891,0.30917,0.83916,4.08790,0.00000,0.00201,0.00201,16.28776,21.13625,10.57308,31.70933
12 0 W A,45,0.00000,24.59068,0.30432,0.81309,4.06248,0.00000,0.00199,0.00199,16.28772,21.13618,10.57316,31.70934
12 0 W A,46,0.00000,24.61946,0.29991,0.78893,4.03751,0.00000,0.00197,0.00197,16.28768,21.13611,10.57325,31.70936
12 0 W A,47,0.00000,24.64549,0.29591,0.76651,4.01299,0.00000,0.00195,0.00195,16.28764,21.13605,10.57333,31.70938
12 0 W A,48,0.00000,24.66896,0.29226,0.74570,3.98890,0.00000,0.00193,0.00193,16.28760,21.13598,10.57342,31.70940
12 0 W A,49,0.00000,24.69007,0.28894,0.72635,3.96523,0.00000,0.00191,0.00191,16.28756,21.13591,10.57350,31.70942
12 0 W A,50,0.00000,24.70897,0.28591,0.70834,3.94199,0.00000,0.00189,0.00189,16.28752,21.13584,10.57359,31.70943
12 0 W A,51,0.00000,24.72583,0.28315,0.69157,3.91915,0.00000,0.00187,0.00187,16.28749,21.13578,10.57368,31.70945
12 0 W A,52,0.00000,24.74078,0.28064,0.67593,3.89672,0.00000,0.00186,0.00186,16.28745,21.13571,10.57376,31.70947
12 0 W A,53,0.00000,24.75396,0.27835,0.66134,3.87469,0.00000,0.00184,0.00184,16.28741,21.13565,10.57385,31.70949
12 0 W A,54,0.00000,24.76548,0.27626,0.64771,3.85304,0.00000,0.00183,0.00183,16.28737,21.13558,10.57393,31.70951
12 0 W A,55,0.00000,24.77546,0.27435,0.63496,3.83178,0.00000,0.00181,0.00181,16.28733,21.13552,10.57402,31.70953
12 0 W A,56,0.00000,24.78399,0.27260,0.62304,3.81089,0.00000,0.00180,0.00180,16.28729,21.13545,10.57410,31.70955
12 0 W A,57,0.00000,24.79117,0.27101,0.61187,3.79037,0.00000,0.00179,0.00179,16.28726,21.13539,10.57419,31.70958
12 0 W A,58,0.00000,24.79709,0.26955,0.60141,3.77021,0.00000,0.00178,0.00178,16.28722,21.13532,10.57427,31.70960
12 0 W A,59,0.00000,24.80183,0.26821,0.59159,3.75040,0.00000,0.00176,0.00176,16.28718,21.13526,10.57436,31.70962
12 0 W A,60,0.00000,24.80546,0.26699,0.58238,3.73094,0.00000,0.00175,0.00175,16.28714,21.13520,10.57444,31.70964
12 0 W A,61,0.00000,24.80805,0.26587,0.57372,3.71182,0.00000,0.00174,0.00174,16.28711,21.13513,10.57453,31.70966
12 0 W A,62,0.00000,24.80966,0.26484,0.56559,3.69304,0.00000,0.00173,0.00173,16.28707,21.13507,10.57461,31.70968
12 0 W A,63,0.00000,24.81035,0.26390,0.55794,3.67458,0.00000,0.00172,0.00172,16.28703,21.13501,10.57470,31.70971
12 0 W A,64,0.00000,24.81018,0.26304,0.55074,3.65645,0.00000,0.00171,0.00171,16.28700,21.13494,10.57478,31.70973
12 0 W A,65,0.00000,24.80920,0.26224,0.54397,3.63863,0.00000,0.00170,0.00170,16.28696,21.13488,10.57487,31.70975
12 0 W A,66,0.00000,24.80745,0.26151,0.53758,3.62113,0.00000,0.00169,0.00169,16.28692,21.13482,10.57495,31.70977
12 0 W A,67,0.00000,24.80499,0.26083,0.53156,3.60393,0.00000,0.00168,0.00168,16.28689,21.13476,10.57504,31.70979
12 0 W A,68,0.00000,24.80185,0.26021,0.52588,3.58703,0.00000,0.00167,0.00167,16.28685,21.13470,10.57512,31.70982
12 0 W A,69,0.00000,24.79807,0.25964,0.52052,3.57043,0.00000,0.00166,0.00166,16.28681,21.13464,10.57520,31.70984
12 0 W A,70,0.00000,24.79369,0.25911,0.51546,3.55411,0.00000,0.00165,0.00165,16.28678,21.13457,10.57529,31.70986
12 0 W A,71,0.00000,24.78874,0.25861,0.51068,3.53808,0.00000,0.00164,0.00164,16.28674,21.13451,10.57537,31.70989
12 0 W A,72,0.00000,24.78325,0.25816,0.50617,3.52233,0.00000,0.00164,0.00164,16.28671,21.13445,10.57546,31.70991
12 0 W A,73,0.00000,24.77726,0.25773,0.50189,3.50685,0.00000,0.00163,0.00163,16.28667,21.13439,10.57554,31.70993
12 0 W A,74,0.00000,24.77078,0.25734,0.49786,3.49164,0.00000,0.00162,0.00162,16.28663,21.13433,10.57562,31.70996
12 0 W A,75,0.00000,24.76386,0.25697,0.49403,3.47669,0.00000,0.00161,0.00161,16.28660,21.13427,10.57571,31.70998
12 0 W A,76,0.00000,24.75650,0.25662,0.49042,3.46200,0.00000,0.00161,0.00161,16.28656,21.13421,10.57579,31.71000
12 0 W A,77,0.00000,24.74874,0.25630,0.48699,3.44757,0.00000,0.00160,0.00160,16.28653,21.13415,10.57587,31.71002
12 0 W A,78,0.00000,24.74060,0.25600,0.48374,3.43338,0.00000,0.00159,0.00159,16.28649,21.13409,10.57596,31.71005
12 0 W A,79,0.00000,24.73210,0.25571,0.48067,3.41945,0.00000,0.00159,0.00159,16.28646,21.13403,10.57604,31.71007
12 0 W A,80,0.00000,24.72325,0.25544,0.47775,3.40575,0.00000,0.00158,0.00158,16.28642,21.13397,10.57612,31.71009
12 0 W A,81,0.00000,24.71408,0.25518,0.47499,3.39228,0.00000,0.00157,0.00157,16.28638,21.13391,10.57621,31.71012
12 0 W A,82,0.00000,24.70460,0.25494,0.47237,3.37905,0.00000,0.00157,0.00157,16.28635,21.13385,10.57629,31.71014
12 0 W A,83,0.00000,24.69483,0.25471,0.46988,3.36605,0.00000,0.00156,0.00156,16.28631,21.13379,10.57637,31.71016
12 0 W A,84,0.00000,24.68478,0.25449,0.46752,3.35327,0.00000,0.00155,0.00155,16.28628,21.13373,10.57646,31.71019
12 0 W A,85,0.00000,24.67447,0.25428,0.46528,3.34072,0.00000,0.00155,0.00155,16.28624,21.13367,10.57654,31.71021
12 0 W A,86,0.00000,24.66392,0.25407,0.46316,3.32837,0.00000,0.00154,0.00154,16.28621,21.13361,10.57662,31.71023
12 0 W A,87,0.00000,24.65312,0.25388,0.46114,3.31624,0.00000,0.00154,0.00154,16.28617,21.13355,10.57670,31.71026
12 0 W A,88,0.00000,24.64211,0.25369,0.45922,3.30432,0.00000,0.00153,0.00153,16.28614,21.13350,10.57679,31.71028
12 0 W A,89,0.00000,24.63089,0.25351,0.45740,3.29260,0.00000,0.00153,0.00153,16.28610,21.13344,10.57687,31.71031
12 0 W A,90,0.00000,24.61946,0.25333,0.45566,3.28109,0.00000,0.00152,0.00152,16.28607,21.13338,10.57695,31.71033
12 0 W A,91,0.00000,24.60785,0.25316,0.45402,3.26977,0.00000,0.00152,0.00152,16.28603,21.13332,10.57703,31.71035
12 0 W A,92,0.00000,24.59605,0.25299,0.45245,3.25864,0.00000,0.00151,0.00151,16.28600,21.13326,10.57711,31.71038
12 0 W A,93,0.00000,24.58409,0.25283,0.45096,3.24770,0.00000,0.00151,0.00151,16.28596,21.13320,10.57720,31.71040
12 0 W A,94,0.00000,24.57196,0.25267,0.44955,3.23696,0.00000,0.00150,0.00150,16.28593,21.13314,10.57728,31.71042
12 0 W A,95,0.00000,24.55969,0.25251,0.44820,3.22639,0.00000,0.00150,0.00150,16.28589,21.13308,10.57736,31.71045
12 0 W A,96,0.00000,24.54726,0.25235,0.44692,3.21600,0.00000,0.00149,0.00149,16.28586,21.13303,10.57744,31.71047
12 0 W A,97,0.00000,24.53470,0.25220,0.44570,3.20580,0.00000,0.00149,0.00149,16.28582,21.13297,10.57752,31.71049
12 0 W A,98,0.00000,24.52202,0.25205,0.44454,3.19576,0.00000,0.00148,0.00148,16.28579,21.13291,10.57760,31.71051
12 0 W A,99,0.00000,24.50920,0.25190,0.44344,3.18590,0.00000,0.00148,0.00148,16.28575,21.13285,10.57769,31.71054
12 0 W A,100,0.00000,24.49627,0.25175,0.44239,3.17621,0.00000,0.00147,0.00147,16.28572,21.13279,10.57777,31.71056
12 0 W A,101,0.00000,24.48324,0.25161,0.44139,3.16668,0.00000,0.00147,0.00147,16.28569,21.13274,10.57785,31.71058
12 0 W A,102,0.00000,24.47009,0.25146,0.44044,3.15731,0.00000,0.00147,0.00147,16.28565,21.13268,10.57793,31.71061
12 0 W A,103,0.00000,24.45685,0.25132,0.43953,3.14810,0.00000,0.00146,0.00146,16.28562,21.13262,10.57801,31.71063
12 0 W A,104,0.00000,24.44352,0.25117,0.43867,3.13905,0.00000,0.00146,0.00146,16.28558,21.13256,10.57809,31.71065
12 0 W A,105,0.00000,24.43010,0.25103,0.43785,3.13015,0.00000,0.00145,0.00145,16.28555,21.13250,10.57817,31.71068
12 0 W A,106,0.00000,24.41659,0.25089,0.43707,3.12140,0.00000,0.00145,0.00145,16.28551,21.13245,10.57825,31.71070
12 0 W A,107,0.00000,24.40301,0.25075,0.43632,3.11280,0.00000,0.00145,0.00145,16.28548,21.13239,10.57833,31.71072
12 0 W A,108,0.00000,24.38936,0.25060,0.43561,3.10434,0.00000,0.00144,0.00144,16.28544,21.13233,10.57841,31.71074
12 0 W A,109,0.00000,24.37563,0.25046,0.43493,3.09603,0.00000,0.00144,0.00144,16.28541,21.13227,10.57849,31.71077
12 0 W A,110,0.00000,24.36184,0.25032,0.43429,3.08786,0.00000,0.00144,0.00144,16.28537,21.13222,10.57858,31.71079
12 0 W A,111,0.00000,24.34799,0.25018,0.43367,3.07983,0.00000,0.00143,0.00143,16.28534,21.13216,10.57866,31.71081
12 0 W A,112,0.00000,24.33408,0.25004,0.43309,3.07193,0.00000,0.00143,0.00143,16.28531,21.13210,10.57874,31.71084
12 0 W A,113,0.00000,24.32012,0.24990,0.43253,3.06417,0.00000,0.00143,0.00143,16.28527,21.13204,10.57882,31.71086
12 0 W A,114,0.00000,24.30610,0.24975,0.43199,3.05654,0.00000,0.00142,0.00142,16.28524,21.13199,10.57890,31.71088
12 0 W A,115,0.00000,24.29204,0.24961,0.43149,3.04903,0.00000,0.00142,0.00142,16.28520,21.13193,10.57898,31.71090
12 0 W A,116,0.00000,24.27794,0.24947,0.43100,3.04165,0.00000,0.00142,0.00142,16.28517,21.13187,10.57906,31.71093
12 0 W A,117,0.00000,24.26379,0.24933,0.43054,3.03440,0.00000,0.00141,0.00141,16.28513,21.13181,10.57914,31.71095
12 0 W A,118,0.00000,24.24960,0.24919,0.43010,3.02727,0.00000,0.00141,0.00141,16.28510,21.13176,10.57922,31.71097
12 0 W A,119,0.00000,24.23538,0.24904,0.42968,3.02026,0.00000,0.00141,0.00141,16.28506,21.13170,10.57929,31.71099
12 0 W A,120,0.00000,24.22113,0.24890,0.42928,3.01336,0.00000,0.00140,0.00140,16.28503,21.13164,10.57937,31.71102
12 0 W A,121,0.00000,24.20685,0.24876,0.42890,3.00659,0.00000,0.00140,0.00140,16.28500,21.13158,10.57945,31.71104
12 0 W A,122,0.00000,24.19253,0.24861,0.42854,2.99992,0.00000,0.00140,0.00140,16.28496,21.13153,10.57953,31.71106
12 0 W A,123,0.00000,24.17819,0.24847,0.42819,2.99337,0.00000,0.00140,0.00140,16.28493,21.13147,10.57961,31.71108
12 0 W A,124,0.00000,24.16383,0.24833,0.42786,2.98693,0.00000,0.00139,0.00139,16.28489,21.13141,10.57969,31.71110
12 0 W A,125,0.00000,24.14945,0.24818,0.42754,2.98060,0.00000,0.00139,0.00139,16.28486,21.13136,10.57977,31.71113
12 0 W A,126,0.00000,24.13504,0.24804,0.42724,2.97437,0.00000,0.00139,0.00139,16.28482,21.13130,10.57985,31.71115
12 0 W A,127,0.00000,24.12062,0.24790,0.42696,2.96824,0.00000,0.00139,0.00139,16.28479,21.13124,10.57993,31.71117
12 0 W A,128,0.00000,24.10619,0.24775,0.42668,2.96222,0.00000,0.00138,0.00138,16.28476,21.13118,10.58001,31.71119
12 0 W A,129,0.00000,24.09174,0.24761,0.42642,2.95630,0.00000,0.00138,0.00138,16.28472,21.13113,10.58009,31.71121
12 0 W A,130,0.00000,24.07727,0.24746,0.42617,2.95048,0.00000,0.00138,0.00138,16.28469,21.13107,10.58017,31.71124
12 0 W A,131,0.00000,24.06280,0.24732,0.42593,2.94476,0.00000,0.00138,0.00138,16.28465,21.13101,10.58024,31.71126
12 0 W A,132,0.00000,24.04832,0.24717,0.42570,2.93913,0.00000,0.00137,0.00137,16.28462,21.13096,10.58032,31.71128
12 0 W A,133,0.00000,24.03383,0.24703,0.42549,2.93359,0.00000,0.00137,0.00137,16.28459,21.13090,10.58040,31.71130
12 0 W A,134,0.00000,24.01933,0.24688,0.42528,2.92815,0.00000,0.00137,0.00137,16.28455,21.13084,10.58048,31.71132
12 0 W A,135,0.00000,24.00483,0.24673,0.42508,2.92280,0.00000,0.00137,0.00137,16.28452,21.13079,10.58056,31.71134
12 0 W A,136,0.00000,23.99032,0.24659,0.42489,2.91754,0.00000,0.00137,0.00137,16.28448,21.13073,10.58064,31.71137
12 0 W A,137,0.00000,23.97582,0.24644,0.42471,2.91236,0.00000,0.00136,0.00136,16.28445,21.13067,10.58071,31.71139
12 0 W A,138,0.00000,23.96131,0.24630,0.42454,2.90728,0.00000,0.00136,0.00136,16.28441,21.13062,10.58079,31.71141
12 0 W A,139,0.00000,23.94680,0.24615,0.42438,2.90227,0.00000,0.00136,0.00136,16.28438,21.13056,10.58087,31.71143
12 0 W A,140,0.00000,23.93229,0.24600,0.42422,2.89735,0.00000,0.00136,0.00136,16.28435,21.13050,10.58095,31.71145
12 0 W A,141,0.00000,23.91779,0.24586,0.42407,2.89251,0.00000,0.00136,0.00136,16.28431,21.13045,10.58103,31.71147
12 0 W A,142,0.00000,23.90329,0.24571,0.42393,2.88776,0.00000,0.00135,0.00135,16.28428,21.13039,10.58111,31.71149
12 0 W A,143,0.00000,23.88879,0.24556,0.42379,2.88308,0.00000,0.00135,0.00135,16.28424,21.13033,10.58118,31.71151
12 0 W A,144,0.00000,23.87430,0.24542,0.42366,2.87848,0.00000,0.00135,0.00135,16.28421,21.13028,10.58126,31.71154
12 0 W A,145,0.00000,23.85982,0.24527,0.42354,2.87395,0.00000,0.00135,0.00135,16.28418,21.13022,10.58134,31.71156
12 0 W A,146,0.00000,23.84534,0.24512,0.42342,2.86950,0.00000,0.00135,0.00135,16.28414,21.13016,10.58142,31.71158
12 0 W A,147,0.00000,23.83087,0.24497,0.42330,2.86513,0.00000,0.00134,0.00134,16.28411,21.13011,10.58149,31.71160
12 0 W A,148,0.00000,23.81642,0.24483,0.42319,2.86082,0.00000,0.00134,0.00134,16.28407,21.13005,10.58157,31.71162
12 0 W A,149,0.00000,23.80197,0.24468,0.42309,2.85659,0.00000,0.00134,0.00134,16.28404,21.12999,10.58165,31.71164
12 0 W A,150,0.00000,23.78753,0.24453,0.42299,2.85243,0.00000,0.00134,0.00134,16.28400,21.12994,10.58173,31.71166
12 0 W A,151,0.00000,23.77310,0.24439,0.42290,2.84834,0.00000,0.00134,0.00134,16.28397,21.12988,10.58180,31.71168
12 0 W A,152,0.00000,23.75868,0.24424,0.42281,2.84431,0.00000,0.00134,0.00134,16.28394,21.12982,10.58188,31.71170
12 0 W A,153,0.00000,23.74428,0.24409,0.42272,2.84035,0.00000,0.00133,0.00133,16.28390,21.12977,10.58196,31.71172
12 0 W A,154,0.00000,23.72989,0.24394,0.42264,2.83646,0.00000,0.00133,0.00133,16.28387,21.12971,10.58203,31.71174
12 0 W A,155,0.00000,23.71551,0.24380,0.42256,2.83263,0.00000,0.00133,0.00133,16.28383,21.12965,10.58211,31.71176
12 0 W A,156,0.00000,23.70115,0.24365,0.42248,2.82887,0.00000,0.00133,0.00133,16.28380,21.12960,10.58219,31.71179
12 0 W A,157,0.00000,23.68681,0.24350,0.42241,2.82516,0.00000,0.00133,0.00133,16.28377,21.12954,10.58226,31.71181
12 0 W A,158,0.00000,23.67248,0.24335,0.42234,2.82152,0.00000,0.00133,0.00133,16.28373,21.12948,10.58234,31.71183
12 0 W A,159,0.00000,23.65816,0.24321,0.42227,2.81794,0.00000,0.00132,0.00132,16.28370,21.12943,10.58242,31.71185
12 0 W A,160,0.00000,23.64387,0.24306,0.42221,2.81442,0.00000,0.00132,0.00132,16.28366,21.12937,10.58250,31.71187
12 0 W B,0,0.00000,0.60775,1.65000,5.97552,1.36727,0.00000,0.00303,0.00303,5.42998,7.04664,3.52333,10.56997
12 0 W B,1,0.00000,1.30207,1.48722,5.41286,1.35968,0.00000,0.00342,0.00347,5.42996,7.04660,3.52334,10.56994
12 0 W B,2,0.00000,1.92215,1.34145,4.90589,1.35222,0.00000,0.00314,0.00322,5.42995,7.04657,3.52335,10.56992
12 0 W B,3,0.00000,2.47357,1.21090,4.44908,1.34490,0.00000,0.00289,0.00295,5.42993,7.04654,3.52337,10.56991
12 0 W B,4,0.00000,2.96227,1.09398,4.03745,1.33771,0.00000,0.00266,0.00266,5.42991,7.04651,3.52340,10.56991
12 0 W B,5,0.00000,3.39410,0.98926,3.66651,1.33064,0.00000,0.00246,0.00246,5.42989,7.04648,3.52344,10.56992
12 0 W B,6,0.00000,3.77461,0.89544,3.33223,1.32371,0.00000,0.00227,0.00227,5.42988,7.04645,3.52349,10.56994
12 0 W B,7,0.00000,4.10899,0.81139,3.03095,1.31689,0.00000,0.00211,0.00211,5.42986,7.04642,3.52355,10.56996
12 0 W B,8,0.00000,4.40201,0.73608,2.75939,1.31020,0.00000,0.00196,0.00196,5.42984,7.04639,3.52361,10.56999
12 0 W B,9,0.00000,4.65803,0.66858,2.51461,1.30363,0.00000,0.00183,0.00183,5.42983,7.04636,3.52367,10.57003
12 0 W B,10,0.00000,4.88101,0.60808,2.29393,1.29717,0.00000,0.00170,0.00170,5.42981,7.04633,3.52374,10.57007
12 0 W B,11,0.00000,5.07452,0.55383,2.09495,1.29082,0.00000,0.00159,0.00159,5.42979,7.04630,3.52382,10.57011
12 0 W B,12,0.00000,5.24178,0.50518,1.91551,1.28459,0.00000,0.00150,0.00150,5.42978,7.04627,3.52390,10.57016
12 0 W B,13,0.00000,5.38568,0.46155,1.75366,1.27847,0.00000,0.00141,0.00141,5.42976,7.04624,3.52398,10.57021
12 0 W B,14,0.00000,5.50881,0.42239,1.60764,1.27245,0.00000,0.00133,0.00133,5.42975,7.04621,3.52406,10.57026
12 0 W B,15,0.00000,5.61348,0.38724,1.47588,1.26654,0.00000,0.00125,0.00125,5.42973,7.04618,3.52414,10.57032
12 0 W B,16,0.00000,5.70178,0.35568,1.35694,1.26074,0.00000,0.00119,0.00119,5.42971,7.04615,3.52423,10.57037
12 0 W B,17,0.00000,5.77554,0.32733,1.24955,1.25503,0.00000,0.00113,0.00113,5.42970,7.04612,3.52431,10.57043
12 0 W B,18,0.00000,5.83640,0.30185,1.15255,1.24943,0.00000,0.00108,0.00108,5.42968,7.04609,3.52440,10.57049
12 0 W B,19,0.00000,5.88583,0.27894,1.06490,1.24392,0.00000,0.00103,0.00103,5.42966,7.04606,3.52449,10.57055
12 0 W B,20,0.00000,5.92513,0.25833,0.98566,1.23851,0.00000,0.00098,0.00098,5.42965,7.04603,3.52457,10.57061
12 0 W B,21,0.00000,5.95545,0.23978,0.91398,1.23319,0.00000,0.00094,0.00094,5.42963,7.04600,3.52466,10.57066
12 0 W B,22,0.00000,5.97781,0.22307,0.84912,1.22797,0.00000,0.00091,0.00091,5.42962,7.04598,3.52475,10.57072
12 0 W B,23,0.00000,5.99314,0.20802,0.79038,1.22284,0.00000,0.00087,0.00087,5.42960,7.04595,3.52483,10.57078
12 0 W B,24,0.00000,6.00222,0.19444,0.73716,1.21779,0.00000,0.00084,0.00084,5.42959,7.04592,3.52492,10.57084
12 0 W B,25,0.00000,6.00579,0.18218,0.68889,1.21284,0.00000,0.00082,0.00082,5.42957,7.04589,3.52500,10.57090
12 0 W B,26,0.00000,6.00448,0.17111,0.64509,1.20797,0.00000,0.00079,0.00079,5.42956,7.04586,3.52509,10.57095
12 0 W B,27,0.00000,5.99884,0.16110,0.60531,1.20318,0.00000,0.00077,0.00077,5.42954,7.04584,3.52517,10.57101
12 0 W B,28,0.00000,5.98939,0.15204,0.56915,1.19848,0.00000,0.00075,0.00075,5.42953,7.04581,3.52526,10.57107
12 0 W B,29,0.00000,5.97657,0.14384,0.53624,1.19386,0.00000,0.00073,0.00073,5.42951,7.04578,3.52534,10.57112
12 0 W B,30,0.00000,5.96077,0.13640,0.50628,1.18931,0.00000,0.00071,0.00071,5.42950,7.04576,3.52542,10.57118
12 0 W B,31,0.00000,5.94235,0.12964,0.47896,1.18485,0.00000,0.00070,0.00070,5.42948,7.04573,3.52550,10.57123
12 0 W B,32,0.00000,5.92161,0.12351,0.45402,1.18046,0.00000,0.00068,0.00068,5.42947,7.04571,3.52558,10.57129
12 0 W B,33,0.00000,5.89883,0.11792,0.43124,1.17615,0.00000,0.00067,0.00067,5.42945,7.04568,3.52566,10.57134
12 0 W B,34,0.00000,5.87427,0.11283,0.41041,1.17192,0.00000,0.00066,0.00066,5.42944,7.04565,3.52574,10.57140
12 0 W B,35,0.00000,5.84814,0.10819,0.39133,1.16775,0.00000,0.00064,0.00064,5.42942,7.04563,3.52582,10.57145
12 0 W B,36,0.00000,5.82063,0.10396,0.37385,1.16366,0.00000,0.00063,0.00063,5.42941,7.04560,3.52590,10.57150
12 0 W B,37,0.00000,5.79193,0.10008,0.35780,1.15964,0.00000,0.00062,0.00062,5.42939,7.04558,3.52597,10.57155
12 0 W B,38,0.00000,5.76219,0.09653,0.34305,1.15569,0.00000,0.00061,0.00061,5.42938,7.04555,3.52605,10.57160
12 0 W B,39,0.00000,5.73155,0.09328,0.32948,1.15180,0.00000,0.00061,0.00061,5.42937,7.04553,3.52612,10.57165
12 0 W B,40,0.00000,5.70013,0.09029,0.31699,1.14799,0.00000,0.00060,0.00060,5.42935,7.04551,3.52620,10.57170
12 0 W B,41,0.00000,5.66805,0.08754,0.30547,1.14423,0.00000,0.00059,0.00059,5.42934,7.04548,3.52627,10.57175
12 0 W B,42,0.00000,5.63540,0.08500,0.29483,1.14055,0.00000,0.00058,0.00058,5.42932,7.04546,3.52635,10.57180
12 0 W B,43,0.00000,5.60228,0.08266,0.28500,1.13692,0.00000,0.00058,0.00058,5.42931,7.04543,3.52642,10.57185
12 0 W B,44,0.00000,5.56877,0.08050,0.27591,1.13336,0.00000,0.00057,0.00057,5.42930,7.04541,3.52649,10.57190
12 0 W B,45,0.00000,5.53493,0.07850,0.26749,1.12986,0.00000,0.00057,0.00057,5.42928,7.04539,3.52656,10.57195
12 0 W B,46,0.00000,5.50084,0.07664,0.25967,1.12641,0.00000,0.00056,0.00056,5.42927,7.04536,3.52663,10.57200
12 0 W B,47,0.00000,5.46654,0.07492,0.25242,1.12303,0.00000,0.00056,0.00056,5.42926,7.04534,3.52670,10.57204
12 0 W B,48,0.00000,5.43210,0.07331,0.24568,1.11971,0.00000,0.00055,0.00055,5.42924,7.04532,3.52677,10.57209
12 0 W B,49,0.00000,5.39756,0.07182,0.23941,1.11644,0.00000,0.00055,0.00055,5.42923,7.04529,3.52684,10.57213
12 0 W B,50,0.00000,5.36296,0.07042,0.23358,1.11322,0.00000,0.00054,0.00054,5.42922,7.04527,3.52691,10.57218
12 0 W B,51,0.00000,5.32834,0.06911,0.22813,1.11006,0.00000,0.00054,0.00054,5.42920,7.04525,3.52697,10.57222
12 0 W B,52,0.00000,5.29373,0.06789,0.22306,1.10696,0.00000,0.00053,0.00053,5.42919,7.04523,3.52704,10.57227
12 0 W B,53,0.00000,5.25917,0.06673,0.21832,1.10391,0.00000,0.00053,0.00053,5.42918,7.04520,3.52711,10.57231
12 0 W B,54,0.00000,5.22468,0.06565,0.21389,1.10091,0.00000,0.00053,0.00053,5.42917,7.04518,3.52717,10.57235
12 0 W B,55,0.00000,5.19029,0.06463,0.20974,1.09796,0.00000,0.00052,0.00052,5.42915,7.04516,3.52724,10.57240
12 0 W B,56,0.00000,5.15602,0.06367,0.20586,1.09506,0.00000,0.00052,0.00052,5.42914,7.04514,3.52730,10.57244
12 0 W B,57,0.00000,5.12188,0.06275,0.20222,1.09221,0.00000,0.00052,0.00052,5.42913,7.04512,3.52736,10.57248
12 0 W B,58,0.00000,5.08791,0.06189,0.19881,1.08941,0.00000,0.00052,0.00052,5.42912,7.04509,3.52743,10.57252
12 0 W B,59,0.00000,5.05411,0.06107,0.19561,1.08665,0.00000,0.00051,0.00051,5.42910,7.04507,3.52749,10.57256
12 0 W B,60,0.00000,5.02049,0.06029,0.19260,1.08395,0.00000,0.00051,0.00051,5.42909,7.04505,3.52755,10.57260
12 0 W B,61,0.00000,4.98708,0.05955,0.18978,1.08128,0.00000,0.00051,0.00051,5.42908,7.04503,3.52761,10.57264
12 0 W B,62,0.00000,4.95388,0.05883,0.18712,1.07867,0.00000,0.00051,0.00051,5.42907,7.04501,3.52767,10.57268
12 0 W B,63,0.00000,4.92090,0.05816,0.18462,1.07609,0.00000,0.00050,0.00050,5.42905,7.04499,3.52774,10.57272
12 0 W B,64,0.00000,4.88816,0.05751,0.18227,1.07356,0.00000,0.00050,0.00050,5.42904,7.04497,3.52780,10.57276
12 0 W B,65,0.00000,4.85566,0.05688,0.18005,1.07108,0.00000,0.00050,0.00050,5.42903,7.04494,3.52785,10.57280
12 0 W B,66,0.00000,4.82340,0.05628,0.17796,1.06863,0.00000,0.00050,0.00050,5.42902,7.04492,3.52791,10.57284
12 0 W B,67,0.00000,4.79140,0.05570,0.17598,1.06623,0.00000,0.00049,0.00049,5.42900,7.04490,3.52797,10.57287
12 0 W B,68,0.00000,4.75966,0.05515,0.17412,1.06387,0.00000,0.00049,0.00049,5.42899,7.04488,3.52803,10.57291
12 0 W B,69,0.00000,4.72818,0.05461,0.17236,1.06154,0.00000,0.00049,0.00049,5.42898,7.04486,3.52809,10.57295
12 0 W B,70,0.00000,4.69697,0.05409,0.17070,1.05926,0.00000,0.00049,0.00049,5.42897,7.04484,3.52814,10.57298
12 0 W B,71,0.00000,4.66604,0.05359,0.16913,1.05702,0.00000,0.00049,0.00049,5.42895,7.04482,3.52820,10.57302
12 0 W B,72,0.00000,4.63537,0.05310,0.16764,1.05481,0.00000,0.00049,0.00049,5.42894,7.04480,3.52826,10.57306
12 0 W B,73,0.00000,4.60499,0.05263,0.16624,1.05264,0.00000,0.00048,0.00048,5.42893,7.04478,3.52831,10.57309
12 0 W B,74,0.00000,4.57489,0.05217,0.16491,1.05050,0.00000,0.00048,0.00048,5.42892,7.04476,3.52837,10.57312
12 0 W B,75,0.00000,4.54507,0.05172,0.16365,1.04840,0.00000,0.00048,0.00048,5.42891,7.04474,3.52842,10.57316
12 0 W B,76,0.00000,4.51553,0.05129,0.16246,1.04634,0.00000,0.00048,0.00048,5.42889,7.04471,3.52848,10.57319
12 0 W B,77,0.00000,4.48628,0.05086,0.16133,1.04431,0.00000,0.00048,0.00048,5.42888,7.04469,3.52853,10.57323
12 0 W B,78,0.00000,4.45731,0.05045,0.16025,1.04232,0.00000,0.00048,0.00048,5.42887,7.04467,3.52859,10.57326
12 0 W B,79,0.00000,4.42863,0.05005,0.15924,1.04036,0.00000,0.00048,0.00048,5.42886,7.04465,3.52864,10.57329
12 0 W B,80,0.00000,4.40023,0.04965,0.15827,1.03843,0.00000,0.00047,0.00047,5.42885,7.04463,3.52869,10.57332
12 0 W B,81,0.00000,4.37211,0.04927,0.15736,1.03653,0.00000,0.00047,0.00047,5.42883,7.04461,3.52874,10.57336
12 0 W B,82,0.00000,4.34429,0.04889,0.15649,1.03467,0.00000,0.00047,0.00047,5.42882,7.04459,3.52880,10.57339
12 0 W B,83,0.00000,4.31674,0.04852,0.15567,1.03284,0.00000,0.00047,0.00047,5.42881,7.04457,3.52885,10.57342
12 0 W B,84,0.00000,4.28948,0.04815,0.15489,1.03103,0.00000,0.00047,0.00047,5.42880,7.04455,3.52890,10.57345
12 0 W B,85,0.00000,4.26251,0.04780,0.15414,1.02926,0.00000,0.00047,0.00047,5.42879,7.04453,3.52895,10.57348
12 0 W B,86,0.00000,4.23581,0.04745,0.15344,1.02752,0.00000,0.00047,0.00047,5.42877,7.04451,3.52900,10.57351
12 0 W B,87,0.00000,4.20940,0.04711,0.15277,1.02580,0.00000,0.00047,0.00047,5.42876,7.04449,3.52905,10.57354
12 0 W B,88,0.00000,4.18326,0.04677,0.15213,1.02412,0.00000,0.00047,0.00047,5.42875,7.04447,3.52910,10.57357
12 0 W B,89,0.00000,4.15740,0.04644,0.15152,1.02246,0.00000,0.00046,0.00046,5.42874,7.04445,3.52915,10.57360
12 0 W B,90,0.00000,4.13182,0.04611,0.15094,1.02083,0.00000,0.00046,0.00046,5.42873,7.04443,3.52920,10.57363
12 0 W B,91,0.00000,4.10651,0.04579,0.15039,1.01923,0.00000,0.00046,0.00046,5.42871,7.04441,3.52925,10.57366
12 0 W B,92,0.00000,4.08148,0.04548,0.14987,1.01766,0.00000,0.00046,0.00046,5.42870,7.04439,3.52930,10.57368
12 0 W B,93,0.00000,4.05671,0.04516,0.14938,1.01611,0.00000,0.00046,0.00046,5.42869,7.04437,3.52934,10.57371
12 0 W B,94,0.00000,4.03222,0.04486,0.14890,1.01458,0.00000,0.00046,0.00046,5.42868,7.04435,3.52939,10.57374
12 0 W B,95,0.00000,4.00799,0.04456,0.14845,1.01309,0.00000,0.00046,0.00046,5.42867,7.04433,3.52944,10.57377
12 0 W B,96,0.00000,3.98402,0.04426,0.14802,1.01161,0.00000,0.00046,0.00046,5.42866,7.04431,3.52949,10.57379
12 0 W B,97,0.00000,3.96032,0.04397,0.14762,1.01016,0.00000,0.00046,0.00046,5.42864,7.04429,3.52953,10.57382
12 0 W B,98,0.00000,3.93688,0.04368,0.14723,1.00874,0.00000,0.00046,0.00046,5.42863,7.04427,3.52958,10.57385
12 0 W B,99,0.00000,3.91370,0.04340,0.14686,1.00734,0.00000,0.00046,0.00046,5.42862,7.04425,3.52963,10.57387
12 0 W B,100,0.00000,3.89078,0.04312,0.14650,1.00596,0.00000,0.00045,0.00045,5.42861,7.04423,3.52967,10.57390
12 0 W B,101,0.00000,3.86811,0.04284,0.14617,1.00461,0.00000,0.00045,0.00045,5.42860,7.04421,3.52972,10.57392
12 0 W B,102,0.00000,3.84569,0.04257,0.14585,1.00327,0.00000,0.00045,0.00045,5.42859,7.04419,3.52976,10.57395
12 0 W B,103,0.00000,3.82352,0.04230,0.14554,1.00196,0.00000,0.00045,0.00045,5.42857,7.04417,3.52981,10.57397
12 0 W B,104,0.00000,3.80160,0.04203,0.14525,1.00067,0.00000,0.00045,0.00045,5.42856,7.04415,3.52985,10.57400
12 0 W B,105,0.00000,3.77992,0.04177,0.14497,0.99941,0.00000,0.00045,0.00045,5.42855,7.04413,3.52990,10.57402
12 0 W B,106,0.00000,3.75849,0.04151,0.14471,0.99816,0.00000,0.00045,0.00045,5.42854,7.04411,3.52994,10.57405
12 0 W B,107,0.00000,3.73730,0.04125,0.14446,0.99694,0.00000,0.00045,0.00045,5.42853,7.04409,3.52998,10.57407
12 0 W B,108,0.00000,3.71634,0.04100,0.14421,0.99573,0.00000,0.00045,0.00045,5.42851,7.04407,3.53003,10.57409
12 0 W B,109,0.00000,3.69563,0.04075,0.14399,0.99454,0.00000,0.00045,0.00045,5.42850,7.04405,3.53007,10.57412
12 0 W B,110,0.00000,3.67514,0.04051,0.14377,0.99338,0.00000,0.00045,0.00045,5.42849,7.04403,3.53011,10.57414
12 0 W B,111,0.00000,3.65489,0.04026,0.14356,0.99223,0.00000,0.00045,0.00045,5.42848,7.04401,3.53016,10.57416
12 0 W B,112,0.00000,3.63486,0.04002,0.14336,0.99111,0.00000,0.00045,0.00045,5.42847,7.04399,3.53020,10.57419
12 0 W B,113,0.00000,3.61507,0.03978,0.14317,0.99000,0.00000,0.00045,0.00045,5.42846,7.04397,3.53024,10.57421
12 0 W B,114,0.00000,3.59549,0.03955,0.14299,0.98891,0.00000,0.00045,0.00045,5.42844,7.04395,3.53028,10.57423
12 0 W B,115,0.00000,3.57614,0.03932,0.14281,0.98783,0.00000,0.00044,0.00044,5.42843,7.04393,3.53033,10.57425
12 0 W B,116,0.00000,3.55701,0.03909,0.14265,0.98678,0.00000,0.00044,0.00044,5.42842,7.04391,3.53037,10.57427
12 0 W B,117,0.00000,3.53809,0.03886,0.14249,0.98574,0.00000,0.00044,0.00044,5.42841,7.04389,3.53041,10.57430
12 0 W B,118,0.00000,3.51939,0.03864,0.14234,0.98472,0.00000,0.00044,0.00044,5.42840,7.04387,3.53045,10.57432
12 0 W B,119,0.00000,3.50091,0.03842,0.14219,0.98372,0.00000,0.00044,0.00044,5.42839,7.04385,3.53049,10.57434
12 0 W B,120,0.00000,3.48263,0.03820,0.14206,0.98273,0.00000,0.00044,0.00044,5.42837,7.04383,3.53053,10.57436
12 0 W B,121,0.00000,3.46456,0.03799,0.14193,0.98176,0.00000,0.00044,0.00044,5.42836,7.04381,3.53057,10.57438
12 0 W B,122,0.00000,3.44670,0.03777,0.14180,0.98081,0.00000,0.00044,0.00044,5.42835,7.04379,3.53061,10.57440
12 0 W B,123,0.00000,3.42904,0.03756,0.14168,0.97987,0.00000,0.00044,0.00044,5.42834,7.04377,3.53065,10.57442
12 0 W B,124,0.00000,3.41158,0.03735,0.14157,0.97894,0.00000,0.00044,0.00044,5.42833,7.04375,3.53069,10.57444
12 0 W B,125,0.00000,3.39432,0.03715,0.14146,0.97803,0.00000,0.00044,0.00044,5.42832,7.04373,3.53073,10.57446
12 0 W B,126,0.00000,3.37725,0.03695,0.14135,0.97714,0.00000,0.00044,0.00044,5.42830,7.04371,3.53077,10.57448
12 0 W B,127,0.00000,3.36039,0.03674,0.14125,0.97626,0.00000,0.00044,0.00044,5.42829,7.04369,3.53081,10.57450
12 0 W B,128,0.00000,3.34371,0.03655,0.14116,0.97540,0.00000,0.00044,0.00044,5.42828,7.04367,3.53085,10.57452
12 0 W B,129,0.00000,3.32723,0.03635,0.14107,0.97455,0.00000,0.00044,0.00044,5.42827,7.04365,3.53089,10.57453
12 0 W B,130,0.00000,3.31093,0.03616,0.14098,0.97371,0.00000,0.00044,0.00044,5.42826,7.04363,3.53092,10.57455
12 0 W B,131,0.00000,3.29482,0.03596,0.14090,0.97289,0.00000,0.00044,0.00044,5.42825,7.04361,3.53096,10.57457
12 0 W B,132,0.00000,3.27889,0.03577,0.14082,0.97208,0.00000,0.00044,0.00044,5.42824,7.04359,3.53100,10.57459
12 0 W B,133,0.00000,3.26315,0.03559,0.14074,0.97129,0.00000,0.00044,0.00044,5.42822,7.04357,3.53104,10.57461
12 0 W B,134,0.00000,3.24758,0.03540,0.14067,0.97050,0.00000,0.00044,0.00044,5.42821,7.04355,3.53107,10.57463
12 0 W B,135,0.00000,3.23219,0.03522,0.14060,0.96973,0.00000,0.00044,0.00044,5.42820,7.04353,3.53111,10.57464
12 0 W B,136,0.00000,3.21698,0.03504,0.14053,0.96898,0.00000,0.00044,0.00044,5.42819,7.04351,3.53115,10.57466
12 0 W B,137,0.00000,3.20194,0.03486,0.14047,0.96823,0.00000,0.00043,0.00043,5.42818,7.04349,3.53119,10.57468
12 0 W B,138,0.00000,3.18708,0.03468,0.14041,0.96750,0.00000,0.00043,0.00043,5.42817,7.04347,3.53122,10.57469
12 0 W B,139,0.00000,3.17238,0.03451,0.14035,0.96678,0.00000,0.00043,0.00043,5.42815,7.04345,3.53126,10.57471
12 0 W B,140,0.00000,3.15785,0.03434,0.14029,0.96607,0.00000,0.00043,0.00043,5.42814,7.04343,3.53130,10.57473
12 0 W B,141,0.00000,3.14349,0.03416,0.14024,0.96537,0.00000,0.00043,0.00043,5.42813,7.04341,3.53133,10.57474
12 0 W B,142,0.00000,3.12929,0.03400,0.14019,0.96469,0.00000,0.00043,0.00043,5.42812,7.04339,3.53137,10.57476
12 0 W B,143,0.00000,3.11525,0.03383,0.14014,0.96401,0.00000,0.00043,0.00043,5.42811,7.04337,3.53140,10.57478
12 0 W B,144,0.00000,3.10138,0.03366,0.14009,0.96335,0.00000,0.00043,0.00043,5.42810,7.04335,3.53144,10.57479
12 0 W B,145,0.00000,3.08766,0.03350,0.14005,0.96270,0.00000,0.00043,0.00043,5.42808,7.04333,3.53148,10.57481
12 0 W B,146,0.00000,3.07410,0.03334,0.14001,0.96206,0.00000,0.00043,0.00043,5.42807,7.04331,3.53151,10.57482
12 0 W B,147,0.00000,3.06069,0.03318,0.13996,0.96143,0.00000,0.00043,0.00043,5.42806,7.04329,3.53155,10.57484
12 0 W B,148,0.00000,3.04744,0.03302,0.13993,0.96080,0.00000,0.00043,0.00043,5.42805,7.04327,3.53158,10.57486
12 0 W B,149,0.00000,3.03433,0.03287,0.13989,0.96019,0.00000,0.00043,0.00043,5.42804,7.04325,3.53162,10.57487
12 0 W B,150,0.00000,3.02138,0.03271,0.13985,0.95959,0.00000,0.00043,0.00043,5.42803,7.04323,3.53165,10.57489
12 0 W B,151,0.00000,3.00858,0.03256,0.13982,0.95900,0.00000,0.00043,0.00043,5.42801,7.04321,3.53169,10.57490
12 0 W B,152,0.00000,2.99592,0.03241,0.13978,0.95842,0.00000,0.00043,0.00043,5.42800,7.04319,3.53172,10.57491
12 0 W B,153,0.00000,2.98340,0.03226,0.13975,0.95785,0.00000,0.00043,0.00043,5.42799,7.04318,3.53175,10.57493
12 0 W B,154,0.00000,2.97103,0.03212,0.13972,0.95729,0.00000,0.00043,0.00043,5.42798,7.04316,3.53179,10.57494
12 0 W B,155,0.00000,2.95879,0.03197,0.13969,0.95673,0.00000,0.00043,0.00043,5.42797,7.04314,3.53182,10.57496
12 0 W B,156,0.00000,2.94670,0.03183,0.13967,0.95619,0.00000,0.00043,0.00043,5.42796,7.04312,3.53186,10.57497
12 0 W B,157,0.00000,2.93475,0.03168,0.13964,0.95565,0.00000,0.00043,0.00043,5.42795,7.04310,3.53189,10.57499
12 0 W B,158,0.00000,2.92293,0.03154,0.13961,0.95513,0.00000,0.00043,0.00043,5.42793,7.04308,3.53192,10.57500
12 0 W B,159,0.00000,2.91124,0.03141,0.13959,0.95461,0.00000,0.00043,0.00043,5.42792,7.04306,3.53196,10.57501
12 0 W B,160,0.00000,2.89969,0.03127,0.13957,0.95410,0.00000,0.00043,0.00043,5.42791,7.04304,3.53199,10.57503
12 B RE A,0,5.71250,8.07294,4.66925,18.73718,5.81710,0.00000,0.01206,0.01206,16.28995,21.13991,10.57002,31.70993
12 B RE A,1,0.00000,10.19825,4.21657,16.96870,5.76027,0.00000,0.01110,0.01110,16.28990,21.13982,10.57005,31.70986
12 B RE A,2,0.00000,12.11162,3.81140,15.37529,5.70450,0.00001,0.01023,0.01023,16.28985,21.13972,10.57009,31.70981
12 B RE A,3,0.00000,13.83412,3.44876,13.93955,5.64975,0.00001,0.00945,0.00945,16.28980,21.13963,10.57013,31.70976
12 B RE A,4,0.00000,15.38477,3.12418,12.64585,5.59602,0.00001,0.00875,0.00874,16.28975,21.13954,10.57019,31.70973
12 B RE A,5,0.00000,16.78074,2.83366,11.48007,5.54328,0.00001,0.00812,0.00810,16.28970,21.13945,10.57025,31.70970
12 B RE A,6,0.00000,18.03751,2.57361,10.42950,5.49151,0.00001,0.00754,0.00753,16.28965,21.13936,10.57031,31.70967
12 B RE A,7,0.00000,19.16903,2.34085,9.48271,5.44069,0.00001,0.00702,0.00701,16.28960,21.13927,10.57038,31.70965
12 B RE A,8,0.00000,20.18783,2.13248,8.62937,5.39080,0.00002,0.00656,0.00654,16.28955,21.13918,10.57046,31.70964
12 B RE A,9,0.00000,21.10523,1.94595,7.86018,5.34183,0.00002,0.00614,0.00612,16.28950,21.13909,10.57054,31.70963
12 B RE A,10,0.00000,21.93138,1.77894,7.16678,5.29376,0.00002,0.00575,0.00574,16.28945,21.13900,10.57062,31.70962
12 B RE A,11,0.00000,22.67544,1.62941,6.54162,5.24657,0.00002,0.00541,0.00539,16.28940,21.13891,10.57071,31.70962
12 B RE A,12,0.00000,23.34562,1.49550,5.97789,5.20025,0.00002,0.00510,0.00508,16.28935,21.13882,10.57080,31.70962
12 B RE A,13,0.00000,23.94932,1.37556,5.46948,5.15477,0.00002,0.00481,0.00479,16.28930,21.13873,10.57089,31.70962
12 B RE A,14,5.71250,30.17272,1.27465,5.01090,5.11014,0.00002,0.00456,0.00454,16.28925,21.13864,10.57101,31.70965
12 B RE A,15,0.00000,30.63069,1.18418,4.59715,5.06632,0.00002,0.00433,0.00431,16.28920,21.13855,10.57113,31.70969
12 B RE A,16,0.00000,31.04106,1.10303,4.22373,5.02330,0.00003,0.00412,0.00409,16.28915,21.13847,10.57126,31.70973
12 B RE A,17,0.00000,31.40857,1.03021,3.88661,4.98107,0.00003,0.00393,0.00390,16.28910,21.13838,10.57138,31.70976
12 B RE A,18,0.00000,31.73751,0.96484,3.58217,4.93960,0.00003,0.00376,0.00373,16.28906,21.13830,10.57151,31.70980
12 B RE A,19,0.00000,32.03171,0.90613,3.30713,4.89889,0.00003,0.00360,0.00357,16.28901,21.13821,10.57164,31.70985
12 B RE A,20,0.00000,32.29462,0.85337,3.05854,4.85892,0.00003,0.00346,0.00343,16.28896,21.13813,10.57176,31.70989
12 B RE A,21,0.00000,32.52934,0.80594,2.83375,4.81967,0.00004,0.00333,0.00330,16.28891,21.13804,10.57189,31.70993
12 B RE A,22,0.00000,32.73864,0.76326,2.63038,4.78114,0.00004,0.00321,0.00318,16.28887,21.13796,10.57202,31.70998
12 B RE A,23,0.00000,32.92502,0.72483,2.44628,4.74330,0.00004,0.00311,0.00307,16.28882,21.13788,10.57215,31.71002
12 B RE A,24,0.00000,33.09071,0.69021,2.27951,4.70615,0.00004,0.00301,0.00297,16.28877,21.13779,10.57228,31.71007
12 B RE A,25,0.00000,33.23772,0.65900,2.12835,4.66967,0.00004,0.00292,0.00288,16.28873,21.13771,10.57241,31.71012
12 B RE A,26,0.00000,33.36786,0.63085,1.99123,4.63385,0.00004,0.00283,0.00279,16.28868,21.13763,10.57254,31.71017
12 B RE A,27,0.00000,33.48274,0.60542,1.86674,4.59868,0.00004,0.00276,0.00272,16.28864,21.13755,10.57267,31.71022
12 B RE A,28,5.71250,39.26599,0.58789,1.75368,4.56416,0.00004,0.00269,0.00264,16.28859,21.13747,10.57282,31.71029
12 B RE A,29,0.00000,39.32495,0.57198,1.65085,4.53026,0.00004,0.00262,0.00258,16.28855,21.13739,10.57297,31.71037
12 B RE A,30,0.00000,39.37324,0.55754,1.55725,4.49697,0.00005,0.00257,0.00252,16.28850,21.13732,10.57313,31.71044
12 B RE A,31,0.00000,39.41184,0.54441,1.47197,4.46428,0.00005,0.00251,0.00246,16.28846,21.13724,10.57328,31.71052
12 B RE A,32,0.00000,39.44165,0.53246,1.39418,4.43217,0.00005,0.00246,0.00241,16.28841,21.13716,10.57343,31.71060
12 B RE A,33,0.00000,39.46348,0.52159,1.32316,4.40065,0.00005,0.00242,0.00236,16.28837,21.13709,10.57359,31.71067
12 B RE A,34,0.00000,39.47805,0.51167,1.25824,4.36969,0.00005,0.00237,0.00232,16.28833,21.13701,10.57374,31.71075
12 B RE A,35,0.00000,39.48602,0.50262,1.19883,4.33928,0.00005,0.00233,0.00228,16.28828,21.13694,10.57389,31.71083
12 B RE A,36,0.00000,39.48798,0.49436,1.14441,4.30942,0.00005,0.00229,0.00224,16.28824,21.13686,10.57404,31.71091
12 B RE A,37,0.00000,39.48446,0.48680,1.09449,4.28009,0.00006,0.00226,0.00220,16.28820,21.13679,10.57420,31.71099
12 B RE A,38,0.00000,39.47593,0.47988,1.04866,4.25129,0.00006,0.00223,0.00217,16.28816,21.13672,10.57435,31.71106
12 B RE A,39,0.00000,39.46284,0.47354,1.00653,4.22300,0.00006,0.00220,0.00214,16.28812,21.13665,10.57450,31.71114
12 B RE A,40,0.00000,39.44557,0.46772,0.96775,4.19522,0.00006,0.00217,0.00211,16.28807,21.13658,10.57465,31.71122
12 B RE A,41,0.00000,39.42449,0.46237,0.93202,4.16793,0.00006,0.00214,0.00208,16.28803,21.13651,10.57480,31.71130
12 B RE A,42,5.71250,45.08373,0.46222,0.89910,4.14115,0.00006,0.00211,0.00205,16.28799,21.13644,10.57497,31.71141
12 B RE A,43,0.00000,45.02778,0.46204,0.86871,4.11484,0.00006,0.00209,0.00203,16.28795,21.13637,10.57514,31.71151
12 B RE A,44,0.00000,44.96939,0.46183,0.84060,4.08900,0.00006,0.00207,0.00201,16.28791,21.13630,10.57531,31.71161
12 B RE A,45,0.00000,44.90875,0.46159,0.81458,4.06362,0.00006,0.00205,0.00198,16.28787,21.13623,10.57549,31.71171
12 B RE A,46,0.00000,44.84606,0.46132,0.79047,4.03868,0.00007,0.00203,0.00196,16.28783,21.13616,10.57566,31.71182
12 B RE A,47,0.00000,44.78149,0.46101,0.76811,4.01420,0.00007,0.00201,0.00194,16.28779,21.13609,10.57583,31.71192
12 B RE A,48,0.00000,44.71521,0.46068,0.74734,3.99014,0.00007,0.00199,0.00192,16.28775,21.13603,10.57600,31.71202
12 B RE A,49,0.00000,44.64735,0.46033,0.72803,3.96651,0.00007,0.00197,0.00190,16.28771,21.13596,10.57617,31.71213
12 B RE A,50,0.00000,44.57806,0.45994,0.71007,3.94330,0.00007,0.00196,0.00189,16.28767,21.13589,10.57634,31.71223
12 B RE A,51,0.00000,44.50746,0.45953,0.69334,3.92050,0.00007,0.00194,0.00187,16.28764,21.13583,10.57650,31.71233
12 B RE A,52,0.00000,44.43565,0.45909,0.67774,3.89810,0.00007,0.00193,0.00185,16.28760,21.13576,10.57667,31.71244
12 B RE A,53,0.00000,44.36274,0.45864,0.66318,3.87610,0.00007,0.00191,0.00184,16.28756,21.13570,10.57684,31.71254
12 B RE A,54,0.00000,44.28882,0.45815,0.64958,3.85449,0.00007,0.00190,0.00182,16.28752,21.13564,10.57700,31.71264
12 B RE A,55,0.00000,44.21399,0.45765,0.63687,3.83325,0.00007,0.00188,0.00181,16.28748,21.13557,10.57717,31.71274
12 B RE A,56,5.71250,49.82289,0.46168,0.62502,3.81241,0.00007,0.00187,0.00180,16.28744,21.13551,10.57736,31.71287
12 B RE A,57,0.00000,49.71896,0.46532,0.61393,3.79193,0.00008,0.00186,0.00178,16.28741,21.13544,10.57755,31.71299
12 B RE A,58,0.00000,49.61475,0.46860,0.60353,3.77181,0.00008,0.00185,0.00177,16.28737,21.13538,10.57774,31.71312
12 B RE A,59,0.00000,49.51031,0.47154,0.59378,3.75205,0.00008,0.00184,0.00176,16.28733,21.13532,10.57792,31.71324
12 B RE A,60,0.00000,49.40566,0.47418,0.58463,3.73263,0.00008,0.00183,0.00175,16.28729,21.13526,10.57811,31.71337
12 B RE A,61,0.00000,49.30084,0.47653,0.57604,3.71355,0.00008,0.00182,0.00174,16.28726,21.13520,10.57829,31.71349
12 B RE A,62,0.00000,49.19588,0.47861,0.56796,3.69481,0.00009,0.00181,0.00172,16.28722,21.13513,10.57848,31.71361
12 B RE A,63,0.00000,49.09082,0.48045,0.56036,3.67639,0.00009,0.00180,0.00171,16.28718,21.13507,10.57866,31.71374
12 B RE A,64,0.00000,48.98568,0.48206,0.55322,3.65830,0.00009,0.00179,0.00170,16.28715,21.13501,10.57885,31.71386
12 B RE A,65,0.00000,48.88048,0.48346,0.54649,3.64052,0.00009,0.00178,0.00169,16.28711,21.13495,10.57903,31.71398
12 B RE A,66,0.00000,48.77525,0.48466,0.54015,3.62305,0.00009,0.00177,0.00168,16.28707,21.13489,10.57921,31.71410
12 B RE A,67,0.00000,48.67001,0.48569,0.53417,3.60589,0.00009,0.00177,0.00168,16.28704,21.13483,10.57939,31.71422
12 B RE A,68,0.00000,48.56479,0.48655,0.52853,3.58902,0.00009,0.00176,0.00167,16.28700,21.13477,10.57958,31.71434
12 B RE A,69,0.00000,48.45959,0.48725,0.52321,3.57245,0.00009,0.00175,0.00166,16.28696,21.13471,10.57976,31.71447
12 B RE A,70,5.71250,54.03940,0.49233,0.51824,3.55619,0.00009,0.00174,0.00165,16.28693,21.13465,10.57996,31.71461
12 B RE A,71,0.00000,53.90718,0.49692,0.51353,3.54020,0.00009,0.00173,0.00164,16.28689,21.13459,10.58016,31.71475
12 B RE A,72,0.00000,53.77544,0.50105,0.50909,3.52450,0.00010,0.00173,0.00163,16.28686,21.13453,10.58036,31.71489
12 B RE A,73,0.00000,53.64415,0.50477,0.50489,3.50906,0.00010,0.00172,0.00162,16.28682,21.13447,10.58056,31.71504
12 B RE A,74,0.00000,53.51333,0.50810,0.50092,3.49390,0.00010,0.00172,0.00162,16.28678,21.13441,10.58076,31.71518
12 B RE A,75,0.00000,53.38296,0.51107,0.49716,3.47899,0.00010,0.00171,0.00161,16.28675,21.13435,10.58096,31.71532
12 B RE A,76,0.00000,53.25303,0.51371,0.49360,3.46435,0.00010,0.00170,0.00160,16.28671,21.13430,10.58116,31.71546
12 B RE A,77,0.00000,53.12356,0.51604,0.49024,3.44995,0.00010,0.00170,0.00160,16.28668,21.13424,10.58136,31.71560
12 B RE A,78,0.00000,52.99453,0.51808,0.48704,3.43581,0.00010,0.00169,0.00159,16.28664,21.13418,10.58156,31.71574
12 B RE A,79,0.00000,52.86593,0.51986,0.48402,3.42191,0.00010,0.00169,0.00158,16.28660,21.13412,10.58175,31.71588
12 B RE A,80,0.00000,52.73777,0.52140,0.48115,3.40825,0.00011,0.00168,0.00158,16.28657,21.13406,10.58195,31.71601
12 B RE A,81,0.00000,52.61004,0.52272,0.47844,3.39482,0.00011,0.00168,0.00157,16.28653,21.13401,10.58215,31.71615
12 B RE A,82,0.00000,52.48275,0.52383,0.47586,3.38163,0.00011,0.00167,0.00156,16.28650,21.13395,10.58234,31.71629
12 B RE A,83,0.00000,52.35587,0.52475,0.47341,3.36866,0.00011,0.00166,0.00156,16.28646,21.13389,10.58254,31.71643
12 B RE A,84,5.71250,57.91461,0.53000,0.47114,3.35594,0.00011,0.00166,0.00155,16.28643,21.13383,10.58275,31.71659
12 B RE A,85,0.00000,57.76167,0.53474,0.46898,3.34343,0.00011,0.00165,0.00155,16.28639,21.13378,10.58297,31.71674
12 B RE A,86,0.00000,57.60952,0.53900,0.46693,3.33113,0.00011,0.00165,0.00154,16.28636,21.13372,10.58318,31.71690
12 B RE A,87,0.00000,57.45815,0.54281,0.46498,3.31905,0.00011,0.00165,0.00153,16.28632,21.13366,10.58339,31.71706
12 B RE A,88,0.00000,57.30753,0.54621,0.46313,3.30717,0.00012,0.00164,0.00153,16.28629,21.13361,10.58361,31.71722
12 B RE A,89,0.00000,57.15766,0.54923,0.46137,3.29550,0.00012,0.00164,0.00152,16.28625,21.13355,10.58382,31.71737
12 B RE A,90,0.00000,57.00850,0.55190,0.45970,3.28403,0.00012,0.00164,0.00152,16.28622,21.13350,10.58403,31.71753
12 B RE A,91,0.00000,56.86005,0.55424,0.45811,3.27275,0.00012,0.00163,0.00151,16.28618,21.13344,10.58424,31.71768
12 B RE A,92,0.00000,56.71229,0.55628,0.45660,3.26166,0.00012,0.00163,0.00151,16.28615,21.13338,10.58445,31.71784
12 B RE A,93,0.00000,56.56520,0.55804,0.45516,3.25077,0.00012,0.00162,0.00150,16.28611,21.13333,10.58466,31.71799
12 B RE A,94,0.00000,56.41878,0.55955,0.45379,3.24006,0.00012,0.00162,0.00150,16.28608,21.13327,10.58487,31.71814
12 B RE A,95,0.00000,56.27301,0.56082,0.45249,3.22953,0.00012,0.00162,0.00149,16.28604,21.13322,10.58508,31.71830
12 B RE A,96,0.00000,56.12788,0.56187,0.45125,3.21919,0.00012,0.00161,0.00149,16.28601,21.13316,10.58529,31.71845
12 B RE A,97,0.00000,55.98338,0.56272,0.45008,3.20901,0.00012,0.00161,0.00148,16.28597,21.13310,10.58549,31.71860
12 B RE A,98,5.71250,61.52483,0.56791,0.44900,3.19903,0.00012,0.00160,0.00148,16.28594,21.13305,10.58572,31.71877
12 B RE A,99,0.00000,61.35477,0.57258,0.44797,3.18922,0.00013,0.00160,0.00148,16.28590,21.13299,10.58595,31.71894
12 B RE A,100,0.00000,61.18569,0.57675,0.44700,3.17958,0.00013,0.00160,0.00147,16.28587,21.13294,10.58618,31.71912
12 B RE A,101,0.00000,61.01755,0.58047,0.44607,3.17009,0.00013,0.00160,0.00147,16.28583,21.13288,10.58640,31.71929
12 B RE A,102,0.00000,60.85032,0.58377,0.44518,3.16077,0.00013,0.00159,0.00146,16.28580,21.13283,10.58663,31.71946
12 B RE A,103,0.00000,60.68399,0.58668,0.44433,3.15161,0.00013,0.00159,0.00146,16.28576,21.13278,10.58685,31.71963
12 B RE A,104,0.00000,60.51853,0.58923,0.44353,3.14260,0.00013,0.00159,0.00146,16.28573,21.13272,10.58708,31.71980
12 B RE A,105,0.00000,60.35392,0.59146,0.44276,3.13375,0.00013,0.00159,0.00145,16.28569,21.13267,10.58730,31.71997
12 B RE A,106,0.00000,60.19014,0.59338,0.44203,3.12504,0.00014,0.00158,0.00145,16.28566,21.13261,10.58752,31.72013
12 B RE A,107,0.00000,60.02717,0.59501,0.44133,3.11648,0.00014,0.00158,0.00144,16.28562,21.13256,10.58774,31.72030
12 B RE A,108,0.00000,59.86500,0.59639,0.44066,3.10807,0.00014,0.00158,0.00144,16.28559,21.13250,10.58796,31.72047
12 B RE A,109,0.00000,59.70361,0.59753,0.44003,3.09979,0.00014,0.00157,0.00144,16.28556,21.13245,10.58818,31.72063
12 B RE A,110,0.00000,59.54298,0.59845,0.43942,3.09166,0.00014,0.00157,0.00143,16.28552,21.13240,10.58840,31.72080
12 B RE A,111,0.00000,59.38310,0.59916,0.43884,3.08367,0.00014,0.00157,0.00143,16.28549,21.13234,10.58862,31.72096
12 B RE A,112,5.71250,64.90939,0.60423,0.43834,3.07582,0.00014,0.00157,0.00143,16.28545,21.13229,10.58886,31.72115
12 B RE A,113,0.00000,64.72429,0.60876,0.43785,3.06811,0.00014,0.00156,0.00142,16.28542,21.13223,10.58910,31.72134
12 B RE A,114,0.00000,64.54026,0.61279,0.43739,3.06053,0.00014,0.00156,0.00142,16.28538,21.13218,10.58934,31.72152
12 B RE A,115,0.00000,64.35727,0.61638,0.43695,3.05307,0.00014,0.00156,0.00142,16.28535,21.13213,10.58958,31.72171
12 B RE A,116,0.00000,64.17531,0.61954,0.43652,3.04574,0.00015,0.00156,0.00141,16.28531,21.13208,10.58981,31.72189
12 B RE A,117,0.00000,63.99434,0.62231,0.43612,3.03853,0.00015,0.00156,0.00141,16.28528,21.13202,10.59005,31.72207
12 B RE A,118,0.00000,63.81433,0.62472,0.43573,3.03145,0.00015,0.00156,0.00141,16.28525,21.13197,10.59029,31.72225
12 B RE A,119,0.00000,63.63527,0.62680,0.43536,3.02448,0.00015,0.00155,0.00140,16.28521,21.13192,10.59052,31.72244
12 B RE A,120,0.00000,63.45713,0.62857,0.43501,3.01763,0.00015,0.00155,0.00140,16.28518,21.13186,10.59075,31.72262
12 B RE A,121,0.00000,63.27990,0.63006,0.43467,3.01089,0.00015,0.00155,0.00140,16.28514,21.13181,10.59099,31.72280
12 B RE A,122,0.00000,63.10355,0.63129,0.43435,3.00427,0.00015,0.00155,0.00140,16.28511,21.13176,10.59122,31.72298
12 B RE A,123,0.00000,62.92806,0.63228,0.43404,2.99776,0.00015,0.00155,0.00139,16.28507,21.13170,10.59145,31.72315
12 B RE A,124,0.00000,62.75343,0.63305,0.43374,2.99135,0.00015,0.00154,0.00139,16.28504,21.13165,10.59168,31.72333
12 B RE A,125,0.00000,62.57962,0.63362,0.43346,2.98506,0.00015,0.00154,0.00139,16.28500,21.13160,10.59191,31.72351
12 B RE A,126,5.71250,68.09214,0.63855,0.43323,2.97888,0.00015,0.00154,0.00139,16.28497,21.13155,10.59216,31.72371
12 B RE A,127,0.00000,67.89333,0.64294,0.43302,2.97281,0.00016,0.00154,0.00138,16.28494,21.13150,10.59241,31.72391
12 B RE A,128,0.00000,67.69568,0.64684,0.43281,2.96684,0.00016,0.00154,0.00138,16.28490,21.13144,10.59266,31.72410
12 B RE A,129,0.00000,67.49914,0.65028,0.43261,2.96097,0.00016,0.00154,0.00138,16.28487,21.13139,10.59291,31.72430
12 B RE A,130,0.00000,67.30370,0.65330,0.43241,2.95519,0.00016,0.00154,0.00138,16.28483,21.13134,10.59316,31.72450
12 B RE A,131,0.00000,67.10932,0.65593,0.43223,2.94952,0.00016,0.00153,0.00137,16.28480,21.13129,10.59340,31.72469
12 B RE A,132,0.00000,66.91598,0.65820,0.43205,2.94393,0.00016,0.00153,0.00137,16.28476,21.13124,10.59365,31.72489
12 B RE A,133,0.00000,66.72365,0.66013,0.43188,2.93844,0.00016,0.00153,0.00137,16.28473,21.13119,10.59389,31.72508
12 B RE A,134,0.00000,66.53231,0.66176,0.43171,2.93304,0.00016,0.00153,0.00137,16.28470,21.13113,10.59414,31.72527
12 B RE A,135,0.00000,66.34195,0.66311,0.43156,2.92773,0.00016,0.00153,0.00136,16.28466,21.13108,10.59438,31.72546
12 B RE A,136,0.00000,66.15253,0.66420,0.43140,2.92251,0.00017,0.00153,0.00136,16.28463,21.13103,10.59462,31.72566
12 B RE A,137,0.00000,65.96405,0.66505,0.43126,2.91738,0.00017,0.00153,0.00136,16.28459,21.13098,10.59487,31.72585
12 B RE A,138,0.00000,65.77648,0.66568,0.43112,2.91233,0.00017,0.00152,0.00136,16.28456,21.13093,10.59511,31.72604
12 B RE A,139,0.00000,65.58981,0.66611,0.43098,2.90736,0.00017,0.00152,0.00136,16.28452,21.13088,10.59535,31.72623
12 B RE A,140,5.71250,71.08955,0.67090,0.43089,2.90249,0.00017,0.00152,0.00135,16.28449,21.13083,10.59561,31.72644
12 B RE A,141,0.00000,70.87804,0.67516,0.43081,2.89771,0.00017,0.00152,0.00135,16.28446,21.13078,10.59587,31.72665
12 B RE A,142,0.00000,70.66774,0.67893,0.43073,2.89300,0.00017,0.00152,0.00135,16.28442,21.13073,10.59613,31.72685
12 B RE A,143,0.00000,70.45862,0.68223,0.43065,2.88837,0.00017,0.00152,0.00135,16.28439,21.13068,10.59639,31.72706
12 B RE A,144,0.00000,70.25064,0.68512,0.43057,2.88381,0.00017,0.00152,0.00135,16.28435,21.13063,10.59664,31.72727
12 B RE A,145,0.00000,70.04379,0.68761,0.43049,2.87933,0.00017,0.00152,0.00134,16.28432,21.13058,10.59690,31.72748
12 B RE A,146,0.00000,69.83803,0.68974,0.43042,2.87493,0.00018,0.00152,0.00134,16.28428,21.13053,10.59716,31.72768
12 B RE A,147,0.00000,69.63334,0.69154,0.43035,2.87060,0.00018,0.00152,0.00134,16.28425,21.13048,10.59741,31.72789
12 B RE A,148,0.00000,69.42970,0.69304,0.43028,2.86634,0.00018,0.00152,0.00134,16.28422,21.13043,10.59767,31.72809
12 B RE A,149,0.00000,69.22708,0.69425,0.43021,2.86215,0.00018,0.00152,0.00134,16.28418,21.13038,10.59792,31.72830
12 B RE A,150,0.00000,69.02547,0.69520,0.43014,2.85802,0.00018,0.00151,0.00134,16.28415,21.13033,10.59817,31.72850
12 B RE A,151,0.00000,68.82485,0.69592,0.43008,2.85397,0.00018,0.00151,0.00133,16.28411,21.13028,10.59842,31.72870
12 B RE A,152,0.00000,68.62519,0.69641,0.43001,2.84998,0.00018,0.00151,0.00133,16.28408,21.13023,10.59868,31.72890
12 B RE A,153,0.00000,68.42649,0.69671,0.42995,2.84606,0.00018,0.00151,0.00133,16.28404,21.13018,10.59893,31.72910
12 B RE A,154,5.71250,73.91428,0.70138,0.42994,2.84222,0.00018,0.00151,0.00133,16.28401,21.13013,10.59920,31.72932
12 B RE A,155,0.00000,73.69087,0.70552,0.42992,2.83844,0.00018,0.00151,0.00133,16.28398,21.13008,10.59947,31.72955
12 B RE A,156,0.00000,73.46871,0.70915,0.42990,2.83473,0.00018,0.00151,0.00133,16.28394,21.13003,10.59974,31.72977
12 B RE A,157,0.00000,73.24778,0.71233,0.42988,2.83107,0.00019,0.00151,0.00132,16.28391,21.12998,10.60000,31.72998
12 B RE A,158,0.00000,73.02804,0.71509,0.42986,2.82748,0.00019,0.00151,0.00132,16.28387,21.12993,10.60027,31.73020
12 B RE A,159,0.00000,72.80948,0.71746,0.42984,2.82394,0.00019,0.00151,0.00132,16.28384,21.12988,10.60054,31.73042
12 B RE A,160,0.00000,72.59206,0.71946,0.42982,2.82046,0.00019,0.00151,0.00132,16.28381,21.12983,10.60080,31.73064
12 B RE B,0,5.71250,6.34269,1.49359,5.97556,1.36729,0.00000,0.00366,0.00366,5.42998,7.04664,3.52345,10.57009
12 B RE B,1,0.00000,6.88701,1.35345,5.41294,1.35971,0.00000,0.00336,0.00335,5.42997,7.04660,3.52359,10.57019
12 B RE B,2,0.00000,7.35478,1.22787,4.90601,1.35227,0.00001,0.00309,0.00308,5.42995,7.04657,3.52373,10.57031
12 B RE B,3,0.00000,7.75449,1.11529,4.44923,1.34497,0.00001,0.00284,0.00284,5.42993,7.04654,3.52389,10.57043
12 B RE B,4,0.00000,8.09379,1.01434,4.03763,1.33779,0.00001,0.00262,0.00262,5.42992,7.04651,3.52405,10.57056
12 B RE B,5,0.00000,8.37958,0.92379,3.66671,1.33074,0.00001,0.00243,0.00242,5.42990,7.04648,3.52423,10.57071
12 B RE B,6,0.00000,8.61804,0.84255,3.33245,1.32382,0.00001,0.00225,0.00224,5.42988,7.04645,3.52440,10.57085
12 B RE B,7,0.00000,8.81472,0.76962,3.03118,1.31702,0.00001,0.00209,0.00208,5.42987,7.04642,3.52458,10.57100
12 B RE B,8,0.00000,8.97458,0.70412,2.75964,1.31033,0.00001,0.00194,0.00193,5.42985,7.04639,3.52477,10.57116
12 B RE B,9,0.00000,9.10203,0.64528,2.51487,1.30377,0.00002,0.00181,0.00180,5.42983,7.04636,3.52496,10.57131
12 B RE B,10,0.00000,9.20101,0.59240,2.29420,1.29732,0.00002,0.00170,0.00168,5.42982,7.04633,3.52514,10.57147
12 B RE B,11,0.00000,9.27503,0.54483,2.09522,1.29099,0.00002,0.00159,0.00157,5.42980,7.04630,3.52533,10.57163
12 B RE B,12,0.00000,9.32719,0.50203,1.91579,1.28477,0.00002,0.00149,0.00148,5.42978,7.04627,3.52552,10.57178
12 B RE B,13,0.00000,9.36024,0.46349,1.75394,1.27865,0.00002,0.00141,0.00139,5.42977,7.04624,3.52570,10.57194
12 B RE B,14,5.71250,14.94038,0.43510,1.60798,1.27266,0.00002,0.00133,0.00131,5.42975,7.04621,3.52603,10.57224
12 B RE B,15,0.00000,14.79939,0.40930,1.47625,1.26678,0.00002,0.00126,0.00124,5.42973,7.04618,3.52635,10.57253
12 B RE B,16,0.00000,14.65133,0.38582,1.35735,1.26100,0.00002,0.00120,0.00117,5.42972,7.04615,3.52666,10.57281
12 B RE B,17,0.00000,14.49756,0.36443,1.25000,1.25532,0.00002,0.00114,0.00112,5.42970,7.04612,3.52697,10.57309
12 B RE B,18,0.00000,14.33925,0.34491,1.15302,1.24973,0.00003,0.00109,0.00106,5.42968,7.04609,3.52727,10.57336
12 B RE B,19,0.00000,14.17742,0.32707,1.06539,1.24425,0.00003,0.00104,0.00102,5.42967,7.04607,3.52756,10.57362
12 B RE B,20,0.00000,14.01293,0.31076,0.98617,1.23885,0.00003,0.00100,0.00097,5.42965,7.04604,3.52784,10.57388
12 B RE B,21,0.00000,13.84653,0.29581,0.91451,1.23356,0.00003,0.00096,0.00093,5.42964,7.04601,3.52812,10.57413
12 B RE B,22,0.00000,13.67887,0.28210,0.84966,1.22835,0.00003,0.00093,0.00090,5.42962,7.04598,3.52839,10.57438
12 B RE B,23,0.00000,13.51049,0.26950,0.79093,1.22324,0.00003,0.00090,0.00087,5.42961,7.04595,3.52866,10.57462
12 B RE B,24,0.00000,13.34187,0.25790,0.73771,1.21821,0.00003,0.00087,0.00084,5.42959,7.04593,3.52892,10.57485
12 B RE B,25,0.00000,13.17339,0.24721,0.68945,1.21327,0.00003,0.00084,0.00081,5.42957,7.04590,3.52918,10.57508
12 B RE B,26,0.00000,13.00541,0.23735,0.64566,1.20841,0.00003,0.00082,0.00078,5.42956,7.04587,3.52942,10.57530
12 B RE B,27,0.00000,12.83821,0.22822,0.60588,1.20364,0.00003,0.00079,0.00076,5.42954,7.04585,3.52967,10.57552
12 B RE B,28,5.71250,18.25628,0.22501,0.56976,1.19897,0.00003,0.00077,0.00074,5.42953,7.04582,3.53003,10.57585
12 B RE B,29,0.00000,17.96701,0.22182,0.53690,1.19437,0.00003,0.00076,0.00072,5.42951,7.04580,3.53038,10.57618
12 B RE B,30,0.00000,17.68287,0.21864,0.50697,1.18986,0.00004,0.00074,0.00071,5.42950,7.04577,3.53073,10.57650
12 B RE B,31,0.00000,17.40380,0.21549,0.47968,1.18542,0.00004,0.00073,0.00069,5.42948,7.04575,3.53106,10.57681
12 B RE B,32,0.00000,17.12976,0.21236,0.45478,1.18106,0.00004,0.00071,0.00068,5.42947,7.04572,3.53139,10.57711
12 B RE B,33,0.00000,16.86069,0.20926,0.43202,1.17678,0.00004,0.00070,0.00066,5.42946,7.04570,3.53171,10.57741
12 B RE B,34,0.00000,16.59652,0.20619,0.41121,1.17256,0.00004,0.00069,0.00065,5.42944,7.04567,3.53203,10.57770
12 B RE B,35,0.00000,16.33718,0.20315,0.39215,1.16842,0.00004,0.00068,0.00064,5.42943,7.04565,3.53233,10.57798
12 B RE B,36,0.00000,16.08259,0.20014,0.37468,1.16435,0.00004,0.00067,0.00063,5.42941,7.04562,3.53264,10.57826
12 B RE B,37,0.00000,15.83268,0.19716,0.35864,1.16035,0.00004,0.00066,0.00062,5.42940,7.04560,3.53293,10.57853
12 B RE B,38,0.00000,15.58737,0.19422,0.34390,1.15642,0.00004,0.00065,0.00061,5.42938,7.04558,3.53322,10.57880
12 B RE B,39,0.00000,15.34657,0.19131,0.33035,1.15255,0.00004,0.00064,0.00060,5.42937,7.04555,3.53350,10.57906
12 B RE B,40,0.00000,15.11021,0.18845,0.31786,1.14875,0.00004,0.00064,0.00059,5.42936,7.04553,3.53378,10.57931
12 B RE B,41,0.00000,14.87820,0.18561,0.30635,1.14501,0.00004,0.00063,0.00059,5.42934,7.04551,3.53405,10.57956
12 B RE B,42,5.71250,20.24407,0.18751,0.29576,1.14136,0.00004,0.00062,0.00058,5.42933,7.04549,3.53443,10.57992
12 B RE B,43,0.00000,19.90444,0.18900,0.28598,1.13776,0.00004,0.00062,0.00057,5.42932,7.04546,3.53480,10.58027
12 B RE B,44,0.00000,19.57166,0.19010,0.27693,1.13423,0.00005,0.00061,0.00057,5.42930,7.04544,3.53517,10.58061
12 B RE B,45,0.00000,19.24558,0.19086,0.26854,1.13076,0.00005,0.00061,0.00056,5.42929,7.04542,3.53553,10.58095
12 B RE B,46,0.00000,18.92603,0.19129,0.26076,1.12734,0.00005,0.00060,0.00056,5.42927,7.04540,3.53588,10.58127
12 B RE B,47,0.00000,18.61288,0.19143,0.25354,1.12398,0.00005,0.00060,0.00055,5.42926,7.04538,3.53622,10.58160
12 B RE B,48,0.00000,18.30598,0.19131,0.24682,1.12068,0.00005,0.00060,0.00055,5.42925,7.04536,3.53656,10.58191
12 B RE B,49,0.00000,18.00519,0.19095,0.24058,1.11744,0.00005,0.00059,0.00054,5.42923,7.04534,3.53689,10.58222
12 B RE B,50,0.00000,17.71036,0.19036,0.23476,1.11425,0.00005,0.00059,0.00054,5.42922,7.04531,3.53721,10.58253
12 B RE B,51,0.00000,17.42137,0.18959,0.22934,1.11111,0.00005,0.00058,0.00053,5.42921,7.04529,3.53753,10.58282
12 B RE B,52,0.00000,17.13809,0.18863,0.22428,1.10802,0.00005,0.00058,0.00053,5.42920,7.04527,3.53784,10.58311
12 B RE B,53,0.00000,16.86037,0.18752,0.21955,1.10499,0.00005,0.00058,0.00053,5.42918,7.04525,3.53815,10.58340
12 B RE B,54,0.00000,16.58811,0.18626,0.21513,1.10201,0.00005,0.00057,0.00052,5.42917,7.04523,3.53845,10.58368
12 B RE B,55,0.00000,16.32117,0.18488,0.21100,1.09907,0.00005,0.00057,0.00052,5.42916,7.04521,3.53874,10.58395
12 B RE B,56,5.71250,21.65675,0.18793,0.20717,1.09621,0.00005,0.00057,0.00052,5.42914,7.04519,3.53914,10.58433
12 B RE B,57,0.00000,21.28729,0.19047,0.20358,1.09339,0.00005,0.00057,0.00051,5.42913,7.04517,3.53953,10.58471
12 B RE B,58,0.00000,20.92515,0.19254,0.20021,1.09062,0.00005,0.00056,0.00051,5.42912,7.04515,3.53992,10.58507
12 B RE B,59,0.00000,20.57019,0.19417,0.19705,1.08789,0.00006,0.00056,0.00051,5.42911,7.04514,3.54030,10.58543
12 B RE B,60,0.00000,20.22228,0.19540,0.19408,1.08521,0.00006,0.00056,0.00051,5.42909,7.04512,3.54067,10.58578
12 B RE B,61,0.00000,19.88126,0.19626,0.19129,1.08257,0.00006,0.00056,0.00050,5.42908,7.04510,3.54103,10.58613
12 B RE B,62,0.00000,19.54700,0.19678,0.18866,1.07998,0.00006,0.00056,0.00050,5.42907,7.04508,3.54139,10.58646
12 B RE B,63,0.00000,19.21936,0.19699,0.18619,1.07743,0.00006,0.00056,0.00050,5.42906,7.04506,3.54174,10.58680
12 B RE B,64,0.00000,18.89820,0.19692,0.18385,1.07493,0.00006,0.00055,0.00050,5.42904,7.04504,3.54208,10.58712
12 B RE B,65,0.00000,18.58338,0.19659,0.18165,1.07246,0.00006,0.00055,0.00049,5.42903,7.04502,3.54242,10.58744
12 B RE B,66,0.00000,18.27478,0.19603,0.17958,1.07004,0.00006,0.00055,0.00049,5.42902,7.04500,3.54275,10.58775
12 B RE B,67,0.00000,17.97225,0.19526,0.17762,1.06765,0.00006,0.00055,0.00049,5.42901,7.04499,3.54307,10.58806
12 B RE B,68,0.00000,17.67568,0.19430,0.17577,1.06530,0.00006,0.00055,0.00049,5.42899,7.04497,3.54339,10.58836
12 B RE B,69,0.00000,17.38492,0.19317,0.17402,1.06300,0.00006,0.00055,0.00049,5.42898,7.04495,3.54371,10.58866
12 B RE B,70,5.71250,22.69876,0.19641,0.17242,1.06075,0.00006,0.00054,0.00048,5.42897,7.04493,3.54412,10.58905
12 B RE B,71,0.00000,22.30786,0.19912,0.17089,1.05853,0.00006,0.00054,0.00048,5.42896,7.04492,3.54453,10.58945
12 B RE B,72,0.00000,21.92459,0.20132,0.16945,1.05635,0.00006,0.00054,0.00048,5.42895,7.04490,3.54493,10.58983
12 B RE B,73,0.00000,21.54881,0.20306,0.16809,1.05421,0.00006,0.00054,0.00048,5.42893,7.04488,3.54533,10.59021
12 B RE B,74,0.00000,21.18040,0.20438,0.16679,1.05210,0.00006,0.00054,0.00048,5.42892,7.04486,3.54571,10.59058
12 B RE B,75,0.00000,20.81922,0.20530,0.16557,1.05003,0.00006,0.00054,0.00048,5.42891,7.04485,3.54609,10.59094
12 B RE B,76,0.00000,20.46513,0.20586,0.16440,1.04799,0.00006,0.00054,0.00048,5.42890,7.04483,3.54647,10.59129
12 B RE B,77,0.00000,20.11801,0.20609,0.16330,1.04599,0.00006,0.00054,0.00047,5.42888,7.04481,3.54683,10.59164
12 B RE B,78,0.00000,19.77770,0.20603,0.16225,1.04401,0.00007,0.00054,0.00047,5.42887,7.04480,3.54719,10.59199
12 B RE B,79,0.00000,19.44408,0.20569,0.16125,1.04207,0.00007,0.00054,0.00047,5.42886,7.04478,3.54754,10.59232
12 B RE B,80,0.00000,19.11702,0.20510,0.16030,1.04016,0.00007,0.00054,0.00047,5.42885,7.04476,3.54789,10.59265
12 B RE B,81,0.00000,18.79638,0.20429,0.15940,1.03828,0.00007,0.00053,0.00047,5.42884,7.04474,3.54823,10.59298
12 B RE B,82,0.00000,18.48202,0.20328,0.15854,1.03643,0.00007,0.00053,0.00047,5.42882,7.04473,3.54857,10.59329
12 B RE B,83,0.00000,18.17383,0.20209,0.15773,1.03462,0.00006,0.00053,0.00047,5.42881,7.04471,3.54889,10.59360
12 B RE B,84,5.71250,23.47132,0.20528,0.15700,1.03285,0.00006,0.00053,0.00047,5.42880,7.04469,3.54932,10.59402
12 B RE B,85,0.00000,23.06431,0.20791,0.15630,1.03110,0.00007,0.00053,0.00046,5.42879,7.04468,3.54974,10.59442
12 B RE B,86,0.00000,22.66517,0.21004,0.15563,1.02939,0.00007,0.00053,0.00046,5.42878,7.04466,3.55016,10.59482
12 B RE B,87,0.00000,22.27378,0.21169,0.15500,1.02770,0.00007,0.00053,0.00046,5.42877,7.04465,3.55057,10.59521
12 B RE B,88,0.00000,21.89000,0.21291,0.15439,1.02604,0.00007,0.00053,0.00046,5.42875,7.04463,3.55097,10.59560
12 B RE B,89,0.00000,21.51371,0.21373,0.15382,1.02441,0.00007,0.00053,0.00046,5.42874,7.04462,3.55136,10.59597
12 B RE B,90,0.00000,21.14477,0.21419,0.15326,1.02280,0.00007,0.00053,0.00046,5.42873,7.04460,3.55174,10.59634
12 B RE B,91,0.00000,20.78305,0.21431,0.15274,1.02122,0.00007,0.00053,0.00046,5.42872,7.04459,3.55212,10.59671
12 B RE B,92,0.00000,20.42841,0.21413,0.15223,1.01967,0.00007,0.00053,0.00046,5.42871,7.04457,3.55249,10.59706
12 B RE B,93,0.00000,20.08071,0.21367,0.15175,1.01814,0.00007,0.00053,0.00046,5.42869,7.04455,3.55286,10.59741
12 B RE B,94,0.00000,19.73983,0.21296,0.15129,1.01663,0.00007,0.00053,0.00046,5.42868,7.04454,3.55322,10.59776
12 B RE B,95,0.00000,19.40563,0.21203,0.15085,1.01515,0.00007,0.00052,0.00045,5.42867,7.04452,3.55357,10.59809
12 B RE B,96,0.00000,19.07797,0.21090,0.15043,1.01369,0.00007,0.00052,0.00045,5.42866,7.04451,3.55391,10.59842
12 B RE B,97,0.00000,18.75672,0.20959,0.15003,1.01226,0.00007,0.00052,0.00045,5.42865,7.04449,3.55425,10.59875
12 B RE B,98,5.71250,24.04179,0.21266,0.14968,1.01086,0.00007,0.00052,0.00045,5.42863,7.04448,3.55469,10.59917
12 B RE B,99,0.00000,23.62254,0.21518,0.14936,1.00949,0.00007,0.00052,0.00045,5.42862,7.04446,3.55513,10.59959
12 B RE B,100,0.00000,23.21135,0.21719,0.14904,1.00814,0.00007,0.00052,0.00045,5.42861,7.04445,3.55555,10.60000
12 B RE B,101,0.00000,22.80812,0.21872,0.14874,1.00681,0.00007,0.00052,0.00045,5.42860,7.04443,3.55597,10.60040
12 B RE B,102,0.00000,22.41270,0.21982,0.14845,1.00550,0.00007,0.00052,0.00045,5.42859,7.04442,3.55638,10.60080
12 B RE B,103,0.00000,22.02496,0.22052,0.14817,1.00421,0.00007,0.00052,0.00045,5.42858,7.04441,3.55678,10.60118
12 B RE B,104,0.00000,21.64479,0.22085,0.14790,1.00295,0.00007,0.00052,0.00045,5.42856,7.04439,3.55717,10.60156
12 B RE B,105,0.00000,21.27203,0.22085,0.14764,1.00170,0.00007,0.00052,0.00045,5.42855,7.04438,3.55756,10.60194
12 B RE B,106,0.00000,20.90655,0.22054,0.14738,1.00047,0.00007,0.00052,0.00045,5.42854,7.04436,3.55794,10.60231
12 B RE B,107,0.00000,20.54822,0.21996,0.14714,0.99926,0.00007,0.00052,0.00045,5.42853,7.04435,3.55832,10.60266
12 B RE B,108,0.00000,20.19690,0.21913,0.14691,0.99807,0.00007,0.00052,0.00044,5.42852,7.04433,3.55868,10.60302
12 B RE B,109,0.00000,19.85246,0.21808,0.14669,0.99690,0.00007,0.00052,0.00044,5.42851,7.04432,3.55905,10.60336
12 B RE B,110,0.00000,19.51477,0.21682,0.14647,0.99575,0.00007,0.00052,0.00044,5.42849,7.04430,3.55940,10.60370
12 B RE B,111,0.00000,19.18368,0.21539,0.14626,0.99462,0.00007,0.00052,0.00044,5.42848,7.04429,3.55975,10.60404
12 B RE B,112,5.71250,24.45926,0.21836,0.14611,0.99352,0.00007,0.00052,0.00044,5.42847,7.04428,3.56020,10.60447
12 B RE B,113,0.00000,24.03068,0.22077,0.14595,0.99244,0.00007,0.00052,0.00044,5.42846,7.04426,3.56064,10.60490
12 B RE B,114,0.00000,23.61033,0.22267,0.14581,0.99137,0.00008,0.00052,0.00044,5.42845,7.04425,3.56107,10.60532
12 B RE B,115,0.00000,23.19809,0.22410,0.14566,0.99033,0.00008,0.00052,0.00044,5.42843,7.04424,3.56149,10.60573
12 B RE B,116,0.00000,22.79382,0.22509,0.14552,0.98929,0.00008,0.00052,0.00044,5.42842,7.04422,3.56191,10.60613
12 B RE B,117,0.00000,22.39739,0.22568,0.14538,0.98828,0.00008,0.00052,0.00044,5.42841,7.04421,3.56232,10.60653
12 B RE B,118,0.00000,22.00868,0.22590,0.14525,0.98728,0.00008,0.00052,0.00044,5.42840,7.04420,3.56272,10.60692
12 B RE B,119,0.00000,21.62755,0.22579,0.14512,0.98629,0.00008,0.00052,0.00044,5.42839,7.04418,3.56312,10.60730
12 B RE B,120,0.00000,21.25386,0.22538,0.14499,0.98532,0.00008,0.00052,0.00044,5.42838,7.04417,3.56350,10.60767
12 B RE B,121,0.00000,20.88748,0.22470,0.14487,0.98437,0.00008,0.00051,0.00044,5.42836,7.04416,3.56388,10.60804
12 B RE B,122,0.00000,20.52826,0.22376,0.14475,0.98343,0.00008,0.00051,0.00044,5.42835,7.04414,3.56426,10.60840
12 B RE B,123,0.00000,20.17608,0.22261,0.14463,0.98250,0.00008,0.00051,0.00044,5.42834,7.04413,3.56463,10.60876
12 B RE B,124,0.00000,19.83079,0.22125,0.14451,0.98159,0.00008,0.00051,0.00044,5.42833,7.04412,3.56499,10.60910
12 B RE B,125,0.00000,19.49226,0.21972,0.14440,0.98069,0.00008,0.00051,0.00044,5.42832,7.04410,3.56534,10.60944
12 B RE B,126,5.71250,24.76061,0.22260,0.14434,0.97983,0.00008,0.00051,0.00043,5.42831,7.04409,3.56579,10.60988
12 B RE B,127,0.00000,24.32492,0.22493,0.14427,0.97898,0.00008,0.00051,0.00043,5.42829,7.04408,3.56624,10.61032
12 B RE B,128,0.00000,23.89758,0.22674,0.14420,0.97814,0.00008,0.00051,0.00043,5.42828,7.04407,3.56668,10.61074
12 B RE B,129,0.00000,23.47848,0.22808,0.14414,0.97731,0.00008,0.00051,0.00043,5.42827,7.04406,3.56711,10.61116
12 B RE B,130,0.00000,23.06748,0.22899,0.14407,0.97650,0.00008,0.00051,0.00043,5.42826,7.04404,3.56753,10.61157
12 B RE B,131,0.00000,22.66445,0.22949,0.14401,0.97569,0.00008,0.00051,0.00043,5.42825,7.04403,3.56794,10.61198
12 B RE B,132,0.00000,22.26926,0.22963,0.14394,0.97490,0.00008,0.00051,0.00043,5.42824,7.04402,3.56835,10.61237
12 B RE B,133,0.00000,21.88178,0.22943,0.14388,0.97413,0.00008,0.00051,0.00043,5.42822,7.04401,3.56875,10.61276
12 B RE B,134,0.00000,21.50186,0.22894,0.14381,0.97336,0.00008,0.00051,0.00043,5.42821,7.04399,3.56914,10.61314
12 B RE B,135,0.00000,21.12937,0.22817,0.14374,0.97260,0.00008,0.00051,0.00043,5.42820,7.04398,3.56953,10.61351
12 B RE B,136,0.00000,20.76418,0.22715,0.14368,0.97186,0.00008,0.00051,0.00043,5.42819,7.04397,3.56991,10.61388
12 B RE B,137,0.00000,20.40614,0.22592,0.14361,0.97113,0.00008,0.00051,0.00043,5.42818,7.04396,3.57028,10.61424
12 B RE B,138,0.00000,20.05511,0.22449,0.14355,0.97041,0.00008,0.00051,0.00043,5.42817,7.04394,3.57065,10.61459
12 B RE B,139,0.00000,19.71097,0.22287,0.14348,0.96970,0.00008,0.00051,0.00043,5.42815,7.04393,3.57100,10.61494
12 B RE B,140,5.71250,24.97379,0.22569,0.14346,0.96902,0.00008,0.00051,0.00043,5.42814,7.04392,3.57146,10.61538
12 B RE B,141,0.00000,24.53268,0.22795,0.14344,0.96834,0.00008,0.00051,0.00043,5.42813,7.04391,3.57191,10.61582
12 B RE B,142,0.00000,24.10002,0.22969,0.14342,0.96768,0.00008,0.00051,0.00043,5.42812,7.04390,3.57235,10.61625
12 B RE B,143,0.00000,23.67570,0.23096,0.14339,0.96703,0.00008,0.00051,0.00043,5.42811,7.04389,3.57279,10.61668
12 B RE B,144,0.00000,23.25958,0.23180,0.14336,0.96639,0.00008,0.00051,0.00043,5.42810,7.04388,3.57321,10.61709
12 B RE B,145,0.00000,22.85153,0.23223,0.14333,0.96575,0.00008,0.00051,0.00043,5.42808,7.04387,3.57363,10.61750
12 B RE B,146,0.00000,22.45143,0.23231,0.14330,0.96513,0.00008,0.00051,0.00043,5.42807,7.04386,3.57404,10.61790
12 B RE B,147,0.00000,22.05913,0.23205,0.14327,0.96452,0.00008,0.00051,0.00043,5.42806,7.04385,3.57445,10.61829
12 B RE B,148,0.00000,21.67450,0.23149,0.14323,0.96391,0.00008,0.00051,0.00043,5.42805,7.04383,3.57484,10.61868
12 B RE B,149,0.00000,21.29740,0.23065,0.14320,0.96331,0.00008,0.00051,0.00043,5.42804,7.04382,3.57523,10.61906
12 B RE B,150,0.00000,20.92769,0.22958,0.14316,0.96273,0.00008,0.00051,0.00043,5.42803,7.04381,3.57562,10.61943
12 B RE B,151,0.00000,20.56522,0.22828,0.14312,0.96215,0.00008,0.00051,0.00043,5.42801,7.04380,3.57599,10.61979
12 B RE B,152,0.00000,20.20987,0.22679,0.14308,0.96158,0.00008,0.00051,0.00043,5.42800,7.04379,3.57636,10.62015
12 B RE B,153,0.00000,19.86149,0.22512,0.14304,0.96101,0.00008,0.00051,0.00043,5.42799,7.04378,3.57672,10.62050
12 B RE B,154,5.71250,25.12010,0.22788,0.14304,0.96048,0.00008,0.00050,0.00042,5.42798,7.04377,3.57718,10.62095
12 B RE B,155,0.00000,24.67486,0.23009,0.14305,0.95995,0.00008,0.00051,0.00042,5.42797,7.04376,3.57763,10.62139
12 B RE B,156,0.00000,24.23815,0.23178,0.14304,0.95943,0.00008,0.00051,0.00042,5.42796,7.04375,3.57808,10.62183
12 B RE B,157,0.00000,23.80986,0.23300,0.14304,0.95891,0.00008,0.00051,0.00042,5.42794,7.04374,3.57852,10.62225
12 B RE B,158,0.00000,23.38986,0.23378,0.14303,0.95841,0.00008,0.00051,0.00042,5.42793,7.04373,3.57895,10.62267
12 B RE B,159,0.00000,22.97801,0.23416,0.14301,0.95791,0.00008,0.00051,0.00042,5.42792,7.04372,3.57937,10.62309
12 B RE B,160,0.00000,22.57418,0.23419,0.14300,0.95741,0.00008,0.00051,0.00042,5.42791,7.04371,3.57978,10.62349
12 B LL A,0,5.71250,8.08857,4.66485,18.73715,5.81709,0.00000,0.01206,0.02206,16.28976,21.13986,10.57001,31.70987
12 B LL A,1,0.00000,10.22712,4.20854,16.96864,5.76026,0.00000,0.01110,0.02110,16.28951,21.13973,10.57002,31.70975
12 B LL A,2,0.00000,12.15210,3.80022,15.37520,5.70449,0.00000,0.01023,0.02023,16.28927,21.13959,10.57005,31.70964
12 B LL A,3,0.00000,13.88496,3.43481,13.93944,5.64974,0.00000,0.00945,0.01945,16.28903,21.13945,10.57009,31.70954
12 B LL A,4,0.00000,15.44498,3.10780,12.64571,5.59601,0.00001,0.00875,0.01874,16.28878,21.13932,10.57013,31.70945
12 B LL A,5,0.00000,16.84950,2.81515,11.47991,5.54326,0.00001,0.00811,0.01810,16.28854,21.13918,10.57018,31.70936
12 B LL A,6,0.00000,18.11413,2.55325,10.42933,5.49149,0.00001,0.00754,0.01753,16.28830,21.13905,10.57024,31.70929
12 B LL A,7,0.00000,19.25290,2.31886,9.48252,5.44067,0.00001,0.00702,0.01701,16.28805,21.13891,10.57030,31.70921
12 B LL A,8,0.00000,20.27845,2.10909,8.62916,5.39078,0.00001,0.00655,0.01654,16.28781,21.13878,10.57037,31.70915
12 B LL A,9,0.00000,21.20214,1.92135,7.85996,5.34181,0.00001,0.00613,0.01611,16.28757,21.13864,10.57044,31.70908
12 B LL A,10,0.00000,22.03417,1.75333,7.16655,5.29374,0.00001,0.00574,0.01573,16.28732,21.13851,10.57052,31.70903
12 B LL A,11,0.00000,22.78375,1.60293,6.54138,5.24655,0.00001,0.00540,0.01538,16.28708,21.13838,10.57060,31.70897
12 B LL A,12,0.00000,23.45913,1.46831,5.97764,5.20022,0.00002,0.00509,0.01507,16.28684,21.13824,10.57068,31.70892
12 B LL A,13,0.00000,24.06775,1.34780,5.46922,5.15474,0.00002,0.00480,0.01479,16.28660,21.13811,10.57076,31.70888
12 B LL A,14,5.71250,30.30476,1.24160,5.01060,5.11010,0.00002,0.00455,0.01453,16.28635,21.13798,10.57087,31.70885
12 B LL A,15,0.00000,30.77548,1.14648,4.59681,5.06628,0.00002,0.00432,0.01430,16.28611,21.13785,10.57099,31.70883
12 B LL A,16,0.00000,31.19780,1.06127,4.22336,5.02326,0.00002,0.00411,0.01408,16.28587,21.13772,10.57110,31.70882
12 B LL A,17,0.00000,31.57657,0.98491,3.88621,4.98102,0.00002,0.00392,0.01389,16.28563,21.13759,10.57121,31.70880
12 B LL A,18,0.00000,31.91613,0.91646,3.58174,4.93955,0.00002,0.00374,0.01372,16.28539,21.13746,10.57133,31.70879
12 B LL A,19,0.00000,32.22037,0.85508,3.30668,4.89884,0.00003,0.00358,0.01356,16.28515,21.13733,10.57145,31.70877
12 B LL A,20,0.00000,32.49282,0.80003,3.05807,4.85886,0.00003,0.00344,0.01341,16.28491,21.13720,10.57157,31.70876
12 B LL A,21,0.00000,32.73660,0.75063,2.83326,4.81961,0.00003,0.00331,0.01328,16.28467,21.13707,10.57168,31.70875
12 B LL A,22,0.00000,32.95454,0.70628,2.62988,4.78107,0.00003,0.00319,0.01316,16.28443,21.13694,10.57180,31.70875
12 B LL A,23,0.00000,33.14917,0.66645,2.44576,4.74323,0.00003,0.00308,0.01305,16.28419,21.13681,10.57192,31.70874
12 B LL A,24,0.00000,33.32278,0.63066,2.27898,4.70608,0.00003,0.00298,0.01295,16.28395,21.13669,10.57204,31.70873
12 B LL A,25,0.00000,33.47739,0.59848,2.12780,4.66959,0.00003,0.00289,0.01286,16.28371,21.13656,10.57216,31.70873
12 B LL A,26,0.00000,33.61484,0.56954,1.99067,4.63377,0.00003,0.00281,0.01278,16.28347,21.13644,10.57228,31.70872
12 B LL A,27,0.00000,33.73678,0.54349,1.86617,4.59859,0.00003,0.00273,0.01270,16.28323,21.13631,10.57241,31.70872
12 B LL A,28,5.71250,39.53434,0.52109,1.75307,4.56406,0.00003,0.00266,0.01263,16.28299,21.13619,10.57255,31.70874
12 B LL A,29,0.00000,39.60695,0.50087,1.65021,4.53016,0.00003,0.00260,0.01256,16.28276,21.13607,10.57269,31.70876
12 B LL A,30,0.00000,39.66828,0.48263,1.55657,4.49686,0.00004,0.00254,0.01250,16.28252,21.13595,10.57283,31.70878
12 B LL A,31,0.00000,39.71938,0.46614,1.47126,4.46417,0.00004,0.00248,0.01244,16.28228,21.13583,10.57297,31.70880
12 B LL A,32,0.00000,39.76121,0.45124,1.39344,4.43206,0.00004,0.00243,0.01239,16.28205,21.13570,10.57312,31.70882
12 B LL A,33,0.00000,39.79459,0.43777,1.32239,4.40053,0.00004,0.00238,0.01234,16.28181,21.13558,10.57326,31.70884
12 B LL A,34,0.00000,39.82032,0.42558,1.25745,4.36956,0.00004,0.00234,0.01230,16.28157,21.13547,10.57340,31.70887
12 B LL A,35,0.00000,39.83906,0.41454,1.19802,4.33915,0.00004,0.00230,0.01226,16.28134,21.13535,10.57354,31.70889
12 B LL A,36,0.00000,39.85144,0.40455,1.14358,4.30928,0.00004,0.00226,0.01222,16.28110,21.13523,10.57368,31.70891
12 B LL A,37,0.00000,39.85802,0.39550,1.09364,4.27995,0.00004,0.00222,0.01218,16.28087,21.13511,10.57382,31.70894
12 B LL A,38,0.00000,39.85931,0.38729,1.04779,4.25114,0.00004,0.00219,0.01215,16.28063,21.13500,10.57396,31.70896
12 B LL A,39,0.00000,39.85576,0.37986,1.00564,4.22284,0.00004,0.00216,0.01211,16.28040,21.13488,10.57410,31.70898
12 B LL A,40,0.00000,39.84779,0.37312,0.96685,4.19505,0.00004,0.00213,0.01208,16.28016,21.13476,10.57424,31.70901
12 B LL A,41,0.00000,39.83576,0.36701,0.93111,4.16776,0.00004,0.00210,0.01206,16.27993,21.13465,10.57438,31.70903
12 B LL A,42,5.71250,45.51067,0.36210,0.89814,4.14097,0.00004,0.00208,0.01203,16.27969,21.13454,10.57454,31.70908
12 B LL A,43,0.00000,45.46984,0.35764,0.86770,4.11465,0.00005,0.00205,0.01200,16.27946,21.13442,10.57470,31.70913
12 B LL A,44,0.00000,45.42606,0.35359,0.83955,4.08880,0.00005,0.00203,0.01198,16.27923,21.13431,10.57486,31.70917
12 B LL A,45,0.00000,45.37956,0.34992,0.81350,4.06341,0.00005,0.00201,0.01196,16.27899,21.13420,10.57502,31.70922
12 B LL A,46,0.00000,45.33057,0.34659,0.78936,4.03848,0.00005,0.00199,0.01193,16.27876,21.13409,10.57518,31.70927
12 B LL A,47,0.00000,45.27930,0.34357,0.76696,4.01398,0.00005,0.00197,0.01191,16.27853,21.13397,10.57534,31.70931
12 B LL A,48,0.00000,45.22592,0.34084,0.74616,3.98992,0.00005,0.00195,0.01189,16.27830,21.13386,10.57549,31.70936
12 B LL A,49,0.00000,45.17061,0.33836,0.72683,3.96628,0.00005,0.00193,0.01188,16.27806,21.13375,10.57565,31.70941
12 B LL A,50,0.00000,45.11352,0.33612,0.70884,3.94306,0.00005,0.00191,0.01186,16.27783,21.13364,10.57581,31.70945
12 B LL A,51,0.00000,45.05480,0.33410,0.69208,3.92026,0.00005,0.00189,0.01184,16.27760,21.13353,10.57596,31.70950
12 B LL A,52,0.00000,44.99458,0.33227,0.67645,3.89785,0.00005,0.00188,0.01182,16.27737,21.13342,10.57612,31.70955
12 B LL A,53,0.00000,44.93298,0.33063,0.66187,3.87584,0.00005,0.00186,0.01181,16.27714,21.13332,10.57628,31.70959
12 B LL A,54,0.00000,44.87010,0.32915,0.64826,3.85422,0.00005,0.00185,0.01179,16.27691,21.13321,10.57643,31.70964
12 B LL A,55,0.00000,44.80606,0.32782,0.63552,3.83298,0.00005,0.00184,0.01178,16.27668,21.13310,10.57659,31.70968
12 B LL A,56,5.71250,50.43209,0.32708,0.62362,3.81212,0.00005,0.00182,0.01177,16.27645,21.13299,10.57676,31.70975
12 B LL A,57,0.00000,50.34477,0.32644,0.61248,3.79164,0.00005,0.00181,0.01175,16.27621,21.13288,10.57693,31.70982
12 B LL A,58,0.00000,50.25666,0.32587,0.60204,3.77151,0.00005,0.00180,0.01174,16.27598,21.13278,10.57711,31.70989
12 B LL A,59,0.00000,50.16785,0.32538,0.59225,3.75174,0.00006,0.00178,0.01173,16.27575,21.13267,10.57728,31.70995
12 B LL A,60,0.00000,50.07840,0.32496,0.58305,3.73231,0.00006,0.00177,0.01171,16.27552,21.13257,10.57745,31.71002
12 B LL A,61,0.00000,49.98836,0.32459,0.57442,3.71323,0.00006,0.00176,0.01170,16.27529,21.13246,10.57762,31.71008
12 B LL A,62,0.00000,49.89779,0.32429,0.56631,3.69448,0.00006,0.00175,0.01169,16.27506,21.13235,10.57780,31.71015
12 B LL A,63,0.00000,49.80675,0.32404,0.55868,3.67605,0.00006,0.00174,0.01168,16.27483,21.13225,10.57797,31.71022
12 B LL A,64,0.00000,49.71527,0.32383,0.55150,3.65795,0.00006,0.00173,0.01167,16.27460,21.13214,10.57814,31.71028
12 B LL A,65,0.00000,49.62341,0.32367,0.54474,3.64016,0.00006,0.00172,0.01166,16.27437,21.13204,10.57831,31.71035
12 B LL A,66,0.00000,49.53121,0.32355,0.53837,3.62269,0.00006,0.00171,0.01165,16.27414,21.13193,10.57848,31.71041
12 B LL A,67,0.00000,49.43870,0.32347,0.53237,3.60551,0.00006,0.00170,0.01164,16.27392,21.13183,10.57865,31.71047
12 B LL A,68,0.00000,49.34592,0.32341,0.52671,3.58864,0.00006,0.00169,0.01163,16.27369,21.13172,10.57881,31.71054
12 B LL A,69,0.00000,49.25290,0.32339,0.52136,3.57206,0.00006,0.00169,0.01162,16.27346,21.13162,10.57898,31.71060
12 B LL A,70,5.71250,54.85110,0.32379,0.51633,3.55579,0.00006,0.00168,0.01161,16.27323,21.13152,10.57917,31.71069
12 B LL A,71,0.00000,54.73674,0.32418,0.51158,3.53979,0.00006,0.00167,0.01160,16.27300,21.13141,10.57936,31.71077
12 B LL A,72,0.00000,54.62235,0.32456,0.50708,3.52408,0.00006,0.00166,0.01160,16.27277,21.13131,10.57954,31.71085
12 B LL A,73,0.00000,54.50794,0.32494,0.50284,3.50863,0.00006,0.00165,0.01159,16.27254,21.13121,10.57973,31.71094
12 B LL A,74,0.00000,54.39355,0.32532,0.49882,3.49346,0.00006,0.00165,0.01158,16.27231,21.13111,10.57991,31.71102
12 B LL A,75,0.00000,54.27918,0.32570,0.49502,3.47855,0.00006,0.00164,0.01157,16.27208,21.13100,10.58010,31.71110
12 B LL A,76,0.00000,54.16487,0.32607,0.49143,3.46389,0.00006,0.00163,0.01156,16.27185,21.13090,10.58028,31.71118
12 B LL A,77,0.00000,54.05062,0.32643,0.48802,3.44949,0.00007,0.00163,0.01156,16.27163,21.13080,10.58047,31.71126
12 B LL A,78,0.00000,53.93645,0.32680,0.48480,3.43534,0.00007,0.00162,0.01155,16.27140,21.13070,10.58065,31.71134
12 B LL A,79,0.00000,53.82238,0.32715,0.48174,3.42143,0.00007,0.00161,0.01154,16.27117,21.13059,10.58083,31.71143
12 B LL A,80,0.00000,53.70842,0.32751,0.47885,3.40776,0.00007,0.00161,0.01154,16.27094,21.13049,10.58101,31.71151
12 B LL A,81,0.00000,53.59458,0.32786,0.47610,3.39432,0.00007,0.00160,0.01153,16.27071,21.13039,10.58119,31.71159
12 B LL A,82,0.00000,53.48089,0.32821,0.47350,3.38112,0.00007,0.00159,0.01152,16.27048,21.13029,10.58138,31.71166
12 B LL A,83,0.00000,53.36734,0.32855,0.47103,3.36814,0.00007,0.00159,0.01152,16.27026,21.13019,10.58156,31.71174
12 B LL A,84,5.71250,58.94554,0.32924,0.46869,3.35541,0.00007,0.00158,0.01151,16.27003,21.13009,10.58176,31.71184
12 B LL A,85,0.00000,58.81151,0.32991,0.46648,3.34289,0.00007,0.00158,0.01151,16.26980,21.12999,10.58195,31.71194
12 B LL A,86,0.00000,58.67778,0.33054,0.46438,3.33058,0.00007,0.00157,0.01150,16.26957,21.12989,10.58215,31.71204
12 B LL A,87,0.00000,58.54434,0.33115,0.46239,3.31849,0.00007,0.00157,0.01149,16.26934,21.12978,10.58235,31.71214
12 B LL A,88,0.00000,58.41119,0.33174,0.46049,3.30661,0.00007,0.00156,0.01149,16.26912,21.12968,10.58255,31.71223
12 B LL A,89,0.00000,58.27836,0.33231,0.45869,3.29492,0.00007,0.00156,0.01148,16.26889,21.12958,10.58275,31.71233
12 B LL A,90,0.00000,58.14583,0.33285,0.45698,3.28344,0.00007,0.00155,0.01148,16.26866,21.12948,10.58294,31.71243
12 B LL A,91,0.00000,58.01363,0.33338,0.45536,3.27215,0.00007,0.00155,0.01147,16.26843,21.12938,10.58314,31.71252
12 B LL A,92,0.00000,57.88174,0.33388,0.45381,3.26106,0.00007,0.00154,0.01147,16.26820,21.12928,10.58333,31.71262
12 B LL A,93,0.00000,57.75018,0.33437,0.45234,3.25015,0.00007,0.00154,0.01146,16.26798,21.12918,10.58353,31.71271
12 B LL A,94,0.00000,57.61895,0.33484,0.45095,3.23944,0.00007,0.00153,0.01146,16.26775,21.12908,10.58372,31.71280
12 B LL A,95,0.00000,57.48806,0.33530,0.44962,3.22890,0.00007,0.00153,0.01145,16.26752,21.12898,10.58391,31.71290
12 B LL A,96,0.00000,57.35751,0.33574,0.44835,3.21854,0.00007,0.00152,0.01145,16.26729,21.12889,10.58411,31.71299
12 B LL A,97,0.00000,57.22729,0.33617,0.44715,3.20836,0.00007,0.00152,0.01144,16.26707,21.12879,10.58430,31.71308
12 B LL A,98,5.71250,62.78912,0.33692,0.44602,3.19837,0.00007,0.00152,0.01144,16.26684,21.12869,10.58451,31.71320
12 B LL A,99,0.00000,62.63890,0.33763,0.44494,3.18855,0.00007,0.00151,0.01143,16.26661,21.12859,10.58472,31.71331
12 B LL A,100,0.00000,62.48913,0.33831,0.44392,3.17889,0.00008,0.00151,0.01143,16.26638,21.12849,10.58493,31.71342
12 B LL A,101,0.00000,62.33982,0.33896,0.44294,3.16940,0.00008,0.00150,0.01142,16.26615,21.12839,10.58514,31.71353
12 B LL A,102,0.00000,62.19096,0.33958,0.44201,3.16007,0.00008,0.00150,0.01142,16.26593,21.12829,10.58535,31.71364
12 B LL A,103,0.00000,62.04255,0.34018,0.44113,3.15089,0.00008,0.00150,0.01142,16.26570,21.12819,10.58556,31.71375
12 B LL A,104,0.00000,61.89459,0.34075,0.44029,3.14188,0.00008,0.00149,0.01141,16.26547,21.12810,10.58576,31.71386
12 B LL A,105,0.00000,61.74709,0.34129,0.43949,3.13301,0.00008,0.00149,0.01141,16.26524,21.12800,10.58597,31.71397
12 B LL A,106,0.00000,61.60005,0.34182,0.43872,3.12430,0.00008,0.00149,0.01140,16.26502,21.12790,10.58618,31.71407
12 B LL A,107,0.00000,61.45346,0.34232,0.43799,3.11573,0.00008,0.00148,0.01140,16.26479,21.12780,10.58638,31.71418
12 B LL A,108,0.00000,61.30732,0.34280,0.43730,3.10730,0.00008,0.00148,0.01140,16.26456,21.12770,10.58659,31.71429
12 B LL A,109,0.00000,61.16164,0.34327,0.43664,3.09902,0.00008,0.00148,0.01139,16.26434,21.12760,10.58679,31.71439
12 B LL A,110,0.00000,61.01642,0.34371,0.43601,3.09088,0.00008,0.00147,0.01139,16.26411,21.12751,10.58699,31.71450
12 B LL A,111,0.00000,60.87164,0.34414,0.43541,3.08287,0.00008,0.00147,0.01139,16.26388,21.12741,10.58720,31.71461
12 B LL A,112,5.71250,66.41910,0.34488,0.43485,3.07502,0.00008,0.00147,0.01138,16.26365,21.12731,10.58742,31.71473
12 B LL A,113,0.00000,66.25460,0.34558,0.43432,3.06729,0.00008,0.00146,0.01138,16.26343,21.12721,10.58764,31.71485
12 B LL A,114,0.00000,66.09066,0.34625,0.43381,3.05970,0.00008,0.00146,0.01138,16.26320,21.12712,10.58786,31.71498
12 B LL A,115,0.00000,65.92726,0.34688,0.43333,3.05224,0.00008,0.00146,0.01137,16.26297,21.12702,10.58808,31.71510
12 B LL A,116,0.00000,65.76442,0.34749,0.43286,3.04489,0.00008,0.00146,0.01137,16.26274,21.12692,10.58830,31.71522
12 B LL A,117,0.00000,65.60211,0.34807,0.43242,3.03768,0.00008,0.00145,0.01137,16.26252,21.12683,10.58852,31.71535
12 B LL A,118,0.00000,65.44035,0.34862,0.43200,3.03058,0.00008,0.00145,0.01136,16.26229,21.12673,10.58874,31.71547
12 B LL A,119,0.00000,65.27914,0.34915,0.43160,3.02360,0.00008,0.00145,0.01136,16.26206,21.12663,10.58895,31.71559
12 B LL A,120,0.00000,65.11846,0.34965,0.43122,3.01674,0.00008,0.00145,0.01136,16.26184,21.12654,10.58917,31.71571
12 B LL A,121,0.00000,64.95831,0.35013,0.43086,3.00999,0.00008,0.00144,0.01135,16.26161,21.12644,10.58939,31.71583
12 B LL A,122,0.00000,64.79871,0.35060,0.43051,3.00336,0.00008,0.00144,0.01135,16.26138,21.12634,10.58960,31.71595
12 B LL A,123,0.00000,64.63963,0.35104,0.43018,2.99684,0.00009,0.00144,0.01135,16.26115,21.12625,10.58982,31.71606
12 B LL A,124,0.00000,64.48109,0.35147,0.42986,2.99042,0.00009,0.00144,0.01134,16.26093,21.12615,10.59003,31.71618
12 B LL A,125,0.00000,64.32308,0.35189,0.42956,2.98412,0.00009,0.00143,0.01134,16.26070,21.12605,10.59024,31.71630
12 B LL A,126,5.71250,69.85741,0.35259,0.42928,2.97793,0.00009,0.00143,0.01134,16.26047,21.12596,10.59048,31.71644
12 B LL A,127,0.00000,69.67986,0.35326,0.42902,2.97185,0.00009,0.00143,0.01134,16.26025,21.12586,10.59071,31.71657
12 B LL A,128,0.00000,69.50294,0.35390,0.42877,2.96587,0.00009,0.00143,0.01133,16.26002,21.12577,10.59094,31.71671
12 B LL A,129,0.00000,69.32662,0.35450,0.42853,2.95998,0.00009,0.00142,0.01133,16.25979,21.12567,10.59117,31.71684
12 B LL A,130,0.00000,69.15092,0.35508,0.42830,2.95420,0.00009,0.00142,0.01133,16.25956,21.12558,10.59140,31.71698
12 B LL A,131,0.00000,68.97583,0.35563,0.42808,2.94851,0.00009,0.00142,0.01133,16.25934,21.12548,10.59163,31.71711
12 B LL A,132,0.00000,68.80134,0.35616,0.42787,2.94292,0.00009,0.00142,0.01132,16.25911,21.12539,10.59186,31.71724
12 B LL A,133,0.00000,68.62746,0.35666,0.42767,2.93742,0.00009,0.00142,0.01132,16.25888,21.12529,10.59209,31.71738
12 B LL A,134,0.00000,68.45418,0.35714,0.42748,2.93201,0.00009,0.00141,0.01132,16.25866,21.12519,10.59231,31.71751
12 B LL A,135,0.00000,68.28149,0.35760,0.42730,2.92668,0.00009,0.00141,0.01132,16.25843,21.12510,10.59254,31.71764
12 B LL A,136,0.00000,68.10940,0.35804,0.42712,2.92145,0.00009,0.00141,0.01131,16.25820,21.12500,10.59276,31.71777
12 B LL A,137,0.00000,67.93790,0.35846,0.42696,2.91631,0.00009,0.00141,0.01131,16.25797,21.12491,10.59299,31.71790
12 B LL A,138,0.00000,67.76699,0.35886,0.42680,2.91125,0.00009,0.00141,0.01131,16.25775,21.12481,10.59321,31.71803
12 B LL A,139,0.00000,67.59666,0.35925,0.42664,2.90627,0.00009,0.00140,0.01131,16.25752,21.12472,10.59344,31.71816
12 B LL A,140,5.71250,73.11876,0.35992,0.42651,2.90139,0.00009,0.00140,0.01131,16.25729,21.12463,10.59368,31.71830
12 B LL A,141,0.00000,72.92903,0.36056,0.42638,2.89659,0.00009,0.00140,0.01130,16.25707,21.12453,10.59392,31.71845
12 B LL A,142,0.00000,72.73998,0.36117,0.42626,2.89187,0.00009,0.00140,0.01130,16.25684,21.12444,10.59416,31.71860
12 B LL A,143,0.00000,72.55159,0.36174,0.42614,2.88723,0.00009,0.00140,0.01130,16.25661,21.12434,10.59440,31.71874
12 B LL A,144,0.00000,72.36386,0.36229,0.42603,2.88267,0.00009,0.00140,0.01130,16.25639,21.12425,10.59464,31.71889
12 B LL A,145,0.00000,72.17679,0.36282,0.42593,2.87818,0.00009,0.00139,0.01130,16.25616,21.12416,10.59488,31.71903
12 B LL A,146,0.00000,71.99037,0.36331,0.42582,2.87376,0.00009,0.00139,0.01129,16.25593,21.12406,10.59512,31.71918
12 B LL A,147,0.00000,71.80461,0.36379,0.42573,2.86942,0.00009,0.00139,0.01129,16.25571,21.12397,10.59535,31.71932
12 B LL A,148,0.00000,71.61950,0.36424,0.42563,2.86514,0.00009,0.00139,0.01129,16.25548,21.12387,10.59559,31.71946
12 B LL A,149,0.00000,71.43503,0.36468,0.42554,2.86094,0.00009,0.00139,0.01129,16.25525,21.12378,10.59583,31.71961
12 B LL A,150,0.00000,71.25120,0.36509,0.42546,2.85681,0.00009,0.00139,0.01129,16.25502,21.12369,10.59606,31.71975
12 B LL A,151,0.00000,71.06802,0.36549,0.42537,2.85274,0.00010,0.00139,0.01129,16.25480,21.12359,10.59630,31.71989
12 B LL A,152,0.00000,70.88546,0.36587,0.42530,2.84874,0.00010,0.00138,0.01128,16.25457,21.12350,10.59653,31.72003
12 B LL A,153,0.00000,70.70354,0.36623,0.42522,2.84481,0.00010,0.00138,0.01128,16.25434,21.12341,10.59676,31.72017
12 B LL A,154,5.71250,76.21410,0.36688,0.42516,2.84096,0.00010,0.00138,0.01128,16.25412,21.12331,10.59701,31.72033
12 B LL A,155,0.00000,76.01288,0.36748,0.42510,2.83716,0.00010,0.00138,0.01128,16.25389,21.12322,10.59726,31.72049
12 B LL A,156,0.00000,75.81237,0.36806,0.42505,2.83343,0.00010,0.00138,0.01128,16.25366,21.12313,10.59751,31.72064
12 B LL A,157,0.00000,75.61257,0.36861,0.42499,2.82977,0.00010,0.00138,0.01127,16.25344,21.12304,10.59776,31.72080
12 B LL A,158,0.00000,75.41348,0.36913,0.42494,2.82616,0.00010,0.00138,0.01127,16.25321,21.12294,10.59801,31.72096
12 B LL A,159,0.00000,75.21508,0.36963,0.42489,2.82261,0.00010,0.00138,0.01127,16.25298,21.12285,10.59826,31.72111
12 B LL A,160,0.00000,75.01739,0.37010,0.42484,2.81912,0.00010,0.00137,0.01127,16.25276,21.12276,10.59851,31.72127
12 B LL B,0,5.71250,6.42115,1.48842,5.97553,1.36728,0.00000,0.00366,0.00699,5.42992,7.04662,3.52338,10.57000
12 B LL B,1,0.00000,7.03680,1.34392,5.41288,1.35969,0.00000,0.00335,0.00669,5.42984,7.04657,3.52344,10.57002
12 B LL B,2,0.00000,7.56966,1.21464,4.90592,1.35225,0.00000,0.00308,0.00641,5.42976,7.04653,3.52353,10.57006
12 B LL B,3,0.00000,8.02894,1.09894,4.44912,1.34494,0.00000,0.00284,0.00617,5.42967,7.04648,3.52363,10.57011
12 B LL B,4,0.00000,8.42290,0.99538,4.03750,1.33776,0.00000,0.00262,0.00595,5.42959,7.04644,3.52374,10.57018
12 B LL B,5,0.00000,8.75897,0.90268,3.66657,1.33071,0.00000,0.00242,0.00575,5.42951,7.04639,3.52386,10.57025
12 B LL B,6,0.00000,9.04376,0.81967,3.33229,1.32379,0.00001,0.00224,0.00557,5.42943,7.04635,3.52400,10.57034
12 B LL B,7,0.00000,9.28322,0.74534,3.03101,1.31699,0.00001,0.00208,0.00541,5.42935,7.04630,3.52413,10.57044
12 B LL B,8,0.00000,9.48265,0.67876,2.75946,1.31031,0.00001,0.00193,0.00526,5.42927,7.04626,3.52428,10.57054
12 B LL B,9,0.00000,9.64676,0.61912,2.51468,1.30375,0.00001,0.00180,0.00513,5.42919,7.04621,3.52443,10.57064
12 B LL B,10,0.00000,9.77976,0.56569,2.29400,1.29730,0.00001,0.00169,0.00501,5.42911,7.04617,3.52458,10.57075
12 B LL B,11,0.00000,9.88538,0.51780,2.09503,1.29097,0.00001,0.00158,0.00490,5.42903,7.04612,3.52474,10.57086
12 B LL B,12,0.00000,9.96694,0.47487,1.91559,1.28475,0.00001,0.00148,0.00481,5.42895,7.04608,3.52489,10.57097
12 B LL B,13,0.00000,10.02737,0.43638,1.75374,1.27863,0.00001,0.00140,0.00472,5.42886,7.04603,3.52505,10.57108
12 B LL B,14,5.71250,15.67828,0.40331,1.60774,1.27264,0.00001,0.00132,0.00464,5.42878,7.04599,3.52531,10.57130
12 B LL B,15,0.00000,15.60351,0.37358,1.47599,1.26676,0.00001,0.00125,0.00457,5.42870,7.04594,3.52557,10.57151
12 B LL B,16,0.00000,15.51752,0.34685,1.35707,1.26098,0.00001,0.00118,0.00450,5.42862,7.04590,3.52582,10.57172
12 B LL B,17,0.00000,15.42201,0.32279,1.24969,1.25530,0.00002,0.00113,0.00444,5.42854,7.04586,3.52607,10.57193
12 B LL B,18,0.00000,15.31847,0.30113,1.15270,1.24971,0.00002,0.00107,0.00439,5.42846,7.04581,3.52632,10.57213
12 B LL B,19,0.00000,15.20819,0.28162,1.06505,1.24423,0.00002,0.00103,0.00434,5.42838,7.04577,3.52656,10.57233
12 B LL B,20,0.00000,15.09229,0.26402,0.98582,1.23884,0.00002,0.00098,0.00430,5.42830,7.04573,3.52680,10.57252
12 B LL B,21,0.00000,14.97174,0.24814,0.91415,1.23354,0.00002,0.00095,0.00426,5.42822,7.04568,3.52703,10.57272
12 B LL B,22,0.00000,14.84738,0.23380,0.84929,1.22834,0.00002,0.00091,0.00422,5.42814,7.04564,3.52726,10.57290
12 B LL B,23,0.00000,14.71995,0.22084,0.79056,1.22323,0.00002,0.00088,0.00419,5.42806,7.04560,3.52749,10.57309
12 B LL B,24,0.00000,14.59007,0.20912,0.73734,1.21820,0.00002,0.00085,0.00416,5.42798,7.04556,3.52771,10.57326
12 B LL B,25,0.00000,14.45830,0.19851,0.68908,1.21326,0.00002,0.00082,0.00414,5.42790,7.04552,3.52792,10.57344
12 B LL B,26,0.00000,14.32510,0.18890,0.64528,1.20841,0.00002,0.00080,0.00411,5.42782,7.04547,3.52814,10.57361
12 B LL B,27,0.00000,14.19088,0.18018,0.60551,1.20364,0.00002,0.00078,0.00409,5.42774,7.04543,3.52835,10.57378
12 B LL B,28,5.71250,19.67458,0.17311,0.56936,1.19896,0.00002,0.00076,0.00407,5.42766,7.04539,3.52865,10.57404
12 B LL B,29,0.00000,19.44794,0.16664,0.53647,1.19437,0.00002,0.00074,0.00405,5.42758,7.04535,3.52894,10.57429
12 B LL B,30,0.00000,19.22360,0.16071,0.50652,1.18985,0.00002,0.00072,0.00403,5.42750,7.04531,3.52923,10.57454
12 B LL B,31,0.00000,19.00165,0.15528,0.47921,1.18541,0.00002,0.00071,0.00402,5.42743,7.04527,3.52951,10.57478
12 B LL B,32,0.00000,18.78220,0.15030,0.45428,1.18105,0.00002,0.00069,0.00400,5.42735,7.04523,3.52978,10.57501
12 B LL B,33,0.00000,18.56530,0.14573,0.43152,1.17677,0.00002,0.00068,0.00399,5.42727,7.04519,3.53005,10.57525
12 B LL B,34,0.00000,18.35101,0.14152,0.41069,1.17256,0.00002,0.00067,0.00398,5.42719,7.04515,3.53032,10.57547
12 B LL B,35,0.00000,18.13936,0.13766,0.39162,1.16842,0.00003,0.00066,0.00396,5.42711,7.04511,3.53058,10.57569
12 B LL B,36,0.00000,17.93038,0.13409,0.37414,1.16435,0.00003,0.00064,0.00395,5.42703,7.04508,3.53084,10.57591
12 B LL B,37,0.00000,17.72407,0.13080,0.35810,1.16035,0.00003,0.00064,0.00394,5.42695,7.04504,3.53109,10.57612
12 B LL B,38,0.00000,17.52045,0.12777,0.34336,1.15642,0.00003,0.00063,0.00393,5.42687,7.04500,3.53133,10.57633
12 B LL B,39,0.00000,17.31952,0.12497,0.32980,1.15255,0.00003,0.00062,0.00393,5.42680,7.04496,3.53158,10.57654
12 B LL B,40,0.00000,17.12125,0.12238,0.31731,1.14875,0.00003,0.00061,0.00392,5.42672,7.04492,3.53181,10.57674
12 B LL B,41,0.00000,16.92566,0.11998,0.30580,1.14502,0.00003,0.00060,0.00391,5.42664,7.04489,3.53205,10.57693
12 B LL B,42,5.71250,22.35703,0.11822,0.29518,1.14136,0.00003,0.00060,0.00390,5.42656,7.04485,3.53237,10.57722
12 B LL B,43,0.00000,22.08046,0.11657,0.28537,1.13776,0.00003,0.00059,0.00390,5.42648,7.04481,3.53268,10.57749
12 B LL B,44,0.00000,21.80835,0.11502,0.27629,1.13422,0.00003,0.00058,0.00389,5.42641,7.04477,3.53299,10.57776
12 B LL B,45,0.00000,21.54062,0.11355,0.26788,1.13074,0.00003,0.00058,0.00389,5.42633,7.04474,3.53329,10.57803
12 B LL B,46,0.00000,21.27716,0.11217,0.26008,1.12732,0.00003,0.00057,0.00388,5.42625,7.04470,3.53358,10.57829
12 B LL B,47,0.00000,21.01791,0.11087,0.25284,1.12396,0.00003,0.00057,0.00388,5.42617,7.04467,3.53387,10.57854
12 B LL B,48,0.00000,20.76278,0.10964,0.24611,1.12066,0.00003,0.00057,0.00387,5.42610,7.04463,3.53416,10.57879
12 B LL B,49,0.00000,20.51167,0.10848,0.23986,1.11741,0.00003,0.00056,0.00387,5.42602,7.04459,3.53444,10.57904
12 B LL B,50,0.00000,20.26452,0.10738,0.23403,1.11422,0.00003,0.00056,0.00386,5.42594,7.04456,3.53472,10.57928
12 B LL B,51,0.00000,20.02125,0.10634,0.22860,1.11108,0.00003,0.00055,0.00386,5.42586,7.04452,3.53499,10.57952
12 B LL B,52,0.00000,19.78178,0.10535,0.22353,1.10800,0.00003,0.00055,0.00386,5.42579,7.04449,3.53526,10.57975
12 B LL B,53,0.00000,19.54603,0.10442,0.21880,1.10496,0.00003,0.00055,0.00385,5.42571,7.04445,3.53552,10.57998
12 B LL B,54,0.00000,19.31393,0.10353,0.21437,1.10198,0.00003,0.00054,0.00385,5.42563,7.04442,3.53578,10.58020
12 B LL B,55,0.00000,19.08542,0.10268,0.21024,1.09905,0.00003,0.00054,0.00385,5.42555,7.04438,3.53604,10.58042
12 B LL B,56,5.71250,24.48719,0.10219,0.20637,1.09617,0.00003,0.00054,0.00384,5.42548,7.04435,3.53638,10.58072
12 B LL B,57,0.00000,24.18159,0.10171,0.20275,1.09335,0.00003,0.00053,0.00384,5.42540,7.04431,3.53671,10.58102
12 B LL B,58,0.00000,23.88102,0.10124,0.19936,1.09057,0.00003,0.00053,0.00384,5.42532,7.04428,3.53703,10.58131
12 B LL B,59,0.00000,23.58535,0.10077,0.19617,1.08784,0.00003,0.00053,0.00383,5.42525,7.04425,3.53735,10.58160
12 B LL B,60,0.00000,23.29450,0.10031,0.19318,1.08515,0.00003,0.00053,0.00383,5.42517,7.04421,3.53767,10.58188
12 B LL B,61,0.00000,23.00836,0.09985,0.19037,1.08251,0.00003,0.00052,0.00383,5.42509,7.04418,3.53798,10.58216
12 B LL B,62,0.00000,22.72683,0.09940,0.18773,1.07991,0.00003,0.00052,0.00383,5.42502,7.04415,3.53828,10.58243
12 B LL B,63,0.00000,22.44981,0.09895,0.18524,1.07736,0.00003,0.00052,0.00383,5.42494,7.04411,3.53858,10.58269
12 B LL B,64,0.00000,22.17721,0.09851,0.18289,1.07485,0.00003,0.00052,0.00382,5.42486,7.04408,3.53888,10.58296
12 B LL B,65,0.00000,21.90894,0.09808,0.18068,1.07238,0.00003,0.00052,0.00382,5.42479,7.04405,3.53917,10.58321
12 B LL B,66,0.00000,21.64492,0.09765,0.17860,1.06995,0.00003,0.00051,0.00382,5.42471,7.04401,3.53946,10.58347
12 B LL B,67,0.00000,21.38505,0.09723,0.17664,1.06756,0.00003,0.00051,0.00382,5.42463,7.04398,3.53974,10.58372
12 B LL B,68,0.00000,21.12926,0.09681,0.17478,1.06521,0.00003,0.00051,0.00382,5.42456,7.04395,3.54002,10.58396
12 B LL B,69,0.00000,20.87746,0.09640,0.17303,1.06291,0.00003,0.00051,0.00381,5.42448,7.04391,3.54029,10.58420
12 B LL B,70,5.71250,26.25750,0.09626,0.17139,1.06064,0.00003,0.00051,0.00381,5.42440,7.04388,3.54064,10.58452
12 B LL B,71,0.00000,25.93047,0.09609,0.16984,1.05842,0.00003,0.00050,0.00381,5.42433,7.04385,3.54099,10.58484
12 B LL B,72,0.00000,25.60876,0.09591,0.16837,1.05623,0.00003,0.00050,0.00381,5.42425,7.04382,3.54133,10.58515
12 B LL B,73,0.00000,25.29225,0.09571,0.16698,1.05408,0.00003,0.00050,0.00381,5.42417,7.04378,3.54167,10.58545
12 B LL B,74,0.00000,24.98084,0.09550,0.16566,1.05196,0.00003,0.00050,0.00381,5.42410,7.04375,3.54200,10.58575
12 B LL B,75,0.00000,24.67443,0.09528,0.16441,1.04988,0.00003,0.00050,0.00380,5.42402,7.04372,3.54233,10.58605
12 B LL B,76,0.00000,24.37291,0.09504,0.16323,1.04784,0.00003,0.00050,0.00380,5.42394,7.04369,3.54265,10.58634
12 B LL B,77,0.00000,24.07620,0.09479,0.16211,1.04582,0.00003,0.00050,0.00380,5.42387,7.04366,3.54296,10.58662
12 B LL B,78,0.00000,23.78418,0.09454,0.16105,1.04385,0.00003,0.00049,0.00380,5.42379,7.04362,3.54328,10.58690
12 B LL B,79,0.00000,23.49678,0.09427,0.16005,1.04190,0.00003,0.00049,0.00380,5.42371,7.04359,3.54358,10.58718
12 B LL B,80,0.00000,23.21390,0.09400,0.15909,1.03998,0.00003,0.00049,0.00380,5.42364,7.04356,3.54388,10.58745
12 B LL B,81,0.00000,22.93545,0.09372,0.15819,1.03810,0.00003,0.00049,0.00380,5.42356,7.04353,3.54418,10.58771
12 B LL B,82,0.00000,22.66134,0.09343,0.15733,1.03625,0.00003,0.00049,0.00380,5.42349,7.04350,3.54448,10.58797
12 B LL B,83,0.00000,22.39149,0.09314,0.15651,1.03443,0.00003,0.00049,0.00379,5.42341,7.04347,3.54476,10.58823
12 B LL B,84,5.71250,27.75439,0.09308,0.15574,1.03265,0.00003,0.00049,0.00379,5.42333,7.04344,3.54513,10.58857
12 B LL B,85,0.00000,27.41044,0.09298,0.15502,1.03089,0.00003,0.00049,0.00379,5.42326,7.04341,3.54549,10.58890
12 B LL B,86,0.00000,27.07201,0.09287,0.15432,1.02917,0.00003,0.00049,0.00379,5.42318,7.04338,3.54585,10.58922
12 B LL B,87,0.00000,26.73901,0.09274,0.15367,1.02747,0.00003,0.00048,0.00379,5.42310,7.04335,3.54620,10.58954
12 B LL B,88,0.00000,26.41132,0.09258,0.15304,1.02580,0.00003,0.00048,0.00379,5.42303,7.04331,3.54654,10.58986
12 B LL B,89,0.00000,26.08884,0.09241,0.15244,1.02416,0.00003,0.00048,0.00379,5.42295,7.04328,3.54688,10.59017
12 B LL B,90,0.00000,25.77147,0.09222,0.15188,1.02254,0.00003,0.00048,0.00379,5.42288,7.04325,3.54722,10.59047
12 B LL B,91,0.00000,25.45911,0.09202,0.15134,1.02095,0.00003,0.00048,0.00379,5.42280,7.04322,3.54755,10.59077
12 B LL B,92,0.00000,25.15166,0.09180,0.15082,1.01939,0.00003,0.00048,0.00379,5.42272,7.04319,3.54787,10.59107
12 B LL B,93,0.00000,24.84904,0.09157,0.15034,1.01785,0.00003,0.00048,0.00379,5.42265,7.04316,3.54819,10.59136
12 B LL B,94,0.00000,24.55113,0.09133,0.14987,1.01634,0.00003,0.00048,0.00378,5.42257,7.04313,3.54851,10.59164
12 B LL B,95,0.00000,24.25787,0.09107,0.14943,1.01485,0.00003,0.00048,0.00378,5.42249,7.04310,3.54882,10.59192
12 B LL B,96,0.00000,23.96915,0.09081,0.14900,1.01339,0.00003,0.00048,0.00378,5.42242,7.04307,3.54912,10.59220
12 B LL B,97,0.00000,23.68489,0.09054,0.14860,1.01195,0.00003,0.00048,0.00378,5.42234,7.04304,3.54942,10.59247
12 B LL B,98,5.71250,29.03400,0.09048,0.14823,1.01054,0.00003,0.00048,0.00378,5.42227,7.04301,3.54980,10.59282
12 B LL B,99,0.00000,28.67642,0.09039,0.14787,1.00915,0.00003,0.00047,0.00378,5.42219,7.04298,3.55018,10.59316
12 B LL B,100,0.00000,28.32455,0.09027,0.14753,1.00779,0.00003,0.00047,0.00378,5.42211,7.04296,3.55054,10.59350
12 B LL B,101,0.00000,27.97826,0.09014,0.14720,1.00645,0.00003,0.00047,0.00378,5.42204,7.04293,3.55091,10.59383
12 B LL B,102,0.00000,27.63747,0.08998,0.14689,1.00513,0.00003,0.00047,0.00378,5.42196,7.04290,3.55126,10.59416
12 B LL B,103,0.00000,27.30205,0.08981,0.14660,1.00383,0.00003,0.00047,0.00378,5.42189,7.04287,3.55161,10.59448
12 B LL B,104,0.00000,26.97192,0.08961,0.14631,1.00255,0.00003,0.00047,0.00378,5.42181,7.04284,3.55196,10.59480
12 B LL B,105,0.00000,26.64696,0.08940,0.14604,1.00130,0.00003,0.00047,0.00378,5.42173,7.04281,3.55230,10.59511
12 B LL B,106,0.00000,26.32709,0.08918,0.14578,1.00006,0.00003,0.00047,0.00378,5.42166,7.04278,3.55263,10.59542
12 B LL B,107,0.00000,26.01220,0.08894,0.14554,0.99884,0.00003,0.00047,0.00378,5.42158,7.04275,3.55296,10.59572
12 B LL B,108,0.00000,25.70220,0.08870,0.14530,0.99765,0.00003,0.00047,0.00377,5.42150,7.04272,3.55329,10.59601
12 B LL B,109,0.00000,25.39700,0.08844,0.14508,0.99647,0.00003,0.00047,0.00377,5.42143,7.04270,3.55361,10.59631
12 B LL B,110,0.00000,25.09652,0.08817,0.14486,0.99531,0.00003,0.00047,0.00377,5.42135,7.04267,3.55393,10.59659
12 B LL B,111,0.00000,24.80065,0.08789,0.14465,0.99417,0.00003,0.00047,0.00377,5.42128,7.04264,3.55424,10.59687
12 B LL B,112,5.71250,30.13859,0.08780,0.14447,0.99306,0.00003,0.00047,0.00377,5.42120,7.04261,3.55463,10.59724
12 B LL B,113,0.00000,29.77000,0.08769,0.14429,0.99196,0.00003,0.00047,0.00377,5.42112,7.04258,3.55501,10.59759
12 B LL B,114,0.00000,29.40725,0.08756,0.14412,0.99088,0.00003,0.00046,0.00377,5.42105,7.04255,3.55538,10.59794
12 B LL B,115,0.00000,29.05024,0.08740,0.14395,0.98982,0.00003,0.00046,0.00377,5.42097,7.04253,3.55575,10.59828
12 B LL B,116,0.00000,28.69885,0.08722,0.14379,0.98877,0.00003,0.00046,0.00377,5.42090,7.04250,3.55612,10.59862
12 B LL B,117,0.00000,28.35299,0.08703,0.14364,0.98775,0.00003,0.00046,0.00377,5.42082,7.04247,3.55648,10.59895
12 B LL B,118,0.00000,28.01255,0.08682,0.14350,0.98673,0.00003,0.00046,0.00377,5.42074,7.04244,3.55683,10.59928
12 B LL B,119,0.00000,27.67742,0.08659,0.14336,0.98574,0.00003,0.00046,0.00377,5.42067,7.04242,3.55718,10.59960
12 B LL B,120,0.00000,27.34752,0.08635,0.14323,0.98476,0.00003,0.00046,0.00377,5.42059,7.04239,3.55753,10.59992
12 B LL B,121,0.00000,27.02273,0.08610,0.14310,0.98379,0.00003,0.00046,0.00377,5.42052,7.04236,3.55786,10.60023
12 B LL B,122,0.00000,26.70298,0.08583,0.14298,0.98284,0.00003,0.00046,0.00377,5.42044,7.04233,3.55820,10.60053
12 B LL B,123,0.00000,26.38815,0.08556,0.14286,0.98191,0.00003,0.00046,0.00377,5.42036,7.04231,3.55853,10.60083
12 B LL B,124,0.00000,26.07816,0.08527,0.14274,0.98099,0.00003,0.00046,0.00377,5.42029,7.04228,3.55885,10.60113
12 B LL B,125,0.00000,25.77293,0.08498,0.14264,0.98009,0.00003,0.00046,0.00377,5.42021,7.04225,3.55917,10.60142
12 B LL B,126,5.71250,31.10186,0.08486,0.14254,0.97920,0.00003,0.00046,0.00377,5.42014,7.04223,3.55957,10.60179
12 B LL B,127,0.00000,30.72438,0.08473,0.14245,0.97834,0.00003,0.00046,0.00377,5.42006,7.04220,3.55995,10.60215
12 B LL B,128,0.00000,30.35286,0.08457,0.14236,0.97748,0.00003,0.00046,0.00377,5.41998,7.04217,3.56034,10.60251
12 B LL B,129,0.00000,29.98719,0.08439,0.14228,0.97664,0.00003,0.00046,0.00377,5.41991,7.04215,3.56072,10.60286
12 B LL B,130,0.00000,29.62727,0.08419,0.14220,0.97581,0.00003,0.00046,0.00377,5.41983,7.04212,3.56109,10.60321
12 B LL B,131,0.00000,29.27299,0.08398,0.14212,0.97499,0.00003,0.00046,0.00376,5.41976,7.04209,3.56145,10.60355
12 B LL B,132,0.00000,28.92425,0.08375,0.14204,0.97419,0.00003,0.00046,0.00376,5.41968,7.04207,3.56182,10.60388
12 B LL B,133,0.00000,28.58094,0.08350,0.14197,0.97340,0.00003,0.00046,0.00376,5.41960,7.04204,3.56217,10.60421
12 B LL B,134,0.00000,28.24296,0.08324,0.14190,0.97262,0.00003,0.00046,0.00376,5.41953,7.04202,3.56252,10.60454
12 B LL B,135,0.00000,27.91021,0.08297,0.14183,0.97186,0.00003,0.00045,0.00376,5.41945,7.04199,3.56287,10.60486
12 B LL B,136,0.00000,27.58260,0.08269,0.14177,0.97110,0.00003,0.00045,0.00376,5.41938,7.04196,3.56321,10.60517
12 B LL B,137,0.00000,27.26004,0.08239,0.14170,0.97036,0.00003,0.00045,0.00376,5.41930,7.04194,3.56354,10.60548
12 B LL B,138,0.00000,26.94242,0.08209,0.14164,0.96963,0.00003,0.00045,0.00376,5.41922,7.04191,3.56387,10.60578
12 B LL B,139,0.00000,26.62966,0.08178,0.14158,0.96891,0.00003,0.00045,0.00376,5.41915,7.04188,3.56420,10.60608
12 B LL B,140,5.71250,31.95135,0.08165,0.14153,0.96821,0.00003,0.00045,0.00376,5.41907,7.04186,3.56460,10.60646
12 B LL B,141,0.00000,31.56673,0.08149,0.14149,0.96752,0.00003,0.00045,0.00376,5.41900,7.04184,3.56499,10.60683
12 B LL B,142,0.00000,31.18817,0.08131,0.14144,0.96685,0.00003,0.00045,0.00376,5.41892,7.04181,3.56538,10.60719
12 B LL B,143,0.00000,30.81557,0.08111,0.14140,0.96618,0.00003,0.00045,0.00376,5.41884,7.04179,3.56577,10.60755
12 B LL B,144,0.00000,30.44881,0.08089,0.14136,0.96552,0.00003,0.00045,0.00376,5.41877,7.04176,3.56614,10.60790
12 B LL B,145,0.00000,30.08779,0.08066,0.14131,0.96487,0.00003,0.00045,0.00376,5.41869,7.04174,3.56652,10.60825
12 B LL B,146,0.00000,29.73240,0.08041,0.14127,0.96423,0.00003,0.00045,0.00376,5.41862,7.04171,3.56688,10.60859
12 B LL B,147,0.00000,29.38254,0.08014,0.14123,0.96360,0.00003,0.00045,0.00376,5.41854,7.04169,3.56724,10.60893
12 B LL B,148,0.00000,29.03811,0.07987,0.14119,0.96299,0.00003,0.00045,0.00376,5.41846,7.04166,3.56760,10.60926
12 B LL B,149,0.00000,28.69901,0.07958,0.14116,0.96238,0.00003,0.00045,0.00376,5.41839,7.04164,3.56795,10.60958
12 B LL B,150,0.00000,28.36513,0.07928,0.14112,0.96178,0.00003,0.00045,0.00376,5.41831,7.04161,3.56829,10.60990
12 B LL B,151,0.00000,28.03639,0.07897,0.14108,0.96119,0.00003,0.00045,0.00376,5.41824,7.04159,3.56863,10.61022
12 B LL B,152,0.00000,27.71268,0.07866,0.14105,0.96061,0.00003,0.00045,0.00376,5.41816,7.04156,3.56897,10.61053
12 B LL B,153,0.00000,27.39392,0.07833,0.14101,0.96003,0.00003,0.00045,0.00376,5.41808,7.04154,3.56930,10.61083
12 B LL B,154,5.71250,32.70985,0.07818,0.14099,0.95948,0.00003,0.00045,0.00376,5.41801,7.04151,3.56970,10.61122
12 B LL B,155,0.00000,32.31955,0.07800,0.14097,0.95893,0.00003,0.00045,0.00376,5.41793,7.04149,3.57010,10.61159
12 B LL B,156,0.00000,31.93540,0.07780,0.14094,0.95839,0.00003,0.00045,0.00376,5.41786,7.04147,3.57049,10.61196
12 B LL B,157,0.00000,31.55728,0.07759,0.14092,0.95786,0.00003,0.00045,0.00376,5.41778,7.04144,3.57088,10.61233
12 B LL B,158,0.00000,31.18510,0.07735,0.14090,0.95733,0.00003,0.00045,0.00376,5.41770,7.04142,3.57126,10.61268
12 B LL B,159,0.00000,30.81874,0.07710,0.14087,0.95682,0.00003,0.00045,0.00376,5.41763,7.04140,3.57164,10.61304
12 B LL B,160,0.00000,30.45809,0.07684,0.14085,0.95631,0.00003,0.00045,0.00376,5.41755,7.04137,3.57201,10.61338
12 S RE A,0,5.71250,8.07334,4.66925,18.73718,5.81710,0.00000,0.01206,0.01206,16.28995,21.13991,10.57002,31.70993
12 S RE A,1,0.00000,10.19904,4.21657,16.96870,5.76027,0.00000,0.01110,0.01110,16.28990,21.13982,10.57005,31.70986
12 S RE A,2,0.00000,12.11280,3.81141,15.37529,5.70450,0.00001,0.01023,0.01023,16.28985,21.13972,10.57009,31.70981
12 S RE A,3,0.00000,13.83565,3.44876,13.93955,5.64975,0.00001,0.00945,0.00945,16.28980,21.13963,10.57013,31.70976
12 S RE A,4,0.00000,15.38664,3.12418,12.64585,5.59602,0.00001,0.00875,0.00874,16.28975,21.13954,10.57018,31.70972
12 S RE A,5,0.00000,16.78294,2.83366,11.48007,5.54328,0.00001,0.00812,0.00810,16.28970,21.13945,10.57024,31.70969
12 S RE A,6,0.00000,18.04002,2.57362,10.42950,5.49151,0.00001,0.00754,0.00753,16.28965,21.13936,10.57031,31.70967
12 S RE A,7,0.00000,19.17183,2.34086,9.48271,5.44069,0.00001,0.00702,0.00701,16.28960,21.13927,10.57038,31.70965
12 S RE A,8,0.00000,20.19092,2.13249,8.62937,5.39080,0.00002,0.00656,0.00654,16.28955,21.13918,10.57046,31.70963
12 S RE A,9,0.00000,21.10859,1.94596,7.86018,5.34183,0.00002,0.00614,0.00612,16.28950,21.13909,10.57054,31.70962
12 S RE A,10,0.00000,21.93501,1.77896,7.16678,5.29376,0.00002,0.00575,0.00574,16.28945,21.13900,10.57062,31.70962
12 S RE A,11,0.00000,22.67932,1.62943,6.54162,5.24657,0.00002,0.00541,0.00539,16.28940,21.13891,10.57071,31.70961
12 S RE A,12,0.00000,23.34975,1.49552,5.97789,5.20025,0.00002,0.00510,0.00508,16.28935,21.13882,10.57080,31.70961
12 S RE A,13,0.00000,23.95369,1.37558,5.46948,5.15477,0.00002,0.00481,0.00479,16.28930,21.13873,10.57089,31.70962
12 S RE A,14,5.71250,30.17747,1.27468,5.01090,5.11014,0.00002,0.00456,0.00454,16.28925,21.13864,10.57101,31.70965
12 S RE A,15,0.00000,30.63583,1.18421,4.59715,5.06632,0.00002,0.00433,0.00431,16.28920,21.13855,10.57113,31.70968
12 S RE A,16,0.00000,31.04657,1.10306,4.22373,5.02330,0.00003,0.00412,0.00409,16.28915,21.13847,10.57125,31.70972
12 S RE A,17,0.00000,31.41445,1.03025,3.88661,4.98107,0.00003,0.00393,0.00390,16.28910,21.13838,10.57138,31.70976
12 S RE A,18,0.00000,31.74374,0.96488,3.58217,4.93960,0.00003,0.00376,0.00373,16.28906,21.13830,10.57150,31.70980
12 S RE A,19,0.00000,32.03829,0.90618,3.30713,4.89889,0.00003,0.00360,0.00357,16.28901,21.13821,10.57163,31.70984
12 S RE A,20,0.00000,32.30154,0.85342,3.05854,4.85892,0.00003,0.00346,0.00343,16.28896,21.13813,10.57176,31.70988
12 S RE A,21,0.00000,32.53660,0.80598,2.83375,4.81967,0.00004,0.00333,0.00330,16.28891,21.13804,10.57188,31.70993
12 S RE A,22,0.00000,32.74623,0.76331,2.63038,4.78114,0.00004,0.00321,0.00318,16.28887,21.13796,10.57201,31.70997
12 S RE A,23,0.00000,32.93293,0.72488,2.44628,4.74330,0.00004,0.00311,0.00307,16.28882,21.13788,10.57214,31.71002
12 S RE A,24,0.00000,33.09895,0.69027,2.27952,4.70615,0.00004,0.00301,0.00297,16.28877,21.13779,10.57227,31.71006
12 S RE A,25,0.00000,33.24627,0.65906,2.12835,4.66967,0.00004,0.00292,0.00288,16.28873,21.13771,10.57240,31.71011
12 S RE A,26,0.00000,33.37672,0.63091,1.99123,4.63385,0.00004,0.00283,0.00279,16.28868,21.13763,10.57253,31.71016
12 S RE A,27,0.00000,33.49190,0.60549,1.86674,4.59868,0.00004,0.00276,0.00272,16.28864,21.13755,10.57266,31.71021
12 S RE A,28,5.71250,39.27555,0.58796,1.75368,4.56416,0.00004,0.00269,0.00264,16.28859,21.13747,10.57281,31.71028
12 S RE A,29,0.00000,39.33491,0.57205,1.65085,4.53026,0.00004,0.00262,0.00258,16.28855,21.13739,10.57296,31.71036
12 S RE A,30,0.00000,39.38358,0.55761,1.55726,4.49697,0.00005,0.00257,0.00252,16.28850,21.13732,10.57312,31.71043
12 S RE A,31,0.00000,39.42256,0.54449,1.47197,4.46428,0.00005,0.00251,0.00246,16.28846,21.13724,10.57327,31.71051
12 S RE A,32,0.00000,39.45275,0.53254,1.39418,4.43218,0.00005,0.00246,0.00241,16.28841,21.13716,10.57342,31.71059
12 S RE A,33,0.00000,39.47495,0.52167,1.32316,4.40065,0.00005,0.00242,0.00236,16.28837,21.13709,10.57358,31.71066
12 S RE A,34,0.00000,39.48989,0.51176,1.25824,4.36969,0.00005,0.00237,0.00232,16.28833,21.13701,10.57373,31.71074
12 S RE A,35,0.00000,39.49822,0.50271,1.19883,4.33928,0.00005,0.00233,0.00228,16.28828,21.13694,10.57388,31.71082
12 S RE A,36,0.00000,39.50054,0.49445,1.14441,4.30942,0.00005,0.00229,0.00224,16.28824,21.13686,10.57403,31.71090
12 S RE A,37,0.00000,39.49737,0.48689,1.09449,4.28009,0.00006,0.00226,0.00220,16.28820,21.13679,10.57418,31.71097
12 S RE A,38,0.00000,39.48919,0.47998,1.04866,4.25129,0.00006,0.00223,0.00217,16.28816,21.13672,10.57433,31.71105
12 S RE A,39,0.00000,39.47645,0.47364,1.00653,4.22300,0.00006,0.00220,0.00214,16.28812,21.13665,10.57448,31.71113
12 S RE A,40,0.00000,39.45952,0.46782,0.96775,4.19522,0.00006,0.00217,0.00211,16.28807,21.13658,10.57463,31.71121
12 S RE A,41,0.00000,39.43878,0.46248,0.93202,4.16793,0.00006,0.00214,0.00208,16.28803,21.13651,10.57478,31.71129
12 S RE A,42,5.71250,45.09842,0.46234,0.89911,4.14115,0.00006,0.00211,0.00205,16.28799,21.13644,10.57496,31.71139
12 S RE A,43,0.00000,45.04287,0.46216,0.86871,4.11484,0.00006,0.00209,0.00203,16.28795,21.13637,10.57513,31.71149
12 S RE A,44,0.00000,44.98487,0.46195,0.84060,4.08900,0.00006,0.00207,0.00201,16.28791,21.13630,10.57530,31.71160
12 S RE A,45,0.00000,44.92462,0.46171,0.81458,4.06362,0.00006,0.00205,0.00198,16.28787,21.13623,10.57547,31.71170
12 S RE A,46,0.00000,44.86232,0.46144,0.79047,4.03869,0.00007,0.00203,0.00196,16.28783,21.13616,10.57564,31.71180
12 S RE A,47,0.00000,44.79813,0.46114,0.76811,4.01420,0.00007,0.00201,0.00194,16.28779,21.13609,10.57581,31.71190
12 S RE A,48,0.00000,44.73223,0.46081,0.74734,3.99014,0.00007,0.00199,0.00192,16.28775,21.13603,10.57598,31.71201
12 S RE A,49,0.00000,44.66475,0.46046,0.72803,3.96651,0.00007,0.00197,0.00190,16.28771,21.13596,10.57615,31.71211
12 S RE A,50,0.00000,44.59583,0.46008,0.71007,3.94330,0.00007,0.00196,0.00189,16.28767,21.13589,10.57632,31.71221
12 S RE A,51,0.00000,44.52559,0.45967,0.69334,3.92050,0.00007,0.00194,0.00187,16.28764,21.13583,10.57649,31.71231
12 S RE A,52,0.00000,44.45414,0.45924,0.67774,3.89810,0.00007,0.00193,0.00185,16.28760,21.13576,10.57665,31.71242
12 S RE A,53,0.00000,44.38159,0.45878,0.66318,3.87610,0.00007,0.00191,0.00184,16.28756,21.13570,10.57682,31.71252
12 S RE A,54,0.00000,44.30803,0.45831,0.64958,3.85449,0.00007,0.00190,0.00182,16.28752,21.13564,10.57699,31.71262
12 S RE A,55,0.00000,44.23355,0.45781,0.63687,3.83325,0.00007,0.00188,0.00181,16.28748,21.13557,10.57715,31.71272
12 S RE A,56,5.71250,49.84286,0.46184,0.62502,3.81241,0.00007,0.00187,0.00180,16.28744,21.13551,10.57734,31.71285
12 S RE A,57,0.00000,49.73933,0.46548,0.61393,3.79193,0.00008,0.00186,0.00178,16.28741,21.13544,10.57753,31.71297
12 S RE A,58,0.00000,49.63552,0.46876,0.60353,3.77181,0.00008,0.00185,0.00177,16.28737,21.13538,10.57771,31.71310
12 S RE A,59,0.00000,49.53146,0.47171,0.59378,3.75205,0.00008,0.00184,0.00176,16.28733,21.13532,10.57790,31.71322
12 S RE A,60,0.00000,49.42720,0.47435,0.58463,3.73263,0.00008,0.00183,0.00175,16.28729,21.13526,10.57809,31.71334
12 S RE A,61,0.00000,49.32276,0.47670,0.57604,3.71355,0.00008,0.00182,0.00174,16.28726,21.13520,10.57827,31.71347
12 S RE A,62,0.00000,49.21819,0.47879,0.56796,3.69481,0.00009,0.00181,0.00172,16.28722,21.13513,10.57846,31.71359
12 S RE A,63,0.00000,49.11350,0.48063,0.56037,3.67639,0.00009,0.00180,0.00171,16.28718,21.13507,10.57864,31.71371
12 S RE A,64,0.00000,49.00873,0.48224,0.55322,3.65830,0.00009,0.00179,0.00170,16.28715,21.13501,10.57882,31.71383
12 S RE A,65,0.00000,48.90390,0.48365,0.54649,3.64052,0.00009,0.00178,0.00169,16.28711,21.13495,10.57901,31.71396
12 S RE A,66,0.00000,48.79904,0.48486,0.54015,3.62305,0.00009,0.00177,0.00168,16.28707,21.13489,10.57919,31.71408
12 S RE A,67,0.00000,48.69417,0.48589,0.53417,3.60589,0.00009,0.00177,0.00168,16.28704,21.13483,10.57937,31.71420
12 S RE A,68,0.00000,48.58930,0.48675,0.52853,3.58903,0.00009,0.00176,0.00167,16.28700,21.13477,10.57955,31.71432
12 S RE A,69,0.00000,48.48446,0.48746,0.52321,3.57246,0.00009,0.00175,0.00166,16.28696,21.13471,10.57973,31.71444
12 S RE A,70,5.71250,54.06467,0.49254,0.51824,3.55619,0.00009,0.00174,0.00165,16.28693,21.13465,10.57993,31.71458
12 S RE A,71,0.00000,53.93284,0.49713,0.51354,3.54020,0.00009,0.00173,0.00164,16.28689,21.13459,10.58014,31.71473
12 S RE A,72,0.00000,53.80148,0.50127,0.50910,3.52450,0.00010,0.00173,0.00163,16.28686,21.13453,10.58034,31.71487
12 S RE A,73,0.00000,53.67059,0.50499,0.50490,3.50906,0.00010,0.00172,0.00162,16.28682,21.13447,10.58054,31.71501
12 S RE A,74,0.00000,53.54014,0.50833,0.50092,3.49390,0.00010,0.00172,0.00162,16.28678,21.13441,10.58074,31.71515
12 S RE A,75,0.00000,53.41015,0.51130,0.49716,3.47899,0.00010,0.00171,0.00161,16.28675,21.13435,10.58094,31.71529
12 S RE A,76,0.00000,53.28060,0.51394,0.49361,3.46435,0.00010,0.00170,0.00160,16.28671,21.13430,10.58113,31.71543
12 S RE A,77,0.00000,53.15150,0.51627,0.49024,3.44995,0.00010,0.00170,0.00160,16.28668,21.13424,10.58133,31.71557
12 S RE A,78,0.00000,53.02284,0.51832,0.48705,3.43581,0.00010,0.00169,0.00159,16.28664,21.13418,10.58153,31.71571
12 S RE A,79,0.00000,52.89461,0.52011,0.48402,3.42191,0.00010,0.00169,0.00158,16.28660,21.13412,10.58173,31.71585
12 S RE A,80,0.00000,52.76681,0.52165,0.48116,3.40825,0.00011,0.00168,0.00158,16.28657,21.13406,10.58192,31.71599
12 S RE A,81,0.00000,52.63944,0.52297,0.47844,3.39483,0.00011,0.00168,0.00157,16.28653,21.13401,10.58212,31.71612
12 S RE A,82,0.00000,52.51250,0.52409,0.47586,3.38163,0.00011,0.00167,0.00156,16.28650,21.13395,10.58231,31.71626
12 S RE A,83,0.00000,52.38598,0.52501,0.47342,3.36866,0.00011,0.00166,0.00156,16.28646,21.13389,10.58250,31.71640
12 S RE A,84,5.71250,57.94510,0.53027,0.47114,3.35594,0.00011,0.00166,0.00155,16.28643,21.13383,10.58272,31.71655
12 S RE A,85,0.00000,57.79254,0.53501,0.46898,3.34343,0.00011,0.00166,0.00155,16.28639,21.13378,10.58294,31.71671
12 S RE A,86,0.00000,57.64077,0.53927,0.46693,3.33113,0.00011,0.00165,0.00154,16.28636,21.13372,10.58315,31.71687
12 S RE A,87,0.00000,57.48977,0.54309,0.46498,3.31905,0.00011,0.00165,0.00153,16.28632,21.13366,10.58336,31.71703
12 S RE A,88,0.00000,57.33952,0.54649,0.46313,3.30717,0.00012,0.00164,0.00153,16.28629,21.13361,10.58358,31.71718
12 S RE A,89,0.00000,57.19001,0.54951,0.46137,3.29550,0.00012,0.00164,0.00152,16.28625,21.13355,10.58379,31.71734
12 S RE A,90,0.00000,57.04122,0.55218,0.45970,3.28403,0.00012,0.00164,0.00152,16.28622,21.13350,10.58400,31.71749
12 S RE A,91,0.00000,56.89313,0.55453,0.45811,3.27275,0.00012,0.00163,0.00151,16.28618,21.13344,10.58421,31.71765
12 S RE A,92,0.00000,56.74573,0.55657,0.45660,3.26167,0.00012,0.00163,0.00151,16.28615,21.13338,10.58442,31.71780
12 S RE A,93,0.00000,56.59900,0.55834,0.45516,3.25077,0.00012,0.00162,0.00150,16.28611,21.13333,10.58463,31.71796
12 S RE A,94,0.00000,56.45293,0.55985,0.45380,3.24006,0.00012,0.00162,0.00150,16.28608,21.13327,10.58484,31.71811
12 S RE A,95,0.00000,56.30751,0.56112,0.45250,3.22954,0.00012,0.00162,0.00149,16.28604,21.13322,10.58505,31.71826
12 S RE A,96,0.00000,56.16273,0.56218,0.45126,3.21919,0.00012,0.00161,0.00149,16.28601,21.13316,10.58525,31.71841
12 S RE A,97,0.00000,56.01857,0.56304,0.45008,3.20902,0.00012,0.00161,0.00148,16.28597,21.13310,10.58546,31.71856
12 S RE A,98,5.71250,61.56039,0.56823,0.44900,3.19904,0.00012,0.00160,0.00148,16.28594,21.13305,10.58569,31.71874
12 S RE A,99,0.00000,61.39070,0.57290,0.44798,3.18922,0.00013,0.00160,0.00148,16.28590,21.13299,10.58591,31.71891
12 S RE A,100,0.00000,61.22198,0.57707,0.44700,3.17958,0.00013,0.00160,0.00147,16.28587,21.13294,10.58614,31.71908
12 S RE A,101,0.00000,61.05420,0.58080,0.44607,3.17010,0.00013,0.00160,0.00147,16.28583,21.13288,10.58637,31.71925
12 S RE A,102,0.00000,60.88733,0.58410,0.44518,3.16077,0.00013,0.00159,0.00146,16.28580,21.13283,10.58659,31.71942
12 S RE A,103,0.00000,60.72135,0.58701,0.44434,3.15161,0.00013,0.00159,0.00146,16.28576,21.13278,10.58682,31.71959
12 S RE A,104,0.00000,60.55624,0.58957,0.44353,3.14260,0.00013,0.00159,0.00146,16.28573,21.13272,10.58704,31.71976
12 S RE A,105,0.00000,60.39198,0.59180,0.44277,3.13375,0.00013,0.00159,0.00145,16.28569,21.13267,10.58726,31.71993
12 S RE A,106,0.00000,60.22854,0.59372,0.44203,3.12504,0.00014,0.00158,0.00145,16.28566,21.13261,10.58748,31.72010
12 S RE A,107,0.00000,60.06592,0.59536,0.44133,3.11648,0.00014,0.00158,0.00144,16.28562,21.13256,10.58770,31.72026
12 S RE A,108,0.00000,59.90409,0.59674,0.44067,3.10807,0.00014,0.00158,0.00144,16.28559,21.13250,10.58793,31.72043
12 S RE A,109,0.00000,59.74303,0.59788,0.44003,3.09980,0.00014,0.00157,0.00144,16.28556,21.13245,10.58815,31.72059
12 S RE A,110,0.00000,59.58273,0.59881,0.43943,3.09166,0.00014,0.00157,0.00143,16.28552,21.13240,10.58836,31.72076
12 S RE A,111,0.00000,59.42318,0.59953,0.43885,3.08367,0.00014,0.00157,0.00143,16.28549,21.13234,10.58858,31.72092
12 S RE A,112,5.71250,64.94983,0.60459,0.43834,3.07582,0.00014,0.00157,0.00143,16.28545,21.13229,10.58882,31.72111
12 S RE A,113,0.00000,64.76507,0.60913,0.43786,3.06811,0.00014,0.00156,0.00142,16.28542,21.13223,10.58906,31.72130
12 S RE A,114,0.00000,64.58139,0.61317,0.43739,3.06053,0.00014,0.00156,0.00142,16.28538,21.13218,10.58930,31.72148
12 S RE A,115,0.00000,64.39875,0.61675,0.43695,3.05307,0.00014,0.00156,0.00142,16.28535,21.13213,10.58954,31.72166
12 S RE A,116,0.00000,64.21713,0.61992,0.43653,3.04574,0.00015,0.00156,0.00141,16.28531,21.13207,10.58977,31.72185
12 S RE A,117,0.00000,64.03649,0.62269,0.43613,3.03854,0.00015,0.00156,0.00141,16.28528,21.13202,10.59001,31.72203
12 S RE A,118,0.00000,63.85682,0.62511,0.43574,3.03145,0.00015,0.00156,0.00141,16.28525,21.13197,10.59024,31.72221
12 S RE A,119,0.00000,63.67810,0.62719,0.43537,3.02448,0.00015,0.00155,0.00140,16.28521,21.13192,10.59048,31.72239
12 S RE A,120,0.00000,63.50029,0.62897,0.43502,3.01763,0.00015,0.00155,0.00140,16.28518,21.13186,10.59071,31.72257
12 S RE A,121,0.00000,63.32338,0.63046,0.43468,3.01090,0.00015,0.00155,0.00140,16.28514,21.13181,10.59094,31.72275
12 S RE A,122,0.00000,63.14735,0.63169,0.43436,3.00427,0.00015,0.00155,0.00140,16.28511,21.13176,10.59117,31.72293
12 S RE A,123,0.00000,62.97219,0.63269,0.43405,2.99776,0.00015,0.00155,0.00139,16.28507,21.13170,10.59141,31.72311
12 S RE A,124,0.00000,62.79787,0.63346,0.43375,2.99136,0.00015,0.00154,0.00139,16.28504,21.13165,10.59164,31.72329
12 S RE A,125,0.00000,62.62438,0.63404,0.43347,2.98506,0.00015,0.00154,0.00139,16.28500,21.13160,10.59187,31.72346
12 S RE A,126,5.71250,68.13723,0.63897,0.43324,2.97889,0.00015,0.00154,0.00139,16.28497,21.13155,10.59212,31.72366
12 S RE A,127,0.00000,67.93876,0.64336,0.43302,2.97281,0.00016,0.00154,0.00138,16.28494,21.13150,10.59237,31.72386
12 S RE A,128,0.00000,67.74144,0.64727,0.43281,2.96684,0.00016,0.00154,0.00138,16.28490,21.13144,10.59261,31.72406
12 S RE A,129,0.00000,67.54523,0.65071,0.43261,2.96097,0.00016,0.00154,0.00138,16.28487,21.13139,10.59286,31.72425
12 S RE A,130,0.00000,67.35011,0.65373,0.43242,2.95520,0.00016,0.00154,0.00138,16.28483,21.13134,10.59311,31.72445
12 S RE A,131,0.00000,67.15605,0.65636,0.43223,2.94952,0.00016,0.00154,0.00137,16.28480,21.13129,10.59336,31.72464
12 S RE A,132,0.00000,66.96303,0.65864,0.43206,2.94394,0.00016,0.00153,0.00137,16.28476,21.13124,10.59360,31.72484
12 S RE A,133,0.00000,66.77101,0.66057,0.43189,2.93845,0.00016,0.00153,0.00137,16.28473,21.13119,10.59385,31.72503
12 S RE A,134,0.00000,66.57999,0.66221,0.43172,2.93305,0.00016,0.00153,0.00137,16.28470,21.13113,10.59409,31.72522
12 S RE A,135,0.00000,66.38993,0.66356,0.43156,2.92774,0.00017,0.00153,0.00136,16.28466,21.13108,10.59433,31.72542
12 S RE A,136,0.00000,66.20083,0.66465,0.43141,2.92251,0.00017,0.00153,0.00136,16.28463,21.13103,10.59458,31.72561
12 S RE A,137,0.00000,66.01265,0.66550,0.43126,2.91738,0.00017,0.00153,0.00136,16.28459,21.13098,10.59482,31.72580
12 S RE A,138,0.00000,65.82538,0.66614,0.43112,2.91233,0.00017,0.00152,0.00136,16.28456,21.13093,10.59506,31.72599
12 S RE A,139,0.00000,65.63901,0.66657,0.43098,2.90736,0.00017,0.00152,0.00136,16.28452,21.13088,10.59530,31.72618
12 S RE A,140,5.71250,71.13907,0.67137,0.43090,2.90250,0.00017,0.00152,0.00135,16.28449,21.13083,10.59556,31.72639
12 S RE A,141,0.00000,70.92788,0.67563,0.43081,2.89771,0.00017,0.00152,0.00135,16.28446,21.13078,10.59582,31.72660
12 S RE A,142,0.00000,70.71789,0.67940,0.43073,2.89300,0.00017,0.00152,0.00135,16.28442,21.13073,10.59608,31.72680
12 S RE A,143,0.00000,70.50907,0.68271,0.43065,2.88837,0.00017,0.00152,0.00135,16.28439,21.13068,10.59634,31.72701
12 S RE A,144,0.00000,70.30140,0.68559,0.43058,2.88382,0.00017,0.00152,0.00135,16.28435,21.13063,10.59659,31.72722
12 S RE A,145,0.00000,70.09485,0.68809,0.43050,2.87934,0.00018,0.00152,0.00134,16.28432,21.13058,10.59685,31.72743
12 S RE A,146,0.00000,69.88939,0.69023,0.43043,2.87493,0.00018,0.00152,0.00134,16.28428,21.13053,10.59711,31.72763
12 S RE A,147,0.00000,69.68500,0.69203,0.43036,2.87060,0.00018,0.00152,0.00134,16.28425,21.13048,10.59736,31.72784
12 S RE A,148,0.00000,69.48165,0.69353,0.43029,2.86634,0.00018,0.00152,0.00134,16.28422,21.13043,10.59761,31.72804
12 S RE A,149,0.00000,69.27933,0.69474,0.43022,2.86215,0.00018,0.00152,0.00134,16.28418,21.13038,10.59787,31.72824
12 S RE A,150,0.00000,69.07801,0.69570,0.43015,2.85803,0.00018,0.00151,0.00134,16.28415,21.13033,10.59812,31.72845
12 S RE A,151,0.00000,68.87767,0.69642,0.43008,2.85397,0.00018,0.00151,0.00133,16.28411,21.13028,10.59837,31.72865
12 S RE A,152,0.00000,68.67830,0.69692,0.43002,2.84999,0.00018,0.00151,0.00133,16.28408,21.13023,10.59862,31.72885
12 S RE A,153,0.00000,68.47988,0.69722,0.42996,2.84606,0.00018,0.00151,0.00133,16.28404,21.13018,10.59887,31.72905
12 S RE A,154,5.71250,73.96797,0.70189,0.42994,2.84222,0.00018,0.00151,0.00133,16.28401,21.13013,10.59914,31.72927
12 S RE A,155,0.00000,73.74485,0.70603,0.42993,2.83844,0.00018,0.00151,0.00133,16.28398,21.13008,10.59941,31.72949
12 S RE A,156,0.00000,73.52299,0.70967,0.42991,2.83473,0.00018,0.00151,0.00133,16.28394,21.13003,10.59968,31.72971
12 S RE A,157,0.00000,73.30235,0.71285,0.42989,2.83107,0.00019,0.00151,0.00132,16.28391,21.12998,10.59995,31.72993
12 S RE A,158,0.00000,73.08290,0.71561,0.42987,2.82748,0.00019,0.00151,0.00132,16.28387,21.12993,10.60022,31.73015
12 S RE A,159,0.00000,72.86463,0.71798,0.42985,2.82394,0.00019,0.00151,0.00132,16.28384,21.12988,10.60048,31.73037
12 S RE A,160,0.00000,72.64749,0.71999,0.42983,2.82046,0.00019,0.00151,0.00132,16.28381,21.12983,10.60075,31.73058
12 S RE B,0,5.71250,6.34524,1.49359,5.97556,1.36729,0.00000,0.00366,0.00366,5.42998,7.04664,3.52345,10.57009
12 S RE B,1,0.00000,6.89200,1.35346,5.41294,1.35971,0.00000,0.00336,0.00335,5.42997,7.04660,3.52358,10.57019
12 S RE B,2,0.00000,7.36211,1.22787,4.90601,1.35227,0.00001,0.00309,0.00308,5.42995,7.04657,3.52372,10.57030
12 S RE B,3,0.00000,7.76404,1.11530,4.44923,1.34497,0.00001,0.00284,0.00284,5.42993,7.04654,3.52388,10.57042
12 S RE B,4,0.00000,8.10545,1.01437,4.03763,1.33779,0.00001,0.00262,0.00262,5.42992,7.04651,3.52404,10.57055
12 S RE B,5,0.00000,8.39322,0.92383,3.66671,1.33074,0.00001,0.00243,0.00242,5.42990,7.04648,3.52421,10.57069
12 S RE B,6,0.00000,8.63356,0.84260,3.33245,1.32382,0.00001,0.00225,0.00224,5.42988,7.04645,3.52439,10.57084
12 S RE B,7,0.00000,8.83201,0.76968,3.03118,1.31702,0.00001,0.00209,0.00208,5.42987,7.04642,3.52457,10.57099
12 S RE B,8,0.00000,8.99353,0.70420,2.75964,1.31033,0.00001,0.00194,0.00193,5.42985,7.04639,3.52475,10.57114
12 S RE B,9,0.00000,9.12255,0.64538,2.51487,1.30377,0.00002,0.00181,0.00180,5.42983,7.04636,3.52493,10.57129
12 S RE B,10,0.00000,9.22302,0.59250,2.29420,1.29732,0.00002,0.00170,0.00168,5.42982,7.04633,3.52512,10.57145
12 S RE B,11,0.00000,9.29843,0.54495,2.09522,1.29099,0.00002,0.00159,0.00157,5.42980,7.04630,3.52531,10.57160
12 S RE B,12,0.00000,9.35191,0.50217,1.91579,1.28477,0.00002,0.00149,0.00148,5.42978,7.04627,3.52549,10.57176
12 S RE B,13,0.00000,9.38620,0.46365,1.75394,1.27865,0.00002,0.00141,0.00139,5.42977,7.04624,3.52568,10.57191
12 S RE B,14,5.71250,14.96850,0.43527,1.60798,1.27266,0.00002,0.00133,0.00131,5.42975,7.04621,3.52600,10.57221
12 S RE B,15,0.00000,14.82954,0.40948,1.47626,1.26678,0.00002,0.00126,0.00124,5.42973,7.04618,3.52632,10.57250
12 S RE B,16,0.00000,14.68340,0.38601,1.35736,1.26100,0.00002,0.00120,0.00117,5.42972,7.04615,3.52663,10.57278
12 S RE B,17,0.00000,14.53143,0.36464,1.25000,1.25532,0.00002,0.00114,0.00112,5.42970,7.04612,3.52693,10.57306
12 S RE B,18,0.00000,14.37483,0.34513,1.15302,1.24973,0.00003,0.00109,0.00106,5.42968,7.04609,3.52723,10.57332
12 S RE B,19,0.00000,14.21460,0.32731,1.06539,1.24425,0.00003,0.00104,0.00102,5.42967,7.04607,3.52752,10.57359
12 S RE B,20,0.00000,14.05163,0.31102,0.98617,1.23886,0.00003,0.00100,0.00097,5.42965,7.04604,3.52780,10.57384
12 S RE B,21,0.00000,13.88666,0.29608,0.91451,1.23356,0.00003,0.00096,0.00093,5.42964,7.04601,3.52808,10.57409
12 S RE B,22,0.00000,13.72036,0.28239,0.84966,1.22835,0.00003,0.00093,0.00090,5.42962,7.04598,3.52835,10.57433
12 S RE B,23,0.00000,13.55326,0.26980,0.79093,1.22324,0.00003,0.00090,0.00087,5.42961,7.04595,3.52862,10.57457
12 S RE B,24,0.00000,13.38585,0.25822,0.73771,1.21821,0.00003,0.00087,0.00084,5.42959,7.04593,3.52888,10.57480
12 S RE B,25,0.00000,13.21852,0.24754,0.68946,1.21327,0.00003,0.00084,0.00081,5.42957,7.04590,3.52913,10.57503
12 S RE B,26,0.00000,13.05162,0.23769,0.64566,1.20841,0.00003,0.00082,0.00078,5.42956,7.04587,3.52938,10.57525
12 S RE B,27,0.00000,12.88544,0.22858,0.60588,1.20364,0.00003,0.00079,0.00076,5.42954,7.04585,3.52962,10.57547
12 S RE B,28,5.71250,18.30503,0.22538,0.56977,1.19897,0.00003,0.00077,0.00074,5.42953,7.04582,3.52998,10.57580
12 S RE B,29,0.00000,18.01720,0.22220,0.53690,1.19438,0.00003,0.00076,0.00072,5.42951,7.04580,3.53033,10.57613
12 S RE B,30,0.00000,17.73441,0.21904,0.50697,1.18986,0.00004,0.00074,0.00071,5.42950,7.04577,3.53067,10.57644
12 S RE B,31,0.00000,17.45664,0.21589,0.47969,1.18543,0.00004,0.00073,0.00069,5.42948,7.04575,3.53101,10.57675
12 S RE B,32,0.00000,17.18383,0.21278,0.45478,1.18107,0.00004,0.00071,0.00068,5.42947,7.04572,3.53134,10.57706
12 S RE B,33,0.00000,16.91592,0.20969,0.43202,1.17678,0.00004,0.00070,0.00066,5.42946,7.04570,3.53166,10.57735
12 S RE B,34,0.00000,16.65285,0.20663,0.41121,1.17257,0.00004,0.00069,0.00065,5.42944,7.04567,3.53197,10.57764
12 S RE B,35,0.00000,16.39455,0.20360,0.39215,1.16843,0.00004,0.00068,0.00064,5.42943,7.04565,3.53228,10.57792
12 S RE B,36,0.00000,16.14095,0.20060,0.37468,1.16435,0.00004,0.00067,0.00063,5.42941,7.04562,3.53258,10.57820
12 S RE B,37,0.00000,15.89197,0.19763,0.35864,1.16035,0.00004,0.00066,0.00062,5.42940,7.04560,3.53287,10.57847
12 S RE B,38,0.00000,15.64754,0.19471,0.34391,1.15642,0.00004,0.00065,0.00061,5.42938,7.04558,3.53316,10.57873
12 S RE B,39,0.00000,15.40758,0.19181,0.33035,1.15255,0.00004,0.00064,0.00060,5.42937,7.04555,3.53344,10.57899
12 S RE B,40,0.00000,15.17201,0.18895,0.31787,1.14875,0.00004,0.00064,0.00059,5.42936,7.04553,3.53372,10.57925
12 S RE B,41,0.00000,14.94075,0.18613,0.30635,1.14502,0.00004,0.00063,0.00059,5.42934,7.04551,3.53399,10.57949
12 S RE B,42,5.71250,20.30771,0.18804,0.29577,1.14136,0.00004,0.00062,0.00058,5.42933,7.04549,3.53437,10.57985
12 S RE B,43,0.00000,19.96912,0.18953,0.28599,1.13777,0.00004,0.00062,0.00057,5.42932,7.04546,3.53474,10.58020
12 S RE B,44,0.00000,19.63732,0.19065,0.27693,1.13423,0.00005,0.00061,0.00057,5.42930,7.04544,3.53510,10.58054
12 S RE B,45,0.00000,19.31217,0.19141,0.26854,1.13076,0.00005,0.00061,0.00056,5.42929,7.04542,3.53546,10.58088
12 S RE B,46,0.00000,18.99350,0.19186,0.26077,1.12735,0.00005,0.00060,0.00056,5.42927,7.04540,3.53581,10.58121
12 S RE B,47,0.00000,18.68118,0.19201,0.25354,1.12399,0.00005,0.00060,0.00055,5.42926,7.04538,3.53615,10.58153
12 S RE B,48,0.00000,18.37507,0.19190,0.24683,1.12069,0.00005,0.00060,0.00055,5.42925,7.04536,3.53649,10.58184
12 S RE B,49,0.00000,18.07501,0.19154,0.24058,1.11744,0.00005,0.00059,0.00054,5.42923,7.04534,3.53682,10.58215
12 S RE B,50,0.00000,17.78089,0.19097,0.23477,1.11425,0.00005,0.00059,0.00054,5.42922,7.04531,3.53714,10.58245
12 S RE B,51,0.00000,17.49255,0.19020,0.22934,1.11111,0.00005,0.00058,0.00053,5.42921,7.04529,3.53746,10.58275
12 S RE B,52,0.00000,17.20988,0.18925,0.22428,1.10803,0.00005,0.00058,0.00053,5.42920,7.04527,3.53777,10.58304
12 S RE B,53,0.00000,16.93274,0.18815,0.21956,1.10499,0.00005,0.00058,0.00053,5.42918,7.04525,3.53807,10.58333
12 S RE B,54,0.00000,16.66102,0.18690,0.21514,1.10201,0.00005,0.00057,0.00052,5.42917,7.04523,3.53837,10.58361
12 S RE B,55,0.00000,16.39458,0.18553,0.21100,1.09908,0.00005,0.00057,0.00052,5.42916,7.04521,3.53867,10.58388
12 S RE B,56,5.71250,21.73094,0.18859,0.20718,1.09621,0.00005,0.00057,0.00052,5.42914,7.04519,3.53907,10.58426
12 S RE B,57,0.00000,21.36222,0.19114,0.20359,1.09339,0.00005,0.00057,0.00051,5.42913,7.04517,3.53946,10.58463
12 S RE B,58,0.00000,21.00078,0.19321,0.20022,1.09062,0.00005,0.00057,0.00051,5.42912,7.04515,3.53984,10.58500
12 S RE B,59,0.00000,20.64647,0.19485,0.19706,1.08790,0.00006,0.00056,0.00051,5.42911,7.04514,3.54022,10.58535
12 S RE B,60,0.00000,20.29917,0.19609,0.19409,1.08522,0.00006,0.00056,0.00051,5.42909,7.04512,3.54059,10.58570
12 S RE B,61,0.00000,19.95872,0.19696,0.19130,1.08258,0.00006,0.00056,0.00050,5.42908,7.04510,3.54095,10.58605
12 S RE B,62,0.00000,19.62500,0.19748,0.18867,1.07999,0.00006,0.00056,0.00050,5.42907,7.04508,3.54131,10.58639
12 S RE B,63,0.00000,19.29785,0.19770,0.18619,1.07744,0.00006,0.00056,0.00050,5.42906,7.04506,3.54166,10.58672
12 S RE B,64,0.00000,18.97715,0.19764,0.18386,1.07493,0.00006,0.00056,0.00050,5.42904,7.04504,3.54200,10.58704
12 S RE B,65,0.00000,18.66276,0.19731,0.18166,1.07247,0.00006,0.00055,0.00049,5.42903,7.04502,3.54234,10.58736
12 S RE B,66,0.00000,18.35455,0.19676,0.17959,1.07004,0.00006,0.00055,0.00049,5.42902,7.04500,3.54267,10.58767
12 S RE B,67,0.00000,18.05238,0.19600,0.17763,1.06766,0.00006,0.00055,0.00049,5.42901,7.04499,3.54299,10.58798
12 S RE B,68,0.00000,17.75612,0.19504,0.17578,1.06531,0.00006,0.00055,0.00049,5.42899,7.04497,3.54331,10.58828
12 S RE B,69,0.00000,17.46566,0.19392,0.17403,1.06300,0.00006,0.00055,0.00049,5.42898,7.04495,3.54362,10.58857
12 S RE B,70,5.71250,22.78005,0.19717,0.17243,1.06075,0.00006,0.00054,0.00048,5.42897,7.04493,3.54404,10.58897
12 S RE B,71,0.00000,22.38965,0.19988,0.17090,1.05854,0.00006,0.00054,0.00048,5.42896,7.04491,3.54445,10.58936
12 S RE B,72,0.00000,22.00685,0.20209,0.16946,1.05636,0.00006,0.00054,0.00048,5.42895,7.04490,3.54485,10.58975
12 S RE B,73,0.00000,21.63151,0.20384,0.16810,1.05422,0.00006,0.00054,0.00048,5.42893,7.04488,3.54524,10.59012
12 S RE B,74,0.00000,21.26349,0.20516,0.16680,1.05211,0.00006,0.00054,0.00048,5.42892,7.04486,3.54563,10.59049
12 S RE B,75,0.00000,20.90267,0.20608,0.16558,1.05004,0.00006,0.00054,0.00048,5.42891,7.04485,3.54601,10.59085
12 S RE B,76,0.00000,20.54892,0.20665,0.16441,1.04800,0.00006,0.00054,0.00048,5.42890,7.04483,3.54638,10.59121
12 S RE B,77,0.00000,20.20209,0.20689,0.16331,1.04599,0.00007,0.00054,0.00047,5.42888,7.04481,3.54675,10.59156
12 S RE B,78,0.00000,19.86205,0.20683,0.16226,1.04402,0.00007,0.00054,0.00047,5.42887,7.04480,3.54711,10.59190
12 S RE B,79,0.00000,19.52867,0.20649,0.16126,1.04208,0.00007,0.00054,0.00047,5.42886,7.04478,3.54746,10.59224
12 S RE B,80,0.00000,19.20181,0.20591,0.16031,1.04017,0.00007,0.00054,0.00047,5.42885,7.04476,3.54780,10.59257
12 S RE B,81,0.00000,18.88135,0.20510,0.15941,1.03829,0.00007,0.00053,0.00047,5.42884,7.04474,3.54814,10.59289
12 S RE B,82,0.00000,18.56715,0.20410,0.15855,1.03644,0.00007,0.00053,0.00047,5.42882,7.04473,3.54848,10.59321
12 S RE B,83,0.00000,18.25907,0.20292,0.15774,1.03462,0.00007,0.00053,0.00047,5.42881,7.04471,3.54881,10.59352
12 S RE B,84,5.71250,23.55693,0.20610,0.15701,1.03285,0.00006,0.00053,0.00047,5.42880,7.04469,3.54924,10.59393
12 S RE B,85,0.00000,23.15024,0.20874,0.15631,1.03111,0.00007,0.00053,0.00046,5.42879,7.04468,3.54966,10.59434
12 S RE B,86,0.00000,22.75139,0.21087,0.15564,1.02940,0.00007,0.00053,0.00046,5.42878,7.04466,3.55007,10.59473
12 S RE B,87,0.00000,22.36026,0.21253,0.15501,1.02771,0.00007,0.00053,0.00046,5.42877,7.04465,3.55048,10.59513
12 S RE B,88,0.00000,21.97671,0.21375,0.15441,1.02605,0.00007,0.00053,0.00046,5.42875,7.04463,3.55088,10.59551
12 S RE B,89,0.00000,21.60062,0.21458,0.15383,1.02442,0.00007,0.00053,0.00046,5.42874,7.04462,3.55127,10.59589
12 S RE B,90,0.00000,21.23185,0.21504,0.15328,1.02281,0.00007,0.00053,0.00046,5.42873,7.04460,3.55166,10.59626
12 S RE B,91,0.00000,20.87027,0.21516,0.15275,1.02123,0.00007,0.00053,0.00046,5.42872,7.04459,3.55203,10.59662
12 S RE B,92,0.00000,20.51575,0.21498,0.15224,1.01968,0.00007,0.00053,0.00046,5.42871,7.04457,3.55241,10.59697
12 S RE B,93,0.00000,20.16814,0.21453,0.15176,1.01814,0.00007,0.00053,0.00046,5.42869,7.04455,3.55277,10.59732
12 S RE B,94,0.00000,19.82732,0.21382,0.15130,1.01664,0.00007,0.00053,0.00046,5.42868,7.04454,3.55313,10.59767
12 S RE B,95,0.00000,19.49316,0.21290,0.15086,1.01516,0.00007,0.00052,0.00045,5.42867,7.04452,3.55348,10.59800
12 S RE B,96,0.00000,19.16551,0.21177,0.15044,1.01370,0.00007,0.00052,0.00045,5.42866,7.04451,3.55383,10.59833
12 S RE B,97,0.00000,18.84426,0.21045,0.15004,1.01226,0.00007,0.00052,0.00045,5.42865,7.04449,3.55417,10.59866
12 S RE B,98,5.71250,24.12954,0.21353,0.14970,1.01087,0.00007,0.00052,0.00045,5.42863,7.04448,3.55460,10.59908
12 S RE B,99,0.00000,23.71047,0.21605,0.14937,1.00950,0.00007,0.00052,0.00045,5.42862,7.04446,3.55504,10.59950
12 S RE B,100,0.00000,23.29945,0.21806,0.14905,1.00815,0.00007,0.00052,0.00045,5.42861,7.04445,3.55546,10.59991
12 S RE B,101,0.00000,22.89634,0.21960,0.14875,1.00682,0.00007,0.00052,0.00045,5.42860,7.04443,3.55588,10.60031
12 S RE B,102,0.00000,22.50102,0.22070,0.14846,1.00551,0.00007,0.00052,0.00045,5.42859,7.04442,3.55629,10.60071
12 S RE B,103,0.00000,22.11336,0.22140,0.14818,1.00422,0.00007,0.00052,0.00045,5.42858,7.04441,3.55669,10.60109
12 S RE B,104,0.00000,21.73323,0.22173,0.14791,1.00295,0.00007,0.00052,0.00045,5.42856,7.04439,3.55708,10.60148
12 S RE B,105,0.00000,21.36050,0.22173,0.14765,1.00171,0.00007,0.00052,0.00045,5.42855,7.04438,3.55747,10.60185
12 S RE B,106,0.00000,20.99502,0.22143,0.14740,1.00048,0.00007,0.00052,0.00045,5.42854,7.04436,3.55785,10.60222
12 S RE B,107,0.00000,20.63667,0.22085,0.14715,0.99927,0.00007,0.00052,0.00045,5.42853,7.04435,3.55823,10.60257
12 S RE B,108,0.00000,20.28531,0.22002,0.14692,0.99808,0.00007,0.00052,0.00044,5.42852,7.04433,3.55859,10.60293
12 S RE B,109,0.00000,19.94081,0.21897,0.14670,0.99691,0.00007,0.00052,0.00044,5.42851,7.04432,3.55896,10.60327
12 S RE B,110,0.00000,19.60302,0.21771,0.14648,0.99576,0.00007,0.00052,0.00044,5.42849,7.04430,3.55931,10.60361
12 S RE B,111,0.00000,19.27183,0.21628,0.14627,0.99463,0.00007,0.00052,0.00044,5.42848,7.04429,3.55966,10.60395
12 S RE B,112,5.71250,24.54752,0.21925,0.14612,0.99353,0.00007,0.00052,0.00044,5.42847,7.04428,3.56011,10.60438
12 S RE B,113,0.00000,24.11902,0.22167,0.14597,0.99245,0.00007,0.00052,0.00044,5.42846,7.04426,3.56055,10.60481
12 S RE B,114,0.00000,23.69873,0.22357,0.14582,0.99138,0.00008,0.00052,0.00044,5.42845,7.04425,3.56098,10.60523
12 S RE B,115,0.00000,23.28651,0.22499,0.14567,0.99033,0.00008,0.00052,0.00044,5.42843,7.04424,3.56140,10.60564
12 S RE B,116,0.00000,22.88225,0.22598,0.14553,0.98930,0.00008,0.00052,0.00044,5.42842,7.04422,3.56182,10.60604
12 S RE B,117,0.00000,22.48580,0.22657,0.14539,0.98828,0.00008,0.00052,0.00044,5.42841,7.04421,3.56223,10.60644
12 S RE B,118,0.00000,22.09706,0.22680,0.14526,0.98728,0.00008,0.00052,0.00044,5.42840,7.04420,3.56263,10.60683
12 S RE B,119,0.00000,21.71586,0.22669,0.14513,0.98630,0.00008,0.00052,0.00044,5.42839,7.04418,3.56303,10.60721
12 S RE B,120,0.00000,21.34209,0.22628,0.14500,0.98533,0.00008,0.00052,0.00044,5.42838,7.04417,3.56341,10.60758
12 S RE B,121,0.00000,20.97561,0.22559,0.14488,0.98437,0.00008,0.00052,0.00044,5.42836,7.04416,3.56379,10.60795
12 S RE B,122,0.00000,20.61627,0.22466,0.14476,0.98343,0.00008,0.00051,0.00044,5.42835,7.04414,3.56417,10.60831
12 S RE B,123,0.00000,20.26394,0.22351,0.14464,0.98251,0.00008,0.00051,0.00044,5.42834,7.04413,3.56454,10.60867
12 S RE B,124,0.00000,19.91850,0.22215,0.14452,0.98160,0.00008,0.00051,0.00044,5.42833,7.04412,3.56490,10.60901
12 S RE B,125,0.00000,19.57979,0.22062,0.14441,0.98070,0.00008,0.00051,0.00044,5.42832,7.04410,3.56525,10.60935
12 S RE B,126,5.71250,24.84817,0.22350,0.14435,0.97983,0.00008,0.00051,0.00043,5.42831,7.04409,3.56570,10.60980
12 S RE B,127,0.00000,24.41248,0.22583,0.14428,0.97898,0.00008,0.00051,0.00043,5.42829,7.04408,3.56615,10.61023
12 S RE B,128,0.00000,23.98513,0.22764,0.14422,0.97814,0.00008,0.00051,0.00043,5.42828,7.04407,3.56659,10.61065
12 S RE B,129,0.00000,23.56598,0.22898,0.14415,0.97732,0.00008,0.00051,0.00043,5.42827,7.04406,3.56702,10.61107
12 S RE B,130,0.00000,23.15492,0.22988,0.14408,0.97650,0.00008,0.00051,0.00043,5.42826,7.04404,3.56744,10.61148
12 S RE B,131,0.00000,22.75181,0.23038,0.14402,0.97570,0.00008,0.00051,0.00043,5.42825,7.04403,3.56785,10.61189
12 S RE B,132,0.00000,22.35652,0.23052,0.14395,0.97491,0.00008,0.00051,0.00043,5.42824,7.04402,3.56826,10.61228
12 S RE B,133,0.00000,21.96891,0.23033,0.14389,0.97413,0.00008,0.00051,0.00043,5.42822,7.04401,3.56866,10.61267
12 S RE B,134,0.00000,21.58886,0.22983,0.14382,0.97336,0.00008,0.00051,0.00043,5.42821,7.04400,3.56906,10.61305
12 S RE B,135,0.00000,21.21621,0.22906,0.14375,0.97261,0.00008,0.00051,0.00043,5.42820,7.04398,3.56944,10.61342
12 S RE B,136,0.00000,20.85084,0.22805,0.14369,0.97186,0.00008,0.00051,0.00043,5.42819,7.04397,3.56982,10.61379
12 S RE B,137,0.00000,20.49260,0.22681,0.14362,0.97113,0.00008,0.00051,0.00043,5.42818,7.04396,3.57019,10.61415
12 S RE B,138,0.00000,20.14137,0.22538,0.14356,0.97041,0.00008,0.00051,0.00043,5.42817,7.04395,3.57056,10.61450
12 S RE B,139,0.00000,19.79700,0.22377,0.14349,0.96970,0.00008,0.00051,0.00043,5.42815,7.04393,3.57092,10.61485
12 S RE B,140,5.71250,25.05979,0.22658,0.14347,0.96902,0.00008,0.00051,0.00043,5.42814,7.04392,3.57137,10.61530
12 S RE B,141,0.00000,24.61864,0.22884,0.14345,0.96835,0.00008,0.00051,0.00043,5.42813,7.04391,3.57182,10.61574
12 S RE B,142,0.00000,24.18591,0.23058,0.14343,0.96769,0.00008,0.00051,0.00043,5.42812,7.04390,3.57227,10.61617
12 S RE B,143,0.00000,23.76150,0.23185,0.14340,0.96703,0.00008,0.00051,0.00043,5.42811,7.04389,3.57270,10.61659
12 S RE B,144,0.00000,23.34527,0.23269,0.14337,0.96639,0.00008,0.00051,0.00043,5.42810,7.04388,3.57313,10.61701
12 S RE B,145,0.00000,22.93710,0.23312,0.14334,0.96576,0.00008,0.00051,0.00043,5.42808,7.04387,3.57354,10.61741
12 S RE B,146,0.00000,22.53685,0.23319,0.14331,0.96513,0.00008,0.00051,0.00043,5.42807,7.04386,3.57396,10.61781
12 S RE B,147,0.00000,22.14439,0.23293,0.14328,0.96452,0.00008,0.00051,0.00043,5.42806,7.04385,3.57436,10.61821
12 S RE B,148,0.00000,21.75958,0.23237,0.14324,0.96391,0.00008,0.00051,0.00043,5.42805,7.04383,3.57476,10.61859
12 S RE B,149,0.00000,21.38228,0.23154,0.14321,0.96331,0.00008,0.00051,0.00043,5.42804,7.04382,3.57515,10.61897
12 S RE B,150,0.00000,21.01236,0.23046,0.14317,0.96273,0.00008,0.00051,0.00043,5.42803,7.04381,3.57553,10.61934
12 S RE B,151,0.00000,20.64967,0.22916,0.14313,0.96215,0.00008,0.00051,0.00043,5.42801,7.04380,3.57590,10.61970
12 S RE B,152,0.00000,20.29407,0.22766,0.14309,0.96158,0.00008,0.00051,0.00043,5.42800,7.04379,3.57627,10.62006
12 S RE B,153,0.00000,19.94543,0.22599,0.14305,0.96101,0.00008,0.00051,0.00043,5.42799,7.04378,3.57664,10.62041
12 S RE B,154,5.71250,25.20398,0.22875,0.14305,0.96048,0.00008,0.00051,0.00042,5.42798,7.04377,3.57710,10.62086
12 S RE B,155,0.00000,24.75866,0.23096,0.14305,0.95995,0.00008,0.00051,0.00042,5.42797,7.04376,3.57755,10.62131
12 S RE B,156,0.00000,24.32185,0.23265,0.14305,0.95942,0.00008,0.00051,0.00042,5.42796,7.04375,3.57799,10.62174
12 S RE B,157,0.00000,23.89344,0.23387,0.14304,0.95891,0.00008,0.00051,0.00042,5.42794,7.04374,3.57843,10.62217
12 S RE B,158,0.00000,23.47330,0.23465,0.14303,0.95840,0.00008,0.00051,0.00042,5.42793,7.04373,3.57886,10.62259
12 S RE B,159,0.00000,23.06130,0.23503,0.14302,0.95790,0.00008,0.00051,0.00042,5.42792,7.04372,3.57928,10.62300
12 S RE B,160,0.00000,22.65730,0.23505,0.14301,0.95741,0.00008,0.00051,0.00042,5.42791,7.04371,3.57969,10.62340
12 S LL A,0,5.71250,8.08999,4.66428,18.73714,5.81709,0.00000,0.01206,0.02041,16.28979,21.13987,10.57001,31.70988
12 S LL A,1,0.00000,10.22942,4.20773,16.96864,5.76026,0.00000,0.01110,0.02110,16.28954,21.13973,10.57002,31.70976
12 S LL A,2,0.00000,12.15510,3.79921,15.37519,5.70448,0.00000,0.01023,0.02023,16.28930,21.13960,10.57005,31.70965
12 S LL A,3,0.00000,13.88855,3.43363,13.93943,5.64974,0.00000,0.00945,0.01945,16.28906,21.13946,10.57008,31.70955
12 S LL A,4,0.00000,15.44909,3.10647,12.64570,5.59600,0.00001,0.00874,0.01874,16.28881,21.13933,10.57013,31.70945
12 S LL A,5,0.00000,16.85407,2.81370,11.47990,5.54326,0.00001,0.00811,0.01810,16.28857,21.13919,10.57018,31.70937
12 S LL A,6,0.00000,18.11911,2.55168,10.42932,5.49149,0.00001,0.00753,0.01753,16.28833,21.13906,10.57023,31.70929
12 S LL A,7,0.00000,19.25826,2.31719,9.48251,5.44067,0.00001,0.00702,0.01701,16.28808,21.13892,10.57030,31.70922
12 S LL A,8,0.00000,20.28416,2.10734,8.62915,5.39078,0.00001,0.00655,0.01654,16.28784,21.13879,10.57036,31.70915
12 S LL A,9,0.00000,21.20816,1.91952,7.85995,5.34181,0.00001,0.00613,0.01611,16.28760,21.13865,10.57044,31.70909
12 S LL A,10,0.00000,22.04049,1.75143,7.16654,5.29374,0.00001,0.00574,0.01573,16.28736,21.13852,10.57051,31.70903
12 S LL A,11,0.00000,22.79035,1.60098,6.54136,5.24654,0.00001,0.00540,0.01538,16.28711,21.13838,10.57059,31.70898
12 S LL A,12,0.00000,23.46599,1.46630,5.97763,5.20022,0.00001,0.00509,0.01507,16.28687,21.13825,10.57067,31.70893
12 S LL A,13,0.00000,24.07485,1.34575,5.46920,5.15473,0.00002,0.00480,0.01479,16.28663,21.13812,10.57076,31.70888
12 S LL A,14,5.71250,30.31262,1.23925,5.01059,5.11010,0.00002,0.00455,0.01453,16.28639,21.13799,10.57087,31.70886
12 S LL A,15,0.00000,30.78406,1.14387,4.59679,5.06628,0.00002,0.00431,0.01430,16.28614,21.13785,10.57098,31.70884
12 S LL A,16,0.00000,31.20705,1.05842,4.22334,5.02326,0.00002,0.00410,0.01408,16.28590,21.13772,10.57109,31.70882
12 S LL A,17,0.00000,31.58645,0.98185,3.88619,4.98102,0.00002,0.00391,0.01389,16.28566,21.13759,10.57121,31.70880
12 S LL A,18,0.00000,31.92660,0.91322,3.58172,4.93955,0.00002,0.00374,0.01372,16.28542,21.13746,10.57132,31.70879
12 S LL A,19,0.00000,32.23141,0.85168,3.30666,4.89884,0.00003,0.00358,0.01356,16.28518,21.13733,10.57144,31.70877
12 S LL A,20,0.00000,32.50439,0.79648,3.05805,4.85886,0.00003,0.00344,0.01341,16.28494,21.13720,10.57156,31.70876
12 S LL A,21,0.00000,32.74868,0.74696,2.83324,4.81961,0.00003,0.00331,0.01328,16.28470,21.13708,10.57168,31.70875
12 S LL A,22,0.00000,32.96711,0.70250,2.62985,4.78107,0.00003,0.00319,0.01316,16.28446,21.13695,10.57180,31.70874
12 S LL A,23,0.00000,33.16222,0.66256,2.44573,4.74323,0.00003,0.00308,0.01305,16.28422,21.13682,10.57192,31.70874
12 S LL A,24,0.00000,33.33627,0.62668,2.27895,4.70608,0.00003,0.00298,0.01295,16.28398,21.13670,10.57204,31.70873
12 S LL A,25,0.00000,33.49132,0.59443,2.12778,4.66959,0.00003,0.00289,0.01286,16.28374,21.13657,10.57216,31.70873
12 S LL A,26,0.00000,33.62919,0.56541,1.99064,4.63377,0.00003,0.00281,0.01277,16.28350,21.13645,10.57228,31.70872
12 S LL A,27,0.00000,33.75153,0.53930,1.86615,4.59859,0.00003,0.00273,0.01270,16.28326,21.13632,10.57240,31.70872
12 S LL A,28,5.71250,39.54996,0.51661,1.75304,4.56406,0.00003,0.00266,0.01263,16.28303,21.13620,10.57254,31.70874
12 S LL A,29,0.00000,39.62340,0.49614,1.65017,4.53016,0.00003,0.00260,0.01256,16.28279,21.13608,10.57268,31.70876
12 S LL A,30,0.00000,39.68553,0.47766,1.55654,4.49686,0.00004,0.00254,0.01250,16.28255,21.13595,10.57282,31.70878
12 S LL A,31,0.00000,39.73740,0.46096,1.47122,4.46417,0.00004,0.00248,0.01244,16.28231,21.13583,10.57296,31.70880
12 S LL A,32,0.00000,39.77997,0.44587,1.39341,4.43206,0.00004,0.00243,0.01239,16.28208,21.13571,10.57310,31.70882
12 S LL A,33,0.00000,39.81408,0.43222,1.32235,4.40053,0.00004,0.00238,0.01234,16.28184,21.13559,10.57325,31.70884
12 S LL A,34,0.00000,39.84049,0.41988,1.25741,4.36956,0.00004,0.00234,0.01230,16.28160,21.13547,10.57339,31.70886
12 S LL A,35,0.00000,39.85991,0.40870,1.19798,4.33915,0.00004,0.00230,0.01225,16.28137,21.13535,10.57353,31.70888
12 S LL A,36,0.00000,39.87295,0.39858,1.14353,4.30928,0.00004,0.00226,0.01222,16.28113,21.13524,10.57367,31.70891
12 S LL A,37,0.00000,39.88018,0.38941,1.09360,4.27995,0.00004,0.00222,0.01218,16.28090,21.13512,10.57381,31.70893
12 S LL A,38,0.00000,39.88209,0.38110,1.04775,4.25114,0.00004,0.00219,0.01214,16.28066,21.13500,10.57395,31.70895
12 S LL A,39,0.00000,39.87916,0.37356,1.00560,4.22284,0.00004,0.00216,0.01211,16.28043,21.13489,10.57409,31.70898
12 S LL A,40,0.00000,39.87178,0.36673,0.96680,4.19505,0.00004,0.00213,0.01208,16.28019,21.13477,10.57423,31.70900
12 S LL A,41,0.00000,39.86034,0.36054,0.93106,4.16776,0.00004,0.00210,0.01205,16.27996,21.13466,10.57437,31.70902
12 S LL A,42,5.71250,45.53628,0.35534,0.89809,4.14097,0.00004,0.00207,0.01203,16.27973,21.13454,10.57453,31.70907
12 S LL A,43,0.00000,45.49646,0.35061,0.86765,4.11465,0.00004,0.00205,0.01200,16.27949,21.13443,10.57469,31.70912
12 S LL A,44,0.00000,45.45366,0.34632,0.83950,4.08880,0.00005,0.00203,0.01198,16.27926,21.13432,10.57484,31.70916
12 S LL A,45,0.00000,45.40811,0.34242,0.81344,4.06342,0.00005,0.00200,0.01195,16.27903,21.13420,10.57500,31.70921
12 S LL A,46,0.00000,45.36005,0.33888,0.78930,4.03848,0.00005,0.00198,0.01193,16.27879,21.13409,10.57516,31.70925
12 S LL A,47,0.00000,45.30968,0.33567,0.76690,4.01398,0.00005,0.00196,0.01191,16.27856,21.13398,10.57532,31.70930
12 S LL A,48,0.00000,45.25719,0.33275,0.74610,3.98992,0.00005,0.00194,0.01189,16.27833,21.13387,10.57547,31.70935
12 S LL A,49,0.00000,45.20275,0.33011,0.72676,3.96628,0.00005,0.00193,0.01187,16.27810,21.13376,10.57563,31.70939
12 S LL A,50,0.00000,45.14651,0.32772,0.70877,3.94307,0.00005,0.00191,0.01186,16.27786,21.13365,10.57579,31.70944
12 S LL A,51,0.00000,45.08863,0.32556,0.69201,3.92026,0.00005,0.00189,0.01184,16.27763,21.13354,10.57594,31.70948
12 S LL A,52,0.00000,45.02923,0.32361,0.67638,3.89785,0.00005,0.00188,0.01182,16.27740,21.13343,10.57610,31.70953
12 S LL A,53,0.00000,44.96843,0.32184,0.66180,3.87584,0.00005,0.00186,0.01181,16.27717,21.13332,10.57625,31.70957
12 S LL A,54,0.00000,44.90634,0.32025,0.64818,3.85422,0.00005,0.00185,0.01179,16.27694,21.13321,10.57641,31.70962
12 S LL A,55,0.00000,44.84308,0.31883,0.63545,3.83298,0.00005,0.00183,0.01178,16.27671,21.13311,10.57656,31.70967
12 S LL A,56,5.71250,50.47033,0.31779,0.62354,3.81213,0.00005,0.00182,0.01176,16.27648,21.13300,10.57673,31.70973
12 S LL A,57,0.00000,50.38420,0.31686,0.61240,3.79164,0.00005,0.00181,0.01175,16.27625,21.13289,10.57691,31.70980
12 S LL A,58,0.00000,50.29727,0.31604,0.60195,3.77152,0.00005,0.00179,0.01174,16.27602,21.13279,10.57708,31.70986
12 S LL A,59,0.00000,50.20961,0.31531,0.59216,3.75174,0.00005,0.00178,0.01172,16.27579,21.13268,10.57725,31.70993
12 S LL A,60,0.00000,50.12128,0.31466,0.58296,3.73232,0.00005,0.00177,0.01171,16.27556,21.13257,10.57742,31.71000
12 S LL A,61,0.00000,50.03234,0.31409,0.57433,3.71323,0.00006,0.00176,0.01170,16.27533,21.13247,10.57759,31.71006
12 S LL A,62,0.00000,49.94285,0.31360,0.56621,3.69448,0.00006,0.00175,0.01169,16.27510,21.13236,10.57777,31.71013
12 S LL A,63,0.00000,49.85287,0.31317,0.55858,3.67605,0.00006,0.00174,0.01168,16.27487,21.13226,10.57794,31.71019
12 S LL A,64,0.00000,49.76244,0.31281,0.55140,3.65795,0.00006,0.00173,0.01167,16.27464,21.13215,10.57810,31.71026
12 S LL A,65,0.00000,49.67161,0.31250,0.54463,3.64017,0.00006,0.00172,0.01166,16.27441,21.13205,10.57827,31.71032
12 S LL A,66,0.00000,49.58041,0.31224,0.53826,3.62269,0.00006,0.00171,0.01165,16.27418,21.13194,10.57844,31.71038
12 S LL A,67,0.00000,49.48889,0.31203,0.53226,3.60552,0.00006,0.00170,0.01164,16.27395,21.13184,10.57861,31.71045
12 S LL A,68,0.00000,49.39709,0.31186,0.52659,3.58864,0.00006,0.00169,0.01163,16.27372,21.13173,10.57878,31.71051
12 S LL A,69,0.00000,49.30504,0.31173,0.52125,3.57206,0.00006,0.00168,0.01162,16.27349,21.13163,10.57895,31.71057
12 S LL A,70,5.71250,54.90466,0.31181,0.51621,3.55579,0.00006,0.00167,0.01161,16.27326,21.13152,10.57913,31.71066
12 S LL A,71,0.00000,54.79169,0.31192,0.51146,3.53980,0.00006,0.00167,0.01160,16.27303,21.13142,10.57932,31.71074
12 S LL A,72,0.00000,54.67866,0.31204,0.50696,3.52408,0.00006,0.00166,0.01159,16.27280,21.13132,10.57950,31.71082
12 S LL A,73,0.00000,54.56559,0.31218,0.50271,3.50864,0.00006,0.00165,0.01159,16.27257,21.13122,10.57969,31.71090
12 S LL A,74,0.00000,54.45251,0.31233,0.49869,3.49346,0.00006,0.00164,0.01158,16.27234,21.13111,10.57987,31.71098
12 S LL A,75,0.00000,54.33944,0.31249,0.49489,3.47855,0.00006,0.00163,0.01157,16.27212,21.13101,10.58006,31.71107
12 S LL A,76,0.00000,54.22640,0.31267,0.49129,3.46390,0.00006,0.00163,0.01156,16.27189,21.13091,10.58024,31.71115
12 S LL A,77,0.00000,54.11340,0.31286,0.48788,3.44949,0.00006,0.00162,0.01155,16.27166,21.13081,10.58042,31.71123
12 S LL A,78,0.00000,54.00046,0.31305,0.48465,3.43534,0.00006,0.00161,0.01155,16.27143,21.13070,10.58060,31.71131
12 S LL A,79,0.00000,53.88761,0.31326,0.48160,3.42143,0.00006,0.00161,0.01154,16.27120,21.13060,10.58079,31.71139
12 S LL A,80,0.00000,53.77484,0.31347,0.47870,3.40776,0.00006,0.00160,0.01153,16.27097,21.13050,10.58097,31.71147
12 S LL A,81,0.00000,53.66219,0.31369,0.47595,3.39433,0.00006,0.00160,0.01153,16.27074,21.13040,10.58115,31.71154
12 S LL A,82,0.00000,53.54965,0.31392,0.47334,3.38112,0.00006,0.00159,0.01152,16.27052,21.13030,10.58133,31.71162
12 S LL A,83,0.00000,53.43725,0.31415,0.47087,3.36815,0.00006,0.00158,0.01152,16.27029,21.13019,10.58151,31.71170
12 S LL A,84,5.71250,59.01706,0.31454,0.46854,3.35541,0.00006,0.00158,0.01151,16.27006,21.13009,10.58170,31.71180
12 S LL A,85,0.00000,58.88462,0.31491,0.46632,3.34289,0.00007,0.00157,0.01150,16.26983,21.12999,10.58190,31.71190
12 S LL A,86,0.00000,58.75244,0.31528,0.46422,3.33059,0.00007,0.00157,0.01150,16.26960,21.12989,10.58210,31.71199
12 S LL A,87,0.00000,58.62052,0.31565,0.46222,3.31850,0.00007,0.00156,0.01149,16.26938,21.12979,10.58230,31.71209
12 S LL A,88,0.00000,58.48889,0.31601,0.46032,3.30661,0.00007,0.00156,0.01148,16.26915,21.12969,10.58249,31.71218
12 S LL A,89,0.00000,58.35753,0.31636,0.45852,3.29493,0.00007,0.00155,0.01148,16.26892,21.12959,10.58269,31.71228
12 S LL A,90,0.00000,58.22647,0.31671,0.45680,3.28345,0.00007,0.00155,0.01147,16.26869,21.12949,10.58288,31.71238
12 S LL A,91,0.00000,58.09570,0.31706,0.45517,3.27216,0.00007,0.00154,0.01147,16.26846,21.12939,10.58308,31.71247
12 S LL A,92,0.00000,57.96524,0.31739,0.45363,3.26107,0.00007,0.00154,0.01146,16.26824,21.12929,10.58327,31.71256
12 S LL A,93,0.00000,57.83508,0.31773,0.45216,3.25016,0.00007,0.00153,0.01146,16.26801,21.12919,10.58347,31.71266
12 S LL A,94,0.00000,57.70523,0.31806,0.45076,3.23944,0.00007,0.00153,0.01145,16.26778,21.12909,10.58366,31.71275
12 S LL A,95,0.00000,57.57570,0.31838,0.44943,3.22891,0.00007,0.00152,0.01145,16.26755,21.12899,10.58385,31.71284
12 S LL A,96,0.00000,57.44649,0.31870,0.44816,3.21855,0.00007,0.00152,0.01144,16.26732,21.12889,10.58404,31.71293
12 S LL A,97,0.00000,57.31761,0.31902,0.44696,3.20837,0.00007,0.00151,0.01144,16.26710,21.12879,10.58423,31.71302
12 S LL A,98,5.71250,62.88124,0.31946,0.44582,3.19838,0.00007,0.00151,0.01143,16.26687,21.12869,10.58444,31.71314
12 S LL A,99,0.00000,62.73279,0.31989,0.44474,3.18855,0.00007,0.00151,0.01143,16.26664,21.12860,10.58465,31.71325
12 S LL A,100,0.00000,62.58477,0.32030,0.44371,3.17890,0.00007,0.00150,0.01143,16.26641,21.12850,10.58486,31.71336
12 S LL A,101,0.00000,62.43717,0.32071,0.44273,3.16941,0.00007,0.00150,0.01142,16.26619,21.12840,10.58507,31.71347
12 S LL A,102,0.00000,62.29000,0.32110,0.44180,3.16008,0.00007,0.00149,0.01142,16.26596,21.12830,10.58528,31.71357
12 S LL A,103,0.00000,62.14326,0.32148,0.44091,3.15090,0.00007,0.00149,0.01141,16.26573,21.12820,10.58548,31.71368
12 S LL A,104,0.00000,61.99696,0.32185,0.44007,3.14189,0.00007,0.00149,0.01141,16.26550,21.12810,10.58569,31.71379
12 S LL A,105,0.00000,61.85108,0.32222,0.43926,3.13302,0.00007,0.00148,0.01140,16.26528,21.12800,10.58589,31.71390
12 S LL A,106,0.00000,61.70564,0.32257,0.43850,3.12430,0.00007,0.00148,0.01140,16.26505,21.12791,10.58610,31.71400
12 S LL A,107,0.00000,61.56063,0.32292,0.43777,3.11574,0.00007,0.00148,0.01140,16.26482,21.12781,10.58630,31.71411
12 S LL A,108,0.00000,61.41606,0.32326,0.43707,3.10731,0.00007,0.00147,0.01139,16.26459,21.12771,10.58651,31.71422
12 S LL A,109,0.00000,61.27193,0.32359,0.43641,3.09903,0.00008,0.00147,0.01139,16.26437,21.12761,10.58671,31.71432
12 S LL A,110,0.00000,61.12823,0.32392,0.43578,3.09089,0.00008,0.00147,0.01139,16.26414,21.12751,10.58691,31.71443
12 S LL A,111,0.00000,60.98497,0.32424,0.43517,3.08288,0.00008,0.00146,0.01138,16.26391,21.12742,10.58711,31.71453
12 S LL A,112,5.71250,66.53441,0.32467,0.43461,3.07502,0.00008,0.00146,0.01138,16.26369,21.12732,10.58733,31.71465
12 S LL A,113,0.00000,66.37188,0.32508,0.43407,3.06730,0.00008,0.00146,0.01138,16.26346,21.12722,10.58755,31.71478
12 S LL A,114,0.00000,66.20987,0.32548,0.43356,3.05970,0.00008,0.00145,0.01137,16.26323,21.12712,10.58777,31.71490
12 S LL A,115,0.00000,66.04838,0.32586,0.43307,3.05224,0.00008,0.00145,0.01137,16.26300,21.12703,10.58799,31.71502
12 S LL A,116,0.00000,65.88741,0.32624,0.43261,3.04490,0.00008,0.00145,0.01137,16.26278,21.12693,10.58821,31.71514
12 S LL A,117,0.00000,65.72696,0.32660,0.43216,3.03768,0.00008,0.00144,0.01136,16.26255,21.12683,10.58843,31.71526
12 S LL A,118,0.00000,65.56703,0.32696,0.43174,3.03058,0.00008,0.00144,0.01136,16.26232,21.12674,10.58864,31.71538
12 S LL A,119,0.00000,65.40762,0.32731,0.43134,3.02360,0.00008,0.00144,0.01136,16.26209,21.12664,10.58886,31.71550
12 S LL A,120,0.00000,65.24873,0.32764,0.43095,3.01674,0.00008,0.00144,0.01135,16.26187,21.12654,10.58908,31.71562
12 S LL A,121,0.00000,65.09035,0.32797,0.43058,3.01000,0.00008,0.00143,0.01135,16.26164,21.12645,10.58929,31.71574
12 S LL A,122,0.00000,64.93249,0.32829,0.43023,3.00336,0.00008,0.00143,0.01135,16.26141,21.12635,10.58950,31.71585
12 S LL A,123,0.00000,64.77514,0.32861,0.42990,2.99684,0.00008,0.00143,0.01134,16.26119,21.12625,10.58972,31.71597
12 S LL A,124,0.00000,64.61831,0.32891,0.42958,2.99043,0.00008,0.00143,0.01134,16.26096,21.12616,10.58993,31.71609
12 S LL A,125,0.00000,64.46198,0.32921,0.42928,2.98412,0.00008,0.00142,0.01134,16.26073,21.12606,10.59014,31.71620
12 S LL A,126,5.71250,69.99849,0.32961,0.42900,2.97793,0.00008,0.00142,0.01134,16.26050,21.12596,10.59037,31.71634
12 S LL A,127,0.00000,69.82310,0.32999,0.42873,2.97184,0.00008,0.00142,0.01133,16.26028,21.12587,10.59060,31.71647
12 S LL A,128,0.00000,69.64829,0.33036,0.42847,2.96585,0.00008,0.00142,0.01133,16.26005,21.12577,10.59083,31.71661
12 S LL A,129,0.00000,69.47407,0.33071,0.42823,2.95996,0.00008,0.00141,0.01133,16.25982,21.12568,10.59106,31.71674
12 S LL A,130,0.00000,69.30043,0.33106,0.42800,2.95417,0.00008,0.00141,0.01133,16.25960,21.12558,10.59129,31.71687
12 S LL A,131,0.00000,69.12738,0.33140,0.42778,2.94848,0.00008,0.00141,0.01132,16.25937,21.12549,10.59152,31.71700
12 S LL A,132,0.00000,68.95491,0.33173,0.42756,2.94288,0.00008,0.00141,0.01132,16.25914,21.12539,10.59174,31.71714
12 S LL A,133,0.00000,68.78302,0.33204,0.42736,2.93738,0.00008,0.00141,0.01132,16.25891,21.12530,10.59197,31.71727
12 S LL A,134,0.00000,68.61171,0.33235,0.42717,2.93196,0.00008,0.00140,0.01132,16.25869,21.12520,10.59219,31.71740
12 S LL A,135,0.00000,68.44097,0.33266,0.42698,2.92664,0.00008,0.00140,0.01131,16.25846,21.12511,10.59242,31.71753
12 S LL A,136,0.00000,68.27080,0.33295,0.42681,2.92141,0.00008,0.00140,0.01131,16.25823,21.12501,10.59264,31.71765
12 S LL A,137,0.00000,68.10121,0.33324,0.42664,2.91626,0.00008,0.00140,0.01131,16.25801,21.12492,10.59287,31.71778
12 S LL A,138,0.00000,67.93218,0.33352,0.42648,2.91120,0.00008,0.00140,0.01131,16.25778,21.12482,10.59309,31.71791
12 S LL A,139,0.00000,67.76371,0.33380,0.42632,2.90622,0.00008,0.00139,0.01130,16.25755,21.12473,10.59331,31.71804
12 S LL A,140,5.71250,73.28818,0.33416,0.42618,2.90133,0.00008,0.00139,0.01130,16.25733,21.12463,10.59355,31.71818
12 S LL A,141,0.00000,73.10078,0.33451,0.42605,2.89652,0.00009,0.00139,0.01130,16.25710,21.12454,10.59379,31.71833
12 S LL A,142,0.00000,72.91403,0.33485,0.42593,2.89179,0.00009,0.00139,0.01130,16.25687,21.12444,10.59403,31.71847
12 S LL A,143,0.00000,72.72792,0.33517,0.42581,2.88714,0.00009,0.00139,0.01130,16.25664,21.12435,10.59427,31.71862
12 S LL A,144,0.00000,72.54244,0.33549,0.42569,2.88257,0.00009,0.00139,0.01129,16.25642,21.12426,10.59451,31.71876
12 S LL A,145,0.00000,72.35759,0.33580,0.42558,2.87807,0.00009,0.00138,0.01129,16.25619,21.12416,10.59474,31.71891
12 S LL A,146,0.00000,72.17337,0.33610,0.42548,2.87365,0.00009,0.00138,0.01129,16.25596,21.12407,10.59498,31.71905
12 S LL A,147,0.00000,71.98978,0.33639,0.42538,2.86930,0.00009,0.00138,0.01129,16.25574,21.12397,10.59522,31.71919
12 S LL A,148,0.00000,71.80681,0.33667,0.42528,2.86502,0.00009,0.00138,0.01129,16.25551,21.12388,10.59545,31.71933
12 S LL A,149,0.00000,71.62447,0.33695,0.42519,2.86081,0.00009,0.00138,0.01128,16.25528,21.12379,10.59568,31.71947
12 S LL A,150,0.00000,71.44274,0.33722,0.42510,2.85667,0.00009,0.00138,0.01128,16.25506,21.12369,10.59592,31.71961
12 S LL A,151,0.00000,71.26163,0.33749,0.42502,2.85260,0.00009,0.00137,0.01128,16.25483,21.12360,10.59615,31.71975
12 S LL A,152,0.00000,71.08114,0.33774,0.42493,2.84860,0.00009,0.00137,0.01128,16.25460,21.12351,10.59638,31.71989
12 S LL A,153,0.00000,70.90125,0.33800,0.42486,2.84466,0.00009,0.00137,0.01128,16.25438,21.12341,10.59661,31.72003
12 S LL A,154,5.71250,76.41435,0.33833,0.42479,2.84080,0.00009,0.00137,0.01128,16.25415,21.12332,10.59686,31.72018
12 S LL A,155,0.00000,76.21564,0.33864,0.42473,2.83699,0.00009,0.00137,0.01127,16.25392,21.12323,10.59711,31.72034
12 S LL A,156,0.00000,76.01761,0.33895,0.42467,2.83325,0.00009,0.00137,0.01127,16.25370,21.12313,10.59736,31.72049
12 S LL A,157,0.00000,75.82026,0.33925,0.42461,2.82958,0.00009,0.00137,0.01127,16.25347,21.12304,10.59761,31.72065
12 S LL A,158,0.00000,75.62359,0.33954,0.42456,2.82596,0.00009,0.00136,0.01127,16.25324,21.12295,10.59785,31.72080
12 S LL A,159,0.00000,75.42760,0.33982,0.42451,2.82240,0.00009,0.00136,0.01127,16.25301,21.12286,10.59810,31.72096
12 S LL A,160,0.00000,75.23227,0.34009,0.42446,2.81890,0.00009,0.00136,0.01127,16.25279,21.12277,10.59835,31.72111
12 S LL B,0,5.71250,6.42730,1.48806,5.97552,1.36727,0.00000,0.00366,0.00699,5.42992,7.04662,3.52337,10.56999
12 S LL B,1,0.00000,7.04823,1.34327,5.41287,1.35969,0.00000,0.00335,0.00669,5.42984,7.04657,3.52343,10.57001
12 S LL B,2,0.00000,7.58571,1.21374,4.90591,1.35225,0.00000,0.00308,0.00641,5.42976,7.04653,3.52351,10.57004
12 S LL B,3,0.00000,8.04907,1.09784,4.44911,1.34493,0.00000,0.00284,0.00617,5.42967,7.04648,3.52361,10.57009
12 S LL B,4,0.00000,8.44667,0.99411,4.03749,1.33775,0.00000,0.00262,0.00595,5.42959,7.04644,3.52372,10.57015
12 S LL B,5,0.00000,8.78600,0.90126,3.66656,1.33070,0.00000,0.00242,0.00575,5.42951,7.04639,3.52384,10.57023
12 S LL B,6,0.00000,9.07375,0.81812,3.33228,1.32378,0.00001,0.00224,0.00557,5.42943,7.04635,3.52397,10.57031
12 S LL B,7,0.00000,9.31590,0.74368,3.03100,1.31698,0.00001,0.00208,0.00541,5.42935,7.04630,3.52410,10.57040
12 S LL B,8,0.00000,9.51778,0.67701,2.75945,1.31030,0.00001,0.00193,0.00526,5.42927,7.04626,3.52425,10.57050
12 S LL B,9,0.00000,9.68414,0.61729,2.51467,1.30374,0.00001,0.00180,0.00513,5.42919,7.04621,3.52439,10.57060
12 S LL B,10,0.00000,9.81920,0.56379,2.29399,1.29729,0.00001,0.00168,0.00501,5.42911,7.04617,3.52455,10.57071
12 S LL B,11,0.00000,9.92671,0.51584,2.09502,1.29096,0.00001,0.00158,0.00490,5.42903,7.04612,3.52470,10.57082
12 S LL B,12,0.00000,10.01002,0.47287,1.91558,1.28474,0.00001,0.00148,0.00481,5.42895,7.04608,3.52485,10.57093
12 S LL B,13,0.00000,10.07208,0.43433,1.75373,1.27863,0.00001,0.00140,0.00472,5.42886,7.04603,3.52501,10.57104
12 S LL B,14,5.71250,15.72871,0.40095,1.60773,1.27263,0.00001,0.00132,0.00464,5.42878,7.04599,3.52526,10.57125
12 S LL B,15,0.00000,15.65930,0.37094,1.47597,1.26675,0.00001,0.00125,0.00457,5.42870,7.04594,3.52552,10.57146
12 S LL B,16,0.00000,15.57834,0.34397,1.35705,1.26096,0.00001,0.00118,0.00450,5.42862,7.04590,3.52577,10.57166
12 S LL B,17,0.00000,15.48757,0.31970,1.24967,1.25528,0.00001,0.00113,0.00444,5.42854,7.04586,3.52601,10.57187
12 S LL B,18,0.00000,15.38848,0.29785,1.15267,1.24970,0.00002,0.00107,0.00439,5.42846,7.04581,3.52625,10.57206
12 S LL B,19,0.00000,15.28241,0.27817,1.06503,1.24421,0.00002,0.00103,0.00434,5.42838,7.04577,3.52649,10.57226
12 S LL B,20,0.00000,15.17049,0.26043,0.98579,1.23882,0.00002,0.00098,0.00430,5.42830,7.04573,3.52672,10.57245
12 S LL B,21,0.00000,15.05370,0.24442,0.91413,1.23353,0.00002,0.00094,0.00426,5.42822,7.04568,3.52695,10.57264
12 S LL B,22,0.00000,14.93292,0.22997,0.84927,1.22832,0.00002,0.00091,0.00422,5.42814,7.04564,3.52718,10.57282
12 S LL B,23,0.00000,14.80889,0.21692,0.79053,1.22321,0.00002,0.00088,0.00419,5.42806,7.04560,3.52740,10.57300
12 S LL B,24,0.00000,14.68225,0.20511,0.73731,1.21818,0.00002,0.00085,0.00416,5.42798,7.04556,3.52762,10.57318
12 S LL B,25,0.00000,14.55356,0.19443,0.68905,1.21324,0.00002,0.00082,0.00413,5.42790,7.04552,3.52783,10.57335
12 S LL B,26,0.00000,14.42331,0.18475,0.64525,1.20839,0.00002,0.00080,0.00411,5.42782,7.04547,3.52804,10.57352
12 S LL B,27,0.00000,14.29190,0.17598,0.60548,1.20362,0.00002,0.00077,0.00409,5.42774,7.04543,3.52825,10.57368
12 S LL B,28,5.71250,19.78220,0.16861,0.56933,1.19894,0.00002,0.00075,0.00407,5.42766,7.04539,3.52854,10.57394
12 S LL B,29,0.00000,19.56190,0.16188,0.53644,1.19435,0.00002,0.00074,0.00405,5.42758,7.04535,3.52883,10.57418
12 S LL B,30,0.00000,19.34366,0.15572,0.50648,1.18983,0.00002,0.00072,0.00403,5.42750,7.04531,3.52911,10.57442
12 S LL B,31,0.00000,19.12760,0.15008,0.47917,1.18539,0.00002,0.00070,0.00402,5.42743,7.04527,3.52939,10.57466
12 S LL B,32,0.00000,18.91381,0.14491,0.45424,1.18102,0.00002,0.00069,0.00400,5.42735,7.04523,3.52966,10.57489
12 S LL B,33,0.00000,18.70239,0.14017,0.43147,1.17673,0.00002,0.00068,0.00399,5.42727,7.04519,3.52992,10.57512
12 S LL B,34,0.00000,18.49338,0.13581,0.41065,1.17252,0.00002,0.00066,0.00397,5.42719,7.04515,3.53018,10.57534
12 S LL B,35,0.00000,18.28683,0.13180,0.39158,1.16838,0.00002,0.00065,0.00396,5.42711,7.04511,3.53044,10.57555
12 S LL B,36,0.00000,18.08278,0.12810,0.37410,1.16430,0.00002,0.00064,0.00395,5.42703,7.04508,3.53069,10.57577
12 S LL B,37,0.00000,17.88125,0.12470,0.35805,1.16030,0.00002,0.00063,0.00394,5.42695,7.04504,3.53094,10.57597
12 S LL B,38,0.00000,17.68225,0.12156,0.34331,1.15637,0.00002,0.00062,0.00393,5.42687,7.04500,3.53118,10.57618
12 S LL B,39,0.00000,17.48578,0.11866,0.32975,1.15250,0.00002,0.00062,0.00393,5.42680,7.04496,3.53142,10.57638
12 S LL B,40,0.00000,17.29184,0.11598,0.31726,1.14870,0.00002,0.00061,0.00392,5.42672,7.04492,3.53165,10.57657
12 S LL B,41,0.00000,17.10043,0.11350,0.30575,1.14497,0.00002,0.00060,0.00391,5.42664,7.04489,3.53188,10.57677
12 S LL B,42,5.71250,22.53992,0.11146,0.29513,1.14130,0.00002,0.00059,0.00390,5.42656,7.04485,3.53219,10.57704
12 S LL B,43,0.00000,22.27124,0.10954,0.28531,1.13770,0.00002,0.00059,0.00390,5.42648,7.04481,3.53250,10.57731
12 S LL B,44,0.00000,22.00682,0.10774,0.27623,1.13416,0.00002,0.00058,0.00389,5.42641,7.04477,3.53280,10.57757
12 S LL B,45,0.00000,21.74656,0.10606,0.26782,1.13068,0.00002,0.00058,0.00389,5.42633,7.04474,3.53309,10.57783
12 S LL B,46,0.00000,21.49039,0.10447,0.26002,1.12725,0.00003,0.00057,0.00388,5.42625,7.04470,3.53338,10.57808
12 S LL B,47,0.00000,21.23823,0.10298,0.25277,1.12389,0.00003,0.00057,0.00388,5.42617,7.04467,3.53366,10.57833
12 S LL B,48,0.00000,20.98999,0.10157,0.24604,1.12058,0.00003,0.00056,0.00387,5.42610,7.04463,3.53394,10.57857
12 S LL B,49,0.00000,20.74561,0.10024,0.23978,1.11733,0.00003,0.00056,0.00387,5.42602,7.04459,3.53422,10.57881
12 S LL B,50,0.00000,20.50501,0.09899,0.23395,1.11414,0.00003,0.00055,0.00386,5.42594,7.04456,3.53449,10.57905
12 S LL B,51,0.00000,20.26811,0.09781,0.22852,1.11099,0.00003,0.00055,0.00386,5.42586,7.04452,3.53476,10.57928
12 S LL B,52,0.00000,20.03484,0.09670,0.22345,1.10791,0.00003,0.00055,0.00385,5.42579,7.04449,3.53502,10.57951
12 S LL B,53,0.00000,19.80513,0.09564,0.21872,1.10487,0.00003,0.00054,0.00385,5.42571,7.04445,3.53528,10.57973
12 S LL B,54,0.00000,19.57892,0.09464,0.21429,1.10188,0.00003,0.00054,0.00385,5.42563,7.04442,3.53553,10.57995
12 S LL B,55,0.00000,19.35613,0.09370,0.21016,1.09895,0.00003,0.00054,0.00385,5.42555,7.04438,3.53578,10.58016
12 S LL B,56,5.71250,24.76786,0.09292,0.20629,1.09607,0.00003,0.00053,0.00384,5.42548,7.04435,3.53611,10.58046
12 S LL B,57,0.00000,24.47199,0.09216,0.20267,1.09324,0.00003,0.00053,0.00384,5.42540,7.04431,3.53643,10.58074
12 S LL B,58,0.00000,24.18094,0.09144,0.19927,1.09046,0.00003,0.00053,0.00384,5.42532,7.04428,3.53675,10.58102
12 S LL B,59,0.00000,23.89458,0.09073,0.19608,1.08772,0.00003,0.00052,0.00383,5.42525,7.04425,3.53706,10.58130
12 S LL B,60,0.00000,23.61282,0.09005,0.19308,1.08503,0.00003,0.00052,0.00383,5.42517,7.04421,3.53736,10.58157
12 S LL B,61,0.00000,23.33556,0.08939,0.19027,1.08239,0.00003,0.00052,0.00383,5.42509,7.04418,3.53766,10.58184
12 S LL B,62,0.00000,23.06272,0.08875,0.18762,1.07978,0.00003,0.00052,0.00383,5.42502,7.04414,3.53796,10.58211
12 S LL B,63,0.00000,22.79419,0.08813,0.18513,1.07723,0.00003,0.00052,0.00382,5.42494,7.04411,3.53825,10.58236
12 S LL B,64,0.00000,22.52988,0.08752,0.18279,1.07471,0.00003,0.00051,0.00382,5.42486,7.04408,3.53854,10.58262
12 S LL B,65,0.00000,22.26971,0.08694,0.18057,1.07224,0.00003,0.00051,0.00382,5.42479,7.04404,3.53882,10.58287
12 S LL B,66,0.00000,22.01360,0.08637,0.17849,1.06981,0.00003,0.00051,0.00382,5.42471,7.04401,3.53910,10.58311
12 S LL B,67,0.00000,21.76146,0.08582,0.17652,1.06742,0.00003,0.00051,0.00382,5.42463,7.04398,3.53938,10.58336
12 S LL B,68,0.00000,21.51321,0.08529,0.17467,1.06507,0.00003,0.00051,0.00381,5.42456,7.04394,3.53965,10.58359
12 S LL B,69,0.00000,21.26877,0.08477,0.17292,1.06276,0.00003,0.00050,0.00381,5.42448,7.04391,3.53991,10.58383
12 S LL B,70,5.71250,26.66076,0.08433,0.17127,1.06049,0.00003,0.00050,0.00381,5.42440,7.04388,3.54026,10.58414
12 S LL B,71,0.00000,26.34544,0.08389,0.16971,1.05826,0.00003,0.00050,0.00381,5.42433,7.04385,3.54059,10.58444
12 S LL B,72,0.00000,26.03520,0.08345,0.16824,1.05607,0.00003,0.00050,0.00381,5.42425,7.04382,3.54092,10.58474
12 S LL B,73,0.00000,25.72993,0.08301,0.16684,1.05391,0.00003,0.00050,0.00381,5.42417,7.04378,3.54125,10.58503
12 S LL B,74,0.00000,25.42953,0.08258,0.16552,1.05179,0.00003,0.00050,0.00380,5.42410,7.04375,3.54157,10.58532
12 S LL B,75,0.00000,25.13391,0.08215,0.16428,1.04971,0.00003,0.00049,0.00380,5.42402,7.04372,3.54189,10.58561
12 S LL B,76,0.00000,24.84296,0.08172,0.16309,1.04766,0.00003,0.00049,0.00380,5.42394,7.04369,3.54220,10.58588
12 S LL B,77,0.00000,24.55659,0.08129,0.16197,1.04564,0.00003,0.00049,0.00380,5.42387,7.04366,3.54250,10.58616
12 S LL B,78,0.00000,24.27470,0.08087,0.16091,1.04366,0.00003,0.00049,0.00380,5.42379,7.04362,3.54280,10.58643
12 S LL B,79,0.00000,23.99721,0.08045,0.15990,1.04171,0.00003,0.00049,0.00380,5.42371,7.04359,3.54310,10.58669
12 S LL B,80,0.00000,23.72402,0.08004,0.15894,1.03979,0.00003,0.00049,0.00380,5.42364,7.04356,3.54339,10.58696
12 S LL B,81,0.00000,23.45506,0.07963,0.15803,1.03790,0.00003,0.00049,0.00380,5.42356,7.04353,3.54368,10.58721
12 S LL B,82,0.00000,23.19024,0.07922,0.15717,1.03605,0.00003,0.00048,0.00379,5.42349,7.04350,3.54397,10.58746
12 S LL B,83,0.00000,22.92947,0.07882,0.15635,1.03422,0.00003,0.00048,0.00379,5.42341,7.04347,3.54425,10.58771
12 S LL B,84,5.71250,28.30640,0.07846,0.15558,1.03244,0.00003,0.00048,0.00379,5.42333,7.04344,3.54460,10.58804
12 S LL B,85,0.00000,27.97621,0.07810,0.15485,1.03068,0.00003,0.00048,0.00379,5.42326,7.04340,3.54495,10.58835
12 S LL B,86,0.00000,27.65130,0.07773,0.15415,1.02895,0.00003,0.00048,0.00379,5.42318,7.04337,3.54529,10.58867
12 S LL B,87,0.00000,27.33156,0.07736,0.15349,1.02724,0.00003,0.00048,0.00379,5.42310,7.04334,3.54563,10.58897
12 S LL B,88,0.00000,27.01689,0.07698,0.15286,1.02557,0.00003,0.00048,0.00379,5.42303,7.04331,3.54596,10.58928
12 S LL B,89,0.00000,26.70717,0.07661,0.15226,1.02392,0.00003,0.00048,0.00379,5.42295,7.04328,3.54629,10.58957
12 S LL B,90,0.00000,26.40232,0.07623,0.15169,1.02230,0.00003,0.00048,0.00379,5.42288,7.04325,3.54661,10.58986
12 S LL B,91,0.00000,26.10224,0.07585,0.15115,1.02071,0.00003,0.00047,0.00379,5.42280,7.04322,3.54693,10.59015
12 S LL B,92,0.00000,25.80684,0.07546,0.15064,1.01914,0.00003,0.00047,0.00378,5.42272,7.04319,3.54724,10.59043
12 S LL B,93,0.00000,25.51601,0.07508,0.15014,1.01760,0.00003,0.00047,0.00378,5.42265,7.04316,3.54755,10.59071
12 S LL B,94,0.00000,25.22968,0.07470,0.14968,1.01609,0.00002,0.00047,0.00378,5.42257,7.04313,3.54785,10.59099
12 S LL B,95,0.00000,24.94775,0.07432,0.14923,1.01459,0.00002,0.00047,0.00378,5.42249,7.04310,3.54815,10.59126
12 S LL B,96,0.00000,24.67014,0.07393,0.14880,1.01313,0.00002,0.00047,0.00378,5.42242,7.04307,3.54845,10.59152
12 S LL B,97,0.00000,24.39677,0.07355,0.14840,1.01168,0.00002,0.00047,0.00378,5.42234,7.04304,3.54874,10.59178
12 S LL B,98,5.71250,29.76207,0.07321,0.14802,1.01027,0.00002,0.00047,0.00378,5.42227,7.04301,3.54910,10.59211
12 S LL B,99,0.00000,29.42041,0.07285,0.14766,1.00888,0.00002,0.00047,0.00378,5.42219,7.04298,3.54946,10.59244
12 S LL B,100,0.00000,29.08418,0.07249,0.14731,1.00751,0.00002,0.00047,0.00378,5.42211,7.04295,3.54981,10.59277
12 S LL B,101,0.00000,28.75327,0.07212,0.14699,1.00617,0.00002,0.00047,0.00378,5.42204,7.04293,3.55016,10.59308
12 S LL B,102,0.00000,28.42758,0.07175,0.14667,1.00484,0.00002,0.00047,0.00378,5.42196,7.04290,3.55050,10.59340
12 S LL B,103,0.00000,28.10701,0.07137,0.14637,1.00354,0.00002,0.00046,0.00378,5.42189,7.04287,3.55084,10.59370
12 S LL B,104,0.00000,27.79145,0.07099,0.14609,1.00226,0.00002,0.00046,0.00378,5.42181,7.04284,3.55117,10.59401
12 S LL B,105,0.00000,27.48080,0.07061,0.14581,1.00100,0.00002,0.00046,0.00378,5.42173,7.04281,3.55149,10.59430
12 S LL B,106,0.00000,27.17498,0.07022,0.14555,0.99975,0.00002,0.00046,0.00377,5.42166,7.04278,3.55182,10.59460
12 S LL B,107,0.00000,26.87389,0.06984,0.14530,0.99853,0.00002,0.00046,0.00377,5.42158,7.04275,3.55213,10.59488
12 S LL B,108,0.00000,26.57743,0.06945,0.14506,0.99733,0.00002,0.00046,0.00377,5.42151,7.04272,3.55244,10.59517
12 S LL B,109,0.00000,26.28552,0.06906,0.14484,0.99615,0.00002,0.00046,0.00377,5.42143,7.04269,3.55275,10.59545
12 S LL B,110,0.00000,25.99807,0.06868,0.14462,0.99499,0.00002,0.00046,0.00377,5.42135,7.04266,3.55306,10.59572
12 S LL B,111,0.00000,25.71499,0.06829,0.14441,0.99385,0.00002,0.00046,0.00377,5.42128,7.04264,3.55335,10.59599
12 S LL B,112,5.71250,31.07141,0.06793,0.14422,0.99273,0.00002,0.00046,0.00377,5.42120,7.04261,3.55372,10.59633
12 S LL B,113,0.00000,30.72099,0.06756,0.14404,0.99162,0.00002,0.00046,0.00377,5.42112,7.04258,3.55409,10.59667
12 S LL B,114,0.00000,30.37612,0.06718,0.14386,0.99054,0.00002,0.00046,0.00377,5.42105,7.04255,3.55445,10.59700
12 S LL B,115,0.00000,30.03671,0.06680,0.14369,0.98947,0.00002,0.00046,0.00377,5.42097,7.04253,3.55480,10.59733
12 S LL B,116,0.00000,29.70263,0.06642,0.14353,0.98842,0.00002,0.00046,0.00377,5.42090,7.04250,3.55515,10.59765
12 S LL B,117,0.00000,29.37380,0.06603,0.14338,0.98739,0.00002,0.00046,0.00377,5.42082,7.04247,3.55549,10.59796
12 S LL B,118,0.00000,29.05011,0.06564,0.14323,0.98637,0.00002,0.00045,0.00377,5.42074,7.04244,3.55583,10.59827
12 S LL B,119,0.00000,28.73145,0.06524,0.14309,0.98537,0.00002,0.00045,0.00377,5.42067,7.04242,3.55616,10.59858
12 S LL B,120,0.00000,28.41774,0.06484,0.14295,0.98439,0.00002,0.00045,0.00377,5.42059,7.04239,3.55649,10.59888
12 S LL B,121,0.00000,28.10887,0.06445,0.14282,0.98342,0.00002,0.00045,0.00377,5.42052,7.04236,3.55681,10.59917
12 S LL B,122,0.00000,27.80476,0.06405,0.14270,0.98247,0.00002,0.00045,0.00377,5.42044,7.04233,3.55713,10.59947
12 S LL B,123,0.00000,27.50530,0.06365,0.14258,0.98153,0.00002,0.00045,0.00377,5.42036,7.04231,3.55745,10.59975
12 S LL B,124,0.00000,27.21042,0.06325,0.14246,0.98061,0.00002,0.00045,0.00377,5.42029,7.04228,3.55775,10.60003
12 S LL B,125,0.00000,26.92003,0.06285,0.14235,0.97970,0.00002,0.00045,0.00377,5.42021,7.04225,3.55806,10.60031
12 S LL B,126,5.71250,32.26983,0.06247,0.14225,0.97881,0.00002,0.00045,0.00377,5.42014,7.04222,3.55843,10.60066
12 S LL B,127,0.00000,31.91290,0.06209,0.14216,0.97794,0.00002,0.00045,0.00376,5.42006,7.04220,3.55880,10.60100
12 S LL B,128,0.00000,31.56164,0.06170,0.14207,0.97708,0.00002,0.00045,0.00376,5.41998,7.04217,3.55917,10.60134
12 S LL B,129,0.00000,31.21594,0.06130,0.14198,0.97623,0.00002,0.00045,0.00376,5.41991,7.04215,3.55953,10.60167
12 S LL B,130,0.00000,30.87568,0.06091,0.14189,0.97540,0.00002,0.00045,0.00376,5.41983,7.04212,3.55988,10.60200
12 S LL B,131,0.00000,30.54077,0.06050,0.14181,0.97458,0.00002,0.00045,0.00376,5.41976,7.04209,3.56023,10.60232
12 S LL B,132,0.00000,30.21110,0.06010,0.14173,0.97377,0.00002,0.00045,0.00376,5.41968,7.04207,3.56057,10.60264
12 S LL B,133,0.00000,29.88656,0.05969,0.14166,0.97297,0.00002,0.00045,0.00376,5.41960,7.04204,3.56091,10.60295
12 S LL B,134,0.00000,29.56707,0.05928,0.14158,0.97219,0.00002,0.00045,0.00376,5.41953,7.04202,3.56124,10.60325
12 S LL B,135,0.00000,29.25253,0.05887,0.14151,0.97142,0.00002,0.00045,0.00376,5.41945,7.04199,3.56157,10.60355
12 S LL B,136,0.00000,28.94283,0.05846,0.14145,0.97066,0.00002,0.00045,0.00376,5.41938,7.04196,3.56189,10.60385
12 S LL B,137,0.00000,28.63790,0.05805,0.14138,0.96992,0.00002,0.00044,0.00376,5.41930,7.04194,3.56221,10.60414
12 S LL B,138,0.00000,28.33763,0.05764,0.14132,0.96918,0.00002,0.00044,0.00376,5.41922,7.04191,3.56252,10.60443
12 S LL B,139,0.00000,28.04194,0.05723,0.14125,0.96846,0.00002,0.00044,0.00376,5.41915,7.04188,3.56283,10.60471
12 S LL B,140,5.71250,33.38705,0.05685,0.14120,0.96775,0.00002,0.00044,0.00376,5.41907,7.04186,3.56320,10.60506
12 S LL B,141,0.00000,33.02554,0.05645,0.14115,0.96706,0.00002,0.00044,0.00376,5.41900,7.04183,3.56358,10.60541
12 S LL B,142,0.00000,32.66978,0.05605,0.14110,0.96638,0.00002,0.00044,0.00376,5.41892,7.04181,3.56394,10.60575
12 S LL B,143,0.00000,32.31968,0.05565,0.14106,0.96570,0.00002,0.00044,0.00376,5.41884,7.04179,3.56431,10.60609
12 S LL B,144,0.00000,31.97511,0.05524,0.14101,0.96504,0.00002,0.00044,0.00376,5.41877,7.04176,3.56466,10.60642
12 S LL B,145,0.00000,31.63597,0.05483,0.14097,0.96439,0.00002,0.00044,0.00376,5.41869,7.04174,3.56501,10.60675
12 S LL B,146,0.00000,31.30217,0.05442,0.14092,0.96374,0.00002,0.00044,0.00376,5.41862,7.04171,3.56536,10.60707
12 S LL B,147,0.00000,30.97359,0.05401,0.14088,0.96311,0.00002,0.00044,0.00376,5.41854,7.04169,3.56570,10.60738
12 S LL B,148,0.00000,30.65014,0.05359,0.14084,0.96249,0.00002,0.00044,0.00376,5.41846,7.04166,3.56603,10.60769
12 S LL B,149,0.00000,30.33172,0.05317,0.14080,0.96187,0.00002,0.00044,0.00376,5.41839,7.04164,3.56636,10.60800
12 S LL B,150,0.00000,30.01823,0.05276,0.14076,0.96127,0.00002,0.00044,0.00376,5.41831,7.04161,3.56668,10.60830
12 S LL B,151,0.00000,29.70958,0.05234,0.14072,0.96068,0.00002,0.00044,0.00376,5.41824,7.04159,3.56700,10.60859
12 S LL B,152,0.00000,29.40568,0.05192,0.14069,0.96009,0.00002,0.00044,0.00376,5.41816,7.04156,3.56732,10.60888
12 S LL B,153,0.00000,29.10643,0.05151,0.14065,0.95951,0.00002,0.00044,0.00376,5.41808,7.04154,3.56763,10.60917
12 S LL B,154,5.71250,34.44853,0.05112,0.14062,0.95895,0.00002,0.00044,0.00376,5.41801,7.04151,3.56801,10.60952
12 S LL B,155,0.00000,34.08408,0.05072,0.14059,0.95840,0.00002,0.00044,0.00376,5.41793,7.04149,3.56838,10.60987
12 S LL B,156,0.00000,33.72547,0.05032,0.14057,0.95785,0.00002,0.00044,0.00376,5.41786,7.04147,3.56875,10.61022
12 S LL B,157,0.00000,33.37259,0.04991,0.14054,0.95732,0.00002,0.00044,0.00376,5.41778,7.04144,3.56911,10.61056
12 S LL B,158,0.00000,33.02534,0.04950,0.14051,0.95679,0.00002,0.00044,0.00376,5.41771,7.04142,3.56947,10.61089
12 S LL B,159,0.00000,32.68359,0.04909,0.14049,0.95627,0.00002,0.00044,0.00376,5.41763,7.04140,3.56982,10.61122
12 S LL B,160,0.00000,32.34726,0.04868,0.14046,0.95575,0.00002,0.00044,0.00376,5.41755,7.04137,3.57017,10.61154
15 0 W A,0,0.00000,1.92175,5.17500,18.69763,5.81245,0.00000,0.01329,0.01329,16.28994,21.13989,10.57000,31.70989
15 0 W A,1,0.00000,4.12096,4.65013,16.89924,5.75122,0.00000,0.01484,0.01514,16.28987,21.13977,10.57000,31.70978
15 0 W A,2,0.00000,6.10003,4.18219,15.28401,5.69130,0.00000,0.01365,0.01421,16.28980,21.13966,10.57002,31.70967
15 0 W A,3,0.00000,7.88061,3.76502,13.83322,5.63265,0.00000,0.01258,0.01335,16.28972,21.13954,10.57003,31.70958
15 0 W A,4,0.00000,9.48269,3.39314,12.53006,5.57524,0.00000,0.01162,0.01253,16.28964,21.13943,10.57006,31.70949
15 0 W A,5,0.00000,10.92446,3.06164,11.35945,5.51905,0.00000,0.01075,0.01176,16.28956,21.13931,10.57009,31.70940
15 0 W A,6,0.00000,12.22232,2.76613,10.30782,5.46404,0.00000,0.00997,0.01102,16.28948,21.13919,10.57013,31.70932
15 0 W A,7,0.00000,13.39104,2.50272,9.36302,5.41019,0.00000,0.00927,0.01031,16.28939,21.13908,10.57017,31.70925
15 0 W A,8,0.00000,14.44387,2.26793,8.51409,5.35749,0.00000,0.00864,0.00963,16.28931,21.13896,10.57022,31.70918
15 0 W A,9,0.00000,15.39274,2.05863,7.75123,5.30589,0.00000,0.00807,0.00897,16.28923,21.13885,10.57027,31.70912
15 0 W A,10,0.00000,16.24833,1.87207,7.06562,5.25537,0.00000,0.00756,0.00833,16.28916,21.13873,10.57033,31.70906
15 0 W A,11,0.00000,17.02023,1.70577,6.44932,5.20592,0.00000,0.00710,0.00772,16.28909,21.13862,10.57039,31.70901
15 0 W A,12,0.00000,17.71704,1.55752,5.89524,5.15751,0.00000,0.00668,0.00712,16.28902,21.13851,10.57045,31.70897
15 0 W A,13,0.00000,18.34646,1.42536,5.39698,5.11011,0.00000,0.00631,0.00654,16.28895,21.13840,10.57052,31.70892
15 0 W A,14,0.00000,18.91541,1.30752,4.94881,5.06370,0.00000,0.00597,0.00597,16.28889,21.13829,10.57059,31.70888
15 0 W A,15,0.00000,19.43007,1.20245,4.54558,5.01827,0.00000,0.00566,0.00566,16.28883,21.13819,10.57066,31.70885
15 0 W A,16,0.00000,19.89598,1.10875,4.18265,4.97379,0.00000,0.00538,0.00538,16.28877,21.13808,10.57073,31.70881
15 0 W A,17,0.00000,20.31812,1.02517,3.85589,4.93023,0.00000,0.00513,0.00513,16.28871,21.13797,10.57080,31.70878
15 0 W A,18,0.00000,20.70092,0.95061,3.56157,4.88758,0.00000,0.00491,0.00491,16.28865,21.13787,10.57088,31.70875
15 0 W A,19,0.00000,21.04838,0.88408,3.29633,4.84583,0.00000,0.00470,0.00470,16.28859,21.13776,10.57096,31.70872
15 0 W A,20,0.00000,21.36405,0.82469,3.05720,4.80494,0.00000,0.00451,0.00451,16.28854,21.13766,10.57103,31.70869
15 0 W A,21,0.00000,21.65113,0.77167,2.84146,4.76490,0.00000,0.00434,0.00434,16.28848,21.13756,10.57111,31.70867
15 0 W A,22,0.00000,21.91248,0.72432,2.64672,4.72570,0.00000,0.00419,0.00419,16.28842,21.13746,10.57119,31.70865
15 0 W A,23,0.00000,22.15064,0.68202,2.47080,4.68730,0.00000,0.00405,0.00405,16.28836,21.13735,10.57127,31.70863
15 0 W A,24,0.00000,22.36791,0.64421,2.31178,4.64971,0.00000,0.00392,0.00392,16.28831,21.13725,10.57135,31.70861
15 0 W A,25,0.00000,22.56634,0.61040,2.16792,4.61289,0.00000,0.00380,0.00380,16.28825,21.13715,10.57144,31.70859
15 0 W A,26,0.00000,22.74776,0.58016,2.03766,4.57684,0.00000,0.00370,0.00370,16.28819,21.13705,10.57152,31.70857
15 0 W A,27,0.00000,22.91380,0.55309,1.91962,4.54153,0.00000,0.00360,0.00360,16.28814,21.13696,10.57160,31.70855
15 0 W A,28,0.00000,23.06594,0.52886,1.81254,4.50695,0.00000,0.00351,0.00351,16.28808,21.13686,10.57168,31.70854
15 0 W A,29,0.00000,23.20550,0.50715,1.71532,4.47309,0.00000,0.00342,0.00342,16.28803,21.13676,10.57177,31.70853
15 0 W A,30,0.00000,23.33366,0.48770,1.62696,4.43992,0.00000,0.00335,0.00335,16.28797,21.13666,10.57185,31.70851
15 0 W A,31,0.00000,23.45147,0.47026,1.54656,4.40743,0.00000,0.00328,0.00328,16.28792,21.13657,10.57193,31.70850
15 0 W A,32,0.00000,23.55987,0.45461,1.47334,4.37562,0.00000,0.00321,0.00321,16.28786,21.13647,10.57202,31.70849
15 0 W A,33,0.00000,23.65974,0.44057,1.40657,4.34446,0.00000,0.00315,0.00315,16.28781,21.13638,10.57210,31.70848
15 0 W A,34,0.00000,23.75182,0.42796,1.34563,4.31394,0.00000,0.00310,0.00310,16.28775,21.13629,10.57219,31.70847
15 0 W A,35,0.00000,23.83680,0.41664,1.28993,4.28404,0.00000,0.00304,0.00304,16.28770,21.13619,10.57227,31.70847
15 0 W A,36,0.00000,23.91531,0.40647,1.23898,4.25476,0.00000,0.00300,0.00300,16.28765,21.13610,10.57236,31.70846
15 0 W A,37,0.00000,23.98790,0.39732,1.19231,4.22608,0.00000,0.00295,0.00295,16.28759,21.13601,10.57244,31.70845
15 0 W A,38,0.00000,24.05508,0.38910,1.14953,4.19798,0.00000,0.00291,0.00291,16.28754,21.13592,10.57253,31.70845
15 0 W A,39,0.00000,24.11729,0.38171,1.11025,4.17046,0.00000,0.00287,0.00287,16.28749,21.13583,10.57261,31.70844
15 0 W A,40,0.00000,24.17495,0.37506,1.07415,4.14350,0.00000,0.00283,0.00283,16.28744,21.13574,10.57270,31.70844
15 0 W A,41,0.00000,24.22843,0.36907,1.04095,4.11709,0.00000,0.00280,0.00280,16.28739,21.13565,10.57278,31.70843
15 0 W A,42,0.00000,24.27807,0.36369,1.01037,4.09122,0.00000,0.00276,0.00276,16.28734,21.13556,10.57287,31.70843
15 0 W A,43,0.00000,24.32416,0.35884,0.98217,4.06588,0.00000,0.00273,0.00273,16.28729,21.13548,10.57295,31.70843
15 0 W A,44,0.00000,24.36698,0.35448,0.95615,4.04105,0.00000,0.00270,0.00270,16.28723,21.13539,10.57304,31.70843
15 0 W A,45,0.00000,24.40680,0.35055,0.93212,4.01673,0.00000,0.00268,0.00268,16.28718,21.13530,10.57312,31.70843
15 0 W A,46,0.00000,24.44382,0.34702,0.90990,3.99290,0.00000,0.00265,0.00265,16.28713,21.13522,10.57321,31.70843
15 0 W A,47,0.00000,24.47827,0.34383,0.88933,3.96955,0.00000,0.00262,0.00262,16.28708,21.13513,10.57330,31.70842
15 0 W A,48,0.00000,24.51034,0.34097,0.87027,3.94668,0.00000,0.00260,0.00260,16.28703,21.13504,10.57338,31.70842
15 0 W A,49,0.00000,24.54019,0.33840,0.85260,3.92427,0.00000,0.00258,0.00258,16.28698,21.13496,10.57347,31.70843
15 0 W A,50,0.00000,24.56798,0.33608,0.83620,3.90232,0.00000,0.00256,0.00256,16.28694,21.13487,10.57355,31.70843
15 0 W A,51,0.00000,24.59387,0.33400,0.82097,3.88080,0.00000,0.00254,0.00254,16.28689,21.13479,10.57364,31.70843
15 0 W A,52,0.00000,24.61798,0.33212,0.80682,3.85973,0.00000,0.00252,0.00252,16.28684,21.13471,10.57372,31.70843
15 0 W A,53,0.00000,24.64044,0.33044,0.79365,3.83908,0.00000,0.00250,0.00250,16.28679,21.13462,10.57381,31.70843
15 0 W A,54,0.00000,24.66135,0.32893,0.78139,3.81884,0.00000,0.00248,0.00248,16.28674,21.13454,10.57389,31.70843
15 0 W A,55,0.00000,24.68084,0.32757,0.76997,3.79901,0.00000,0.00246,0.00246,16.28669,21.13446,10.57398,31.70844
15 0 W A,56,0.00000,24.69897,0.32635,0.75933,3.77959,0.00000,0.00245,0.00245,16.28664,21.13437,10.57406,31.70844
15 0 W A,57,0.00000,24.71586,0.32525,0.74940,3.76055,0.00000,0.00243,0.00243,16.28659,21.13429,10.57415,31.70844
15 0 W A,58,0.00000,24.73157,0.32427,0.74013,3.74189,0.00000,0.00242,0.00242,16.28655,21.13421,10.57424,31.70845
15 0 W A,59,0.00000,24.74619,0.32339,0.73148,3.72361,0.00000,0.00240,0.00240,16.28650,21.13413,10.57432,31.70845
15 0 W A,60,0.00000,24.75978,0.32260,0.72339,3.70570,0.00000,0.00239,0.00239,16.28645,21.13405,10.57441,31.70845
15 0 W A,61,0.00000,24.77241,0.32189,0.71583,3.68814,0.00000,0.00238,0.00238,16.28640,21.13396,10.57449,31.70846
15 0 W A,62,0.00000,24.78413,0.32126,0.70876,3.67094,0.00000,0.00236,0.00236,16.28635,21.13388,10.57458,31.70846
15 0 W A,63,0.00000,24.79500,0.32070,0.70214,3.65408,0.00000,0.00235,0.00235,16.28631,21.13380,10.57466,31.70846
15 0 W A,64,0.00000,24.80508,0.32019,0.69594,3.63756,0.00000,0.00234,0.00234,16.28626,21.13372,10.57475,31.70847
15 0 W A,65,0.00000,24.81440,0.31974,0.69014,3.62137,0.00000,0.00233,0.00233,16.28621,21.13364,10.57483,31.70847
15 0 W A,66,0.00000,24.82302,0.31934,0.68470,3.60550,0.00000,0.00232,0.00232,16.28616,21.13356,10.57492,31.70848
15 0 W A,67,0.00000,24.83098,0.31899,0.67960,3.58995,0.00000,0.00230,0.00230,16.28612,21.13348,10.57500,31.70848
15 0 W A,68,0.00000,24.83831,0.31867,0.67482,3.57471,0.00000,0.00229,0.00229,16.28607,21.13340,10.57509,31.70849
15 0 W A,69,0.00000,24.84506,0.31838,0.67033,3.55977,0.00000,0.00228,0.00228,16.28602,21.13332,10.57517,31.70849
15 0 W A,70,0.00000,24.85124,0.31813,0.66612,3.54513,0.00000,0.00227,0.00227,16.28598,21.13324,10.57526,31.70850
15 0 W A,71,0.00000,24.85690,0.31791,0.66217,3.53078,0.00000,0.00226,0.00226,16.28593,21.13316,10.57534,31.70850
15 0 W A,72,0.00000,24.86207,0.31771,0.65846,3.51671,0.00000,0.00226,0.00226,16.28588,21.13308,10.57543,31.70851
15 0 W A,73,0.00000,24.86677,0.31753,0.65497,3.50293,0.00000,0.00225,0.00225,16.28584,21.13300,10.57551,31.70852
15 0 W A,74,0.00000,24.87102,0.31738,0.65170,3.48941,0.00000,0.00224,0.00224,16.28579,21.13292,10.57560,31.70852
15 0 W A,75,0.00000,24.87485,0.31724,0.64862,3.47617,0.00000,0.00223,0.00223,16.28574,21.13284,10.57568,31.70853
15 0 W A,76,0.00000,24.87829,0.31712,0.64573,3.46319,0.00000,0.00222,0.00222,16.28570,21.13277,10.57577,31.70853
15 0 W A,77,0.00000,24.88136,0.31701,0.64301,3.45046,0.00000,0.00221,0.00221,16.28565,21.13269,10.57585,31.70854
15 0 W A,78,0.00000,24.88406,0.31692,0.64045,3.43799,0.00000,0.00221,0.00221,16.28560,21.13261,10.57594,31.70855
15 0 W A,79,0.00000,24.88643,0.31683,0.63804,3.42576,0.00000,0.00220,0.00220,16.28556,21.13253,10.57602,31.70855
15 0 W A,80,0.00000,24.88848,0.31676,0.63578,3.41377,0.00000,0.00219,0.00219,16.28551,21.13245,10.57611,31.70856
15 0 W A,81,0.00000,24.89023,0.31669,0.63365,3.40203,0.00000,0.00218,0.00218,16.28546,21.13237,10.57619,31.70856
15 0 W A,82,0.00000,24.89169,0.31663,0.63164,3.39051,0.00000,0.00218,0.00218,16.28542,21.13229,10.57628,31.70857
15 0 W A,83,0.00000,24.89287,0.31658,0.62975,3.37922,0.00000,0.00217,0.00217,16.28537,21.13222,10.57636,31.70858
15 0 W A,84,0.00000,24.89380,0.31654,0.62797,3.36815,0.00000,0.00216,0.00216,16.28532,21.13214,10.57644,31.70858
15 0 W A,85,0.00000,24.89447,0.31650,0.62630,3.35730,0.00000,0.00216,0.00216,16.28528,21.13206,10.57653,31.70859
15 0 W A,86,0.00000,24.89492,0.31646,0.62472,3.34666,0.00000,0.00215,0.00215,16.28523,21.13198,10.57661,31.70860
15 0 W A,87,0.00000,24.89513,0.31642,0.62324,3.33623,0.00000,0.00214,0.00214,16.28519,21.13190,10.57670,31.70860
15 0 W A,88,0.00000,24.89514,0.31639,0.62184,3.32601,0.00000,0.00214,0.00214,16.28514,21.13183,10.57678,31.70861
15 0 W A,89,0.00000,24.89494,0.31637,0.62052,3.31599,0.00000,0.00213,0.00213,16.28509,21.13175,10.57687,31.70861
15 0 W A,90,0.00000,24.89455,0.31634,0.61928,3.30616,0.00000,0.00213,0.00213,16.28505,21.13167,10.57695,31.70862
15 0 W A,91,0.00000,24.89397,0.31632,0.61811,3.29653,0.00000,0.00212,0.00212,16.28500,21.13159,10.57704,31.70863
15 0 W A,92,0.00000,24.89322,0.31630,0.61700,3.28708,0.00000,0.00212,0.00212,16.28496,21.13151,10.57712,31.70863
15 0 W A,93,0.00000,24.89229,0.31627,0.61596,3.27782,0.00000,0.00211,0.00211,16.28491,21.13144,10.57720,31.70864
15 0 W A,94,0.00000,24.89121,0.31625,0.61498,3.26874,0.00000,0.00211,0.00211,16.28486,21.13136,10.57729,31.70865
15 0 W A,95,0.00000,24.88998,0.31623,0.61406,3.25984,0.00000,0.00210,0.00210,16.28482,21.13128,10.57737,31.70865
15 0 W A,96,0.00000,24.88860,0.31621,0.61319,3.25111,0.00000,0.00210,0.00210,16.28477,21.13121,10.57746,31.70866
15 0 W A,97,0.00000,24.88708,0.31620,0.61236,3.24256,0.00000,0.00209,0.00209,16.28473,21.13113,10.57754,31.70867
15 0 W A,98,0.00000,24.88542,0.31618,0.61159,3.23417,0.00000,0.00209,0.00209,16.28468,21.13105,10.57762,31.70867
15 0 W A,99,0.00000,24.88364,0.31616,0.61086,3.22594,0.00000,0.00208,0.00208,16.28463,21.13097,10.57771,31.70868
15 0 W A,100,0.00000,24.88174,0.31614,0.61017,3.21787,0.00000,0.00208,0.00208,16.28459,21.13090,10.57779,31.70869
15 0 W A,101,0.00000,24.87971,0.31612,0.60952,3.20996,0.00000,0.00207,0.00207,16.28454,21.13082,10.57788,31.70869
15 0 W A,102,0.00000,24.87758,0.31610,0.60890,3.20221,0.00000,0.00207,0.00207,16.28450,21.13074,10.57796,31.70870
15 0 W A,103,0.00000,24.87534,0.31607,0.60832,3.19460,0.00000,0.00206,0.00206,16.28445,21.13066,10.57804,31.70871
15 0 W A,104,0.00000,24.87300,0.31605,0.60778,3.18715,0.00000,0.00206,0.00206,16.28440,21.13059,10.57813,31.70871
15 0 W A,105,0.00000,24.87055,0.31603,0.60726,3.17984,0.00000,0.00206,0.00206,16.28436,21.13051,10.57821,31.70872
15 0 W A,106,0.00000,24.86802,0.31601,0.60678,3.17267,0.00000,0.00205,0.00205,16.28431,21.13043,10.57829,31.70873
15 0 W A,107,0.00000,24.86539,0.31598,0.60632,3.16564,0.00000,0.00205,0.00205,16.28427,21.13036,10.57838,31.70873
15 0 W A,108,0.00000,24.86267,0.31596,0.60589,3.15874,0.00000,0.00204,0.00204,16.28422,21.13028,10.57846,31.70874
15 0 W A,109,0.00000,24.85987,0.31593,0.60548,3.15198,0.00000,0.00204,0.00204,16.28418,21.13020,10.57855,31.70875
15 0 W A,110,0.00000,24.85699,0.31591,0.60509,3.14535,0.00000,0.00204,0.00204,16.28413,21.13013,10.57863,31.70876
15 0 W A,111,0.00000,24.85404,0.31588,0.60473,3.13885,0.00000,0.00203,0.00203,16.28408,21.13005,10.57871,31.70876
15 0 W A,112,0.00000,24.85100,0.31585,0.60438,3.13248,0.00000,0.00203,0.00203,16.28404,21.12997,10.57880,31.70877
15 0 W A,113,0.00000,24.84790,0.31582,0.60406,3.12623,0.00000,0.00203,0.00203,16.28399,21.12990,10.57888,31.70878
15 0 W A,114,0.00000,24.84473,0.31579,0.60375,3.12009,0.00000,0.00202,0.00202,16.28395,21.12982,10.57896,31.70878
15 0 W A,115,0.00000,24.84149,0.31576,0.60347,3.11408,0.00000,0.00202,0.00202,16.28390,21.12974,10.57905,31.70879
15 0 W A,116,0.00000,24.83819,0.31573,0.60319,3.10819,0.00000,0.00202,0.00202,16.28386,21.12967,10.57913,31.70880
15 0 W A,117,0.00000,24.83483,0.31570,0.60293,3.10240,0.00000,0.00201,0.00201,16.28381,21.12959,10.57921,31.70880
15 0 W A,118,0.00000,24.83141,0.31566,0.60269,3.09673,0.00000,0.00201,0.00201,16.28377,21.12951,10.57930,31.70881
15 0 W A,119,0.00000,24.82793,0.31563,0.60246,3.09117,0.00000,0.00201,0.00201,16.28372,21.12944,10.57938,31.70882
15 0 W A,120,0.00000,24.82440,0.31559,0.60225,3.08572,0.00000,0.00200,0.00200,16.28367,21.12936,10.57946,31.70882
15 0 W A,121,0.00000,24.82082,0.31556,0.60204,3.08037,0.00000,0.00200,0.00200,16.28363,21.12928,10.57955,31.70883
15 0 W A,122,0.00000,24.81718,0.31552,0.60185,3.07512,0.00000,0.00200,0.00200,16.28358,21.12921,10.57963,31.70884
15 0 W A,123,0.00000,24.81350,0.31548,0.60166,3.06998,0.00000,0.00200,0.00200,16.28354,21.12913,10.57971,31.70884
15 0 W A,124,0.00000,24.80977,0.31545,0.60149,3.06493,0.00000,0.00199,0.00199,16.28349,21.12905,10.57980,31.70885
15 0 W A,125,0.00000,24.80599,0.31541,0.60133,3.05999,0.00000,0.00199,0.00199,16.28345,21.12898,10.57988,31.70886
15 0 W A,126,0.00000,24.80217,0.31537,0.60117,3.05513,0.00000,0.00199,0.00199,16.28340,21.12890,10.57996,31.70886
15 0 W A,127,0.00000,24.79831,0.31533,0.60103,3.05037,0.00000,0.00199,0.00199,16.28335,21.12883,10.58004,31.70887
15 0 W A,128,0.00000,24.79441,0.31528,0.60089,3.04570,0.00000,0.00198,0.00198,16.28331,21.12875,10.58013,31.70888
15 0 W A,129,0.00000,24.79047,0.31524,0.60076,3.04112,0.00000,0.00198,0.00198,16.28326,21.12867,10.58021,31.70888
15 0 W A,130,0.00000,24.78648,0.31520,0.60064,3.03663,0.00000,0.00198,0.00198,16.28322,21.12860,10.58029,31.70889
15 0 W A,131,0.00000,24.78247,0.31516,0.60052,3.03223,0.00000,0.00198,0.00198,16.28317,21.12852,10.58038,31.70890
15 0 W A,132,0.00000,24.77841,0.31511,0.60041,3.02791,0.00000,0.00197,0.00197,16.28313,21.12844,10.58046,31.70890
15 0 W A,133,0.00000,24.77433,0.31507,0.60031,3.02367,0.00000,0.00197,0.00197,16.28308,21.12837,10.58054,31.70891
15 0 W A,134,0.00000,24.77021,0.31502,0.60021,3.01951,0.00000,0.00197,0.00197,16.28304,21.12829,10.58062,31.70892
15 0 W A,135,0.00000,24.76605,0.31498,0.60012,3.01544,0.00000,0.00197,0.00197,16.28299,21.12822,10.58071,31.70892
15 0 W A,136,0.00000,24.76187,0.31493,0.60003,3.01144,0.00000,0.00197,0.00197,16.28294,21.12814,10.58079,31.70893
15 0 W A,137,0.00000,24.75766,0.31488,0.59995,3.00752,0.00000,0.00196,0.00196,16.28290,21.12806,10.58087,31.70894
15 0 W A,138,0.00000,24.75341,0.31484,0.59987,3.00367,0.00000,0.00196,0.00196,16.28285,21.12799,10.58096,31.70894
15 0 W A,139,0.00000,24.74914,0.31479,0.59980,2.99990,0.00000,0.00196,0.00196,16.28281,21.12791,10.58104,31.70895
15 0 W A,140,0.00000,24.74485,0.31474,0.59973,2.99620,0.00000,0.00196,0.00196,16.28276,21.12784,10.58112,31.70896
15 0 W A,141,0.00000,24.74052,0.31469,0.59966,2.99257,0.00000,0.00196,0.00196,16.28272,21.12776,10.58120,31.70896
15 0 W A,142,0.00000,24.73617,0.31464,0.59960,2.98901,0.00000,0.00195,0.00195,16.28267,21.12768,10.58129,31.70897
15 0 W A,143,0.00000,24.73180,0.31459,0.59954,2.98551,0.00000,0.00195,0.00195,16.28263,21.12761,10.58137,31.70898
15 0 W A,144,0.00000,24.72740,0.31454,0.59948,2.98209,0.00000,0.00195,0.00195,16.28258,21.12753,10.58145,31.70898
15 0 W A,145,0.00000,24.72298,0.31449,0.59943,2.97873,0.00000,0.00195,0.00195,16.28254,21.12746,10.58153,31.70899
15 0 W A,146,0.00000,24.71854,0.31444,0.59938,2.97543,0.00000,0.00195,0.00195,16.28249,21.12738,10.58162,31.70900
15 0 W A,147,0.00000,24.71408,0.31439,0.59933,2.97220,0.00000,0.00194,0.00194,16.28244,21.12730,10.58170,31.70900
15 0 W A,148,0.00000,24.70960,0.31433,0.59929,2.96902,0.00000,0.00194,0.00194,16.28240,21.12723,10.58178,31.70901
15 0 W A,149,0.00000,24.70509,0.31428,0.59924,2.96591,0.00000,0.00194,0.00194,16.28235,21.12715,10.58186,31.70902
15 0 W A,150,0.00000,24.70057,0.31423,0.59920,2.96286,0.00000,0.00194,0.00194,16.28231,21.12708,10.58195,31.70902
15 0 W A,151,0.00000,24.69602,0.31417,0.59917,2.95987,0.00000,0.00194,0.00194,16.28226,21.12700,10.58203,31.70903
15 0 W A,152,0.00000,24.69146,0.31412,0.59913,2.95693,0.00000,0.00194,0.00194,16.28222,21.12692,10.58211,31.70904
15 0 W A,153,0.00000,24.68689,0.31407,0.59910,2.95405,0.00000,0.00194,0.00194,16.28217,21.12685,10.58219,31.70904
15 0 W A,154,0.00000,24.68229,0.31401,0.59906,2.95122,0.00000,0.00193,0.00193,16.28213,21.12677,10.58228,31.70905
15 0 W A,155,0.00000,24.67768,0.31396,0.59903,2.94845,0.00000,0.00193,0.00193,16.28208,21.12670,10.58236,31.70906
15 0 W A,156,0.00000,24.67305,0.31390,0.59900,2.94573,0.00000,0.00193,0.00193,16.28204,21.12662,10.58244,31.70906
15 0 W A,157,0.00000,24.66841,0.31385,0.59897,2.94306,0.00000,0.00193,0.00193,16.28199,21.12655,10.58252,31.70907
15 0 W A,158,0.00000,24.66375,0.31379,0.59895,2.94044,0.00000,0.00193,0.00193,16.28194,21.12647,10.58260,31.70907
15 0 W A,159,0.00000,24.65908,0.31373,0.59892,2.93788,0.00000,0.00193,0.00193,16.28190,21.12639,10.58269,31.70908
15 0 W A,160,0.00000,24.65439,0.31368,0.59890,2.93536,0.00000,0.00193,0.00193,16.28185,21.12632,10.58277,31.70909
15 0 W B,0,0.00000,0.60775,1.65000,5.96330,1.36756,0.00000,0.00399,0.00399,5.42998,7.04663,3.52333,10.56996
15 0 W B,1,0.00000,1.30080,1.48264,5.39146,1.36028,0.00000,0.00449,0.00456,5.42996,7.04659,3.52334,10.56993
15 0 W B,2,0.00000,1.91820,1.33342,4.87785,1.35314,0.00000,0.00412,0.00422,5.42993,7.04655,3.52335,10.56990
15 0 W B,3,0.00000,2.46593,1.20038,4.41651,1.34615,0.00000,0.00378,0.00386,5.42991,7.04651,3.52337,10.56989
15 0 W B,4,0.00000,2.95025,1.08174,4.00211,1.33931,0.00000,0.00348,0.00348,5.42989,7.04647,3.52340,10.56988
15 0 W B,5,0.00000,3.37728,0.97595,3.62984,1.33260,0.00000,0.00321,0.00321,5.42987,7.04644,3.52344,10.56988
15 0 W B,6,0.00000,3.75280,0.88159,3.29540,1.32603,0.00000,0.00297,0.00297,5.42985,7.04640,3.52349,10.56989
15 0 W B,7,0.00000,4.08216,0.79742,2.99492,1.31960,0.00000,0.00275,0.00275,5.42983,7.04636,3.52354,10.56990
15 0 W B,8,0.00000,4.37028,0.72233,2.72491,1.31329,0.00000,0.00256,0.00256,5.42981,7.04632,3.52360,10.56993
15 0 W B,9,0.00000,4.62162,0.65533,2.48226,1.30712,0.00000,0.00238,0.00238,5.42979,7.04629,3.52367,10.56996
15 0 W B,10,0.00000,4.84021,0.59552,2.26416,1.30107,0.00000,0.00222,0.00222,5.42977,7.04625,3.52374,10.56999
15 0 W B,11,0.00000,5.02968,0.54213,2.06810,1.29514,0.00000,0.00208,0.00208,5.42975,7.04621,3.52381,10.57002
15 0 W B,12,0.00000,5.19329,0.49445,1.89180,1.28933,0.00000,0.00195,0.00195,5.42973,7.04617,3.52389,10.57006
15 0 W B,13,0.00000,5.33395,0.45186,1.73325,1.28363,0.00000,0.00184,0.00184,5.42971,7.04614,3.52397,10.57011
15 0 W B,14,0.00000,5.45425,0.41380,1.59061,1.27806,0.00000,0.00173,0.00173,5.42969,7.04610,3.52405,10.57015
15 0 W B,15,0.00000,5.55653,0.37978,1.46226,1.27259,0.00000,0.00164,0.00164,5.42967,7.04606,3.52413,10.57020
15 0 W B,16,0.00000,5.64283,0.34935,1.34671,1.26723,0.00000,0.00156,0.00156,5.42965,7.04603,3.52422,10.57024
15 0 W B,17,0.00000,5.71499,0.32212,1.24266,1.26199,0.00000,0.00148,0.00148,5.42963,7.04599,3.52430,10.57029
15 0 W B,18,0.00000,5.77463,0.29775,1.14891,1.25684,0.00000,0.00141,0.00141,5.42961,7.04596,3.52439,10.57034
15 0 W B,19,0.00000,5.82320,0.27592,1.06440,1.25180,0.00000,0.00135,0.00135,5.42959,7.04592,3.52447,10.57039
15 0 W B,20,0.00000,5.86198,0.25635,0.98819,1.24686,0.00000,0.00130,0.00130,5.42957,7.04589,3.52456,10.57044
15 0 W B,21,0.00000,5.89209,0.23879,0.91941,1.24202,0.00000,0.00125,0.00125,5.42955,7.04585,3.52464,10.57049
15 0 W B,22,0.00000,5.91453,0.22304,0.85730,1.23727,0.00000,0.00120,0.00120,5.42953,7.04582,3.52473,10.57054
15 0 W B,23,0.00000,5.93020,0.20889,0.80118,1.23262,0.00000,0.00116,0.00116,5.42951,7.04578,3.52481,10.57059
15 0 W B,24,0.00000,5.93988,0.19616,0.75042,1.22807,0.00000,0.00112,0.00112,5.42949,7.04575,3.52490,10.57065
15 0 W B,25,0.00000,5.94426,0.18471,0.70449,1.22360,0.00000,0.00109,0.00109,5.42947,7.04571,3.52498,10.57070
15 0 W B,26,0.00000,5.94395,0.17440,0.66287,1.21922,0.00000,0.00106,0.00106,5.42945,7.04568,3.52507,10.57075
15 0 W B,27,0.00000,5.93952,0.16510,0.62514,1.21493,0.00000,0.00103,0.00103,5.42943,7.04565,3.52515,10.57080
15 0 W B,28,0.00000,5.93142,0.15671,0.59090,1.21072,0.00000,0.00100,0.00100,5.42942,7.04561,3.52523,10.57085
15 0 W B,29,0.00000,5.92011,0.14912,0.55979,1.20660,0.00000,0.00098,0.00098,5.42940,7.04558,3.52531,10.57089
15 0 W B,30,0.00000,5.90594,0.14226,0.53149,1.20256,0.00000,0.00096,0.00096,5.42938,7.04555,3.52540,10.57094
15 0 W B,31,0.00000,5.88927,0.13604,0.50574,1.19859,0.00000,0.00094,0.00094,5.42936,7.04552,3.52548,10.57099
15 0 W B,32,0.00000,5.87038,0.13040,0.48227,1.19471,0.00000,0.00092,0.00092,5.42934,7.04548,3.52556,10.57104
15 0 W B,33,0.00000,5.84955,0.12528,0.46085,1.19090,0.00000,0.00090,0.00090,5.42932,7.04545,3.52564,10.57109
15 0 W B,34,0.00000,5.82702,0.12062,0.44129,1.18717,0.00000,0.00089,0.00089,5.42931,7.04542,3.52571,10.57113
15 0 W B,35,0.00000,5.80298,0.11638,0.42340,1.18351,0.00000,0.00087,0.00087,5.42929,7.04539,3.52579,10.57118
15 0 W B,36,0.00000,5.77763,0.11250,0.40703,1.17993,0.00000,0.00086,0.00086,5.42927,7.04536,3.52587,10.57123
15 0 W B,37,0.00000,5.75114,0.10896,0.39202,1.17641,0.00000,0.00085,0.00085,5.42925,7.04533,3.52595,10.57127
15 0 W B,38,0.00000,5.72366,0.10573,0.37825,1.17297,0.00000,0.00084,0.00084,5.42924,7.04530,3.52602,10.57132
15 0 W B,39,0.00000,5.69531,0.10276,0.36560,1.16959,0.00000,0.00083,0.00083,5.42922,7.04526,3.52610,10.57136
15 0 W B,40,0.00000,5.66623,0.10003,0.35397,1.16627,0.00000,0.00082,0.00082,5.42920,7.04523,3.52617,10.57141
15 0 W B,41,0.00000,5.63650,0.09752,0.34326,1.16303,0.00000,0.00081,0.00081,5.42918,7.04520,3.52625,10.57145
15 0 W B,42,0.00000,5.60624,0.09520,0.33339,1.15984,0.00000,0.00080,0.00080,5.42917,7.04517,3.52632,10.57150
15 0 W B,43,0.00000,5.57553,0.09307,0.32429,1.15672,0.00000,0.00079,0.00079,5.42915,7.04514,3.52639,10.57154
15 0 W B,44,0.00000,5.54444,0.09109,0.31588,1.15366,0.00000,0.00079,0.00079,5.42913,7.04511,3.52647,10.57158
15 0 W B,45,0.00000,5.51303,0.08926,0.30811,1.15066,0.00000,0.00078,0.00078,5.42911,7.04508,3.52654,10.57162
15 0 W B,46,0.00000,5.48139,0.08756,0.30092,1.14772,0.00000,0.00077,0.00077,5.42910,7.04505,3.52661,10.57167
15 0 W B,47,0.00000,5.44955,0.08597,0.29426,1.14484,0.00000,0.00077,0.00077,5.42908,7.04503,3.52668,10.57171
15 0 W B,48,0.00000,5.41757,0.08449,0.28808,1.14201,0.00000,0.00076,0.00076,5.42906,7.04500,3.52675,10.57175
15 0 W B,49,0.00000,5.38550,0.08311,0.28236,1.13924,0.00000,0.00076,0.00076,5.42905,7.04497,3.52682,10.57179
15 0 W B,50,0.00000,5.35337,0.08182,0.27704,1.13652,0.00000,0.00075,0.00075,5.42903,7.04494,3.52689,10.57183
15 0 W B,51,0.00000,5.32122,0.08061,0.27209,1.13385,0.00000,0.00075,0.00075,5.42901,7.04491,3.52696,10.57187
15 0 W B,52,0.00000,5.28908,0.07946,0.26749,1.13124,0.00000,0.00074,0.00074,5.42900,7.04488,3.52703,10.57191
15 0 W B,53,0.00000,5.25699,0.07839,0.26321,1.12868,0.00000,0.00074,0.00074,5.42898,7.04485,3.52709,10.57195
15 0 W B,54,0.00000,5.22497,0.07737,0.25923,1.12617,0.00000,0.00074,0.00074,5.42896,7.04482,3.52716,10.57198
15 0 W B,55,0.00000,5.19305,0.07641,0.25551,1.12370,0.00000,0.00073,0.00073,5.42895,7.04480,3.52723,10.57202
15 0 W B,56,0.00000,5.16124,0.07549,0.25205,1.12129,0.00000,0.00073,0.00073,5.42893,7.04477,3.52729,10.57206
15 0 W B,57,0.00000,5.12956,0.07463,0.24881,1.11892,0.00000,0.00072,0.00072,5.42892,7.04474,3.52736,10.57210
15 0 W B,58,0.00000,5.09804,0.07380,0.24579,1.11659,0.00000,0.00072,0.00072,5.42890,7.04471,3.52742,10.57213
15 0 W B,59,0.00000,5.06668,0.07301,0.24297,1.11432,0.00000,0.00072,0.00072,5.42888,7.04468,3.52749,10.57217
15 0 W B,60,0.00000,5.03551,0.07225,0.24033,1.11208,0.00000,0.00072,0.00072,5.42887,7.04465,3.52755,10.57220
15 0 W B,61,0.00000,5.00453,0.07153,0.23786,1.10989,0.00000,0.00071,0.00071,5.42885,7.04463,3.52761,10.57224
15 0 W B,62,0.00000,4.97375,0.07084,0.23555,1.10775,0.00000,0.00071,0.00071,5.42883,7.04460,3.52768,10.57228
15 0 W B,63,0.00000,4.94319,0.07017,0.23338,1.10564,0.00000,0.00071,0.00071,5.42882,7.04457,3.52774,10.57231
15 0 W B,64,0.00000,4.91286,0.06953,0.23135,1.10358,0.00000,0.00070,0.00070,5.42880,7.04454,3.52780,10.57234
15 0 W B,65,0.00000,4.88276,0.06891,0.22945,1.10155,0.00000,0.00070,0.00070,5.42879,7.04452,3.52786,10.57238
15 0 W B,66,0.00000,4.85289,0.06831,0.22767,1.09956,0.00000,0.00070,0.00070,5.42877,7.04449,3.52792,10.57241
15 0 W B,67,0.00000,4.82327,0.06773,0.22600,1.09762,0.00000,0.00070,0.00070,5.42875,7.04446,3.52798,10.57244
15 0 W B,68,0.00000,4.79391,0.06717,0.22443,1.09571,0.00000,0.00070,0.00070,5.42874,7.04443,3.52804,10.57248
15 0 W B,69,0.00000,4.76479,0.06662,0.22296,1.09383,0.00000,0.00069,0.00069,5.42872,7.04441,3.52810,10.57251
15 0 W B,70,0.00000,4.73594,0.06609,0.22157,1.09200,0.00000,0.00069,0.00069,5.42871,7.04438,3.52816,10.57254
15 0 W B,71,0.00000,4.70735,0.06557,0.22027,1.09020,0.00000,0.00069,0.00069,5.42869,7.04435,3.52822,10.57257
15 0 W B,72,0.00000,4.67902,0.06507,0.21905,1.08843,0.00000,0.00069,0.00069,5.42868,7.04432,3.52828,10.57260
15 0 W B,73,0.00000,4.65097,0.06458,0.21791,1.08670,0.00000,0.00069,0.00069,5.42866,7.04430,3.52834,10.57263
15 0 W B,74,0.00000,4.62318,0.06410,0.21683,1.08500,0.00000,0.00068,0.00068,5.42864,7.04427,3.52840,10.57267
15 0 W B,75,0.00000,4.59566,0.06364,0.21581,1.08333,0.00000,0.00068,0.00068,5.42863,7.04424,3.52845,10.57270
15 0 W B,76,0.00000,4.56842,0.06318,0.21486,1.08170,0.00000,0.00068,0.00068,5.42861,7.04421,3.52851,10.57272
15 0 W B,77,0.00000,4.54145,0.06273,0.21396,1.08009,0.00000,0.00068,0.00068,5.42860,7.04419,3.52857,10.57275
15 0 W B,78,0.00000,4.51475,0.06229,0.21311,1.07852,0.00000,0.00068,0.00068,5.42858,7.04416,3.52862,10.57278
15 0 W B,79,0.00000,4.48833,0.06186,0.21232,1.07698,0.00000,0.00068,0.00068,5.42856,7.04413,3.52868,10.57281
15 0 W B,80,0.00000,4.46218,0.06144,0.21157,1.07547,0.00000,0.00068,0.00068,5.42855,7.04411,3.52873,10.57284
15 0 W B,81,0.00000,4.43630,0.06103,0.21086,1.07398,0.00000,0.00067,0.00067,5.42853,7.04408,3.52879,10.57287
15 0 W B,82,0.00000,4.41070,0.06062,0.21020,1.07253,0.00000,0.00067,0.00067,5.42852,7.04405,3.52884,10.57290
15 0 W B,83,0.00000,4.38537,0.06022,0.20957,1.07110,0.00000,0.00067,0.00067,5.42850,7.04402,3.52890,10.57292
15 0 W B,84,0.00000,4.36032,0.05983,0.20898,1.06970,0.00000,0.00067,0.00067,5.42849,7.04400,3.52895,10.57295
15 0 W B,85,0.00000,4.33553,0.05945,0.20843,1.06833,0.00000,0.00067,0.00067,5.42847,7.04397,3.52901,10.57298
15 0 W B,86,0.00000,4.31101,0.05907,0.20790,1.06699,0.00000,0.00067,0.00067,5.42846,7.04394,3.52906,10.57300
15 0 W B,87,0.00000,4.28677,0.05869,0.20741,1.06567,0.00000,0.00067,0.00067,5.42844,7.04392,3.52911,10.57303
15 0 W B,88,0.00000,4.26279,0.05832,0.20694,1.06437,0.00000,0.00067,0.00067,5.42842,7.04389,3.52916,10.57306
15 0 W B,89,0.00000,4.23907,0.05796,0.20650,1.06310,0.00000,0.00066,0.00066,5.42841,7.04386,3.52922,10.57308
15 0 W B,90,0.00000,4.21562,0.05760,0.20609,1.06186,0.00000,0.00066,0.00066,5.42839,7.04384,3.52927,10.57311
15 0 W B,91,0.00000,4.19243,0.05725,0.20569,1.06063,0.00000,0.00066,0.00066,5.42838,7.04381,3.52932,10.57313
15 0 W B,92,0.00000,4.16950,0.05691,0.20533,1.05943,0.00000,0.00066,0.00066,5.42836,7.04378,3.52937,10.57316
15 0 W B,93,0.00000,4.14683,0.05656,0.20498,1.05826,0.00000,0.00066,0.00066,5.42835,7.04376,3.52942,10.57318
15 0 W B,94,0.00000,4.12441,0.05623,0.20465,1.05711,0.00000,0.00066,0.00066,5.42833,7.04373,3.52947,10.57320
15 0 W B,95,0.00000,4.10225,0.05589,0.20434,1.05598,0.00000,0.00066,0.00066,5.42831,7.04370,3.52952,10.57323
15 0 W B,96,0.00000,4.08035,0.05556,0.20404,1.05487,0.00000,0.00066,0.00066,5.42830,7.04368,3.52958,10.57325
15 0 W B,97,0.00000,4.05869,0.05524,0.20377,1.05378,0.00000,0.00066,0.00066,5.42828,7.04365,3.52963,10.57327
15 0 W B,98,0.00000,4.03728,0.05492,0.20351,1.05271,0.00000,0.00066,0.00066,5.42827,7.04362,3.52967,10.57330
15 0 W B,99,0.00000,4.01612,0.05461,0.20326,1.05166,0.00000,0.00066,0.00066,5.42825,7.04360,3.52972,10.57332
15 0 W B,100,0.00000,3.99520,0.05429,0.20303,1.05064,0.00000,0.00065,0.00065,5.42824,7.04357,3.52977,10.57334
15 0 W B,101,0.00000,3.97452,0.05399,0.20281,1.04963,0.00000,0.00065,0.00065,5.42822,7.04354,3.52982,10.57336
15 0 W B,102,0.00000,3.95408,0.05368,0.20260,1.04864,0.00000,0.00065,0.00065,5.42821,7.04351,3.52987,10.57339
15 0 W B,103,0.00000,3.93388,0.05338,0.20240,1.04767,0.00000,0.00065,0.00065,5.42819,7.04349,3.52992,10.57341
15 0 W B,104,0.00000,3.91391,0.05309,0.20222,1.04672,0.00000,0.00065,0.00065,5.42817,7.04346,3.52997,10.57343
15 0 W B,105,0.00000,3.89417,0.05279,0.20204,1.04579,0.00000,0.00065,0.00065,5.42816,7.04343,3.53001,10.57345
15 0 W B,106,0.00000,3.87466,0.05251,0.20188,1.04487,0.00000,0.00065,0.00065,5.42814,7.04341,3.53006,10.57347
15 0 W B,107,0.00000,3.85539,0.05222,0.20172,1.04397,0.00000,0.00065,0.00065,5.42813,7.04338,3.53011,10.57349
15 0 W B,108,0.00000,3.83633,0.05194,0.20157,1.04309,0.00000,0.00065,0.00065,5.42811,7.04335,3.53016,10.57351
15 0 W B,109,0.00000,3.81750,0.05166,0.20143,1.04223,0.00000,0.00065,0.00065,5.42810,7.04333,3.53020,10.57353
15 0 W B,110,0.00000,3.79889,0.05139,0.20130,1.04138,0.00000,0.00065,0.00065,5.42808,7.04330,3.53025,10.57355
15 0 W B,111,0.00000,3.78050,0.05111,0.20118,1.04055,0.00000,0.00065,0.00065,5.42807,7.04327,3.53030,10.57357
15 0 W B,112,0.00000,3.76232,0.05085,0.20106,1.03974,0.00000,0.00065,0.00065,5.42805,7.04325,3.53034,10.57359
15 0 W B,113,0.00000,3.74436,0.05058,0.20095,1.03894,0.00000,0.00065,0.00065,5.42803,7.04322,3.53039,10.57361
15 0 W B,114,0.00000,3.72661,0.05032,0.20084,1.03815,0.00000,0.00065,0.00065,5.42802,7.04319,3.53043,10.57363
15 0 W B,115,0.00000,3.70906,0.05006,0.20074,1.03738,0.00000,0.00064,0.00064,5.42800,7.04317,3.53048,10.57365
15 0 W B,116,0.00000,3.69173,0.04980,0.20065,1.03663,0.00000,0.00064,0.00064,5.42799,7.04314,3.53052,10.57367
15 0 W B,117,0.00000,3.67459,0.04955,0.20056,1.03589,0.00000,0.00064,0.00064,5.42797,7.04311,3.53057,10.57368
15 0 W B,118,0.00000,3.65766,0.04930,0.20047,1.03516,0.00000,0.00064,0.00064,5.42796,7.04309,3.53061,10.57370
15 0 W B,119,0.00000,3.64093,0.04906,0.20039,1.03445,0.00000,0.00064,0.00064,5.42794,7.04306,3.53066,10.57372
15 0 W B,120,0.00000,3.62440,0.04881,0.20031,1.03375,0.00000,0.00064,0.00064,5.42793,7.04303,3.53070,10.57374
15 0 W B,121,0.00000,3.60806,0.04857,0.20024,1.03306,0.00000,0.00064,0.00064,5.42791,7.04301,3.53075,10.57375
15 0 W B,122,0.00000,3.59191,0.04833,0.20017,1.03239,0.00000,0.00064,0.00064,5.42790,7.04298,3.53079,10.57377
15 0 W B,123,0.00000,3.57595,0.04810,0.20011,1.03173,0.00000,0.00064,0.00064,5.42788,7.04296,3.53083,10.57379
15 0 W B,124,0.00000,3.56018,0.04787,0.20005,1.03108,0.00000,0.00064,0.00064,5.42786,7.04293,3.53088,10.57381
15 0 W B,125,0.00000,3.54460,0.04764,0.19999,1.03044,0.00000,0.00064,0.00064,5.42785,7.04290,3.53092,10.57382
15 0 W B,126,0.00000,3.52921,0.04741,0.19994,1.02982,0.00000,0.00064,0.00064,5.42783,7.04288,3.53096,10.57384
15 0 W B,127,0.00000,3.51399,0.04719,0.19988,1.02921,0.00000,0.00064,0.00064,5.42782,7.04285,3.53101,10.57386
15 0 W B,128,0.00000,3.49895,0.04697,0.19983,1.02861,0.00000,0.00064,0.00064,5.42780,7.04282,3.53105,10.57387
15 0 W B,129,0.00000,3.48409,0.04675,0.19979,1.02802,0.00000,0.00064,0.00064,5.42779,7.04280,3.53109,10.57389
15 0 W B,130,0.00000,3.46941,0.04653,0.19974,1.02744,0.00000,0.00064,0.00064,5.42777,7.04277,3.53113,10.57390
15 0 W B,131,0.00000,3.45490,0.04632,0.19970,1.02687,0.00000,0.00064,0.00064,5.42776,7.04274,3.53118,10.57392
15 0 W B,132,0.00000,3.44056,0.04611,0.19966,1.02632,0.00000,0.00064,0.00064,5.42774,7.04272,3.53122,10.57393
15 0 W B,133,0.00000,3.42639,0.04590,0.19962,1.02577,0.00000,0.00064,0.00064,5.42772,7.04269,3.53126,10.57395
15 0 W B,134,0.00000,3.41239,0.04569,0.19959,1.02524,0.00000,0.00064,0.00064,5.42771,7.04266,3.53130,10.57396
15 0 W B,135,0.00000,3.39855,0.04549,0.19955,1.02471,0.00000,0.00064,0.00064,5.42769,7.04264,3.53134,10.57398
15 0 W B,136,0.00000,3.38488,0.04529,0.19952,1.02420,0.00000,0.00063,0.00063,5.42768,7.04261,3.53138,10.57399
15 0 W B,137,0.00000,3.37137,0.04509,0.19949,1.02369,0.00000,0.00063,0.00063,5.42766,7.04258,3.53142,10.57401
15 0 W B,138,0.00000,3.35801,0.04489,0.19946,1.02319,0.00000,0.00063,0.00063,5.42765,7.04256,3.53147,10.57402
15 0 W B,139,0.00000,3.34482,0.04470,0.19943,1.02271,0.00000,0.00063,0.00063,5.42763,7.04253,3.53151,10.57404
15 0 W B,140,0.00000,3.33178,0.04451,0.19941,1.02223,0.00000,0.00063,0.00063,5.42762,7.04250,3.53155,10.57405
15 0 W B,141,0.00000,3.31889,0.04432,0.19938,1.02176,0.00000,0.00063,0.00063,5.42760,7.04248,3.53159,10.57406
15 0 W B,142,0.00000,3.30616,0.04413,0.19936,1.02130,0.00000,0.00063,0.00063,5.42759,7.04245,3.53163,10.57408
15 0 W B,143,0.00000,3.29357,0.04394,0.19934,1.02085,0.00000,0.00063,0.00063,5.42757,7.04242,3.53167,10.57409
15 0 W B,144,0.00000,3.28114,0.04376,0.19932,1.02041,0.00000,0.00063,0.00063,5.42755,7.04240,3.53171,10.57410
15 0 W B,145,0.00000,3.26885,0.04358,0.19929,1.01997,0.00000,0.00063,0.00063,5.42754,7.04237,3.53175,10.57412
15 0 W B,146,0.00000,3.25670,0.04340,0.19928,1.01955,0.00000,0.00063,0.00063,5.42752,7.04234,3.53179,10.57413
15 0 W B,147,0.00000,3.24470,0.04323,0.19926,1.01913,0.00000,0.00063,0.00063,5.42751,7.04232,3.53183,10.57414
15 0 W B,148,0.00000,3.23284,0.04305,0.19924,1.01872,0.00000,0.00063,0.00063,5.42749,7.04229,3.53187,10.57416
15 0 W B,149,0.00000,3.22111,0.04288,0.19922,1.01832,0.00000,0.00063,0.00063,5.42748,7.04226,3.53191,10.57417
15 0 W B,150,0.00000,3.20953,0.04271,0.19921,1.01792,0.00000,0.00063,0.00063,5.42746,7.04224,3.53194,10.57418
15 0 W B,151,0.00000,3.19808,0.04254,0.19919,1.01754,0.00000,0.00063,0.00063,5.42745,7.04221,3.53198,10.57419
15 0 W B,152,0.00000,3.18677,0.04237,0.19918,1.01716,0.00000,0.00063,0.00063,5.42743,7.04218,3.53202,10.57421
15 0 W B,153,0.00000,3.17558,0.04221,0.19916,1.01678,0.00000,0.00063,0.00063,5.42742,7.04216,3.53206,10.57422
15 0 W B,154,0.00000,3.16453,0.04205,0.19915,1.01642,0.00000,0.00063,0.00063,5.42740,7.04213,3.53210,10.57423
15 0 W B,155,0.00000,3.15361,0.04189,0.19914,1.01606,0.00000,0.00063,0.00063,5.42738,7.04211,3.53214,10.57424
15 0 W B,156,0.00000,3.14282,0.04173,0.19912,1.01570,0.00000,0.00063,0.00063,5.42737,7.04208,3.53218,10.57425
15 0 W B,157,0.00000,3.13215,0.04157,0.19911,1.01536,0.00000,0.00063,0.00063,5.42735,7.04205,3.53221,10.57427
15 0 W B,158,0.00000,3.12161,0.04142,0.19910,1.01502,0.00000,0.00063,0.00063,5.42734,7.04203,3.53225,10.57428
15 0 W B,159,0.00000,3.11119,0.04126,0.19909,1.01469,0.00000,0.00063,0.00063,5.42732,7.04200,3.53229,10.57429
15 0 W B,160,0.00000,3.10090,0.04111,0.19908,1.01436,0.00000,0.00063,0.00063,5.42731,7.04197,3.53233,10.57430
15 B RE A,0,5.71250,8.07127,4.65598,18.69769,5.81247,0.00000,0.01587,0.01587,16.28994,21.13989,10.57002,31.70991
15 B RE A,1,0.00000,10.18945,4.19353,16.89935,5.75126,0.00000,0.01458,0.01458,16.28988,21.13977,10.57005,31.70982
15 B RE A,2,0.00000,12.09153,3.78149,15.28416,5.69136,0.00001,0.01342,0.01341,16.28981,21.13966,10.57009,31.70975
15 B RE A,3,0.00000,13.79963,3.41437,13.83341,5.63273,0.00001,0.01238,0.01237,16.28975,21.13955,10.57013,31.70968
15 B RE A,4,0.00000,15.33370,3.08728,12.53029,5.57534,0.00002,0.01144,0.01143,16.28969,21.13944,10.57019,31.70962
15 B RE A,5,0.00000,16.71165,2.79585,11.35971,5.51916,0.00002,0.01060,0.01058,16.28963,21.13932,10.57025,31.70957
15 B RE A,6,0.00000,17.94958,2.53620,10.30812,5.46417,0.00002,0.00984,0.00982,16.28956,21.13921,10.57031,31.70952
15 B RE A,7,0.00000,19.06194,2.30484,9.36333,5.41035,0.00002,0.00915,0.00913,16.28950,21.13910,10.57038,31.70948
15 B RE A,8,0.00000,20.06168,2.09870,8.51443,5.35765,0.00002,0.00854,0.00851,16.28944,21.13899,10.57046,31.70945
15 B RE A,9,0.00000,20.96044,1.91500,7.75159,5.30607,0.00003,0.00799,0.00796,16.28938,21.13888,10.57054,31.70942
15 B RE A,10,0.00000,21.76862,1.75129,7.06599,5.25557,0.00003,0.00749,0.00746,16.28932,21.13877,10.57062,31.70939
15 B RE A,11,0.00000,22.49558,1.60538,6.44971,5.20613,0.00003,0.00704,0.00701,16.28926,21.13866,10.57071,31.70937
15 B RE A,12,0.00000,23.14969,1.47532,5.89564,5.15774,0.00003,0.00663,0.00660,16.28920,21.13855,10.57079,31.70935
15 B RE A,13,0.00000,23.73844,1.35937,5.39740,5.11035,0.00003,0.00626,0.00623,16.28914,21.13845,10.57089,31.70933
15 B RE A,14,5.71250,29.94659,1.26402,4.94929,5.06398,0.00003,0.00593,0.00590,16.28908,21.13834,10.57100,31.70934
15 B RE A,15,0.00000,30.39073,1.17891,4.54611,5.01858,0.00004,0.00564,0.00560,16.28902,21.13823,10.57113,31.70936
15 B RE A,16,0.00000,30.78864,1.10291,4.18324,4.97413,0.00004,0.00537,0.00533,16.28896,21.13812,10.57125,31.70937
15 B RE A,17,0.00000,31.14507,1.03502,3.85652,4.93060,0.00005,0.00513,0.00508,16.28890,21.13802,10.57137,31.70939
15 B RE A,18,0.00000,31.46427,0.97435,3.56224,4.88798,0.00005,0.00491,0.00486,16.28884,21.13791,10.57150,31.70941
15 B RE A,19,0.00000,31.75003,0.92009,3.29704,4.84626,0.00005,0.00471,0.00466,16.28878,21.13781,10.57162,31.70943
15 B RE A,20,0.00000,32.00574,0.87155,3.05793,4.80540,0.00005,0.00453,0.00448,16.28872,21.13771,10.57175,31.70945
15 B RE A,21,0.00000,32.23445,0.82809,2.84223,4.76539,0.00006,0.00437,0.00431,16.28866,21.13760,10.57188,31.70948
15 B RE A,22,0.00000,32.43888,0.78915,2.64751,4.72621,0.00006,0.00422,0.00416,16.28861,21.13750,10.57200,31.70950
15 B RE A,23,0.00000,32.62144,0.75426,2.47162,4.68784,0.00006,0.00408,0.00402,16.28855,21.13740,10.57213,31.70953
15 B RE A,24,0.00000,32.78432,0.72295,2.31262,4.65027,0.00006,0.00396,0.00390,16.28849,21.13730,10.57226,31.70956
15 B RE A,25,0.00000,32.92946,0.69485,2.16878,4.61348,0.00006,0.00384,0.00378,16.28843,21.13720,10.57239,31.70958
15 B RE A,26,0.00000,33.05860,0.66961,2.03854,4.57745,0.00006,0.00374,0.00367,16.28838,21.13710,10.57251,31.70961
15 B RE A,27,0.00000,33.17330,0.64692,1.92051,4.54216,0.00006,0.00364,0.00358,16.28832,21.13700,10.57264,31.70964
15 B RE A,28,5.71250,38.95571,0.63333,1.81350,4.50763,0.00007,0.00355,0.00349,16.28827,21.13690,10.57280,31.70970
15 B RE A,29,0.00000,39.01464,0.62107,1.71635,4.47380,0.00007,0.00348,0.00341,16.28821,21.13681,10.57295,31.70975
15 B RE A,30,0.00000,39.06365,0.60998,1.62804,4.44068,0.00007,0.00341,0.00333,16.28816,21.13671,10.57310,31.70981
15 B RE A,31,0.00000,39.10366,0.59996,1.54770,4.40823,0.00008,0.00334,0.00326,16.28810,21.13662,10.57325,31.70987
15 B RE A,32,0.00000,39.13552,0.59088,1.47452,4.37645,0.00008,0.00328,0.00320,16.28805,21.13652,10.57341,31.70993
15 B RE A,33,0.00000,39.15998,0.58265,1.40780,4.34533,0.00008,0.00322,0.00314,16.28799,21.13643,10.57356,31.70998
15 B RE A,34,0.00000,39.17772,0.57519,1.34690,4.31484,0.00008,0.00317,0.00308,16.28794,21.13634,10.57371,31.71004
15 B RE A,35,0.00000,39.18935,0.56841,1.29124,4.28498,0.00009,0.00312,0.00303,16.28789,21.13624,10.57386,31.71010
15 B RE A,36,0.00000,39.19543,0.56224,1.24033,4.25573,0.00009,0.00307,0.00298,16.28783,21.13615,10.57401,31.71016
15 B RE A,37,0.00000,39.19644,0.55663,1.19370,4.22708,0.00009,0.00303,0.00294,16.28778,21.13606,10.57416,31.71022
15 B RE A,38,0.00000,39.19283,0.55152,1.15094,4.19902,0.00009,0.00299,0.00290,16.28773,21.13597,10.57431,31.71028
15 B RE A,39,0.00000,39.18501,0.54685,1.11169,4.17153,0.00009,0.00295,0.00286,16.28768,21.13588,10.57446,31.71034
15 B RE A,40,0.00000,39.17335,0.54258,1.07562,4.14460,0.00009,0.00292,0.00282,16.28762,21.13579,10.57461,31.71040
15 B RE A,41,0.00000,39.15817,0.53867,1.04245,4.11822,0.00009,0.00288,0.00279,16.28757,21.13570,10.57476,31.71046
15 B RE A,42,5.71250,44.82204,0.54129,1.01195,4.09240,0.00009,0.00285,0.00276,16.28752,21.13562,10.57493,31.71055
15 B RE A,43,0.00000,44.77109,0.54363,0.98383,4.06710,0.00010,0.00282,0.00272,16.28747,21.13553,10.57510,31.71063
15 B RE A,44,0.00000,44.71802,0.54573,0.95788,4.04232,0.00010,0.00280,0.00270,16.28742,21.13544,10.57528,31.71072
15 B RE A,45,0.00000,44.66303,0.54759,0.93391,4.01804,0.00010,0.00277,0.00267,16.28737,21.13536,10.57545,31.71080
15 B RE A,46,0.00000,44.60627,0.54924,0.91175,3.99426,0.00011,0.00275,0.00264,16.28732,21.13527,10.57562,31.71089
15 B RE A,47,0.00000,44.54791,0.55069,0.89123,3.97095,0.00011,0.00273,0.00262,16.28727,21.13519,10.57579,31.71098
15 B RE A,48,0.00000,44.48808,0.55195,0.87223,3.94812,0.00011,0.00271,0.00259,16.28722,21.13510,10.57596,31.71106
15 B RE A,49,0.00000,44.42691,0.55305,0.85461,3.92575,0.00011,0.00269,0.00257,16.28717,21.13502,10.57613,31.71115
15 B RE A,50,0.00000,44.36452,0.55398,0.83826,3.90384,0.00012,0.00267,0.00255,16.28712,21.13493,10.57630,31.71123
15 B RE A,51,0.00000,44.30101,0.55477,0.82308,3.88236,0.00012,0.00265,0.00253,16.28707,21.13485,10.57647,31.71132
15 B RE A,52,0.00000,44.23648,0.55542,0.80896,3.86132,0.00012,0.00263,0.00251,16.28702,21.13477,10.57663,31.71140
15 B RE A,53,0.00000,44.17101,0.55595,0.79584,3.84071,0.00012,0.00261,0.00249,16.28697,21.13468,10.57680,31.71149
15 B RE A,54,0.00000,44.10471,0.55636,0.78362,3.82051,0.00012,0.00260,0.00248,16.28692,21.13460,10.57697,31.71157
15 B RE A,55,0.00000,44.03763,0.55667,0.77223,3.80071,0.00012,0.00258,0.00246,16.28688,21.13452,10.57713,31.71166
15 B RE A,56,5.71250,49.65272,0.56292,0.76168,3.78134,0.00012,0.00256,0.00244,16.28683,21.13444,10.57732,31.71176
15 B RE A,57,0.00000,49.55524,0.56856,0.75183,3.76235,0.00013,0.00255,0.00243,16.28678,21.13436,10.57751,31.71187
15 B RE A,58,0.00000,49.45770,0.57363,0.74264,3.74375,0.00013,0.00254,0.00241,16.28673,21.13428,10.57770,31.71198
15 B RE A,59,0.00000,49.36013,0.57819,0.73406,3.72552,0.00013,0.00253,0.00240,16.28668,21.13420,10.57789,31.71209
15 B RE A,60,0.00000,49.26255,0.58226,0.72604,3.70765,0.00013,0.00252,0.00238,16.28664,21.13412,10.57808,31.71219
15 B RE A,61,0.00000,49.16498,0.58590,0.71855,3.69014,0.00014,0.00251,0.00237,16.28659,21.13404,10.57826,31.71230
15 B RE A,62,0.00000,49.06743,0.58913,0.71154,3.67298,0.00014,0.00250,0.00236,16.28654,21.13396,10.57845,31.71241
15 B RE A,63,0.00000,48.96993,0.59199,0.70497,3.65617,0.00014,0.00249,0.00235,16.28649,21.13388,10.57863,31.71251
15 B RE A,64,0.00000,48.87249,0.59450,0.69883,3.63969,0.00014,0.00248,0.00233,16.28644,21.13380,10.57882,31.71262
15 B RE A,65,0.00000,48.77513,0.59670,0.69308,3.62354,0.00014,0.00247,0.00232,16.28640,21.13372,10.57900,31.71272
15 B RE A,66,0.00000,48.67785,0.59861,0.68768,3.60771,0.00015,0.00246,0.00231,16.28635,21.13364,10.57919,31.71283
15 B RE A,67,0.00000,48.58067,0.60025,0.68263,3.59219,0.00015,0.00245,0.00230,16.28630,21.13356,10.57937,31.71293
15 B RE A,68,0.00000,48.48360,0.60166,0.67789,3.57699,0.00015,0.00244,0.00229,16.28626,21.13348,10.57955,31.71304
15 B RE A,69,0.00000,48.38665,0.60284,0.67344,3.56209,0.00015,0.00243,0.00228,16.28621,21.13340,10.57974,31.71314
15 B RE A,70,5.71250,53.97300,0.60983,0.66932,3.54750,0.00015,0.00242,0.00227,16.28616,21.13333,10.57994,31.71327
15 B RE A,71,0.00000,53.84752,0.61613,0.66546,3.53321,0.00015,0.00241,0.00226,16.28611,21.13325,10.58014,31.71339
15 B RE A,72,0.00000,53.72270,0.62178,0.66183,3.51919,0.00016,0.00241,0.00225,16.28607,21.13317,10.58035,31.71352
15 B RE A,73,0.00000,53.59851,0.62684,0.65842,3.50546,0.00016,0.00240,0.00224,16.28602,21.13309,10.58055,31.71364
15 B RE A,74,0.00000,53.47493,0.63135,0.65521,3.49199,0.00016,0.00240,0.00223,16.28597,21.13302,10.58075,31.71377
15 B RE A,75,0.00000,53.35194,0.63535,0.65220,3.47880,0.00016,0.00239,0.00222,16.28593,21.13294,10.58096,31.71389
15 B RE A,76,0.00000,53.22953,0.63890,0.64937,3.46586,0.00017,0.00238,0.00222,16.28588,21.13286,10.58116,31.71402
15 B RE A,77,0.00000,53.10769,0.64201,0.64670,3.45318,0.00017,0.00238,0.00221,16.28583,21.13279,10.58136,31.71414
15 B RE A,78,0.00000,52.98639,0.64474,0.64420,3.44075,0.00017,0.00237,0.00220,16.28579,21.13271,10.58156,31.71426
15 B RE A,79,0.00000,52.86562,0.64710,0.64184,3.42857,0.00017,0.00236,0.00219,16.28574,21.13263,10.58176,31.71439
15 B RE A,80,0.00000,52.74538,0.64914,0.63962,3.41662,0.00017,0.00236,0.00219,16.28569,21.13256,10.58195,31.71451
15 B RE A,81,0.00000,52.62565,0.65088,0.63753,3.40492,0.00017,0.00235,0.00218,16.28565,21.13248,10.58215,31.71463
15 B RE A,82,0.00000,52.50642,0.65235,0.63557,3.39344,0.00017,0.00235,0.00217,16.28560,21.13240,10.58235,31.71475
15 B RE A,83,0.00000,52.38767,0.65356,0.63371,3.38219,0.00018,0.00234,0.00217,16.28556,21.13233,10.58255,31.71487
15 B RE A,84,5.71250,57.95272,0.66058,0.63203,3.37117,0.00018,0.00233,0.00216,16.28551,21.13225,10.58277,31.71502
15 B RE A,85,0.00000,57.80627,0.66687,0.63043,3.36038,0.00018,0.00233,0.00215,16.28546,21.13218,10.58298,31.71516
15 B RE A,86,0.00000,57.66077,0.67249,0.62894,3.34980,0.00018,0.00233,0.00215,16.28542,21.13210,10.58320,31.71530
15 B RE A,87,0.00000,57.51620,0.67749,0.62752,3.33942,0.00019,0.00233,0.00214,16.28537,21.13203,10.58342,31.71544
15 B RE A,88,0.00000,57.37251,0.68193,0.62619,3.32925,0.00019,0.00232,0.00213,16.28532,21.13195,10.58364,31.71559
15 B RE A,89,0.00000,57.22968,0.68585,0.62493,3.31927,0.00019,0.00232,0.00213,16.28528,21.13187,10.58385,31.71573
15 B RE A,90,0.00000,57.08768,0.68929,0.62375,3.30950,0.00019,0.00232,0.00212,16.28523,21.13180,10.58407,31.71587
15 B RE A,91,0.00000,56.94649,0.69229,0.62263,3.29991,0.00019,0.00231,0.00212,16.28519,21.13172,10.58428,31.71601
15 B RE A,92,0.00000,56.80606,0.69488,0.62158,3.29051,0.00020,0.00231,0.00211,16.28514,21.13165,10.58449,31.71614
15 B RE A,93,0.00000,56.66640,0.69711,0.62058,3.28129,0.00020,0.00230,0.00211,16.28509,21.13158,10.58471,31.71628
15 B RE A,94,0.00000,56.52746,0.69901,0.61964,3.27226,0.00020,0.00230,0.00210,16.28505,21.13150,10.58492,31.71642
15 B RE A,95,0.00000,56.38924,0.70059,0.61876,3.26340,0.00020,0.00230,0.00210,16.28500,21.13143,10.58513,31.71656
15 B RE A,96,0.00000,56.25171,0.70189,0.61792,3.25471,0.00020,0.00229,0.00209,16.28496,21.13135,10.58534,31.71670
15 B RE A,97,0.00000,56.11485,0.70294,0.61713,3.24619,0.00020,0.00229,0.00209,16.28491,21.13128,10.58555,31.71683
15 B RE A,98,5.71250,61.66205,0.70980,0.61644,3.23786,0.00020,0.00228,0.00208,16.28486,21.13120,10.58579,31.71699
15 B RE A,99,0.00000,61.49792,0.71592,0.61579,3.22969,0.00021,0.00228,0.00208,16.28482,21.13113,10.58602,31.71715
15 B RE A,100,0.00000,61.33490,0.72136,0.61517,3.22168,0.00021,0.00228,0.00207,16.28477,21.13106,10.58625,31.71731
15 B RE A,101,0.00000,61.17295,0.72619,0.61459,3.21382,0.00021,0.00228,0.00207,16.28473,21.13098,10.58648,31.71746
15 B RE A,102,0.00000,61.01205,0.73044,0.61404,3.20612,0.00021,0.00228,0.00206,16.28468,21.13091,10.58671,31.71762
15 B RE A,103,0.00000,60.85214,0.73417,0.61352,3.19856,0.00022,0.00228,0.00206,16.28463,21.13084,10.58694,31.71777
15 B RE A,104,0.00000,60.69320,0.73741,0.61303,3.19115,0.00022,0.00227,0.00205,16.28459,21.13076,10.58717,31.71793
15 B RE A,105,0.00000,60.53521,0.74022,0.61256,3.18389,0.00022,0.00227,0.00205,16.28454,21.13069,10.58739,31.71808
15 B RE A,106,0.00000,60.37811,0.74262,0.61212,3.17676,0.00022,0.00227,0.00205,16.28450,21.13062,10.58762,31.71824
15 B RE A,107,0.00000,60.22190,0.74465,0.61170,3.16978,0.00022,0.00227,0.00204,16.28445,21.13054,10.58785,31.71839
15 B RE A,108,0.00000,60.06655,0.74634,0.61130,3.16293,0.00022,0.00226,0.00204,16.28440,21.13047,10.58807,31.71854
15 B RE A,109,0.00000,59.91202,0.74772,0.61093,3.15621,0.00022,0.00226,0.00204,16.28436,21.13040,10.58830,31.71869
15 B RE A,110,0.00000,59.75831,0.74882,0.61058,3.14962,0.00023,0.00226,0.00203,16.28431,21.13032,10.58852,31.71885
15 B RE A,111,0.00000,59.60539,0.74966,0.61024,3.14316,0.00023,0.00225,0.00203,16.28427,21.13025,10.58875,31.71900
15 B RE A,112,5.71250,65.13667,0.75633,0.60998,3.13684,0.00023,0.00225,0.00203,16.28422,21.13018,10.58899,31.71917
15 B RE A,113,0.00000,64.95672,0.76226,0.60973,3.13065,0.00023,0.00225,0.00202,16.28418,21.13011,10.58924,31.71934
15 B RE A,114,0.00000,64.77799,0.76751,0.60949,3.12457,0.00023,0.00225,0.00202,16.28413,21.13003,10.58948,31.71951
15 B RE A,115,0.00000,64.60044,0.77213,0.60926,3.11861,0.00024,0.00225,0.00201,16.28408,21.12996,10.58972,31.71968
15 B RE A,116,0.00000,64.42402,0.77619,0.60905,3.11277,0.00024,0.00225,0.00201,16.28404,21.12989,10.58996,31.71985
15 B RE A,117,0.00000,64.24869,0.77971,0.60884,3.10703,0.00024,0.00225,0.00201,16.28399,21.12982,10.59021,31.72002
15 B RE A,118,0.00000,64.07443,0.78276,0.60865,3.10141,0.00024,0.00225,0.00201,16.28395,21.12974,10.59045,31.72019
15 B RE A,119,0.00000,63.90119,0.78536,0.60846,3.09590,0.00024,0.00225,0.00200,16.28390,21.12967,10.59069,31.72036
15 B RE A,120,0.00000,63.72895,0.78756,0.60829,3.09049,0.00025,0.00224,0.00200,16.28386,21.12960,10.59093,31.72053
15 B RE A,121,0.00000,63.55768,0.78939,0.60812,3.08518,0.00025,0.00224,0.00200,16.28381,21.12953,10.59116,31.72069
15 B RE A,122,0.00000,63.38735,0.79088,0.60796,3.07998,0.00025,0.00224,0.00199,16.28376,21.12946,10.59140,31.72086
15 B RE A,123,0.00000,63.21794,0.79206,0.60780,3.07488,0.00025,0.00224,0.00199,16.28372,21.12939,10.59164,31.72103
15 B RE A,124,0.00000,63.04943,0.79295,0.60766,3.06987,0.00025,0.00224,0.00199,16.28367,21.12931,10.59188,31.72119
15 B RE A,125,0.00000,62.88178,0.79360,0.60752,3.06496,0.00025,0.00224,0.00199,16.28363,21.12924,10.59211,31.72135
15 B RE A,126,5.71250,68.39844,0.80008,0.60744,3.06017,0.00025,0.00223,0.00198,16.28358,21.12917,10.59237,31.72154
15 B RE A,127,0.00000,68.20394,0.80582,0.60736,3.05546,0.00025,0.00223,0.00198,16.28354,21.12910,10.59262,31.72173
15 B RE A,128,0.00000,68.01073,0.81088,0.60729,3.05085,0.00026,0.00223,0.00198,16.28349,21.12903,10.59288,31.72191
15 B RE A,129,0.00000,67.81877,0.81531,0.60722,3.04632,0.00026,0.00223,0.00198,16.28344,21.12896,10.59314,31.72210
15 B RE A,130,0.00000,67.62802,0.81917,0.60715,3.04188,0.00026,0.00223,0.00197,16.28340,21.12889,10.59339,31.72228
15 B RE A,131,0.00000,67.43844,0.82251,0.60708,3.03753,0.00026,0.00223,0.00197,16.28335,21.12882,10.59364,31.72246
15 B RE A,132,0.00000,67.24999,0.82536,0.60702,3.03325,0.00026,0.00223,0.00197,16.28331,21.12875,10.59389,31.72264
15 B RE A,133,0.00000,67.06264,0.82777,0.60696,3.02906,0.00027,0.00223,0.00197,16.28326,21.12868,10.59415,31.72282
15 B RE A,134,0.00000,66.87636,0.82978,0.60689,3.02495,0.00027,0.00223,0.00196,16.28322,21.12861,10.59440,31.72301
15 B RE A,135,0.00000,66.69111,0.83142,0.60683,3.02092,0.00027,0.00223,0.00196,16.28317,21.12854,10.59465,31.72318
15 B RE A,136,0.00000,66.50688,0.83272,0.60678,3.01696,0.00027,0.00223,0.00196,16.28312,21.12847,10.59490,31.72336
15 B RE A,137,0.00000,66.32363,0.83371,0.60672,3.01308,0.00027,0.00223,0.00196,16.28308,21.12840,10.59515,31.72354
15 B RE A,138,0.00000,66.14134,0.83442,0.60666,3.00928,0.00027,0.00223,0.00196,16.28303,21.12833,10.59539,31.72372
15 B RE A,139,0.00000,65.95999,0.83487,0.60661,3.00554,0.00027,0.00223,0.00195,16.28299,21.12826,10.59564,31.72390
15 B RE A,140,5.71250,71.46300,0.84118,0.60661,3.00190,0.00027,0.00222,0.00195,16.28294,21.12819,10.59591,31.72410
15 B RE A,141,0.00000,71.25492,0.84674,0.60661,2.99832,0.00027,0.00222,0.00195,16.28290,21.12812,10.59618,31.72429
15 B RE A,142,0.00000,71.04820,0.85162,0.60661,2.99481,0.00028,0.00223,0.00195,16.28285,21.12805,10.59644,31.72449
15 B RE A,143,0.00000,70.84279,0.85587,0.60661,2.99137,0.00028,0.00223,0.00195,16.28281,21.12798,10.59671,31.72469
15 B RE A,144,0.00000,70.63865,0.85955,0.60660,2.98800,0.00028,0.00223,0.00194,16.28276,21.12791,10.59697,31.72488
15 B RE A,145,0.00000,70.43573,0.86271,0.60659,2.98468,0.00028,0.00223,0.00194,16.28271,21.12784,10.59724,31.72508
15 B RE A,146,0.00000,70.23401,0.86538,0.60658,2.98143,0.00029,0.00223,0.00194,16.28267,21.12777,10.59750,31.72527
15 B RE A,147,0.00000,70.03345,0.86761,0.60657,2.97825,0.00029,0.00223,0.00194,16.28262,21.12770,10.59776,31.72547
15 B RE A,148,0.00000,69.83402,0.86944,0.60656,2.97512,0.00029,0.00223,0.00194,16.28258,21.12763,10.59803,31.72566
15 B RE A,149,0.00000,69.63568,0.87090,0.60655,2.97205,0.00029,0.00223,0.00194,16.28253,21.12757,10.59829,31.72585
15 B RE A,150,0.00000,69.43842,0.87202,0.60653,2.96904,0.00029,0.00222,0.00193,16.28249,21.12750,10.59855,31.72604
15 B RE A,151,0.00000,69.24220,0.87284,0.60652,2.96609,0.00029,0.00222,0.00193,16.28244,21.12743,10.59881,31.72623
15 B RE A,152,0.00000,69.04699,0.87337,0.60650,2.96319,0.00029,0.00222,0.00193,16.28240,21.12736,10.59906,31.72642
15 B RE A,153,0.00000,68.85279,0.87365,0.60648,2.96034,0.00029,0.00222,0.00193,16.28235,21.12729,10.59932,31.72661
15 B RE A,154,5.71250,74.34299,0.87979,0.60652,2.95757,0.00029,0.00222,0.00193,16.28230,21.12722,10.59960,31.72682
15 B RE A,155,0.00000,74.12215,0.88518,0.60655,2.95485,0.00030,0.00222,0.00193,16.28226,21.12716,10.59988,31.72703
15 B RE A,156,0.00000,73.90273,0.88990,0.60658,2.95219,0.00030,0.00222,0.00192,16.28221,21.12709,10.60016,31.72724
15 B RE A,157,0.00000,73.68467,0.89398,0.60661,2.94957,0.00030,0.00222,0.00192,16.28217,21.12702,10.60043,31.72745
15 B RE A,158,0.00000,73.46794,0.89749,0.60663,2.94700,0.00030,0.00223,0.00192,16.28212,21.12695,10.60071,31.72766
15 B RE A,159,0.00000,73.25249,0.90048,0.60665,2.94448,0.00030,0.00223,0.00192,16.28208,21.12689,10.60098,31.72787
15 B RE A,160,0.00000,73.03829,0.90298,0.60666,2.94201,0.00031,0.00223,0.00192,16.28203,21.12682,10.60126,31.72807
15 B RE B,0,5.71250,6.34108,1.49048,5.96336,1.36758,0.00000,0.00481,0.00481,5.42998,7.04663,3.52345,10.57008
15 B RE B,1,0.00000,6.88231,1.34817,5.39157,1.36032,0.00000,0.00441,0.00441,5.42996,7.04659,3.52359,10.57018
15 B RE B,2,0.00000,7.34596,1.22119,4.87800,1.35320,0.00001,0.00405,0.00404,5.42994,7.04655,3.52373,10.57028
15 B RE B,3,0.00000,7.74085,1.10785,4.41670,1.34623,0.00001,0.00373,0.00371,5.42992,7.04651,3.52389,10.57040
15 B RE B,4,0.00000,8.07493,1.00664,4.00232,1.33941,0.00001,0.00344,0.00342,5.42990,7.04648,3.52405,10.57053
15 B RE B,5,0.00000,8.35532,0.91623,3.63009,1.33272,0.00002,0.00317,0.00316,5.42988,7.04644,3.52422,10.57066
15 B RE B,6,0.00000,8.58839,0.83544,3.29567,1.32617,0.00002,0.00294,0.00292,5.42985,7.04640,3.52440,10.57080
15 B RE B,7,0.00000,8.77981,0.76320,2.99520,1.31975,0.00002,0.00273,0.00271,5.42983,7.04636,3.52458,10.57094
15 B RE B,8,0.00000,8.93466,0.69859,2.72521,1.31346,0.00002,0.00254,0.00252,5.42981,7.04632,3.52476,10.57109
15 B RE B,9,0.00000,9.05743,0.64075,2.48257,1.30729,0.00002,0.00237,0.00234,5.42979,7.04629,3.52495,10.57124
15 B RE B,10,0.00000,9.15210,0.58895,2.26449,1.30126,0.00003,0.00222,0.00219,5.42977,7.04625,3.52513,10.57138
15 B RE B,11,0.00000,9.22222,0.54253,2.06843,1.29534,0.00003,0.00208,0.00205,5.42975,7.04621,3.52532,10.57153
15 B RE B,12,0.00000,9.27090,0.50091,1.89214,1.28954,0.00003,0.00195,0.00193,5.42973,7.04618,3.52551,10.57168
15 B RE B,13,0.00000,9.30089,0.46355,1.73360,1.28386,0.00003,0.00184,0.00181,5.42971,7.04614,3.52569,10.57183
15 B RE B,14,5.71250,14.87713,0.43780,1.59102,1.27831,0.00003,0.00174,0.00171,5.42969,7.04610,3.52601,10.57212
15 B RE B,15,0.00000,14.73276,0.41439,1.46271,1.27288,0.00003,0.00165,0.00162,5.42967,7.04607,3.52633,10.57240
15 B RE B,16,0.00000,14.58181,0.39310,1.34721,1.26755,0.00004,0.00157,0.00154,5.42965,7.04603,3.52664,10.57268
15 B RE B,17,0.00000,14.42558,0.37369,1.24319,1.26233,0.00004,0.00150,0.00146,5.42963,7.04600,3.52695,10.57294
15 B RE B,18,0.00000,14.26521,0.35596,1.14947,1.25721,0.00004,0.00144,0.00140,5.42961,7.04596,3.52724,10.57321
15 B RE B,19,0.00000,14.10166,0.33975,1.06500,1.25219,0.00004,0.00138,0.00134,5.42959,7.04593,3.52753,10.57346
15 B RE B,20,0.00000,13.93577,0.32490,0.98880,1.24728,0.00005,0.00133,0.00128,5.42957,7.04589,3.52782,10.57371
15 B RE B,21,0.00000,13.76825,0.31127,0.92004,1.24246,0.00005,0.00128,0.00123,5.42955,7.04586,3.52810,10.57395
15 B RE B,22,0.00000,13.59971,0.29873,0.85795,1.23773,0.00005,0.00124,0.00119,5.42953,7.04582,3.52837,10.57419
15 B RE B,23,0.00000,13.43068,0.28719,0.80184,1.23310,0.00005,0.00120,0.00115,5.42951,7.04579,3.52863,10.57442
15 B RE B,24,0.00000,13.26159,0.27653,0.75109,1.22856,0.00005,0.00116,0.00111,5.42950,7.04576,3.52889,10.57465
15 B RE B,25,0.00000,13.09282,0.26668,0.70516,1.22411,0.00005,0.00113,0.00108,5.42948,7.04572,3.52915,10.57487
15 B RE B,26,0.00000,12.92469,0.25756,0.66355,1.21975,0.00005,0.00110,0.00105,5.42946,7.04569,3.52940,10.57509
15 B RE B,27,0.00000,12.75747,0.24909,0.62582,1.21547,0.00005,0.00107,0.00102,5.42944,7.04566,3.52964,10.57530
15 B RE B,28,5.71250,18.17317,0.24783,0.59164,1.21130,0.00005,0.00105,0.00099,5.42942,7.04562,3.53000,10.57563
15 B RE B,29,0.00000,17.88168,0.24636,0.56058,1.20721,0.00005,0.00103,0.00097,5.42940,7.04559,3.53036,10.57595
15 B RE B,30,0.00000,17.59545,0.24469,0.53233,1.20321,0.00006,0.00101,0.00095,5.42938,7.04556,3.53070,10.57626
15 B RE B,31,0.00000,17.31444,0.24285,0.50662,1.19927,0.00006,0.00099,0.00093,5.42936,7.04553,3.53104,10.57657
15 B RE B,32,0.00000,17.03859,0.24085,0.48318,1.19542,0.00006,0.00097,0.00091,5.42935,7.04550,3.53137,10.57687
15 B RE B,33,0.00000,16.76783,0.23873,0.46179,1.19164,0.00006,0.00096,0.00090,5.42933,7.04547,3.53170,10.57716
15 B RE B,34,0.00000,16.50209,0.23649,0.44225,1.18794,0.00007,0.00095,0.00088,5.42931,7.04544,3.53201,10.57745
15 B RE B,35,0.00000,16.24129,0.23414,0.42439,1.18430,0.00007,0.00093,0.00087,5.42929,7.04541,3.53232,10.57773
15 B RE B,36,0.00000,15.98535,0.23171,0.40803,1.18074,0.00007,0.00092,0.00085,5.42928,7.04538,3.53263,10.57800
15 B RE B,37,0.00000,15.73419,0.22921,0.39304,1.17725,0.00007,0.00091,0.00084,5.42926,7.04535,3.53293,10.57827
15 B RE B,38,0.00000,15.48774,0.22665,0.37928,1.17382,0.00007,0.00090,0.00083,5.42924,7.04532,3.53322,10.57853
15 B RE B,39,0.00000,15.24590,0.22403,0.36664,1.17046,0.00007,0.00089,0.00082,5.42922,7.04529,3.53350,10.57879
15 B RE B,40,0.00000,15.00859,0.22138,0.35502,1.16717,0.00007,0.00088,0.00081,5.42920,7.04526,3.53378,10.57904
15 B RE B,41,0.00000,14.77573,0.21869,0.34432,1.16394,0.00007,0.00087,0.00080,5.42919,7.04523,3.53406,10.57929
15 B RE B,42,5.71250,20.13704,0.22211,0.33451,1.16079,0.00007,0.00086,0.00079,5.42917,7.04520,3.53444,10.57965
15 B RE B,43,0.00000,19.79306,0.22490,0.32546,1.15771,0.00007,0.00086,0.00079,5.42915,7.04517,3.53482,10.58000
15 B RE B,44,0.00000,19.45613,0.22711,0.31711,1.15468,0.00007,0.00085,0.00078,5.42914,7.04515,3.53519,10.58034
15 B RE B,45,0.00000,19.12611,0.22878,0.30938,1.15172,0.00008,0.00085,0.00077,5.42912,7.04512,3.53556,10.58067
15 B RE B,46,0.00000,18.80284,0.22997,0.30222,1.14881,0.00008,0.00084,0.00077,5.42910,7.04509,3.53591,10.58100
15 B RE B,47,0.00000,18.48618,0.23071,0.29560,1.14595,0.00008,0.00084,0.00076,5.42909,7.04506,3.53626,10.58132
15 B RE B,48,0.00000,18.17597,0.23105,0.28945,1.14315,0.00008,0.00084,0.00076,5.42907,7.04504,3.53660,10.58164
15 B RE B,49,0.00000,17.87207,0.23102,0.28375,1.14040,0.00008,0.00083,0.00075,5.42905,7.04501,3.53694,10.58195
15 B RE B,50,0.00000,17.57433,0.23067,0.27845,1.13771,0.00008,0.00083,0.00075,5.42904,7.04498,3.53727,10.58225
15 B RE B,51,0.00000,17.28263,0.23002,0.27353,1.13507,0.00008,0.00082,0.00074,5.42902,7.04495,3.53759,10.58255
15 B RE B,52,0.00000,16.99682,0.22911,0.26895,1.13248,0.00008,0.00082,0.00074,5.42900,7.04493,3.53791,10.58284
15 B RE B,53,0.00000,16.71676,0.22797,0.26468,1.12993,0.00008,0.00082,0.00073,5.42899,7.04490,3.53822,10.58312
15 B RE B,54,0.00000,16.44234,0.22661,0.26071,1.12744,0.00008,0.00081,0.00073,5.42897,7.04487,3.53853,10.58340
15 B RE B,55,0.00000,16.17341,0.22507,0.25700,1.12500,0.00008,0.00081,0.00072,5.42895,7.04485,3.53883,10.58368
15 B RE B,56,5.71250,21.50248,0.22940,0.25360,1.12262,0.00008,0.00080,0.00072,5.42894,7.04482,3.53924,10.58406
15 B RE B,57,0.00000,21.12684,0.23300,0.25042,1.12028,0.00009,0.00080,0.00072,5.42892,7.04480,3.53964,10.58443
15 B RE B,58,0.00000,20.75887,0.23593,0.24745,1.11800,0.00009,0.00080,0.00071,5.42890,7.04477,3.54003,10.58480
15 B RE B,59,0.00000,20.39840,0.23824,0.24467,1.11575,0.00009,0.00080,0.00071,5.42889,7.04475,3.54041,10.58516
15 B RE B,60,0.00000,20.04530,0.23999,0.24207,1.11355,0.00009,0.00080,0.00071,5.42887,7.04472,3.54079,10.58551
15 B RE B,61,0.00000,19.69942,0.24121,0.23963,1.11139,0.00009,0.00080,0.00070,5.42886,7.04470,3.54116,10.58586
15 B RE B,62,0.00000,19.36060,0.24196,0.23735,1.10927,0.00009,0.00080,0.00070,5.42884,7.04467,3.54153,10.58620
15 B RE B,63,0.00000,19.02871,0.24229,0.23521,1.10719,0.00009,0.00079,0.00070,5.42882,7.04465,3.54189,10.58653
15 B RE B,64,0.00000,18.70359,0.24223,0.23320,1.10514,0.00010,0.00079,0.00070,5.42881,7.04462,3.54224,10.58686
15 B RE B,65,0.00000,18.38509,0.24182,0.23132,1.10314,0.00010,0.00079,0.00069,5.42879,7.04460,3.54258,10.58718
15 B RE B,66,0.00000,18.07309,0.24110,0.22956,1.10118,0.00010,0.00079,0.00069,5.42878,7.04457,3.54292,10.58749
15 B RE B,67,0.00000,17.76742,0.24010,0.22790,1.09925,0.00010,0.00079,0.00069,5.42876,7.04455,3.54325,10.58780
15 B RE B,68,0.00000,17.46796,0.23885,0.22634,1.09736,0.00010,0.00078,0.00069,5.42874,7.04452,3.54358,10.58810
15 B RE B,69,0.00000,17.17457,0.23738,0.22487,1.09550,0.00010,0.00078,0.00069,5.42873,7.04450,3.54390,10.58840
15 B RE B,70,5.71250,22.48072,0.24175,0.22355,1.09370,0.00009,0.00078,0.00068,5.42871,7.04447,3.54432,10.58880
15 B RE B,71,0.00000,22.08256,0.24536,0.22230,1.09193,0.00010,0.00078,0.00068,5.42870,7.04445,3.54474,10.58919
15 B RE B,72,0.00000,21.69246,0.24828,0.22113,1.09020,0.00010,0.00078,0.00068,5.42868,7.04443,3.54515,10.58958
15 B RE B,73,0.00000,21.31028,0.25055,0.22002,1.08850,0.00010,0.00078,0.00068,5.42866,7.04440,3.54556,10.58996
15 B RE B,74,0.00000,20.93588,0.25223,0.21898,1.08683,0.00010,0.00078,0.00068,5.42865,7.04438,3.54595,10.59033
15 B RE B,75,0.00000,20.56910,0.25338,0.21799,1.08519,0.00010,0.00078,0.00068,5.42863,7.04436,3.54634,10.59070
15 B RE B,76,0.00000,20.20982,0.25404,0.21707,1.08358,0.00010,0.00078,0.00067,5.42862,7.04433,3.54672,10.59106
15 B RE B,77,0.00000,19.85786,0.25425,0.21619,1.08200,0.00011,0.00078,0.00067,5.42860,7.04431,3.54710,10.59141
15 B RE B,78,0.00000,19.51310,0.25407,0.21536,1.08045,0.00011,0.00078,0.00067,5.42858,7.04429,3.54747,10.59175
15 B RE B,79,0.00000,19.17537,0.25353,0.21458,1.07893,0.00011,0.00077,0.00067,5.42857,7.04426,3.54783,10.59209
15 B RE B,80,0.00000,18.84453,0.25267,0.21384,1.07744,0.00011,0.00077,0.00067,5.42855,7.04424,3.54818,10.59242
15 B RE B,81,0.00000,18.52044,0.25151,0.21314,1.07597,0.00011,0.00077,0.00067,5.42854,7.04422,3.54853,10.59275
15 B RE B,82,0.00000,18.20295,0.25010,0.21248,1.07453,0.00011,0.00077,0.00067,5.42852,7.04419,3.54887,10.59306
15 B RE B,83,0.00000,17.89191,0.24846,0.21186,1.07312,0.00010,0.00077,0.00066,5.42851,7.04417,3.54921,10.59338
15 B RE B,84,5.71250,23.18113,0.25268,0.21132,1.07176,0.00010,0.00077,0.00066,5.42849,7.04415,3.54965,10.59380
15 B RE B,85,0.00000,22.76635,0.25614,0.21082,1.07042,0.00011,0.00077,0.00066,5.42847,7.04413,3.55008,10.59421
15 B RE B,86,0.00000,22.35994,0.25888,0.21033,1.06910,0.00011,0.00077,0.00066,5.42846,7.04410,3.55050,10.59461
15 B RE B,87,0.00000,21.96177,0.26098,0.20988,1.06781,0.00011,0.00077,0.00066,5.42844,7.04408,3.55092,10.59500
15 B RE B,88,0.00000,21.57169,0.26249,0.20944,1.06654,0.00011,0.00077,0.00066,5.42843,7.04406,3.55133,10.59539
15 B RE B,89,0.00000,21.18955,0.26345,0.20903,1.06530,0.00011,0.00077,0.00066,5.42841,7.04404,3.55173,10.59577
15 B RE B,90,0.00000,20.81522,0.26392,0.20863,1.06408,0.00011,0.00077,0.00066,5.42840,7.04402,3.55213,10.59614
15 B RE B,91,0.00000,20.44853,0.26395,0.20826,1.06288,0.00011,0.00077,0.00065,5.42838,7.04399,3.55252,10.59651
15 B RE B,92,0.00000,20.08934,0.26358,0.20790,1.06170,0.00011,0.00077,0.00065,5.42836,7.04397,3.55290,10.59687
15 B RE B,93,0.00000,19.73749,0.26285,0.20756,1.06054,0.00011,0.00077,0.00065,5.42835,7.04395,3.55327,10.59722
15 B RE B,94,0.00000,19.39284,0.26180,0.20724,1.05941,0.00011,0.00077,0.00065,5.42833,7.04393,3.55364,10.59756
15 B RE B,95,0.00000,19.05523,0.26046,0.20693,1.05829,0.00011,0.00076,0.00065,5.42832,7.04390,3.55400,10.59790
15 B RE B,96,0.00000,18.72452,0.25886,0.20664,1.05720,0.00011,0.00076,0.00065,5.42830,7.04388,3.55435,10.59823
15 B RE B,97,0.00000,18.40056,0.25703,0.20636,1.05612,0.00011,0.00076,0.00065,5.42829,7.04386,3.55470,10.59856
15 B RE B,98,5.71250,23.67717,0.26109,0.20615,1.05509,0.00011,0.00076,0.00065,5.42827,7.04384,3.55515,10.59899
15 B RE B,99,0.00000,23.25004,0.26438,0.20595,1.05407,0.00011,0.00076,0.00065,5.42826,7.04382,3.55559,10.59941
15 B RE B,100,0.00000,22.83153,0.26695,0.20575,1.05307,0.00012,0.00076,0.00065,5.42824,7.04380,3.55603,10.59982
15 B RE B,101,0.00000,22.42150,0.26888,0.20556,1.05209,0.00012,0.00076,0.00065,5.42822,7.04378,3.55645,10.60023
15 B RE B,102,0.00000,22.01980,0.27021,0.20538,1.05113,0.00012,0.00076,0.00065,5.42821,7.04376,3.55687,10.60063
15 B RE B,103,0.00000,21.62631,0.27100,0.20520,1.05019,0.00012,0.00076,0.00064,5.42819,7.04374,3.55728,10.60102
15 B RE B,104,0.00000,21.24085,0.27131,0.20504,1.04926,0.00012,0.00076,0.00064,5.42818,7.04371,3.55769,10.60140
15 B RE B,105,0.00000,20.86327,0.27117,0.20487,1.04834,0.00012,0.00076,0.00064,5.42816,7.04369,3.55809,10.60178
15 B RE B,106,0.00000,20.49344,0.27063,0.20471,1.04745,0.00012,0.00076,0.00064,5.42815,7.04367,3.55848,10.60215
15 B RE B,107,0.00000,20.13118,0.26973,0.20456,1.04657,0.00012,0.00076,0.00064,5.42813,7.04365,3.55886,10.60251
15 B RE B,108,0.00000,19.77635,0.26852,0.20442,1.04570,0.00012,0.00076,0.00064,5.42812,7.04363,3.55923,10.60286
15 B RE B,109,0.00000,19.42880,0.26702,0.20427,1.04485,0.00012,0.00076,0.00064,5.42810,7.04361,3.55960,10.60321
15 B RE B,110,0.00000,19.08836,0.26526,0.20414,1.04402,0.00012,0.00076,0.00064,5.42808,7.04359,3.55996,10.60355
15 B RE B,111,0.00000,18.75490,0.26328,0.20400,1.04320,0.00012,0.00076,0.00064,5.42807,7.04357,3.56032,10.60389
15 B RE B,112,5.71250,24.02214,0.26720,0.20393,1.04241,0.00012,0.00076,0.00064,5.42805,7.04355,3.56078,10.60433
15 B RE B,113,0.00000,23.58583,0.27035,0.20386,1.04164,0.00012,0.00076,0.00064,5.42804,7.04353,3.56123,10.60476
15 B RE B,114,0.00000,23.15834,0.27278,0.20379,1.04089,0.00012,0.00076,0.00064,5.42802,7.04351,3.56167,10.60518
15 B RE B,115,0.00000,22.73952,0.27457,0.20371,1.04014,0.00012,0.00076,0.00064,5.42801,7.04349,3.56211,10.60560
15 B RE B,116,0.00000,22.32923,0.27576,0.20364,1.03941,0.00012,0.00076,0.00064,5.42799,7.04347,3.56253,10.60600
15 B RE B,117,0.00000,21.92733,0.27642,0.20357,1.03869,0.00012,0.00076,0.00064,5.42798,7.04345,3.56295,10.60640
15 B RE B,118,0.00000,21.53366,0.27659,0.20350,1.03798,0.00012,0.00076,0.00063,5.42796,7.04343,3.56336,10.60679
15 B RE B,119,0.00000,21.14806,0.27632,0.20342,1.03729,0.00012,0.00076,0.00063,5.42794,7.04341,3.56377,10.60718
15 B RE B,120,0.00000,20.77037,0.27565,0.20335,1.03661,0.00012,0.00076,0.00063,5.42793,7.04339,3.56416,10.60755
15 B RE B,121,0.00000,20.40045,0.27462,0.20328,1.03594,0.00012,0.00076,0.00063,5.42791,7.04337,3.56455,10.60792
15 B RE B,122,0.00000,20.03813,0.27328,0.20321,1.03528,0.00012,0.00076,0.00063,5.42790,7.04335,3.56493,10.60828
15 B RE B,123,0.00000,19.68327,0.27165,0.20314,1.03463,0.00012,0.00076,0.00063,5.42788,7.04333,3.56531,10.60864
15 B RE B,124,0.00000,19.33570,0.26977,0.20307,1.03399,0.00012,0.00075,0.00063,5.42787,7.04331,3.56568,10.60899
15 B RE B,125,0.00000,18.99527,0.26767,0.20300,1.03337,0.00012,0.00075,0.00063,5.42785,7.04329,3.56604,10.60933
15 B RE B,126,5.71250,24.25556,0.27149,0.20299,1.03277,0.00012,0.00075,0.00063,5.42784,7.04327,3.56650,10.60977
15 B RE B,127,0.00000,23.81245,0.27453,0.20297,1.03219,0.00012,0.00075,0.00063,5.42782,7.04326,3.56696,10.61021
15 B RE B,128,0.00000,23.37831,0.27686,0.20295,1.03161,0.00012,0.00075,0.00063,5.42780,7.04324,3.56741,10.61064
15 B RE B,129,0.00000,22.95300,0.27854,0.20293,1.03105,0.00013,0.00076,0.00063,5.42779,7.04322,3.56785,10.61106
15 B RE B,130,0.00000,22.53637,0.27963,0.20291,1.03049,0.00013,0.00076,0.00063,5.42777,7.04320,3.56828,10.61148
15 B RE B,131,0.00000,22.12827,0.28018,0.20288,1.02995,0.00013,0.00076,0.00063,5.42776,7.04318,3.56870,10.61188
15 B RE B,132,0.00000,21.72855,0.28024,0.20285,1.02941,0.00013,0.00076,0.00063,5.42774,7.04316,3.56912,10.61228
15 B RE B,133,0.00000,21.33704,0.27987,0.20282,1.02888,0.00013,0.00076,0.00063,5.42773,7.04314,3.56953,10.61267
15 B RE B,134,0.00000,20.95360,0.27910,0.20278,1.02836,0.00013,0.00076,0.00063,5.42771,7.04313,3.56993,10.61305
15 B RE B,135,0.00000,20.57806,0.27798,0.20275,1.02785,0.00013,0.00076,0.00063,5.42770,7.04311,3.57032,10.61343
15 B RE B,136,0.00000,20.21026,0.27654,0.20271,1.02735,0.00013,0.00075,0.00063,5.42768,7.04309,3.57071,10.61379
15 B RE B,137,0.00000,19.85004,0.27482,0.20267,1.02685,0.00013,0.00075,0.00063,5.42766,7.04307,3.57108,10.61415
15 B RE B,138,0.00000,19.49725,0.27285,0.20263,1.02637,0.00013,0.00075,0.00063,5.42765,7.04305,3.57146,10.61451
15 B RE B,139,0.00000,19.15174,0.27066,0.20259,1.02589,0.00012,0.00075,0.00063,5.42763,7.04303,3.57182,10.61485
15 B RE B,140,5.71250,24.40689,0.27439,0.20260,1.02544,0.00012,0.00075,0.00063,5.42762,7.04301,3.57229,10.61530
15 B RE B,141,0.00000,23.95876,0.27735,0.20261,1.02500,0.00013,0.00075,0.00063,5.42760,7.04300,3.57275,10.61575
15 B RE B,142,0.00000,23.51973,0.27960,0.20262,1.02456,0.00013,0.00075,0.00063,5.42759,7.04298,3.57320,10.61618
15 B RE B,143,0.00000,23.08964,0.28121,0.20262,1.02413,0.00013,0.00075,0.00062,5.42757,7.04296,3.57365,10.61661
15 B RE B,144,0.00000,22.66835,0.28222,0.20261,1.02371,0.00013,0.00075,0.00062,5.42756,7.04295,3.57408,10.61703
15 B RE B,145,0.00000,22.25570,0.28269,0.20260,1.02330,0.00013,0.00075,0.00062,5.42754,7.04293,3.57451,10.61744
15 B RE B,146,0.00000,21.85155,0.28268,0.20259,1.02289,0.00013,0.00075,0.00062,5.42752,7.04291,3.57493,10.61784
15 B RE B,147,0.00000,21.45573,0.28223,0.20258,1.02249,0.00013,0.00075,0.00062,5.42751,7.04289,3.57534,10.61823
15 B RE B,148,0.00000,21.06808,0.28139,0.20256,1.02209,0.00013,0.00075,0.00062,5.42749,7.04288,3.57574,10.61862
15 B RE B,149,0.00000,20.68844,0.28019,0.20254,1.02170,0.00013,0.00075,0.00062,5.42748,7.04286,3.57614,10.61900
15 B RE B,150,0.00000,20.31664,0.27868,0.20252,1.02132,0.00013,0.00075,0.00062,5.42746,7.04284,3.57653,10.61937
15 B RE B,151,0.00000,19.95254,0.27689,0.20249,1.02094,0.00013,0.00075,0.00062,5.42745,7.04282,3.57691,10.61973
15 B RE B,152,0.00000,19.59597,0.27486,0.20246,1.02057,0.00013,0.00075,0.00062,5.42743,7.04280,3.57729,10.62009
15 B RE B,153,0.00000,19.24677,0.27260,0.20244,1.02021,0.00013,0.00075,0.00062,5.42742,7.04279,3.57765,10.62044
15 B RE B,154,5.71250,24.49814,0.27628,0.20246,1.01987,0.00013,0.00075,0.00062,5.42740,7.04277,3.57812,10.62089
15 B RE B,155,0.00000,24.04632,0.27918,0.20248,1.01953,0.00013,0.00075,0.00062,5.42739,7.04275,3.57859,10.62134
15 B RE B,156,0.00000,23.60369,0.28137,0.20249,1.01921,0.00013,0.00075,0.00062,5.42737,7.04274,3.57904,10.62178
15 B RE B,157,0.00000,23.17010,0.28291,0.20250,1.01888,0.00013,0.00075,0.00062,5.42735,7.04272,3.57949,10.62221
15 B RE B,158,0.00000,22.74541,0.28387,0.20251,1.01856,0.00013,0.00075,0.00062,5.42734,7.04271,3.57992,10.62263
15 B RE B,159,0.00000,22.32945,0.28428,0.20251,1.01825,0.00013,0.00075,0.00062,5.42732,7.04269,3.58035,10.62304
15 B RE B,160,0.00000,21.92207,0.28422,0.20250,1.01794,0.00013,0.00075,0.00062,5.42731,7.04267,3.58078,10.62345
15 B LL A,0,5.71250,8.08820,4.65029,18.69764,5.81246,0.00000,0.01587,0.02587,16.28974,21.13984,10.57001,31.70985
15 B LL A,1,0.00000,10.22072,4.18313,16.89927,5.75125,0.00000,0.01458,0.02458,16.28949,21.13969,10.57002,31.70971
15 B LL A,2,0.00000,12.13536,3.76701,15.28405,5.69135,0.00000,0.01342,0.02341,16.28923,21.13953,10.57005,31.70958
15 B LL A,3,0.00000,13.85468,3.39633,13.83327,5.63271,0.00001,0.01237,0.02236,16.28898,21.13937,10.57009,31.70946
15 B LL A,4,0.00000,15.39889,3.06612,12.53013,5.57532,0.00001,0.01143,0.02142,16.28872,21.13922,10.57013,31.70934
15 B LL A,5,0.00000,16.78607,2.77197,11.35952,5.51914,0.00001,0.01059,0.02057,16.28847,21.13906,10.57018,31.70924
15 B LL A,6,0.00000,18.03248,2.50994,10.30791,5.46415,0.00001,0.00983,0.01981,16.28821,21.13890,10.57024,31.70914
15 B LL A,7,0.00000,19.15265,2.27652,9.36310,5.41032,0.00002,0.00914,0.01912,16.28796,21.13875,10.57030,31.70905
15 B LL A,8,0.00000,20.15963,2.06859,8.51418,5.35763,0.00002,0.00852,0.01851,16.28770,21.13859,10.57037,31.70896
15 B LL A,9,0.00000,21.06512,1.88337,7.75133,5.30604,0.00002,0.00797,0.01795,16.28745,21.13844,10.57044,31.70888
15 B LL A,10,0.00000,21.87959,1.71837,7.06571,5.25554,0.00002,0.00747,0.01745,16.28720,21.13829,10.57051,31.70880
15 B LL A,11,0.00000,22.61244,1.57138,6.44942,5.20610,0.00002,0.00702,0.01700,16.28694,21.13813,10.57059,31.70872
15 B LL A,12,0.00000,23.27208,1.44043,5.89534,5.15770,0.00002,0.00661,0.01659,16.28669,21.13798,10.57067,31.70865
15 B LL A,13,0.00000,23.86604,1.32375,5.39708,5.11031,0.00002,0.00625,0.01622,16.28643,21.13783,10.57076,31.70858
15 B LL A,14,5.71250,30.08922,1.22187,4.94893,5.06394,0.00003,0.00592,0.01589,16.28618,21.13767,10.57087,31.70854
15 B LL A,15,0.00000,30.54737,1.13104,4.54571,5.01853,0.00003,0.00562,0.01559,16.28593,21.13752,10.57098,31.70850
15 B LL A,16,0.00000,30.95839,1.05006,4.18280,4.97408,0.00003,0.00535,0.01531,16.28568,21.13737,10.57109,31.70846
15 B LL A,17,0.00000,31.32712,0.97783,3.85604,4.93055,0.00004,0.00510,0.01507,16.28542,21.13722,10.57120,31.70843
15 B LL A,18,0.00000,31.65789,0.91339,3.56173,4.88793,0.00004,0.00488,0.01484,16.28517,21.13707,10.57132,31.70839
15 B LL A,19,0.00000,31.95456,0.85588,3.29650,4.84619,0.00004,0.00468,0.01464,16.28492,21.13692,10.57143,31.70836
15 B LL A,20,0.00000,32.22059,0.80454,3.05737,4.80533,0.00004,0.00450,0.01446,16.28467,21.13678,10.57155,31.70833
15 B LL A,21,0.00000,32.45910,0.75868,2.84164,4.76531,0.00004,0.00433,0.01429,16.28442,21.13663,10.57167,31.70830
15 B LL A,22,0.00000,32.67284,0.71772,2.64691,4.72613,0.00005,0.00418,0.01414,16.28417,21.13648,10.57179,31.70827
15 B LL A,23,0.00000,32.86429,0.68110,2.47100,4.68776,0.00005,0.00405,0.01400,16.28392,21.13634,10.57190,31.70824
15 B LL A,24,0.00000,33.03566,0.64836,2.31198,4.65018,0.00005,0.00392,0.01387,16.28367,21.13619,10.57202,31.70822
15 B LL A,25,0.00000,33.18895,0.61907,2.16813,4.61339,0.00005,0.00381,0.01375,16.28342,21.13605,10.57214,31.70819
15 B LL A,26,0.00000,33.32592,0.59286,2.03787,4.57735,0.00005,0.00370,0.01365,16.28317,21.13591,10.57226,31.70817
15 B LL A,27,0.00000,33.44816,0.56939,1.91983,4.54206,0.00005,0.00360,0.01355,16.28292,21.13576,10.57238,31.70815
15 B LL A,28,5.71250,39.24647,0.54973,1.81278,4.50752,0.00005,0.00352,0.01346,16.28267,21.13562,10.57252,31.70815
15 B LL A,29,0.00000,39.32053,0.53208,1.71557,4.47368,0.00005,0.00344,0.01338,16.28242,21.13548,10.57266,31.70815
15 B LL A,30,0.00000,39.38395,0.51625,1.62722,4.44055,0.00006,0.00336,0.01330,16.28217,21.13534,10.57281,31.70815
15 B LL A,31,0.00000,39.43774,0.50203,1.54684,4.40810,0.00006,0.00329,0.01323,16.28193,21.13520,10.57295,31.70815
15 B LL A,32,0.00000,39.48279,0.48927,1.47363,4.37632,0.00006,0.00323,0.01317,16.28168,21.13506,10.57309,31.70815
15 B LL A,33,0.00000,39.51992,0.47781,1.40688,4.34518,0.00006,0.00317,0.01310,16.28143,21.13493,10.57323,31.70815
15 B LL A,34,0.00000,39.54984,0.46752,1.34595,4.31469,0.00006,0.00311,0.01305,16.28118,21.13479,10.57337,31.70816
15 B LL A,35,0.00000,39.57321,0.45828,1.29027,4.28482,0.00007,0.00306,0.01300,16.28094,21.13465,10.57351,31.70816
15 B LL A,36,0.00000,39.59062,0.44998,1.23933,4.25557,0.00007,0.00302,0.01295,16.28069,21.13452,10.57365,31.70817
15 B LL A,37,0.00000,39.60258,0.44253,1.19267,4.22691,0.00007,0.00297,0.01290,16.28045,21.13438,10.57379,31.70817
15 B LL A,38,0.00000,39.60958,0.43585,1.14990,4.19884,0.00007,0.00293,0.01286,16.28020,21.13425,10.57393,31.70818
15 B LL A,39,0.00000,39.61205,0.42985,1.11063,4.17134,0.00007,0.00289,0.01282,16.27996,21.13411,10.57407,31.70818
15 B LL A,40,0.00000,39.61037,0.42448,1.07454,4.14441,0.00007,0.00286,0.01278,16.27971,21.13398,10.57421,31.70819
15 B LL A,41,0.00000,39.60490,0.41967,1.04135,4.11802,0.00007,0.00282,0.01275,16.27947,21.13385,10.57435,31.70820
15 B LL A,42,5.71250,45.28625,0.41628,1.01079,4.09219,0.00007,0.00279,0.01272,16.27922,21.13372,10.57451,31.70822
15 B LL A,43,0.00000,45.25210,0.41326,0.98262,4.06689,0.00007,0.00276,0.01268,16.27898,21.13359,10.57467,31.70825
15 B LL A,44,0.00000,45.21520,0.41057,0.95663,4.04210,0.00007,0.00273,0.01265,16.27874,21.13346,10.57483,31.70828
15 B LL A,45,0.00000,45.17579,0.40819,0.93261,4.01781,0.00008,0.00270,0.01263,16.27849,21.13333,10.57498,31.70831
15 B LL A,46,0.00000,45.13407,0.40608,0.91041,3.99402,0.00008,0.00268,0.01260,16.27825,21.13320,10.57514,31.70834
15 B LL A,47,0.00000,45.09024,0.40421,0.88986,3.97070,0.00008,0.00266,0.01257,16.27801,21.13307,10.57530,31.70837
15 B LL A,48,0.00000,45.04446,0.40258,0.87082,3.94787,0.00008,0.00263,0.01255,16.27776,21.13294,10.57546,31.70840
15 B LL A,49,0.00000,44.99691,0.40114,0.85317,3.92549,0.00008,0.00261,0.01253,16.27752,21.13281,10.57561,31.70843
15 B LL A,50,0.00000,44.94771,0.39989,0.83679,3.90356,0.00008,0.00259,0.01250,16.27728,21.13268,10.57577,31.70845
15 B LL A,51,0.00000,44.89701,0.39881,0.82157,3.88208,0.00008,0.00257,0.01248,16.27704,21.13255,10.57593,31.70848
15 B LL A,52,0.00000,44.84493,0.39789,0.80743,3.86103,0.00008,0.00255,0.01246,16.27680,21.13243,10.57608,31.70851
15 B LL A,53,0.00000,44.79157,0.39710,0.79428,3.84041,0.00008,0.00253,0.01245,16.27655,21.13230,10.57624,31.70854
15 B LL A,54,0.00000,44.73705,0.39644,0.78204,3.82020,0.00008,0.00252,0.01243,16.27631,21.13217,10.57640,31.70857
15 B LL A,55,0.00000,44.68146,0.39589,0.77063,3.80040,0.00009,0.00250,0.01241,16.27607,21.13205,10.57655,31.70860
15 B LL A,56,5.71250,50.31558,0.39619,0.76002,3.78101,0.00009,0.00248,0.01239,16.27583,21.13192,10.57673,31.70865
15 B LL A,57,0.00000,50.23644,0.39653,0.75011,3.76202,0.00009,0.00247,0.01238,16.27559,21.13180,10.57690,31.70870
15 B LL A,58,0.00000,50.15661,0.39690,0.74087,3.74340,0.00009,0.00245,0.01236,16.27535,21.13167,10.57707,31.70875
15 B LL A,59,0.00000,50.07617,0.39729,0.73224,3.72516,0.00009,0.00244,0.01235,16.27511,21.13155,10.57725,31.70880
15 B LL A,60,0.00000,49.99516,0.39770,0.72418,3.70728,0.00009,0.00243,0.01233,16.27486,21.13142,10.57742,31.70885
15 B LL A,61,0.00000,49.91364,0.39813,0.71664,3.68977,0.00009,0.00241,0.01232,16.27462,21.13130,10.57760,31.70890
15 B LL A,62,0.00000,49.83166,0.39858,0.70959,3.67260,0.00009,0.00240,0.01230,16.27438,21.13118,10.57777,31.70894
15 B LL A,63,0.00000,49.74926,0.39904,0.70299,3.65577,0.00010,0.00239,0.01229,16.27414,21.13105,10.57794,31.70899
15 B LL A,64,0.00000,49.66650,0.39952,0.69681,3.63928,0.00010,0.00238,0.01228,16.27390,21.13093,10.57811,31.70904
15 B LL A,65,0.00000,49.58341,0.40000,0.69103,3.62312,0.00010,0.00237,0.01227,16.27366,21.13081,10.57828,31.70909
15 B LL A,66,0.00000,49.50002,0.40050,0.68561,3.60729,0.00010,0.00236,0.01226,16.27342,21.13068,10.57845,31.70914
15 B LL A,67,0.00000,49.41638,0.40100,0.68052,3.59176,0.00010,0.00235,0.01225,16.27318,21.13056,10.57862,31.70918
15 B LL A,68,0.00000,49.33251,0.40151,0.67576,3.57655,0.00010,0.00234,0.01223,16.27294,21.13044,10.57879,31.70923
15 B LL A,69,0.00000,49.24844,0.40202,0.67129,3.56164,0.00010,0.00233,0.01222,16.27270,21.13032,10.57896,31.70928
15 B LL A,70,5.71250,54.85509,0.40323,0.66711,3.54704,0.00010,0.00232,0.01221,16.27246,21.13019,10.57915,31.70935
15 B LL A,71,0.00000,54.74923,0.40440,0.66319,3.53274,0.00010,0.00231,0.01220,16.27222,21.13007,10.57934,31.70941
15 B LL A,72,0.00000,54.64339,0.40551,0.65950,3.51871,0.00010,0.00230,0.01219,16.27198,21.12995,10.57953,31.70948
15 B LL A,73,0.00000,54.53757,0.40658,0.65604,3.50497,0.00010,0.00229,0.01218,16.27174,21.12983,10.57972,31.70955
15 B LL A,74,0.00000,54.43180,0.40761,0.65279,3.49149,0.00011,0.00228,0.01217,16.27150,21.12971,10.57991,31.70961
15 B LL A,75,0.00000,54.32609,0.40860,0.64973,3.47829,0.00011,0.00228,0.01217,16.27126,21.12959,10.58009,31.70968
15 B LL A,76,0.00000,54.22046,0.40955,0.64686,3.46534,0.00011,0.00227,0.01216,16.27102,21.12947,10.58028,31.70975
15 B LL A,77,0.00000,54.11492,0.41047,0.64416,3.45265,0.00011,0.00226,0.01215,16.27078,21.12935,10.58047,31.70981
15 B LL A,78,0.00000,54.00949,0.41136,0.64162,3.44021,0.00011,0.00225,0.01214,16.27055,21.12922,10.58065,31.70988
15 B LL A,79,0.00000,53.90418,0.41223,0.63924,3.42802,0.00011,0.00225,0.01213,16.27031,21.12910,10.58084,31.70994
15 B LL A,80,0.00000,53.79900,0.41306,0.63699,3.41606,0.00011,0.00224,0.01213,16.27007,21.12898,10.58102,31.71001
15 B LL A,81,0.00000,53.69395,0.41387,0.63487,3.40434,0.00011,0.00223,0.01212,16.26983,21.12886,10.58121,31.71007
15 B LL A,82,0.00000,53.58906,0.41465,0.63288,3.39286,0.00011,0.00223,0.01211,16.26959,21.12874,10.58139,31.71013
15 B LL A,83,0.00000,53.48432,0.41541,0.63101,3.38159,0.00011,0.00222,0.01210,16.26935,21.12862,10.58157,31.71020
15 B LL A,84,5.71250,59.07074,0.41681,0.62926,3.37057,0.00011,0.00221,0.01210,16.26911,21.12850,10.58178,31.71028
15 B LL A,85,0.00000,58.94495,0.41814,0.62762,3.35977,0.00011,0.00221,0.01209,16.26887,21.12838,10.58198,31.71036
15 B LL A,86,0.00000,58.81947,0.41941,0.62607,3.34917,0.00012,0.00220,0.01208,16.26863,21.12827,10.58218,31.71045
15 B LL A,87,0.00000,58.69429,0.42061,0.62460,3.33879,0.00012,0.00220,0.01208,16.26839,21.12815,10.58238,31.71053
15 B LL A,88,0.00000,58.56943,0.42176,0.62323,3.32860,0.00012,0.00219,0.01207,16.26815,21.12803,10.58258,31.71061
15 B LL A,89,0.00000,58.44489,0.42286,0.62193,3.31862,0.00012,0.00219,0.01206,16.26791,21.12791,10.58278,31.71069
15 B LL A,90,0.00000,58.32067,0.42391,0.62071,3.30883,0.00012,0.00218,0.01206,16.26768,21.12779,10.58298,31.71077
15 B LL A,91,0.00000,58.19676,0.42491,0.61956,3.29923,0.00012,0.00218,0.01205,16.26744,21.12767,10.58318,31.71085
15 B LL A,92,0.00000,58.07318,0.42587,0.61847,3.28982,0.00012,0.00217,0.01205,16.26720,21.12755,10.58338,31.71093
15 B LL A,93,0.00000,57.94993,0.42680,0.61745,3.28059,0.00012,0.00217,0.01204,16.26696,21.12743,10.58358,31.71101
15 B LL A,94,0.00000,57.82701,0.42768,0.61649,3.27155,0.00012,0.00216,0.01204,16.26672,21.12731,10.58378,31.71109
15 B LL A,95,0.00000,57.70442,0.42854,0.61558,3.26268,0.00012,0.00216,0.01203,16.26648,21.12720,10.58397,31.71117
15 B LL A,96,0.00000,57.58216,0.42936,0.61472,3.25398,0.00012,0.00215,0.01203,16.26624,21.12708,10.58417,31.71125
15 B LL A,97,0.00000,57.46023,0.43015,0.61391,3.24545,0.00012,0.00215,0.01202,16.26600,21.12696,10.58437,31.71133
15 B LL A,98,5.71250,63.02966,0.43155,0.61317,3.23711,0.00012,0.00214,0.01202,16.26576,21.12684,10.58458,31.71142
15 B LL A,99,0.00000,62.88705,0.43288,0.61246,3.22892,0.00013,0.00214,0.01201,16.26553,21.12672,10.58480,31.71152
15 B LL A,100,0.00000,62.74489,0.43415,0.61180,3.22090,0.00013,0.00214,0.01201,16.26529,21.12661,10.58501,31.71162
15 B LL A,101,0.00000,62.60319,0.43535,0.61117,3.21303,0.00013,0.00213,0.01200,16.26505,21.12649,10.58523,31.71171
15 B LL A,102,0.00000,62.46194,0.43649,0.61058,3.20532,0.00013,0.00213,0.01200,16.26481,21.12637,10.58544,31.71181
15 B LL A,103,0.00000,62.32114,0.43757,0.61002,3.19775,0.00013,0.00213,0.01199,16.26457,21.12625,10.58565,31.71191
15 B LL A,104,0.00000,62.18078,0.43861,0.60949,3.19033,0.00013,0.00212,0.01199,16.26433,21.12614,10.58586,31.71200
15 B LL A,105,0.00000,62.04088,0.43960,0.60900,3.18306,0.00013,0.00212,0.01198,16.26409,21.12602,10.58608,31.71210
15 B LL A,106,0.00000,61.90142,0.44054,0.60853,3.17592,0.00013,0.00212,0.01198,16.26386,21.12590,10.58629,31.71219
15 B LL A,107,0.00000,61.76240,0.44145,0.60809,3.16893,0.00013,0.00211,0.01197,16.26362,21.12579,10.58650,31.71228
15 B LL A,108,0.00000,61.62382,0.44231,0.60767,3.16206,0.00013,0.00211,0.01197,16.26338,21.12567,10.58671,31.71238
15 B LL A,109,0.00000,61.48569,0.44315,0.60727,3.15533,0.00013,0.00211,0.01197,16.26314,21.12555,10.58692,31.71247
15 B LL A,110,0.00000,61.34799,0.44395,0.60690,3.14873,0.00013,0.00210,0.01196,16.26290,21.12543,10.58713,31.71256
15 B LL A,111,0.00000,61.21073,0.44472,0.60655,3.14226,0.00013,0.00210,0.01196,16.26266,21.12532,10.58734,31.71265
15 B LL A,112,5.71250,66.76494,0.44608,0.60623,3.13593,0.00013,0.00210,0.01196,16.26242,21.12520,10.58756,31.71277
15 B LL A,113,0.00000,66.60720,0.44737,0.60593,3.12973,0.00014,0.00209,0.01195,16.26219,21.12509,10.58779,31.71288
15 B LL A,114,0.00000,66.45001,0.44860,0.60565,3.12364,0.00014,0.00209,0.01195,16.26195,21.12497,10.58802,31.71299
15 B LL A,115,0.00000,66.29336,0.44976,0.60538,3.11767,0.00014,0.00209,0.01195,16.26171,21.12485,10.58824,31.71310
15 B LL A,116,0.00000,66.13725,0.45086,0.60513,3.11181,0.00014,0.00209,0.01194,16.26147,21.12474,10.58847,31.71321
15 B LL A,117,0.00000,65.98167,0.45191,0.60489,3.10607,0.00014,0.00208,0.01194,16.26123,21.12462,10.58869,31.71332
15 B LL A,118,0.00000,65.82662,0.45291,0.60467,3.10043,0.00014,0.00208,0.01194,16.26099,21.12451,10.58892,31.71342
15 B LL A,119,0.00000,65.67211,0.45386,0.60445,3.09491,0.00014,0.00208,0.01193,16.26075,21.12439,10.58914,31.71353
15 B LL A,120,0.00000,65.51811,0.45477,0.60425,3.08949,0.00014,0.00208,0.01193,16.26052,21.12428,10.58937,31.71364
15 B LL A,121,0.00000,65.36464,0.45564,0.60406,3.08417,0.00014,0.00207,0.01193,16.26028,21.12416,10.58959,31.71375
15 B LL A,122,0.00000,65.21169,0.45647,0.60388,3.07896,0.00014,0.00207,0.01192,16.26004,21.12404,10.58981,31.71385
15 B LL A,123,0.00000,65.05925,0.45727,0.60371,3.07384,0.00014,0.00207,0.01192,16.25980,21.12393,10.59003,31.71396
15 B LL A,124,0.00000,64.90732,0.45804,0.60355,3.06883,0.00014,0.00207,0.01192,16.25956,21.12381,10.59025,31.71406
15 B LL A,125,0.00000,64.75590,0.45877,0.60340,3.06390,0.00014,0.00207,0.01191,16.25932,21.12370,10.59047,31.71417
15 B LL A,126,5.71250,70.29602,0.46009,0.60327,3.05910,0.00015,0.00206,0.01191,16.25909,21.12358,10.59071,31.71429
15 B LL A,127,0.00000,70.12425,0.46134,0.60315,3.05438,0.00015,0.00206,0.01191,16.25885,21.12347,10.59095,31.71442
15 B LL A,128,0.00000,69.95309,0.46252,0.60303,3.04975,0.00015,0.00206,0.01191,16.25861,21.12335,10.59119,31.71454
15 B LL A,129,0.00000,69.78254,0.46364,0.60292,3.04522,0.00015,0.00206,0.01190,16.25837,21.12324,10.59143,31.71467
15 B LL A,130,0.00000,69.61259,0.46470,0.60282,3.04076,0.00015,0.00206,0.01190,16.25813,21.12313,10.59166,31.71479
15 B LL A,131,0.00000,69.44324,0.46571,0.60272,3.03640,0.00015,0.00205,0.01190,16.25789,21.12301,10.59190,31.71491
15 B LL A,132,0.00000,69.27448,0.46667,0.60263,3.03211,0.00015,0.00205,0.01190,16.25766,21.12290,10.59213,31.71503
15 B LL A,133,0.00000,69.10631,0.46758,0.60254,3.02791,0.00015,0.00205,0.01189,16.25742,21.12278,10.59237,31.71515
15 B LL A,134,0.00000,68.93873,0.46845,0.60246,3.02379,0.00015,0.00205,0.01189,16.25718,21.12267,10.59260,31.71527
15 B LL A,135,0.00000,68.77173,0.46929,0.60238,3.01974,0.00015,0.00205,0.01189,16.25694,21.12256,10.59284,31.71539
15 B LL A,136,0.00000,68.60531,0.47008,0.60230,3.01577,0.00015,0.00205,0.01189,16.25670,21.12244,10.59307,31.71551
15 B LL A,137,0.00000,68.43946,0.47085,0.60223,3.01188,0.00015,0.00204,0.01188,16.25646,21.12233,10.59330,31.71563
15 B LL A,138,0.00000,68.27418,0.47158,0.60216,3.00806,0.00015,0.00204,0.01188,16.25623,21.12221,10.59353,31.71575
15 B LL A,139,0.00000,68.10946,0.47228,0.60210,3.00431,0.00015,0.00204,0.01188,16.25599,21.12210,10.59377,31.71587
15 B LL A,140,5.71250,73.63631,0.47355,0.60205,3.00066,0.00015,0.00204,0.01188,16.25575,21.12199,10.59402,31.71600
15 B LL A,141,0.00000,73.45133,0.47476,0.60201,2.99707,0.00016,0.00204,0.01188,16.25551,21.12187,10.59427,31.71614
15 B LL A,142,0.00000,73.26701,0.47590,0.60197,2.99355,0.00016,0.00204,0.01187,16.25527,21.12176,10.59451,31.71628
15 B LL A,143,0.00000,73.08336,0.47698,0.60193,2.99010,0.00016,0.00204,0.01187,16.25503,21.12165,10.59476,31.71641
15 B LL A,144,0.00000,72.90036,0.47800,0.60189,2.98671,0.00016,0.00203,0.01187,16.25480,21.12154,10.59501,31.71655
15 B LL A,145,0.00000,72.71801,0.47897,0.60185,2.98338,0.00016,0.00203,0.01187,16.25456,21.12142,10.59526,31.71668
15 B LL A,146,0.00000,72.53631,0.47990,0.60182,2.98012,0.00016,0.00203,0.01187,16.25432,21.12131,10.59550,31.71681
15 B LL A,147,0.00000,72.35525,0.48077,0.60178,2.97692,0.00016,0.00203,0.01186,16.25408,21.12120,10.59575,31.71695
15 B LL A,148,0.00000,72.17482,0.48161,0.60175,2.97378,0.00016,0.00203,0.01186,16.25384,21.12109,10.59599,31.71708
15 B LL A,149,0.00000,71.99503,0.48241,0.60172,2.97070,0.00016,0.00203,0.01186,16.25360,21.12097,10.59624,31.71721
15 B LL A,150,0.00000,71.81586,0.48317,0.60169,2.96768,0.00016,0.00203,0.01186,16.25337,21.12086,10.59648,31.71734
15 B LL A,151,0.00000,71.63732,0.48390,0.60166,2.96471,0.00016,0.00203,0.01186,16.25313,21.12075,10.59673,31.71747
15 B LL A,152,0.00000,71.45940,0.48460,0.60164,2.96180,0.00016,0.00203,0.01186,16.25289,21.12064,10.59697,31.71760
15 B LL A,153,0.00000,71.28209,0.48527,0.60161,2.95894,0.00016,0.00202,0.01185,16.25265,21.12052,10.59721,31.71773
15 B LL A,154,5.71250,76.79636,0.48651,0.60160,2.95616,0.00016,0.00202,0.01185,16.25241,21.12041,10.59747,31.71788
15 B LL A,155,0.00000,76.59885,0.48767,0.60159,2.95343,0.00016,0.00202,0.01185,16.25217,21.12030,10.59773,31.71803
15 B LL A,156,0.00000,76.40206,0.48877,0.60158,2.95075,0.00017,0.00202,0.01185,16.25194,21.12019,10.59799,31.71818
15 B LL A,157,0.00000,76.20597,0.48982,0.60157,2.94812,0.00017,0.00202,0.01185,16.25170,21.12008,10.59825,31.71833
15 B LL A,158,0.00000,76.01058,0.49080,0.60156,2.94554,0.00017,0.00202,0.01185,16.25146,21.11997,10.59851,31.71847
15 B LL A,159,0.00000,75.81589,0.49174,0.60155,2.94301,0.00017,0.00202,0.01184,16.25122,21.11986,10.59876,31.71862
15 B LL A,160,0.00000,75.62189,0.49263,0.60154,2.94052,0.00017,0.00202,0.01184,16.25098,21.11975,10.59902,31.71877
15 B LL B,0,5.71250,6.42079,1.48403,5.96332,1.36757,0.00000,0.00481,0.00815,5.42991,7.04661,3.52338,10.56999
15 B LL B,1,0.00000,7.03437,1.33629,5.39149,1.36030,0.00000,0.00441,0.00774,5.42983,7.04656,3.52344,10.57000
15 B LL B,2,0.00000,7.56395,1.20472,4.87788,1.35318,0.00000,0.00404,0.00737,5.42974,7.04651,3.52353,10.57004
15 B LL B,3,0.00000,8.01910,1.08751,4.41656,1.34620,0.00000,0.00372,0.00705,5.42966,7.04645,3.52363,10.57008
15 B LL B,4,0.00000,8.40839,0.98308,4.00217,1.33937,0.00001,0.00343,0.00675,5.42957,7.04640,3.52374,10.57014
15 B LL B,5,0.00000,8.73950,0.89002,3.62991,1.33268,0.00001,0.00316,0.00649,5.42949,7.04635,3.52386,10.57021
15 B LL B,6,0.00000,9.01925,0.80707,3.29547,1.32613,0.00001,0.00293,0.00625,5.42940,7.04630,3.52399,10.57029
15 B LL B,7,0.00000,9.25374,0.73313,2.99500,1.31971,0.00001,0.00271,0.00604,5.42932,7.04624,3.52413,10.57038
15 B LL B,8,0.00000,9.44838,0.66720,2.72499,1.31343,0.00001,0.00252,0.00585,5.42923,7.04619,3.52428,10.57047
15 B LL B,9,0.00000,9.60797,0.60840,2.48235,1.30726,0.00001,0.00235,0.00567,5.42915,7.04614,3.52442,10.57056
15 B LL B,10,0.00000,9.73678,0.55595,2.26425,1.30123,0.00001,0.00220,0.00552,5.42906,7.04609,3.52458,10.57066
15 B LL B,11,0.00000,9.83859,0.50916,2.06819,1.29531,0.00002,0.00206,0.00538,5.42898,7.04604,3.52473,10.57077
15 B LL B,12,0.00000,9.91673,0.46739,1.89190,1.28952,0.00002,0.00194,0.00525,5.42890,7.04598,3.52488,10.57087
15 B LL B,13,0.00000,9.97415,0.43011,1.73335,1.28384,0.00002,0.00182,0.00514,5.42881,7.04593,3.52504,10.57097
15 B LL B,14,5.71250,15.62247,0.39859,1.59074,1.27829,0.00002,0.00172,0.00504,5.42873,7.04588,3.52530,10.57118
15 B LL B,15,0.00000,15.54552,0.37037,1.46240,1.27285,0.00002,0.00163,0.00495,5.42864,7.04583,3.52555,10.57139
15 B LL B,16,0.00000,15.45771,0.34508,1.34686,1.26752,0.00002,0.00155,0.00486,5.42856,7.04578,3.52581,10.57159
15 B LL B,17,0.00000,15.36073,0.32241,1.24282,1.26230,0.00002,0.00148,0.00479,5.42847,7.04573,3.52605,10.57178
15 B LL B,18,0.00000,15.25602,0.30207,1.14908,1.25719,0.00003,0.00141,0.00472,5.42839,7.04568,3.52630,10.57198
15 B LL B,19,0.00000,15.14485,0.28380,1.06459,1.25217,0.00003,0.00135,0.00466,5.42831,7.04563,3.52654,10.57217
15 B LL B,20,0.00000,15.02831,0.26739,0.98838,1.24726,0.00003,0.00130,0.00461,5.42822,7.04558,3.52677,10.57236
15 B LL B,21,0.00000,14.90734,0.25263,0.91961,1.24244,0.00003,0.00125,0.00456,5.42814,7.04553,3.52701,10.57254
15 B LL B,22,0.00000,14.78276,0.23934,0.85751,1.23772,0.00003,0.00121,0.00451,5.42805,7.04548,3.52723,10.57272
15 B LL B,23,0.00000,14.65527,0.22736,0.80139,1.23309,0.00003,0.00117,0.00447,5.42797,7.04543,3.52746,10.57289
15 B LL B,24,0.00000,14.52548,0.21657,0.75065,1.22855,0.00003,0.00113,0.00443,5.42789,7.04539,3.52768,10.57307
15 B LL B,25,0.00000,14.39392,0.20682,0.70471,1.22411,0.00003,0.00110,0.00440,5.42780,7.04534,3.52790,10.57323
15 B LL B,26,0.00000,14.26103,0.19802,0.66310,1.21975,0.00003,0.00107,0.00437,5.42772,7.04529,3.52811,10.57340
15 B LL B,27,0.00000,14.12722,0.19006,0.62538,1.21547,0.00003,0.00104,0.00434,5.42764,7.04524,3.52832,10.57356
15 B LL B,28,5.71250,19.61062,0.18393,0.59115,1.21130,0.00003,0.00102,0.00432,5.42755,7.04520,3.52862,10.57381
15 B LL B,29,0.00000,19.38371,0.17834,0.56006,1.20721,0.00003,0.00099,0.00429,5.42747,7.04515,3.52891,10.57406
15 B LL B,30,0.00000,19.15909,0.17322,0.53178,1.20320,0.00004,0.00097,0.00427,5.42739,7.04510,3.52920,10.57430
15 B LL B,31,0.00000,18.93689,0.16853,0.50604,1.19926,0.00004,0.00095,0.00425,5.42731,7.04506,3.52948,10.57454
15 B LL B,32,0.00000,18.71718,0.16424,0.48258,1.19541,0.00004,0.00094,0.00423,5.42722,7.04501,3.52976,10.57477
15 B LL B,33,0.00000,18.50002,0.16030,0.46118,1.19163,0.00004,0.00092,0.00422,5.42714,7.04496,3.53003,10.57500
15 B LL B,34,0.00000,18.28545,0.15668,0.44163,1.18793,0.00004,0.00091,0.00420,5.42706,7.04492,3.53030,10.57522
15 B LL B,35,0.00000,18.07353,0.15335,0.42375,1.18430,0.00004,0.00089,0.00419,5.42698,7.04487,3.53056,10.57544
15 B LL B,36,0.00000,17.86425,0.15029,0.40738,1.18074,0.00004,0.00088,0.00417,5.42689,7.04483,3.53082,10.57565
15 B LL B,37,0.00000,17.65765,0.14747,0.39239,1.17724,0.00004,0.00087,0.00416,5.42681,7.04478,3.53107,10.57586
15 B LL B,38,0.00000,17.45371,0.14486,0.37862,1.17382,0.00004,0.00086,0.00415,5.42673,7.04474,3.53132,10.57606
15 B LL B,39,0.00000,17.25245,0.14246,0.36598,1.17047,0.00004,0.00085,0.00414,5.42665,7.04470,3.53157,10.57626
15 B LL B,40,0.00000,17.05386,0.14024,0.35436,1.16718,0.00004,0.00084,0.00413,5.42657,7.04465,3.53181,10.57646
15 B LL B,41,0.00000,16.85791,0.13818,0.34366,1.16395,0.00004,0.00083,0.00412,5.42649,7.04461,3.53205,10.57666
15 B LL B,42,5.71250,22.28716,0.13697,0.33381,1.16080,0.00004,0.00082,0.00412,5.42640,7.04456,3.53237,10.57693
15 B LL B,43,0.00000,22.00846,0.13583,0.32473,1.15771,0.00004,0.00082,0.00411,5.42632,7.04452,3.53269,10.57721
15 B LL B,44,0.00000,21.73423,0.13474,0.31634,1.15467,0.00004,0.00081,0.00410,5.42624,7.04448,3.53300,10.57748
15 B LL B,45,0.00000,21.46437,0.13370,0.30858,1.15170,0.00004,0.00080,0.00409,5.42616,7.04444,3.53330,10.57774
15 B LL B,46,0.00000,21.19880,0.13270,0.30141,1.14879,0.00004,0.00080,0.00409,5.42608,7.04439,3.53361,10.57800
15 B LL B,47,0.00000,20.93744,0.13176,0.29476,1.14593,0.00004,0.00079,0.00408,5.42600,7.04435,3.53390,10.57825
15 B LL B,48,0.00000,20.68021,0.13085,0.28860,1.14313,0.00004,0.00079,0.00408,5.42592,7.04431,3.53419,10.57850
15 B LL B,49,0.00000,20.42704,0.12999,0.28288,1.14038,0.00004,0.00078,0.00407,5.42584,7.04427,3.53448,10.57875
15 B LL B,50,0.00000,20.17783,0.12916,0.27758,1.13768,0.00004,0.00078,0.00407,5.42575,7.04423,3.53476,10.57899
15 B LL B,51,0.00000,19.93252,0.12836,0.27264,1.13504,0.00005,0.00077,0.00406,5.42567,7.04418,3.53504,10.57922
15 B LL B,52,0.00000,19.69104,0.12760,0.26806,1.13245,0.00005,0.00077,0.00406,5.42559,7.04414,3.53531,10.57946
15 B LL B,53,0.00000,19.45330,0.12687,0.26379,1.12991,0.00005,0.00076,0.00405,5.42551,7.04410,3.53558,10.57968
15 B LL B,54,0.00000,19.21925,0.12616,0.25981,1.12742,0.00005,0.00076,0.00405,5.42543,7.04406,3.53585,10.57991
15 B LL B,55,0.00000,18.98881,0.12548,0.25610,1.12497,0.00005,0.00076,0.00405,5.42535,7.04402,3.53611,10.58013
15 B LL B,56,5.71250,24.38618,0.12538,0.25266,1.12258,0.00005,0.00075,0.00404,5.42527,7.04398,3.53645,10.58043
15 B LL B,57,0.00000,24.07626,0.12525,0.24944,1.12024,0.00005,0.00075,0.00404,5.42519,7.04394,3.53679,10.58073
15 B LL B,58,0.00000,23.77143,0.12509,0.24644,1.11794,0.00005,0.00075,0.00404,5.42511,7.04390,3.53712,10.58102
15 B LL B,59,0.00000,23.47160,0.12491,0.24363,1.11569,0.00005,0.00074,0.00403,5.42503,7.04386,3.53745,10.58131
15 B LL B,60,0.00000,23.17665,0.12470,0.24101,1.11348,0.00005,0.00074,0.00403,5.42495,7.04382,3.53777,10.58159
15 B LL B,61,0.00000,22.88649,0.12447,0.23855,1.11131,0.00005,0.00074,0.00403,5.42487,7.04378,3.53809,10.58187
15 B LL B,62,0.00000,22.60101,0.12422,0.23625,1.10919,0.00005,0.00074,0.00402,5.42479,7.04374,3.53840,10.58214
15 B LL B,63,0.00000,22.32014,0.12395,0.23410,1.10710,0.00005,0.00073,0.00402,5.42471,7.04370,3.53871,10.58241
15 B LL B,64,0.00000,22.04377,0.12366,0.23208,1.10506,0.00005,0.00073,0.00402,5.42463,7.04366,3.53902,10.58267
15 B LL B,65,0.00000,21.77181,0.12337,0.23019,1.10305,0.00005,0.00073,0.00402,5.42455,7.04362,3.53931,10.58293
15 B LL B,66,0.00000,21.50417,0.12306,0.22842,1.10108,0.00005,0.00073,0.00401,5.42447,7.04358,3.53961,10.58319
15 B LL B,67,0.00000,21.24078,0.12274,0.22676,1.09915,0.00005,0.00073,0.00401,5.42438,7.04354,3.53990,10.58344
15 B LL B,68,0.00000,20.98154,0.12240,0.22520,1.09726,0.00005,0.00072,0.00401,5.42430,7.04350,3.54018,10.58368
15 B LL B,69,0.00000,20.72637,0.12207,0.22373,1.09540,0.00005,0.00072,0.00401,5.42422,7.04346,3.54046,10.58393
15 B LL B,70,5.71250,26.10009,0.12222,0.22237,1.09359,0.00005,0.00072,0.00401,5.42414,7.04342,3.54083,10.58425
15 B LL B,71,0.00000,25.76688,0.12232,0.22109,1.09181,0.00005,0.00072,0.00401,5.42406,7.04338,3.54118,10.58457
15 B LL B,72,0.00000,25.43913,0.12237,0.21988,1.09007,0.00005,0.00072,0.00400,5.42398,7.04335,3.54154,10.58488
15 B LL B,73,0.00000,25.11673,0.12237,0.21875,1.08836,0.00005,0.00072,0.00400,5.42390,7.04331,3.54188,10.58519
15 B LL B,74,0.00000,24.79957,0.12234,0.21769,1.08668,0.00005,0.00071,0.00400,5.42382,7.04327,3.54222,10.58549
15 B LL B,75,0.00000,24.48755,0.12227,0.21668,1.08503,0.00005,0.00071,0.00400,5.42374,7.04323,3.54256,10.58579
15 B LL B,76,0.00000,24.18058,0.12216,0.21574,1.08341,0.00005,0.00071,0.00400,5.42366,7.04319,3.54289,10.58608
15 B LL B,77,0.00000,23.87854,0.12202,0.21485,1.08183,0.00005,0.00071,0.00400,5.42358,7.04315,3.54322,10.58637
15 B LL B,78,0.00000,23.58134,0.12186,0.21402,1.08027,0.00005,0.00071,0.00399,5.42350,7.04312,3.54354,10.58665
15 B LL B,79,0.00000,23.28890,0.12166,0.21323,1.07875,0.00005,0.00071,0.00399,5.42342,7.04308,3.54385,10.58693
15 B LL B,80,0.00000,23.00111,0.12145,0.21249,1.07725,0.00005,0.00071,0.00399,5.42334,7.04304,3.54417,10.58721
15 B LL B,81,0.00000,22.71788,0.12121,0.21179,1.07578,0.00005,0.00071,0.00399,5.42326,7.04300,3.54447,10.58747
15 B LL B,82,0.00000,22.43913,0.12095,0.21113,1.07434,0.00005,0.00070,0.00399,5.42318,7.04296,3.54477,10.58774
15 B LL B,83,0.00000,22.16478,0.12067,0.21051,1.07293,0.00005,0.00070,0.00399,5.42310,7.04293,3.54507,10.58800
15 B LL B,84,5.71250,27.51982,0.12085,0.20994,1.07155,0.00005,0.00070,0.00399,5.42302,7.04289,3.54545,10.58834
15 B LL B,85,0.00000,27.16822,0.12097,0.20940,1.07019,0.00005,0.00070,0.00399,5.42294,7.04285,3.54582,10.58868
15 B LL B,86,0.00000,26.82235,0.12104,0.20888,1.06887,0.00005,0.00070,0.00398,5.42286,7.04282,3.54619,10.58901
15 B LL B,87,0.00000,26.48210,0.12106,0.20840,1.06756,0.00005,0.00070,0.00398,5.42278,7.04278,3.54655,10.58933
15 B LL B,88,0.00000,26.14737,0.12104,0.20795,1.06629,0.00005,0.00070,0.00398,5.42270,7.04274,3.54691,10.58965
15 B LL B,89,0.00000,25.81805,0.12097,0.20752,1.06503,0.00005,0.00070,0.00398,5.42262,7.04271,3.54726,10.58997
15 B LL B,90,0.00000,25.49403,0.12087,0.20711,1.06380,0.00005,0.00070,0.00398,5.42254,7.04267,3.54761,10.59028
15 B LL B,91,0.00000,25.17521,0.12073,0.20673,1.06259,0.00005,0.00070,0.00398,5.42246,7.04263,3.54795,10.59058
15 B LL B,92,0.00000,24.86150,0.12057,0.20637,1.06141,0.00005,0.00070,0.00398,5.42238,7.04260,3.54828,10.59088
15 B LL B,93,0.00000,24.55279,0.12037,0.20602,1.06024,0.00005,0.00069,0.00398,5.42230,7.04256,3.54861,10.59117
15 B LL B,94,0.00000,24.24899,0.12015,0.20570,1.05910,0.00005,0.00069,0.00398,5.42222,7.04252,3.54894,10.59146
15 B LL B,95,0.00000,23.95000,0.11990,0.20539,1.05798,0.00005,0.00069,0.00398,5.42214,7.04249,3.54926,10.59174
15 B LL B,96,0.00000,23.65574,0.11963,0.20510,1.05688,0.00005,0.00069,0.00398,5.42206,7.04245,3.54957,10.59202
15 B LL B,97,0.00000,23.36610,0.11934,0.20483,1.05580,0.00005,0.00069,0.00398,5.42198,7.04241,3.54989,10.59230
15 B LL B,98,5.71250,28.70619,0.11949,0.20458,1.05475,0.00005,0.00069,0.00397,5.42190,7.04238,3.55028,10.59266
15 B LL B,99,0.00000,28.33984,0.11958,0.20435,1.05372,0.00005,0.00069,0.00397,5.42182,7.04234,3.55066,10.59301
15 B LL B,100,0.00000,27.97945,0.11961,0.20413,1.05271,0.00005,0.00069,0.00397,5.42174,7.04231,3.55104,10.59335
15 B LL B,101,0.00000,27.62491,0.11960,0.20392,1.05172,0.00005,0.00069,0.00397,5.42166,7.04227,3.55142,10.59369
15 B LL B,102,0.00000,27.27610,0.11955,0.20372,1.05074,0.00005,0.00069,0.00397,5.42158,7.04224,3.55179,10.59402
15 B LL B,103,0.00000,26.93292,0.11945,0.20353,1.04978,0.00005,0.00069,0.00397,5.42150,7.04220,3.55215,10.59435
15 B LL B,104,0.00000,26.59525,0.11932,0.20335,1.04884,0.00005,0.00069,0.00397,5.42142,7.04217,3.55251,10.59467
15 B LL B,105,0.00000,26.26300,0.11915,0.20318,1.04792,0.00005,0.00069,0.00397,5.42134,7.04213,3.55286,10.59499
15 B LL B,106,0.00000,25.93606,0.11895,0.20302,1.04702,0.00005,0.00069,0.00397,5.42126,7.04210,3.55321,10.59530
15 B LL B,107,0.00000,25.61432,0.11873,0.20287,1.04613,0.00005,0.00068,0.00397,5.42118,7.04206,3.55355,10.59561
15 B LL B,108,0.00000,25.29770,0.11847,0.20272,1.04526,0.00005,0.00068,0.00397,5.42110,7.04202,3.55388,10.59591
15 B LL B,109,0.00000,24.98609,0.11820,0.20258,1.04440,0.00005,0.00068,0.00397,5.42102,7.04199,3.55422,10.59621
15 B LL B,110,0.00000,24.67940,0.11790,0.20245,1.04356,0.00005,0.00068,0.00397,5.42094,7.04195,3.55454,10.59650
15 B LL B,111,0.00000,24.37753,0.11758,0.20233,1.04273,0.00005,0.00068,0.00397,5.42086,7.04192,3.55487,10.59678
15 B LL B,112,5.71250,29.70559,0.11768,0.20222,1.04193,0.00005,0.00068,0.00397,5.42078,7.04188,3.55527,10.59715
15 B LL B,113,0.00000,29.32741,0.11773,0.20212,1.04115,0.00005,0.00068,0.00397,5.42070,7.04185,3.55566,10.59752
15 B LL B,114,0.00000,28.95537,0.11772,0.20202,1.04037,0.00005,0.00068,0.00396,5.42062,7.04182,3.55605,10.59787
15 B LL B,115,0.00000,28.58936,0.11767,0.20193,1.03961,0.00005,0.00068,0.00396,5.42054,7.04178,3.55644,10.59822
15 B LL B,116,0.00000,28.22926,0.11758,0.20184,1.03887,0.00005,0.00068,0.00396,5.42046,7.04175,3.55682,10.59857
15 B LL B,117,0.00000,27.87496,0.11745,0.20176,1.03814,0.00005,0.00068,0.00396,5.42038,7.04172,3.55719,10.59891
15 B LL B,118,0.00000,27.52636,0.11728,0.20168,1.03742,0.00005,0.00068,0.00396,5.42030,7.04168,3.55756,10.59924
15 B LL B,119,0.00000,27.18334,0.11708,0.20160,1.03671,0.00005,0.00068,0.00396,5.42023,7.04165,3.55792,10.59957
15 B LL B,120,0.00000,26.84579,0.11684,0.20153,1.03602,0.00005,0.00068,0.00396,5.42015,7.04161,3.55827,10.59989
15 B LL B,121,0.00000,26.51363,0.11659,0.20146,1.03534,0.00005,0.00068,0.00396,5.42007,7.04158,3.55862,10.60020
15 B LL B,122,0.00000,26.18674,0.11630,0.20139,1.03467,0.00005,0.00068,0.00396,5.41999,7.04155,3.55897,10.60052
15 B LL B,123,0.00000,25.86502,0.11599,0.20132,1.03402,0.00005,0.00068,0.00396,5.41991,7.04151,3.55931,10.60082
15 B LL B,124,0.00000,25.54838,0.11567,0.20126,1.03337,0.00005,0.00068,0.00396,5.41983,7.04148,3.55965,10.60112
15 B LL B,125,0.00000,25.23672,0.11532,0.20120,1.03274,0.00005,0.00068,0.00396,5.41975,7.04144,3.55998,10.60142
15 B LL B,126,5.71250,30.55516,0.11538,0.20116,1.03213,0.00005,0.00067,0.00396,5.41967,7.04141,3.56039,10.60180
15 B LL B,127,0.00000,30.16750,0.11538,0.20111,1.03153,0.00005,0.00067,0.00396,5.41959,7.04138,3.56079,10.60217
15 B LL B,128,0.00000,29.78614,0.11534,0.20107,1.03094,0.00005,0.00067,0.00396,5.41951,7.04135,3.56119,10.60254
15 B LL B,129,0.00000,29.41096,0.11525,0.20103,1.03035,0.00005,0.00067,0.00396,5.41943,7.04131,3.56158,10.60289
15 B LL B,130,0.00000,29.04183,0.11513,0.20099,1.02978,0.00005,0.00067,0.00396,5.41935,7.04128,3.56197,10.60325
15 B LL B,131,0.00000,28.67865,0.11496,0.20095,1.02922,0.00005,0.00067,0.00396,5.41927,7.04125,3.56235,10.60360
15 B LL B,132,0.00000,28.32131,0.11476,0.20091,1.02867,0.00005,0.00067,0.00396,5.41919,7.04122,3.56272,10.60394
15 B LL B,133,0.00000,27.96969,0.11453,0.20088,1.02813,0.00005,0.00067,0.00396,5.41911,7.04118,3.56309,10.60427
15 B LL B,134,0.00000,27.62369,0.11426,0.20084,1.02760,0.00005,0.00067,0.00396,5.41903,7.04115,3.56345,10.60460
15 B LL B,135,0.00000,27.28320,0.11398,0.20081,1.02708,0.00005,0.00067,0.00396,5.41895,7.04112,3.56381,10.60493
15 B LL B,136,0.00000,26.94811,0.11366,0.20077,1.02657,0.00005,0.00067,0.00396,5.41887,7.04109,3.56416,10.60525
15 B LL B,137,0.00000,26.61834,0.11333,0.20074,1.02606,0.00005,0.00067,0.00396,5.41879,7.04105,3.56451,10.60556
15 B LL B,138,0.00000,26.29377,0.11298,0.20071,1.02557,0.00005,0.00067,0.00396,5.41871,7.04102,3.56485,10.60587
15 B LL B,139,0.00000,25.97431,0.11261,0.20068,1.02508,0.00005,0.00067,0.00396,5.41863,7.04099,3.56519,10.60618
15 B LL B,140,5.71250,31.28507,0.11263,0.20066,1.02461,0.00005,0.00067,0.00396,5.41855,7.04096,3.56560,10.60656
15 B LL B,141,0.00000,30.88988,0.11260,0.20064,1.02415,0.00005,0.00067,0.00396,5.41847,7.04093,3.56601,10.60694
15 B LL B,142,0.00000,30.50110,0.11252,0.20062,1.02370,0.00005,0.00067,0.00395,5.41839,7.04090,3.56642,10.60731
15 B LL B,143,0.00000,30.11862,0.11240,0.20061,1.02325,0.00005,0.00067,0.00395,5.41831,7.04087,3.56682,10.60768
15 B LL B,144,0.00000,29.74232,0.11225,0.20059,1.02282,0.00005,0.00067,0.00395,5.41823,7.04083,3.56721,10.60804
15 B LL B,145,0.00000,29.37209,0.11205,0.20057,1.02239,0.00005,0.00067,0.00395,5.41815,7.04080,3.56759,10.60840
15 B LL B,146,0.00000,29.00781,0.11182,0.20055,1.02196,0.00005,0.00067,0.00395,5.41807,7.04077,3.56797,10.60874
15 B LL B,147,0.00000,28.64936,0.11157,0.20053,1.02155,0.00005,0.00067,0.00395,5.41799,7.04074,3.56835,10.60909
15 B LL B,148,0.00000,28.29665,0.11128,0.20051,1.02114,0.00005,0.00067,0.00395,5.41791,7.04071,3.56871,10.60942
15 B LL B,149,0.00000,27.94956,0.11097,0.20049,1.02074,0.00005,0.00067,0.00395,5.41783,7.04068,3.56908,10.60976
15 B LL B,150,0.00000,27.60799,0.11063,0.20048,1.02034,0.00005,0.00067,0.00395,5.41775,7.04065,3.56943,10.61008
15 B LL B,151,0.00000,27.27183,0.11028,0.20046,1.01996,0.00005,0.00067,0.00395,5.41767,7.04062,3.56979,10.61040
15 B LL B,152,0.00000,26.94098,0.10991,0.20044,1.01957,0.00005,0.00067,0.00395,5.41759,7.04059,3.57013,10.61072
15 B LL B,153,0.00000,26.61534,0.10952,0.20042,1.01920,0.00005,0.00066,0.00395,5.41751,7.04055,3.57047,10.61103
15 B LL B,154,5.71250,31.92004,0.10951,0.20041,1.01884,0.00005,0.00066,0.00395,5.41743,7.04052,3.57090,10.61142
15 B LL B,155,0.00000,31.51889,0.10945,0.20041,1.01849,0.00005,0.00066,0.00395,5.41735,7.04050,3.57131,10.61181
15 B LL B,156,0.00000,31.12426,0.10934,0.20040,1.01814,0.00005,0.00066,0.00395,5.41727,7.04047,3.57172,10.61218
15 B LL B,157,0.00000,30.73603,0.10920,0.20039,1.01780,0.00005,0.00066,0.00395,5.41719,7.04044,3.57212,10.61256
15 B LL B,158,0.00000,30.35408,0.10902,0.20038,1.01746,0.00005,0.00066,0.00395,5.41711,7.04041,3.57252,10.61292
15 B LL B,159,0.00000,29.97829,0.10880,0.20037,1.01713,0.00005,0.00066,0.00395,5.41703,7.04038,3.57291,10.61328
15 B LL B,160,0.00000,29.60855,0.10855,0.20036,1.01680,0.00005,0.00066,0.00395,5.41695,7.04035,3.57329,10.61364
15 S RE A,0,5.71250,8.07167,4.65598,18.69769,5.81247,0.00000,0.01587,0.01587,16.28994,21.13989,10.57002,31.70991
15 S RE A,1,0.00000,10.19025,4.19353,16.89935,5.75126,0.00000,0.01458,0.01458,16.28988,21.13977,10.57005,31.70982
15 S RE A,2,0.00000,12.09270,3.78149,15.28416,5.69136,0.00001,0.01342,0.01341,16.28981,21.13966,10.57009,31.70975
15 S RE A,3,0.00000,13.80116,3.41437,13.83341,5.63273,0.00001,0.01238,0.01237,16.28975,21.13955,10.57013,31.70968
15 S RE A,4,0.00000,15.33557,3.08728,12.53029,5.57534,0.00002,0.01144,0.01143,16.28969,21.13944,10.57018,31.70962
15 S RE A,5,0.00000,16.71384,2.79586,11.35971,5.51916,0.00002,0.01060,0.01058,16.28963,21.13932,10.57024,31.70957
15 S RE A,6,0.00000,17.95208,2.53621,10.30812,5.46417,0.00002,0.00984,0.00982,16.28956,21.13921,10.57031,31.70952
15 S RE A,7,0.00000,19.06474,2.30485,9.36333,5.41035,0.00002,0.00915,0.00913,16.28950,21.13910,10.57038,31.70948
15 S RE A,8,0.00000,20.06477,2.09871,8.51443,5.35765,0.00002,0.00854,0.00851,16.28944,21.13899,10.57045,31.70945
15 S RE A,9,0.00000,20.96379,1.91502,7.75159,5.30607,0.00003,0.00799,0.00796,16.28938,21.13888,10.57053,31.70941
15 S RE A,10,0.00000,21.77224,1.75131,7.06599,5.25557,0.00003,0.00749,0.00746,16.28932,21.13877,10.57062,31.70939
15 S RE A,11,0.00000,22.49946,1.60541,6.44971,5.20613,0.00003,0.00704,0.00701,16.28926,21.13866,10.57070,31.70936
15 S RE A,12,0.00000,23.15381,1.47535,5.89564,5.15774,0.00003,0.00663,0.00660,16.28920,21.13855,10.57079,31.70934
15 S RE A,13,0.00000,23.74281,1.35940,5.39740,5.11035,0.00003,0.00626,0.00623,16.28914,21.13845,10.57088,31.70933
15 S RE A,14,5.71250,29.95135,1.26405,4.94929,5.06398,0.00003,0.00593,0.00590,16.28908,21.13834,10.57100,31.70934
15 S RE A,15,0.00000,30.39586,1.17894,4.54611,5.01858,0.00004,0.00564,0.00560,16.28902,21.13823,10.57112,31.70935
15 S RE A,16,0.00000,30.79414,1.10295,4.18324,4.97413,0.00004,0.00537,0.00533,16.28896,21.13812,10.57124,31.70937
15 S RE A,17,0.00000,31.15094,1.03507,3.85652,4.93060,0.00005,0.00513,0.00508,16.28890,21.13802,10.57137,31.70938
15 S RE A,18,0.00000,31.47049,0.97440,3.56224,4.88798,0.00005,0.00491,0.00486,16.28884,21.13791,10.57149,31.70940
15 S RE A,19,0.00000,31.75660,0.92014,3.29704,4.84626,0.00005,0.00471,0.00466,16.28878,21.13781,10.57162,31.70942
15 S RE A,20,0.00000,32.01266,0.87160,3.05793,4.80540,0.00005,0.00453,0.00448,16.28872,21.13771,10.57174,31.70945
15 S RE A,21,0.00000,32.24171,0.82815,2.84223,4.76539,0.00006,0.00437,0.00431,16.28866,21.13760,10.57187,31.70947
15 S RE A,22,0.00000,32.44646,0.78922,2.64751,4.72621,0.00006,0.00422,0.00416,16.28861,21.13750,10.57199,31.70949
15 S RE A,23,0.00000,32.62935,0.75432,2.47162,4.68784,0.00006,0.00408,0.00402,16.28855,21.13740,10.57212,31.70952
15 S RE A,24,0.00000,32.79255,0.72302,2.31262,4.65027,0.00006,0.00396,0.00390,16.28849,21.13730,10.57225,31.70955
15 S RE A,25,0.00000,32.93800,0.69492,2.16878,4.61348,0.00006,0.00384,0.00378,16.28843,21.13720,10.57238,31.70958
15 S RE A,26,0.00000,33.06745,0.66969,2.03854,4.57745,0.00006,0.00374,0.00367,16.28838,21.13710,10.57251,31.70960
15 S RE A,27,0.00000,33.18245,0.64700,1.92051,4.54216,0.00006,0.00364,0.00358,16.28832,21.13700,10.57263,31.70963
15 S RE A,28,5.71250,38.96526,0.63342,1.81351,4.50763,0.00007,0.00355,0.00349,16.28827,21.13690,10.57279,31.70969
15 S RE A,29,0.00000,39.02459,0.62116,1.71635,4.47380,0.00007,0.00348,0.00341,16.28821,21.13681,10.57294,31.70974
15 S RE A,30,0.00000,39.07398,0.61007,1.62804,4.44068,0.00007,0.00341,0.00333,16.28816,21.13671,10.57309,31.70980
15 S RE A,31,0.00000,39.11437,0.60005,1.54770,4.40823,0.00008,0.00334,0.00326,16.28810,21.13662,10.57324,31.70986
15 S RE A,32,0.00000,39.14661,0.59098,1.47452,4.37645,0.00008,0.00328,0.00320,16.28805,21.13652,10.57339,31.70992
15 S RE A,33,0.00000,39.17144,0.58276,1.40780,4.34533,0.00008,0.00322,0.00314,16.28799,21.13643,10.57355,31.70997
15 S RE A,34,0.00000,39.18955,0.57530,1.34690,4.31484,0.00008,0.00317,0.00308,16.28794,21.13634,10.57370,31.71003
15 S RE A,35,0.00000,39.20154,0.56852,1.29124,4.28498,0.00009,0.00312,0.00303,16.28789,21.13624,10.57385,31.71009
15 S RE A,36,0.00000,39.20797,0.56236,1.24033,4.25573,0.00009,0.00307,0.00298,16.28783,21.13615,10.57400,31.71015
15 S RE A,37,0.00000,39.20933,0.55675,1.19370,4.22709,0.00009,0.00303,0.00294,16.28778,21.13606,10.57415,31.71021
15 S RE A,38,0.00000,39.20608,0.55164,1.15094,4.19902,0.00009,0.00299,0.00290,16.28773,21.13597,10.57430,31.71027
15 S RE A,39,0.00000,39.19860,0.54697,1.11169,4.17153,0.00009,0.00295,0.00286,16.28768,21.13588,10.57445,31.71033
15 S RE A,40,0.00000,39.18728,0.54271,1.07563,4.14460,0.00009,0.00292,0.00282,16.28762,21.13579,10.57460,31.71039
15 S RE A,41,0.00000,39.17245,0.53880,1.04245,4.11822,0.00009,0.00288,0.00279,16.28757,21.13570,10.57475,31.71045
15 S RE A,42,5.71250,44.83671,0.54142,1.01195,4.09240,0.00009,0.00285,0.00276,16.28752,21.13562,10.57492,31.71053
15 S RE A,43,0.00000,44.78616,0.54378,0.98383,4.06711,0.00010,0.00282,0.00272,16.28747,21.13553,10.57509,31.71062
15 S RE A,44,0.00000,44.73349,0.54588,0.95788,4.04232,0.00010,0.00280,0.00270,16.28742,21.13544,10.57526,31.71070
15 S RE A,45,0.00000,44.67888,0.54774,0.93391,4.01804,0.00010,0.00277,0.00267,16.28737,21.13536,10.57543,31.71079
15 S RE A,46,0.00000,44.62252,0.54940,0.91175,3.99426,0.00011,0.00275,0.00264,16.28732,21.13527,10.57560,31.71087
15 S RE A,47,0.00000,44.56454,0.55085,0.89123,3.97096,0.00011,0.00273,0.00262,16.28727,21.13519,10.57577,31.71096
15 S RE A,48,0.00000,44.50509,0.55212,0.87223,3.94812,0.00011,0.00271,0.00259,16.28722,21.13510,10.57594,31.71104
15 S RE A,49,0.00000,44.44429,0.55321,0.85461,3.92576,0.00011,0.00269,0.00257,16.28717,21.13502,10.57611,31.71113
15 S RE A,50,0.00000,44.38227,0.55415,0.83826,3.90384,0.00012,0.00267,0.00255,16.28712,21.13493,10.57628,31.71121
15 S RE A,51,0.00000,44.31912,0.55495,0.82308,3.88237,0.00012,0.00265,0.00253,16.28707,21.13485,10.57645,31.71130
15 S RE A,52,0.00000,44.25495,0.55560,0.80897,3.86133,0.00012,0.00263,0.00251,16.28702,21.13477,10.57661,31.71138
15 S RE A,53,0.00000,44.18985,0.55614,0.79584,3.84071,0.00012,0.00261,0.00249,16.28697,21.13468,10.57678,31.71147
15 S RE A,54,0.00000,44.12390,0.55655,0.78362,3.82051,0.00012,0.00260,0.00248,16.28692,21.13460,10.57695,31.71155
15 S RE A,55,0.00000,44.05717,0.55686,0.77223,3.80072,0.00012,0.00258,0.00246,16.28688,21.13452,10.57711,31.71164
15 S RE A,56,5.71250,49.67267,0.56312,0.76168,3.78134,0.00012,0.00256,0.00244,16.28683,21.13444,10.57730,31.71174
15 S RE A,57,0.00000,49.57558,0.56876,0.75183,3.76235,0.00013,0.00255,0.00243,16.28678,21.13436,10.57749,31.71185
15 S RE A,58,0.00000,49.47844,0.57384,0.74264,3.74375,0.00013,0.00254,0.00241,16.28673,21.13428,10.57768,31.71196
15 S RE A,59,0.00000,49.38126,0.57840,0.73406,3.72552,0.00013,0.00253,0.00240,16.28668,21.13420,10.57787,31.71206
15 S RE A,60,0.00000,49.28406,0.58248,0.72605,3.70765,0.00013,0.00252,0.00238,16.28664,21.13412,10.57805,31.71217
15 S RE A,61,0.00000,49.18687,0.58612,0.71855,3.69014,0.00014,0.00251,0.00237,16.28659,21.13404,10.57824,31.71228
15 S RE A,62,0.00000,49.08971,0.58936,0.71154,3.67298,0.00014,0.00250,0.00236,16.28654,21.13396,10.57843,31.71238
15 S RE A,63,0.00000,48.99259,0.59222,0.70498,3.65617,0.00014,0.00249,0.00235,16.28649,21.13388,10.57861,31.71249
15 S RE A,64,0.00000,48.89552,0.59474,0.69883,3.63969,0.00014,0.00248,0.00233,16.28644,21.13380,10.57880,31.71259
15 S RE A,65,0.00000,48.79852,0.59694,0.69308,3.62354,0.00014,0.00247,0.00232,16.28640,21.13372,10.57898,31.71270
15 S RE A,66,0.00000,48.70161,0.59885,0.68769,3.60771,0.00015,0.00246,0.00231,16.28635,21.13364,10.57916,31.71280
15 S RE A,67,0.00000,48.60479,0.60050,0.68263,3.59220,0.00015,0.00245,0.00230,16.28630,21.13356,10.57935,31.71291
15 S RE A,68,0.00000,48.50808,0.60191,0.67789,3.57699,0.00015,0.00244,0.00229,16.28626,21.13348,10.57953,31.71301
15 S RE A,69,0.00000,48.41149,0.60310,0.67345,3.56209,0.00015,0.00243,0.00228,16.28621,21.13340,10.57971,31.71311
15 S RE A,70,5.71250,53.99823,0.61010,0.66933,3.54750,0.00015,0.00242,0.00227,16.28616,21.13333,10.57992,31.71324
15 S RE A,71,0.00000,53.87315,0.61640,0.66546,3.53321,0.00015,0.00241,0.00226,16.28611,21.13325,10.58012,31.71337
15 S RE A,72,0.00000,53.74871,0.62206,0.66183,3.51919,0.00016,0.00241,0.00225,16.28607,21.13317,10.58032,31.71349
15 S RE A,73,0.00000,53.62490,0.62712,0.65842,3.50546,0.00016,0.00240,0.00224,16.28602,21.13309,10.58052,31.71362
15 S RE A,74,0.00000,53.50170,0.63163,0.65521,3.49200,0.00016,0.00240,0.00223,16.28597,21.13302,10.58073,31.71374
15 S RE A,75,0.00000,53.37909,0.63564,0.65220,3.47880,0.00016,0.00239,0.00222,16.28593,21.13294,10.58093,31.71387
15 S RE A,76,0.00000,53.25706,0.63919,0.64937,3.46586,0.00017,0.00238,0.00222,16.28588,21.13286,10.58113,31.71399
15 S RE A,77,0.00000,53.13558,0.64231,0.64671,3.45318,0.00017,0.00238,0.00221,16.28583,21.13279,10.58133,31.71411
15 S RE A,78,0.00000,53.01465,0.64504,0.64420,3.44076,0.00017,0.00237,0.00220,16.28579,21.13271,10.58153,31.71424
15 S RE A,79,0.00000,52.89425,0.64741,0.64184,3.42857,0.00017,0.00236,0.00219,16.28574,21.13263,10.58173,31.71436
15 S RE A,80,0.00000,52.77437,0.64946,0.63962,3.41663,0.00017,0.00236,0.00219,16.28569,21.13256,10.58193,31.71448
15 S RE A,81,0.00000,52.65499,0.65120,0.63754,3.40492,0.00017,0.00235,0.00218,16.28565,21.13248,10.58212,31.71460
15 S RE A,82,0.00000,52.53611,0.65267,0.63557,3.39344,0.00017,0.00235,0.00217,16.28560,21.13240,10.58232,31.71472
15 S RE A,83,0.00000,52.41772,0.65389,0.63372,3.38219,0.00018,0.00234,0.00217,16.28556,21.13233,10.58252,31.71484
15 S RE A,84,5.71250,57.98315,0.66091,0.63203,3.37118,0.00018,0.00233,0.00216,16.28551,21.13225,10.58274,31.71499
15 S RE A,85,0.00000,57.83708,0.66720,0.63044,3.36038,0.00018,0.00233,0.00215,16.28546,21.13218,10.58295,31.71513
15 S RE A,86,0.00000,57.69196,0.67283,0.62894,3.34980,0.00018,0.00233,0.00215,16.28542,21.13210,10.58317,31.71527
15 S RE A,87,0.00000,57.54776,0.67784,0.62753,3.33942,0.00019,0.00233,0.00214,16.28537,21.13202,10.58339,31.71541
15 S RE A,88,0.00000,57.40444,0.68228,0.62619,3.32925,0.00019,0.00232,0.00213,16.28532,21.13195,10.58360,31.71555
15 S RE A,89,0.00000,57.26198,0.68620,0.62494,3.31928,0.00019,0.00232,0.00213,16.28528,21.13187,10.58382,31.71569
15 S RE A,90,0.00000,57.12034,0.68964,0.62375,3.30950,0.00019,0.00232,0.00212,16.28523,21.13180,10.58403,31.71583
15 S RE A,91,0.00000,56.97950,0.69265,0.62264,3.29991,0.00019,0.00231,0.00212,16.28519,21.13172,10.58425,31.71597
15 S RE A,92,0.00000,56.83944,0.69525,0.62158,3.29051,0.00020,0.00231,0.00211,16.28514,21.13165,10.58446,31.71611
15 S RE A,93,0.00000,56.70012,0.69749,0.62059,3.28130,0.00020,0.00230,0.00211,16.28509,21.13158,10.58467,31.71625
15 S RE A,94,0.00000,56.56154,0.69938,0.61965,3.27226,0.00020,0.00230,0.00210,16.28505,21.13150,10.58489,31.71639
15 S RE A,95,0.00000,56.42366,0.70097,0.61876,3.26340,0.00020,0.00230,0.00210,16.28500,21.13143,10.58510,31.71652
15 S RE A,96,0.00000,56.28647,0.70228,0.61793,3.25471,0.00020,0.00229,0.00209,16.28496,21.13135,10.58531,31.71666
15 S RE A,97,0.00000,56.14996,0.70333,0.61714,3.24619,0.00020,0.00229,0.00209,16.28491,21.13128,10.58552,31.71680
15 S RE A,98,5.71250,61.69753,0.71019,0.61645,3.23786,0.00020,0.00228,0.00208,16.28486,21.13120,10.58575,31.71695
15 S RE A,99,0.00000,61.53376,0.71632,0.61579,3.22969,0.00021,0.00228,0.00208,16.28482,21.13113,10.58598,31.71711
15 S RE A,100,0.00000,61.37110,0.72177,0.61518,3.22168,0.00021,0.00228,0.00207,16.28477,21.13106,10.58621,31.71727
15 S RE A,101,0.00000,61.20951,0.72660,0.61460,3.21382,0.00021,0.00228,0.00207,16.28473,21.13098,10.58644,31.71742
15 S RE A,102,0.00000,61.04896,0.73086,0.61404,3.20612,0.00021,0.00228,0.00206,16.28468,21.13091,10.58667,31.71758
15 S RE A,103,0.00000,60.88941,0.73459,0.61352,3.19856,0.00022,0.00228,0.00206,16.28463,21.13083,10.58690,31.71774
15 S RE A,104,0.00000,60.73082,0.73784,0.61303,3.19116,0.00022,0.00227,0.00205,16.28459,21.13076,10.58713,31.71789
15 S RE A,105,0.00000,60.57317,0.74065,0.61256,3.18389,0.00022,0.00227,0.00205,16.28454,21.13069,10.58736,31.71804
15 S RE A,106,0.00000,60.41642,0.74305,0.61212,3.17677,0.00022,0.00227,0.00205,16.28450,21.13061,10.58758,31.71820
15 S RE A,107,0.00000,60.26055,0.74509,0.61170,3.16978,0.00022,0.00227,0.00204,16.28445,21.13054,10.58781,31.71835
15 S RE A,108,0.00000,60.10553,0.74678,0.61131,3.16293,0.00022,0.00226,0.00204,16.28440,21.13047,10.58803,31.71850
15 S RE A,109,0.00000,59.95134,0.74817,0.61093,3.15621,0.00022,0.00226,0.00204,16.28436,21.13040,10.58826,31.71865
15 S RE A,110,0.00000,59.79796,0.74927,0.61058,3.14962,0.00023,0.00226,0.00203,16.28431,21.13032,10.58848,31.71880
15 S RE A,111,0.00000,59.64536,0.75011,0.61024,3.14316,0.00023,0.00225,0.00203,16.28427,21.13025,10.58871,31.71895
15 S RE A,112,5.71250,65.17700,0.75679,0.60998,3.13684,0.00023,0.00225,0.00203,16.28422,21.13018,10.58895,31.71913
15 S RE A,113,0.00000,64.99739,0.76272,0.60973,3.13065,0.00023,0.00225,0.00202,16.28418,21.13010,10.58919,31.71930
15 S RE A,114,0.00000,64.81901,0.76798,0.60949,3.12457,0.00023,0.00225,0.00202,16.28413,21.13003,10.58944,31.71947
15 S RE A,115,0.00000,64.64179,0.77261,0.60927,3.11861,0.00024,0.00225,0.00202,16.28408,21.12996,10.58968,31.71964
15 S RE A,116,0.00000,64.46571,0.77666,0.60905,3.11277,0.00024,0.00225,0.00201,16.28404,21.12989,10.58992,31.71981
15 S RE A,117,0.00000,64.29072,0.78019,0.60885,3.10704,0.00024,0.00225,0.00201,16.28399,21.12982,10.59016,31.71998
15 S RE A,118,0.00000,64.11679,0.78324,0.60865,3.10141,0.00024,0.00225,0.00201,16.28395,21.12974,10.59040,31.72015
15 S RE A,119,0.00000,63.94389,0.78585,0.60847,3.09590,0.00024,0.00225,0.00200,16.28390,21.12967,10.59064,31.72032
15 S RE A,120,0.00000,63.77197,0.78805,0.60829,3.09049,0.00025,0.00225,0.00200,16.28386,21.12960,10.59088,31.72048
15 S RE A,121,0.00000,63.60103,0.78988,0.60812,3.08519,0.00025,0.00224,0.00200,16.28381,21.12953,10.59112,31.72065
15 S RE A,122,0.00000,63.43102,0.79138,0.60796,3.07998,0.00025,0.00224,0.00199,16.28376,21.12946,10.59136,31.72082
15 S RE A,123,0.00000,63.26192,0.79256,0.60781,3.07488,0.00025,0.00224,0.00199,16.28372,21.12939,10.59159,31.72098
15 S RE A,124,0.00000,63.09372,0.79347,0.60766,3.06988,0.00025,0.00224,0.00199,16.28367,21.12931,10.59183,31.72115
15 S RE A,125,0.00000,62.92639,0.79411,0.60752,3.06497,0.00025,0.00224,0.00199,16.28363,21.12924,10.59207,31.72131
15 S RE A,126,5.71250,68.44338,0.80060,0.60745,3.06017,0.00025,0.00223,0.00198,16.28358,21.12917,10.59232,31.72149
15 S RE A,127,0.00000,68.24921,0.80634,0.60737,3.05547,0.00025,0.00223,0.00198,16.28354,21.12910,10.59258,31.72168
15 S RE A,128,0.00000,68.05632,0.81141,0.60730,3.05085,0.00026,0.00223,0.00198,16.28349,21.12903,10.59283,31.72186
15 S RE A,129,0.00000,67.86469,0.81585,0.60723,3.04633,0.00026,0.00223,0.00198,16.28344,21.12896,10.59309,31.72205
15 S RE A,130,0.00000,67.67426,0.81971,0.60716,3.04189,0.00026,0.00223,0.00197,16.28340,21.12889,10.59334,31.72223
15 S RE A,131,0.00000,67.48500,0.82305,0.60709,3.03753,0.00026,0.00223,0.00197,16.28335,21.12882,10.59360,31.72241
15 S RE A,132,0.00000,67.29687,0.82591,0.60702,3.03326,0.00027,0.00223,0.00197,16.28331,21.12875,10.59385,31.72260
15 S RE A,133,0.00000,67.10983,0.82832,0.60696,3.02907,0.00027,0.00223,0.00197,16.28326,21.12868,10.59410,31.72278
15 S RE A,134,0.00000,66.92385,0.83033,0.60690,3.02496,0.00027,0.00223,0.00196,16.28322,21.12861,10.59435,31.72296
15 S RE A,135,0.00000,66.73891,0.83197,0.60684,3.02092,0.00027,0.00223,0.00196,16.28317,21.12854,10.59460,31.72314
15 S RE A,136,0.00000,66.55498,0.83328,0.60678,3.01697,0.00027,0.00223,0.00196,16.28312,21.12847,10.59485,31.72331
15 S RE A,137,0.00000,66.37203,0.83427,0.60672,3.01309,0.00027,0.00223,0.00196,16.28308,21.12840,10.59510,31.72349
15 S RE A,138,0.00000,66.19004,0.83499,0.60667,3.00928,0.00027,0.00223,0.00196,16.28303,21.12833,10.59534,31.72367
15 S RE A,139,0.00000,66.00899,0.83544,0.60662,3.00554,0.00027,0.00223,0.00195,16.28299,21.12826,10.59559,31.72385
15 S RE A,140,5.71250,71.51231,0.84175,0.60662,3.00190,0.00027,0.00222,0.00195,16.28294,21.12819,10.59586,31.72405
15 S RE A,141,0.00000,71.30455,0.84732,0.60662,2.99832,0.00027,0.00223,0.00195,16.28290,21.12812,10.59613,31.72424
15 S RE A,142,0.00000,71.09813,0.85221,0.60662,2.99482,0.00028,0.00223,0.00195,16.28285,21.12805,10.59639,31.72444
15 S RE A,143,0.00000,70.89302,0.85646,0.60661,2.99137,0.00028,0.00223,0.00195,16.28281,21.12798,10.59666,31.72464
15 S RE A,144,0.00000,70.68918,0.86015,0.60661,2.98800,0.00028,0.00223,0.00194,16.28276,21.12791,10.59692,31.72483
15 S RE A,145,0.00000,70.48657,0.86331,0.60660,2.98469,0.00028,0.00223,0.00194,16.28271,21.12784,10.59719,31.72503
15 S RE A,146,0.00000,70.28515,0.86598,0.60659,2.98144,0.00029,0.00223,0.00194,16.28267,21.12777,10.59745,31.72522
15 S RE A,147,0.00000,70.08488,0.86822,0.60658,2.97825,0.00029,0.00223,0.00194,16.28262,21.12770,10.59771,31.72541
15 S RE A,148,0.00000,69.88574,0.87005,0.60657,2.97512,0.00029,0.00223,0.00194,16.28258,21.12763,10.59797,31.72561
15 S RE A,149,0.00000,69.68769,0.87151,0.60655,2.97205,0.00029,0.00223,0.00194,16.28253,21.12757,10.59823,31.72580
15 S RE A,150,0.00000,69.49071,0.87264,0.60654,2.96904,0.00029,0.00223,0.00193,16.28249,21.12750,10.59849,31.72599
15 S RE A,151,0.00000,69.29477,0.87346,0.60652,2.96609,0.00029,0.00222,0.00193,16.28244,21.12743,10.59875,31.72618
15 S RE A,152,0.00000,69.09985,0.87400,0.60651,2.96319,0.00029,0.00222,0.00193,16.28240,21.12736,10.59901,31.72637
15 S RE A,153,0.00000,68.90592,0.87428,0.60649,2.96035,0.00029,0.00222,0.00193,16.28235,21.12729,10.59927,31.72656
15 S RE A,154,5.71250,74.39642,0.88042,0.60653,2.95757,0.00029,0.00222,0.00193,16.28230,21.12722,10.59955,31.72677
15 S RE A,155,0.00000,74.17587,0.88582,0.60656,2.95486,0.00030,0.00222,0.00193,16.28226,21.12716,10.59982,31.72698
15 S RE A,156,0.00000,73.95673,0.89054,0.60659,2.95219,0.00030,0.00222,0.00193,16.28221,21.12709,10.60010,31.72719
15 S RE A,157,0.00000,73.73896,0.89463,0.60661,2.94957,0.00030,0.00222,0.00192,16.28217,21.12702,10.60038,31.72740
15 S RE A,158,0.00000,73.52251,0.89814,0.60663,2.94700,0.00030,0.00223,0.00192,16.28212,21.12695,10.60065,31.72761
15 S RE A,159,0.00000,73.30734,0.90113,0.60665,2.94448,0.00031,0.00223,0.00192,16.28208,21.12689,10.60093,31.72781
15 S RE A,160,0.00000,73.09342,0.90364,0.60667,2.94201,0.00031,0.00223,0.00192,16.28203,21.12682,10.60120,31.72802
15 S RE B,0,5.71250,6.34362,1.49048,5.96336,1.36758,0.00000,0.00481,0.00481,5.42998,7.04663,3.52345,10.57008
15 S RE B,1,0.00000,6.88730,1.34818,5.39157,1.36032,0.00000,0.00441,0.00441,5.42996,7.04659,3.52358,10.57017
15 S RE B,2,0.00000,7.35328,1.22121,4.87800,1.35320,0.00001,0.00405,0.00404,5.42994,7.04655,3.52372,10.57028
15 S RE B,3,0.00000,7.75039,1.10787,4.41670,1.34623,0.00001,0.00373,0.00371,5.42992,7.04651,3.52388,10.57039
15 S RE B,4,0.00000,8.08657,1.00667,4.00233,1.33941,0.00001,0.00344,0.00342,5.42990,7.04648,3.52404,10.57052
15 S RE B,5,0.00000,8.36894,0.91628,3.63009,1.33272,0.00002,0.00317,0.00316,5.42988,7.04644,3.52421,10.57065
15 S RE B,6,0.00000,8.60387,0.83550,3.29567,1.32617,0.00002,0.00294,0.00292,5.42985,7.04640,3.52438,10.57078
15 S RE B,7,0.00000,8.79706,0.76328,2.99520,1.31975,0.00002,0.00273,0.00271,5.42983,7.04636,3.52456,10.57093
15 S RE B,8,0.00000,8.95357,0.69868,2.72521,1.31346,0.00002,0.00254,0.00252,5.42981,7.04632,3.52474,10.57107
15 S RE B,9,0.00000,9.07790,0.64086,2.48258,1.30729,0.00002,0.00237,0.00234,5.42979,7.04629,3.52493,10.57122
15 S RE B,10,0.00000,9.17405,0.58908,2.26449,1.30126,0.00003,0.00222,0.00219,5.42977,7.04625,3.52511,10.57136
15 S RE B,11,0.00000,9.24556,0.54268,2.06843,1.29534,0.00003,0.00208,0.00205,5.42975,7.04621,3.52530,10.57151
15 S RE B,12,0.00000,9.29554,0.50108,1.89214,1.28954,0.00003,0.00195,0.00193,5.42973,7.04618,3.52548,10.57166
15 S RE B,13,0.00000,9.32678,0.46374,1.73360,1.28386,0.00003,0.00184,0.00181,5.42971,7.04614,3.52566,10.57180
15 S RE B,14,5.71250,14.90516,0.43800,1.59102,1.27831,0.00003,0.00174,0.00171,5.42969,7.04610,3.52599,10.57209
15 S RE B,15,0.00000,14.76282,0.41461,1.46272,1.27288,0.00003,0.00165,0.00162,5.42967,7.04607,3.52630,10.57237
15 S RE B,16,0.00000,14.61378,0.39333,1.34721,1.26755,0.00004,0.00158,0.00154,5.42965,7.04603,3.52661,10.57264
15 S RE B,17,0.00000,14.45936,0.37394,1.24319,1.26233,0.00004,0.00150,0.00146,5.42963,7.04600,3.52691,10.57291
15 S RE B,18,0.00000,14.30068,0.35624,1.14948,1.25721,0.00004,0.00144,0.00140,5.42961,7.04596,3.52721,10.57317
15 S RE B,19,0.00000,14.13874,0.34004,1.06500,1.25219,0.00004,0.00138,0.00134,5.42959,7.04593,3.52750,10.57342
15 S RE B,20,0.00000,13.97437,0.32521,0.98881,1.24728,0.00005,0.00133,0.00128,5.42957,7.04589,3.52778,10.57367
15 S RE B,21,0.00000,13.80829,0.31160,0.92005,1.24246,0.00005,0.00128,0.00123,5.42955,7.04586,3.52806,10.57391
15 S RE B,22,0.00000,13.64111,0.29908,0.85795,1.23773,0.00005,0.00124,0.00119,5.42953,7.04582,3.52833,10.57415
15 S RE B,23,0.00000,13.47335,0.28756,0.80184,1.23310,0.00005,0.00120,0.00115,5.42951,7.04579,3.52859,10.57438
15 S RE B,24,0.00000,13.30548,0.27692,0.75110,1.22856,0.00005,0.00116,0.00111,5.42950,7.04576,3.52885,10.57461
15 S RE B,25,0.00000,13.13785,0.26709,0.70516,1.22411,0.00005,0.00113,0.00108,5.42948,7.04572,3.52910,10.57483
15 S RE B,26,0.00000,12.97081,0.25798,0.66356,1.21975,0.00005,0.00110,0.00105,5.42946,7.04569,3.52935,10.57504
15 S RE B,27,0.00000,12.80461,0.24952,0.62583,1.21548,0.00005,0.00107,0.00102,5.42944,7.04566,3.52959,10.57525
15 S RE B,28,5.71250,18.22183,0.24828,0.59164,1.21131,0.00005,0.00105,0.00099,5.42942,7.04562,3.52995,10.57558
15 S RE B,29,0.00000,17.93178,0.24682,0.56058,1.20722,0.00005,0.00103,0.00097,5.42940,7.04559,3.53031,10.57590
15 S RE B,30,0.00000,17.64692,0.24517,0.53234,1.20321,0.00006,0.00101,0.00095,5.42938,7.04556,3.53065,10.57621
15 S RE B,31,0.00000,17.36721,0.24334,0.50662,1.19928,0.00006,0.00099,0.00093,5.42936,7.04553,3.53099,10.57652
15 S RE B,32,0.00000,17.09259,0.24136,0.48318,1.19542,0.00006,0.00097,0.00091,5.42935,7.04550,3.53132,10.57682
15 S RE B,33,0.00000,16.82299,0.23925,0.46179,1.19165,0.00006,0.00096,0.00090,5.42933,7.04547,3.53164,10.57711
15 S RE B,34,0.00000,16.55836,0.23703,0.44226,1.18794,0.00007,0.00095,0.00088,5.42931,7.04544,3.53196,10.57739
15 S RE B,35,0.00000,16.29860,0.23470,0.42439,1.18431,0.00007,0.00093,0.00087,5.42929,7.04541,3.53227,10.57767
15 S RE B,36,0.00000,16.04366,0.23229,0.40803,1.18074,0.00007,0.00092,0.00085,5.42928,7.04538,3.53257,10.57795
15 S RE B,37,0.00000,15.79344,0.22980,0.39304,1.17725,0.00007,0.00091,0.00084,5.42926,7.04535,3.53287,10.57821
15 S RE B,38,0.00000,15.54787,0.22725,0.37929,1.17383,0.00007,0.00090,0.00083,5.42924,7.04532,3.53316,10.57847
15 S RE B,39,0.00000,15.30686,0.22465,0.36665,1.17047,0.00007,0.00089,0.00082,5.42922,7.04529,3.53344,10.57873
15 S RE B,40,0.00000,15.07035,0.22201,0.35503,1.16717,0.00007,0.00088,0.00081,5.42920,7.04526,3.53372,10.57898
15 S RE B,41,0.00000,14.83823,0.21933,0.34433,1.16394,0.00007,0.00087,0.00080,5.42919,7.04523,3.53400,10.57923
15 S RE B,42,5.71250,20.20064,0.22277,0.33452,1.16080,0.00007,0.00086,0.00079,5.42917,7.04520,3.53438,10.57958
15 S RE B,43,0.00000,19.85770,0.22557,0.32547,1.15771,0.00007,0.00086,0.00079,5.42915,7.04517,3.53476,10.57993
15 S RE B,44,0.00000,19.52176,0.22779,0.31711,1.15469,0.00007,0.00085,0.00078,5.42914,7.04515,3.53513,10.58027
15 S RE B,45,0.00000,19.19267,0.22948,0.30938,1.15172,0.00008,0.00085,0.00077,5.42912,7.04512,3.53549,10.58061
15 S RE B,46,0.00000,18.87029,0.23067,0.30223,1.14881,0.00008,0.00085,0.00077,5.42910,7.04509,3.53584,10.58093
15 S RE B,47,0.00000,18.55445,0.23143,0.29560,1.14596,0.00008,0.00084,0.00076,5.42909,7.04506,3.53619,10.58126
15 S RE B,48,0.00000,18.24502,0.23178,0.28946,1.14316,0.00008,0.00084,0.00076,5.42907,7.04504,3.53653,10.58157
15 S RE B,49,0.00000,17.94186,0.23177,0.28376,1.14041,0.00008,0.00083,0.00075,5.42905,7.04501,3.53687,10.58188
15 S RE B,50,0.00000,17.64482,0.23143,0.27846,1.13772,0.00008,0.00083,0.00075,5.42904,7.04498,3.53720,10.58218
15 S RE B,51,0.00000,17.35377,0.23079,0.27354,1.13507,0.00008,0.00082,0.00074,5.42902,7.04495,3.53752,10.58248
15 S RE B,52,0.00000,17.06856,0.22989,0.26896,1.13248,0.00008,0.00082,0.00074,5.42900,7.04493,3.53784,10.58277
15 S RE B,53,0.00000,16.78908,0.22876,0.26469,1.12994,0.00008,0.00082,0.00073,5.42899,7.04490,3.53815,10.58305
15 S RE B,54,0.00000,16.51519,0.22741,0.26072,1.12745,0.00008,0.00081,0.00073,5.42897,7.04487,3.53846,10.58333
15 S RE B,55,0.00000,16.24675,0.22588,0.25701,1.12500,0.00008,0.00081,0.00072,5.42895,7.04485,3.53875,10.58360
15 S RE B,56,5.71250,21.57660,0.23023,0.25361,1.12262,0.00008,0.00080,0.00072,5.42894,7.04482,3.53916,10.58398
15 S RE B,57,0.00000,21.20170,0.23384,0.25043,1.12029,0.00009,0.00080,0.00072,5.42892,7.04480,3.53956,10.58436
15 S RE B,58,0.00000,20.83442,0.23678,0.24745,1.11800,0.00009,0.00080,0.00071,5.42890,7.04477,3.53995,10.58472
15 S RE B,59,0.00000,20.47460,0.23910,0.24468,1.11576,0.00009,0.00080,0.00071,5.42889,7.04475,3.54034,10.58508
15 S RE B,60,0.00000,20.12211,0.24085,0.24208,1.11355,0.00009,0.00080,0.00071,5.42887,7.04472,3.54072,10.58544
15 S RE B,61,0.00000,19.77679,0.24208,0.23964,1.11139,0.00009,0.00080,0.00071,5.42886,7.04470,3.54109,10.58578
15 S RE B,62,0.00000,19.43850,0.24284,0.23736,1.10927,0.00009,0.00080,0.00070,5.42884,7.04467,3.54145,10.58612
15 S RE B,63,0.00000,19.10709,0.24318,0.23522,1.10719,0.00009,0.00079,0.00070,5.42882,7.04465,3.54181,10.58645
15 S RE B,64,0.00000,18.78241,0.24313,0.23321,1.10515,0.00010,0.00079,0.00070,5.42881,7.04462,3.54216,10.58678
15 S RE B,65,0.00000,18.46433,0.24273,0.23133,1.10315,0.00010,0.00079,0.00069,5.42879,7.04460,3.54250,10.58710
15 S RE B,66,0.00000,18.15270,0.24202,0.22956,1.10118,0.00010,0.00079,0.00069,5.42878,7.04457,3.54284,10.58741
15 S RE B,67,0.00000,17.84738,0.24103,0.22791,1.09926,0.00010,0.00079,0.00069,5.42876,7.04455,3.54317,10.58772
15 S RE B,68,0.00000,17.54822,0.23978,0.22635,1.09736,0.00010,0.00078,0.00069,5.42874,7.04452,3.54350,10.58802
15 S RE B,69,0.00000,17.25511,0.23832,0.22488,1.09551,0.00010,0.00078,0.00069,5.42873,7.04450,3.54382,10.58831
15 S RE B,70,5.71250,22.56179,0.24270,0.22356,1.09371,0.00009,0.00078,0.00068,5.42871,7.04447,3.54424,10.58872
15 S RE B,71,0.00000,22.16413,0.24632,0.22231,1.09194,0.00010,0.00078,0.00068,5.42870,7.04445,3.54466,10.58911
15 S RE B,72,0.00000,21.77449,0.24924,0.22114,1.09021,0.00010,0.00078,0.00068,5.42868,7.04443,3.54507,10.58950
15 S RE B,73,0.00000,21.39273,0.25152,0.22003,1.08851,0.00010,0.00078,0.00068,5.42866,7.04440,3.54547,10.58988
15 S RE B,74,0.00000,21.01871,0.25321,0.21899,1.08684,0.00010,0.00078,0.00068,5.42865,7.04438,3.54587,10.59025
15 S RE B,75,0.00000,20.65229,0.25436,0.21801,1.08520,0.00010,0.00078,0.00068,5.42863,7.04436,3.54626,10.59061
15 S RE B,76,0.00000,20.29332,0.25503,0.21708,1.08359,0.00010,0.00078,0.00067,5.42862,7.04433,3.54664,10.59097
15 S RE B,77,0.00000,19.94164,0.25525,0.21620,1.08201,0.00011,0.00078,0.00067,5.42860,7.04431,3.54701,10.59132
15 S RE B,78,0.00000,19.59712,0.25507,0.21537,1.08046,0.00011,0.00078,0.00067,5.42858,7.04429,3.54738,10.59167
15 S RE B,79,0.00000,19.25961,0.25454,0.21459,1.07894,0.00011,0.00078,0.00067,5.42857,7.04426,3.54774,10.59201
15 S RE B,80,0.00000,18.92896,0.25368,0.21385,1.07745,0.00011,0.00077,0.00067,5.42855,7.04424,3.54810,10.59234
15 S RE B,81,0.00000,18.60503,0.25253,0.21316,1.07598,0.00011,0.00077,0.00067,5.42854,7.04422,3.54844,10.59266
15 S RE B,82,0.00000,18.28767,0.25112,0.21250,1.07454,0.00011,0.00077,0.00067,5.42852,7.04419,3.54879,10.59298
15 S RE B,83,0.00000,17.97674,0.24949,0.21187,1.07313,0.00010,0.00077,0.00066,5.42851,7.04417,3.54912,10.59329
15 S RE B,84,5.71250,23.26629,0.25372,0.21134,1.07177,0.00010,0.00077,0.00066,5.42849,7.04415,3.54956,10.59371
15 S RE B,85,0.00000,22.85182,0.25717,0.21083,1.07043,0.00011,0.00077,0.00066,5.42847,7.04413,3.54999,10.59412
15 S RE B,86,0.00000,22.44569,0.25992,0.21035,1.06911,0.00011,0.00077,0.00066,5.42846,7.04410,3.55042,10.59452
15 S RE B,87,0.00000,22.04776,0.26203,0.20989,1.06782,0.00011,0.00077,0.00066,5.42844,7.04408,3.55083,10.59492
15 S RE B,88,0.00000,21.65789,0.26353,0.20945,1.06655,0.00011,0.00077,0.00066,5.42843,7.04406,3.55124,10.59530
15 S RE B,89,0.00000,21.27594,0.26450,0.20904,1.06531,0.00011,0.00077,0.00066,5.42841,7.04404,3.55165,10.59568
15 S RE B,90,0.00000,20.90176,0.26498,0.20865,1.06409,0.00011,0.00077,0.00066,5.42840,7.04402,3.55204,10.59606
15 S RE B,91,0.00000,20.53519,0.26501,0.20827,1.06289,0.00011,0.00077,0.00065,5.42838,7.04399,3.55243,10.59642
15 S RE B,92,0.00000,20.17609,0.26464,0.20791,1.06171,0.00011,0.00077,0.00065,5.42836,7.04397,3.55281,10.59678
15 S RE B,93,0.00000,19.82431,0.26392,0.20758,1.06055,0.00011,0.00077,0.00065,5.42835,7.04395,3.55318,10.59713
15 S RE B,94,0.00000,19.47970,0.26287,0.20725,1.05942,0.00011,0.00077,0.00065,5.42833,7.04393,3.55355,10.59747
15 S RE B,95,0.00000,19.14211,0.26153,0.20695,1.05830,0.00011,0.00076,0.00065,5.42832,7.04390,3.55391,10.59781
15 S RE B,96,0.00000,18.81139,0.25993,0.20665,1.05721,0.00011,0.00076,0.00065,5.42830,7.04388,3.55426,10.59814
15 S RE B,97,0.00000,18.48740,0.25811,0.20637,1.05613,0.00011,0.00076,0.00065,5.42829,7.04386,3.55461,10.59847
15 S RE B,98,5.71250,23.76421,0.26217,0.20616,1.05510,0.00011,0.00076,0.00065,5.42827,7.04384,3.55506,10.59890
15 S RE B,99,0.00000,23.33724,0.26546,0.20596,1.05408,0.00011,0.00076,0.00065,5.42826,7.04382,3.55550,10.59932
15 S RE B,100,0.00000,22.91887,0.26804,0.20576,1.05308,0.00012,0.00076,0.00065,5.42824,7.04380,3.55594,10.59973
15 S RE B,101,0.00000,22.50894,0.26997,0.20557,1.05210,0.00012,0.00076,0.00065,5.42822,7.04378,3.55636,10.60014
15 S RE B,102,0.00000,22.10734,0.27130,0.20539,1.05114,0.00012,0.00076,0.00065,5.42821,7.04376,3.55678,10.60054
15 S RE B,103,0.00000,21.71389,0.27209,0.20522,1.05019,0.00012,0.00076,0.00064,5.42819,7.04374,3.55719,10.60093
15 S RE B,104,0.00000,21.32846,0.27240,0.20505,1.04926,0.00012,0.00076,0.00064,5.42818,7.04372,3.55760,10.60131
15 S RE B,105,0.00000,20.95089,0.27226,0.20488,1.04835,0.00012,0.00076,0.00064,5.42816,7.04369,3.55800,10.60169
15 S RE B,106,0.00000,20.58103,0.27173,0.20473,1.04746,0.00012,0.00076,0.00064,5.42815,7.04367,3.55839,10.60206
15 S RE B,107,0.00000,20.21873,0.27083,0.20457,1.04657,0.00012,0.00076,0.00064,5.42813,7.04365,3.55877,10.60242
15 S RE B,108,0.00000,19.86383,0.26962,0.20443,1.04571,0.00012,0.00076,0.00064,5.42812,7.04363,3.55914,10.60277
15 S RE B,109,0.00000,19.51619,0.26812,0.20429,1.04486,0.00012,0.00076,0.00064,5.42810,7.04361,3.55951,10.60312
15 S RE B,110,0.00000,19.17564,0.26636,0.20415,1.04402,0.00012,0.00076,0.00064,5.42808,7.04359,3.55987,10.60346
15 S RE B,111,0.00000,18.84205,0.26438,0.20402,1.04320,0.00012,0.00076,0.00064,5.42807,7.04357,3.56023,10.60380
15 S RE B,112,5.71250,24.10938,0.26830,0.20394,1.04242,0.00012,0.00076,0.00064,5.42805,7.04355,3.56069,10.60424
15 S RE B,113,0.00000,23.67313,0.27145,0.20387,1.04165,0.00012,0.00076,0.00064,5.42804,7.04353,3.56114,10.60467
15 S RE B,114,0.00000,23.24568,0.27389,0.20380,1.04089,0.00012,0.00076,0.00064,5.42802,7.04351,3.56158,10.60509
15 S RE B,115,0.00000,22.82687,0.27567,0.20372,1.04015,0.00012,0.00076,0.00064,5.42801,7.04349,3.56202,10.60551
15 S RE B,116,0.00000,22.41658,0.27687,0.20365,1.03942,0.00012,0.00076,0.00064,5.42799,7.04347,3.56244,10.60591
15 S RE B,117,0.00000,22.01463,0.27753,0.20358,1.03870,0.00012,0.00076,0.00064,5.42798,7.04345,3.56286,10.60631
15 S RE B,118,0.00000,21.62090,0.27769,0.20351,1.03799,0.00012,0.00076,0.00064,5.42796,7.04343,3.56327,10.60670
15 S RE B,119,0.00000,21.23522,0.27742,0.20343,1.03730,0.00013,0.00076,0.00063,5.42794,7.04341,3.56368,10.60709
15 S RE B,120,0.00000,20.85743,0.27675,0.20336,1.03661,0.00013,0.00076,0.00063,5.42793,7.04339,3.56407,10.60746
15 S RE B,121,0.00000,20.48738,0.27573,0.20329,1.03594,0.00012,0.00076,0.00063,5.42791,7.04337,3.56446,10.60783
15 S RE B,122,0.00000,20.12492,0.27438,0.20322,1.03528,0.00012,0.00076,0.00063,5.42790,7.04335,3.56484,10.60820
15 S RE B,123,0.00000,19.76989,0.27276,0.20315,1.03463,0.00012,0.00076,0.00063,5.42788,7.04333,3.56522,10.60855
15 S RE B,124,0.00000,19.42213,0.27088,0.20308,1.03400,0.00012,0.00076,0.00063,5.42787,7.04331,3.56559,10.60890
15 S RE B,125,0.00000,19.08150,0.26878,0.20301,1.03337,0.00012,0.00075,0.00063,5.42785,7.04329,3.56595,10.60924
15 S RE B,126,5.71250,24.34181,0.27259,0.20300,1.03278,0.00012,0.00075,0.00063,5.42784,7.04327,3.56641,10.60969
15 S RE B,127,0.00000,23.89869,0.27563,0.20298,1.03219,0.00012,0.00075,0.00063,5.42782,7.04326,3.56687,10.61012
15 S RE B,128,0.00000,23.46452,0.27796,0.20296,1.03162,0.00013,0.00076,0.00063,5.42780,7.04324,3.56732,10.61055
15 S RE B,129,0.00000,23.03915,0.27964,0.20294,1.03105,0.00013,0.00076,0.00063,5.42779,7.04322,3.56776,10.61098
15 S RE B,130,0.00000,22.62244,0.28073,0.20292,1.03050,0.00013,0.00076,0.00063,5.42777,7.04320,3.56819,10.61139
15 S RE B,131,0.00000,22.21424,0.28128,0.20289,1.02995,0.00013,0.00076,0.00063,5.42776,7.04318,3.56861,10.61179
15 S RE B,132,0.00000,21.81440,0.28134,0.20286,1.02941,0.00013,0.00076,0.00063,5.42774,7.04316,3.56903,10.61219
15 S RE B,133,0.00000,21.42276,0.28097,0.20283,1.02888,0.00013,0.00076,0.00063,5.42773,7.04315,3.56944,10.61258
15 S RE B,134,0.00000,21.03915,0.28020,0.20279,1.02836,0.00013,0.00076,0.00063,5.42771,7.04313,3.56984,10.61296
15 S RE B,135,0.00000,20.66343,0.27907,0.20276,1.02785,0.00013,0.00076,0.00063,5.42770,7.04311,3.57023,10.61334
15 S RE B,136,0.00000,20.29543,0.27763,0.20272,1.02735,0.00013,0.00075,0.00063,5.42768,7.04309,3.57062,10.61371
15 S RE B,137,0.00000,19.93500,0.27591,0.20268,1.02686,0.00013,0.00075,0.00063,5.42766,7.04307,3.57100,10.61407
15 S RE B,138,0.00000,19.58198,0.27394,0.20264,1.02637,0.00013,0.00075,0.00063,5.42765,7.04305,3.57137,10.61442
15 S RE B,139,0.00000,19.23622,0.27175,0.20260,1.02589,0.00013,0.00075,0.00063,5.42763,7.04303,3.57173,10.61477
15 S RE B,140,5.71250,24.49133,0.27548,0.20261,1.02544,0.00012,0.00075,0.00063,5.42762,7.04301,3.57220,10.61522
15 S RE B,141,0.00000,24.04315,0.27844,0.20262,1.02500,0.00013,0.00075,0.00063,5.42760,7.04300,3.57266,10.61566
15 S RE B,142,0.00000,23.60403,0.28069,0.20262,1.02456,0.00013,0.00075,0.00063,5.42759,7.04298,3.57311,10.61610
15 S RE B,143,0.00000,23.17384,0.28229,0.20262,1.02414,0.00013,0.00075,0.00062,5.42757,7.04296,3.57356,10.61652
15 S RE B,144,0.00000,22.75243,0.28330,0.20262,1.02371,0.00013,0.00075,0.00062,5.42756,7.04295,3.57399,10.61694
15 S RE B,145,0.00000,22.33964,0.28377,0.20261,1.02330,0.00013,0.00075,0.00062,5.42754,7.04293,3.57442,10.61735
15 S RE B,146,0.00000,21.93533,0.28376,0.20260,1.02289,0.00013,0.00075,0.00062,5.42752,7.04291,3.57484,10.61775
15 S RE B,147,0.00000,21.53933,0.28331,0.20258,1.02249,0.00013,0.00075,0.00062,5.42751,7.04289,3.57525,10.61815
15 S RE B,148,0.00000,21.15148,0.28247,0.20257,1.02209,0.00013,0.00075,0.00062,5.42749,7.04288,3.57566,10.61853
15 S RE B,149,0.00000,20.77163,0.28127,0.20255,1.02170,0.00013,0.00075,0.00062,5.42748,7.04286,3.57605,10.61891
15 S RE B,150,0.00000,20.39960,0.27976,0.20252,1.02132,0.00013,0.00075,0.00062,5.42746,7.04284,3.57644,10.61928
15 S RE B,151,0.00000,20.03526,0.27797,0.20250,1.02094,0.00013,0.00075,0.00062,5.42745,7.04282,3.57682,10.61965
15 S RE B,152,0.00000,19.67842,0.27593,0.20247,1.02057,0.00013,0.00075,0.00062,5.42743,7.04280,3.57720,10.62000
15 S RE B,153,0.00000,19.32895,0.27367,0.20244,1.02020,0.00013,0.00075,0.00062,5.42742,7.04279,3.57757,10.62035
15 S RE B,154,5.71250,24.58024,0.27734,0.20247,1.01987,0.00013,0.00075,0.00062,5.42740,7.04277,3.57804,10.62081
15 S RE B,155,0.00000,24.12834,0.28024,0.20249,1.01953,0.00013,0.00075,0.00062,5.42739,7.04276,3.57850,10.62126
15 S RE B,156,0.00000,23.68560,0.28243,0.20250,1.01920,0.00013,0.00075,0.00062,5.42737,7.04274,3.57895,10.62169
15 S RE B,157,0.00000,23.25188,0.28398,0.20251,1.01888,0.00013,0.00075,0.00062,5.42735,7.04272,3.57940,10.62212
15 S RE B,158,0.00000,22.82704,0.28493,0.20251,1.01856,0.00013,0.00075,0.00062,5.42734,7.04271,3.57984,10.62255
15 S RE B,159,0.00000,22.41091,0.28534,0.20251,1.01824,0.00013,0.00075,0.00062,5.42732,7.04269,3.58027,10.62296
15 S RE B,160,0.00000,22.00335,0.28527,0.20251,1.01793,0.00013,0.00075,0.00062,5.42731,7.04267,3.58069,10.62336
15 S LL A,0,5.71250,8.08951,4.64983,18.69764,5.81246,0.00000,0.01587,0.02587,16.28974,21.13984,10.57001,31.70985
15 S LL A,1,0.00000,10.22298,4.18235,16.89927,5.75125,0.00000,0.01458,0.02458,16.28949,21.13969,10.57002,31.70971
15 S LL A,2,0.00000,12.13839,3.76597,15.28405,5.69134,0.00000,0.01342,0.02341,16.28923,21.13953,10.57005,31.70958
15 S LL A,3,0.00000,13.85837,3.39506,13.83326,5.63271,0.00001,0.01237,0.02236,16.28898,21.13937,10.57008,31.70945
15 S LL A,4,0.00000,15.40314,3.06466,12.53012,5.57532,0.00001,0.01143,0.02142,16.28872,21.13922,10.57013,31.70934
15 S LL A,5,0.00000,16.79083,2.77034,11.35951,5.51914,0.00001,0.01059,0.02057,16.28847,21.13906,10.57018,31.70924
15 S LL A,6,0.00000,18.03769,2.50816,10.30789,5.46415,0.00001,0.00982,0.01981,16.28821,21.13890,10.57023,31.70914
15 S LL A,7,0.00000,19.15828,2.27461,9.36309,5.41032,0.00002,0.00914,0.01912,16.28796,21.13875,10.57030,31.70904
15 S LL A,8,0.00000,20.16565,2.06657,8.51417,5.35763,0.00002,0.00852,0.01851,16.28770,21.13859,10.57036,31.70896
15 S LL A,9,0.00000,21.07149,1.88124,7.75131,5.30604,0.00002,0.00797,0.01795,16.28745,21.13844,10.57043,31.70887
15 S LL A,10,0.00000,21.88628,1.71616,7.06570,5.25554,0.00002,0.00747,0.01745,16.28720,21.13829,10.57051,31.70879
15 S LL A,11,0.00000,22.61943,1.56909,6.44941,5.20610,0.00002,0.00702,0.01700,16.28694,21.13813,10.57059,31.70872
15 S LL A,12,0.00000,23.27935,1.43807,5.89533,5.15770,0.00002,0.00661,0.01659,16.28669,21.13798,10.57067,31.70865
15 S LL A,13,0.00000,23.87358,1.32133,5.39707,5.11031,0.00002,0.00625,0.01622,16.28643,21.13783,10.57075,31.70858
15 S LL A,14,5.71250,30.09761,1.21908,4.94891,5.06394,0.00003,0.00591,0.01589,16.28618,21.13767,10.57086,31.70854
15 S LL A,15,0.00000,30.55655,1.12793,4.54569,5.01853,0.00003,0.00562,0.01559,16.28593,21.13752,10.57097,31.70850
15 S LL A,16,0.00000,30.96831,1.04665,4.18277,4.97407,0.00003,0.00535,0.01531,16.28568,21.13737,10.57108,31.70846
15 S LL A,17,0.00000,31.33773,0.97417,3.85602,4.93055,0.00004,0.00510,0.01507,16.28542,21.13722,10.57120,31.70842
15 S LL A,18,0.00000,31.66915,0.90950,3.56170,4.88792,0.00004,0.00488,0.01484,16.28517,21.13707,10.57131,31.70839
15 S LL A,19,0.00000,31.96644,0.85179,3.29648,4.84619,0.00004,0.00468,0.01464,16.28492,21.13692,10.57143,31.70835
15 S LL A,20,0.00000,32.23307,0.80027,3.05734,4.80533,0.00004,0.00450,0.01445,16.28467,21.13678,10.57154,31.70832
15 S LL A,21,0.00000,32.47213,0.75426,2.84162,4.76531,0.00004,0.00433,0.01429,16.28442,21.13663,10.57166,31.70829
15 S LL A,22,0.00000,32.68640,0.71316,2.64688,4.72613,0.00005,0.00418,0.01413,16.28417,21.13648,10.57178,31.70826
15 S LL A,23,0.00000,32.87836,0.67642,2.47097,4.68776,0.00005,0.00404,0.01399,16.28392,21.13634,10.57190,31.70823
15 S LL A,24,0.00000,33.05023,0.64357,2.31195,4.65018,0.00005,0.00392,0.01387,16.28367,21.13619,10.57201,31.70821
15 S LL A,25,0.00000,33.20399,0.61419,2.16809,4.61338,0.00005,0.00380,0.01375,16.28342,21.13605,10.57213,31.70818
15 S LL A,26,0.00000,33.34141,0.58789,2.03784,4.57735,0.00005,0.00370,0.01365,16.28317,21.13591,10.57225,31.70816
15 S LL A,27,0.00000,33.46409,0.56435,1.91980,4.54206,0.00005,0.00360,0.01355,16.28292,21.13576,10.57237,31.70814
15 S LL A,28,5.71250,39.26337,0.54432,1.81274,4.50751,0.00005,0.00351,0.01346,16.28267,21.13562,10.57251,31.70813
15 S LL A,29,0.00000,39.33834,0.52635,1.71553,4.47368,0.00005,0.00343,0.01338,16.28242,21.13548,10.57265,31.70813
15 S LL A,30,0.00000,39.40265,0.51022,1.62718,4.44055,0.00006,0.00336,0.01330,16.28217,21.13534,10.57279,31.70814
15 S LL A,31,0.00000,39.45729,0.49575,1.54680,4.40810,0.00006,0.00329,0.01323,16.28193,21.13520,10.57293,31.70814
15 S LL A,32,0.00000,39.50316,0.48275,1.47359,4.37631,0.00006,0.00323,0.01316,16.28168,21.13506,10.57307,31.70814
15 S LL A,33,0.00000,39.54107,0.47107,1.40683,4.34518,0.00006,0.00317,0.01310,16.28143,21.13493,10.57322,31.70814
15 S LL A,34,0.00000,39.57176,0.46059,1.34590,4.31469,0.00006,0.00311,0.01305,16.28118,21.13479,10.57336,31.70814
15 S LL A,35,0.00000,39.59587,0.45117,1.29022,4.28482,0.00006,0.00306,0.01299,16.28094,21.13465,10.57350,31.70815
15 S LL A,36,0.00000,39.61400,0.44271,1.23928,4.25557,0.00007,0.00301,0.01295,16.28069,21.13452,10.57363,31.70815
15 S LL A,37,0.00000,39.62667,0.43511,1.19262,4.22691,0.00007,0.00297,0.01290,16.28045,21.13438,10.57377,31.70816
15 S LL A,38,0.00000,39.63435,0.42830,1.14984,4.19884,0.00007,0.00293,0.01286,16.28020,21.13425,10.57391,31.70816
15 S LL A,39,0.00000,39.63749,0.42218,1.11057,4.17134,0.00007,0.00289,0.01282,16.27996,21.13411,10.57405,31.70817
15 S LL A,40,0.00000,39.63646,0.41670,1.07449,4.14441,0.00007,0.00285,0.01278,16.27971,21.13398,10.57419,31.70817
15 S LL A,41,0.00000,39.63163,0.41179,1.04129,4.11802,0.00007,0.00282,0.01275,16.27947,21.13385,10.57433,31.70818
15 S LL A,42,5.71250,45.31412,0.40803,1.01073,4.09219,0.00007,0.00279,0.01271,16.27922,21.13372,10.57449,31.70821
15 S LL A,43,0.00000,45.28108,0.40467,0.98256,4.06689,0.00007,0.00276,0.01268,16.27898,21.13359,10.57465,31.70823
15 S LL A,44,0.00000,45.24526,0.40167,0.95656,4.04210,0.00007,0.00273,0.01265,16.27874,21.13346,10.57481,31.70826
15 S LL A,45,0.00000,45.20690,0.39901,0.93254,4.01781,0.00007,0.00270,0.01262,16.27849,21.13333,10.57496,31.70829
15 S LL A,46,0.00000,45.16620,0.39664,0.91033,3.99402,0.00008,0.00267,0.01260,16.27825,21.13320,10.57512,31.70832
15 S LL A,47,0.00000,45.12336,0.39454,0.88978,3.97071,0.00008,0.00265,0.01257,16.27801,21.13307,10.57528,31.70835
15 S LL A,48,0.00000,45.07855,0.39268,0.87074,3.94787,0.00008,0.00263,0.01255,16.27776,21.13294,10.57544,31.70837
15 S LL A,49,0.00000,45.03194,0.39105,0.85309,3.92549,0.00008,0.00261,0.01252,16.27752,21.13281,10.57559,31.70840
15 S LL A,50,0.00000,44.98367,0.38962,0.83670,3.90356,0.00008,0.00258,0.01250,16.27728,21.13268,10.57575,31.70843
15 S LL A,51,0.00000,44.93388,0.38837,0.82149,3.88208,0.00008,0.00256,0.01248,16.27704,21.13255,10.57591,31.70846
15 S LL A,52,0.00000,44.88268,0.38730,0.80735,3.86103,0.00008,0.00255,0.01246,16.27680,21.13243,10.57606,31.70849
15 S LL A,53,0.00000,44.83020,0.38637,0.79419,3.84041,0.00008,0.00253,0.01244,16.27655,21.13230,10.57622,31.70852
15 S LL A,54,0.00000,44.77653,0.38558,0.78195,3.82020,0.00008,0.00251,0.01242,16.27631,21.13217,10.57637,31.70854
15 S LL A,55,0.00000,44.72177,0.38491,0.77054,3.80040,0.00008,0.00249,0.01241,16.27607,21.13205,10.57652,31.70857
15 S LL A,56,5.71250,50.35724,0.38484,0.75992,3.78101,0.00008,0.00248,0.01239,16.27583,21.13192,10.57670,31.70862
15 S LL A,57,0.00000,50.27941,0.38483,0.75001,3.76202,0.00008,0.00246,0.01237,16.27559,21.13180,10.57687,31.70867
15 S LL A,58,0.00000,50.20087,0.38488,0.74077,3.74340,0.00009,0.00245,0.01236,16.27535,21.13167,10.57705,31.70872
15 S LL A,59,0.00000,50.12167,0.38497,0.73213,3.72516,0.00009,0.00243,0.01234,16.27511,21.13155,10.57722,31.70877
15 S LL A,60,0.00000,50.04188,0.38512,0.72407,3.70729,0.00009,0.00242,0.01233,16.27486,21.13142,10.57739,31.70882
15 S LL A,61,0.00000,49.96156,0.38530,0.71653,3.68977,0.00009,0.00241,0.01231,16.27462,21.13130,10.57756,31.70887
15 S LL A,62,0.00000,49.88075,0.38552,0.70947,3.67260,0.00009,0.00240,0.01230,16.27438,21.13118,10.57774,31.70891
15 S LL A,63,0.00000,49.79950,0.38578,0.70287,3.65578,0.00009,0.00238,0.01229,16.27414,21.13105,10.57791,31.70896
15 S LL A,64,0.00000,49.71786,0.38606,0.69669,3.63929,0.00009,0.00237,0.01228,16.27390,21.13093,10.57808,31.70901
15 S LL A,65,0.00000,49.63587,0.38637,0.69090,3.62313,0.00009,0.00236,0.01226,16.27366,21.13081,10.57825,31.70906
15 S LL A,66,0.00000,49.55357,0.38671,0.68548,3.60729,0.00009,0.00235,0.01225,16.27342,21.13068,10.57842,31.70910
15 S LL A,67,0.00000,49.47098,0.38707,0.68040,3.59177,0.00009,0.00234,0.01224,16.27318,21.13056,10.57859,31.70915
15 S LL A,68,0.00000,49.38816,0.38744,0.67563,3.57655,0.00010,0.00233,0.01223,16.27294,21.13044,10.57876,31.70920
15 S LL A,69,0.00000,49.30512,0.38784,0.67116,3.56164,0.00010,0.00232,0.01222,16.27270,21.13032,10.57893,31.70924
15 S LL A,70,5.71250,54.91331,0.38866,0.66697,3.54704,0.00010,0.00231,0.01221,16.27246,21.13019,10.57912,31.70931
15 S LL A,71,0.00000,54.80897,0.38947,0.66305,3.53274,0.00010,0.00230,0.01220,16.27222,21.13007,10.57930,31.70938
15 S LL A,72,0.00000,54.70460,0.39026,0.65936,3.51872,0.00010,0.00229,0.01219,16.27198,21.12995,10.57949,31.70944
15 S LL A,73,0.00000,54.60022,0.39103,0.65589,3.50497,0.00010,0.00228,0.01218,16.27174,21.12983,10.57968,31.70951
15 S LL A,74,0.00000,54.49587,0.39179,0.65264,3.49150,0.00010,0.00228,0.01217,16.27150,21.12971,10.57987,31.70957
15 S LL A,75,0.00000,54.39155,0.39253,0.64958,3.47829,0.00010,0.00227,0.01216,16.27126,21.12959,10.58005,31.70964
15 S LL A,76,0.00000,54.28729,0.39325,0.64671,3.46535,0.00010,0.00226,0.01215,16.27102,21.12947,10.58024,31.70970
15 S LL A,77,0.00000,54.18309,0.39397,0.64400,3.45266,0.00010,0.00225,0.01214,16.27078,21.12935,10.58042,31.70977
15 S LL A,78,0.00000,54.07897,0.39467,0.64146,3.44022,0.00010,0.00225,0.01214,16.27055,21.12922,10.58061,31.70983
15 S LL A,79,0.00000,53.97495,0.39535,0.63907,3.42802,0.00011,0.00224,0.01213,16.27031,21.12910,10.58079,31.70990
15 S LL A,80,0.00000,53.87104,0.39602,0.63682,3.41607,0.00011,0.00223,0.01212,16.27007,21.12898,10.58097,31.70996
15 S LL A,81,0.00000,53.76725,0.39669,0.63471,3.40435,0.00011,0.00222,0.01211,16.26983,21.12886,10.58116,31.71002
15 S LL A,82,0.00000,53.66358,0.39734,0.63271,3.39286,0.00011,0.00222,0.01211,16.26959,21.12874,10.58134,31.71008
15 S LL A,83,0.00000,53.56006,0.39798,0.63084,3.38160,0.00011,0.00221,0.01210,16.26935,21.12862,10.58152,31.71015
15 S LL A,84,5.71250,59.14821,0.39900,0.62909,3.37058,0.00011,0.00221,0.01209,16.26911,21.12850,10.58172,31.71023
15 S LL A,85,0.00000,59.02413,0.39997,0.62744,3.35977,0.00011,0.00220,0.01209,16.26887,21.12838,10.58193,31.71031
15 S LL A,86,0.00000,58.90032,0.40091,0.62588,3.34918,0.00011,0.00219,0.01208,16.26863,21.12826,10.58213,31.71039
15 S LL A,87,0.00000,58.77678,0.40182,0.62442,3.33879,0.00011,0.00219,0.01207,16.26839,21.12815,10.58233,31.71047
15 S LL A,88,0.00000,58.65353,0.40269,0.62304,3.32861,0.00011,0.00218,0.01207,16.26815,21.12803,10.58253,31.71055
15 S LL A,89,0.00000,58.53057,0.40354,0.62174,3.31862,0.00011,0.00218,0.01206,16.26791,21.12791,10.58273,31.71063
15 S LL A,90,0.00000,58.40789,0.40436,0.62051,3.30884,0.00011,0.00217,0.01205,16.26768,21.12779,10.58293,31.71071
15 S LL A,91,0.00000,58.28552,0.40515,0.61936,3.29924,0.00011,0.00217,0.01205,16.26744,21.12767,10.58312,31.71079
15 S LL A,92,0.00000,58.16344,0.40592,0.61827,3.28983,0.00012,0.00216,0.01204,16.26720,21.12755,10.58332,31.71087
15 S LL A,93,0.00000,58.04166,0.40667,0.61725,3.28060,0.00012,0.00216,0.01204,16.26696,21.12743,10.58352,31.71095
15 S LL A,94,0.00000,57.92019,0.40740,0.61628,3.27155,0.00012,0.00215,0.01203,16.26672,21.12731,10.58371,31.71103
15 S LL A,95,0.00000,57.79903,0.40810,0.61537,3.26268,0.00012,0.00215,0.01203,16.26648,21.12720,10.58391,31.71111
15 S LL A,96,0.00000,57.67819,0.40879,0.61451,3.25399,0.00012,0.00214,0.01202,16.26624,21.12708,10.58411,31.71118
15 S LL A,97,0.00000,57.55765,0.40947,0.61370,3.24546,0.00012,0.00214,0.01202,16.26600,21.12696,10.58430,31.71126
15 S LL A,98,5.71250,63.12901,0.41048,0.61295,3.23711,0.00012,0.00213,0.01201,16.26577,21.12684,10.58452,31.71136
15 S LL A,99,0.00000,62.98829,0.41146,0.61224,3.22893,0.00012,0.00213,0.01201,16.26553,21.12672,10.58473,31.71145
15 S LL A,100,0.00000,62.84799,0.41239,0.61157,3.22091,0.00012,0.00213,0.01200,16.26529,21.12661,10.58494,31.71155
15 S LL A,101,0.00000,62.70811,0.41329,0.61094,3.21304,0.00012,0.00212,0.01200,16.26505,21.12649,10.58516,31.71164
15 S LL A,102,0.00000,62.56865,0.41416,0.61035,3.20533,0.00012,0.00212,0.01199,16.26481,21.12637,10.58537,31.71174
15 S LL A,103,0.00000,62.42961,0.41499,0.60979,3.19776,0.00012,0.00211,0.01199,16.26457,21.12625,10.58558,31.71183
15 S LL A,104,0.00000,62.29099,0.41580,0.60926,3.19034,0.00012,0.00211,0.01198,16.26433,21.12614,10.58579,31.71193
15 S LL A,105,0.00000,62.15279,0.41658,0.60876,3.18307,0.00012,0.00211,0.01198,16.26409,21.12602,10.58600,31.71202
15 S LL A,106,0.00000,62.01501,0.41733,0.60828,3.17593,0.00013,0.00210,0.01197,16.26386,21.12590,10.58621,31.71211
15 S LL A,107,0.00000,61.87765,0.41806,0.60784,3.16894,0.00013,0.00210,0.01197,16.26362,21.12579,10.58642,31.71221
15 S LL A,108,0.00000,61.74070,0.41877,0.60742,3.16207,0.00013,0.00210,0.01197,16.26338,21.12567,10.58663,31.71230
15 S LL A,109,0.00000,61.60418,0.41946,0.60702,3.15534,0.00013,0.00209,0.01196,16.26314,21.12555,10.58684,31.71239
15 S LL A,110,0.00000,61.46807,0.42013,0.60665,3.14874,0.00013,0.00209,0.01196,16.26290,21.12543,10.58705,31.71248
15 S LL A,111,0.00000,61.33238,0.42078,0.60630,3.14227,0.00013,0.00209,0.01196,16.26266,21.12532,10.58725,31.71257
15 S LL A,112,5.71250,66.88869,0.42175,0.60597,3.13594,0.00013,0.00208,0.01195,16.26242,21.12520,10.58748,31.71268
15 S LL A,113,0.00000,66.73302,0.42269,0.60567,3.12974,0.00013,0.00208,0.01195,16.26219,21.12509,10.58771,31.71279
15 S LL A,114,0.00000,66.57787,0.42358,0.60538,3.12365,0.00013,0.00208,0.01194,16.26195,21.12497,10.58793,31.71290
15 S LL A,115,0.00000,66.42322,0.42444,0.60511,3.11768,0.00013,0.00208,0.01194,16.26171,21.12485,10.58816,31.71301
15 S LL A,116,0.00000,66.26907,0.42527,0.60486,3.11182,0.00013,0.00207,0.01194,16.26147,21.12474,10.58838,31.71312
15 S LL A,117,0.00000,66.11544,0.42607,0.60462,3.10608,0.00013,0.00207,0.01193,16.26123,21.12462,10.58860,31.71323
15 S LL A,118,0.00000,65.96230,0.42684,0.60439,3.10045,0.00013,0.00207,0.01193,16.26099,21.12451,10.58883,31.71333
15 S LL A,119,0.00000,65.80966,0.42758,0.60417,3.09492,0.00013,0.00207,0.01193,16.26075,21.12439,10.58905,31.71344
15 S LL A,120,0.00000,65.65752,0.42830,0.60397,3.08950,0.00013,0.00206,0.01192,16.26052,21.12427,10.58927,31.71355
15 S LL A,121,0.00000,65.50588,0.42899,0.60378,3.08418,0.00013,0.00206,0.01192,16.26028,21.12416,10.58949,31.71365
15 S LL A,122,0.00000,65.35473,0.42967,0.60359,3.07897,0.00014,0.00206,0.01192,16.26004,21.12404,10.58971,31.71376
15 S LL A,123,0.00000,65.20406,0.43032,0.60342,3.07386,0.00014,0.00206,0.01192,16.25980,21.12393,10.58993,31.71386
15 S LL A,124,0.00000,65.05389,0.43095,0.60326,3.06884,0.00014,0.00205,0.01191,16.25956,21.12381,10.59015,31.71396
15 S LL A,125,0.00000,64.90421,0.43157,0.60311,3.06392,0.00014,0.00205,0.01191,16.25932,21.12370,10.59037,31.71407
15 S LL A,126,5.71250,70.44661,0.43250,0.60297,3.05911,0.00014,0.00205,0.01191,16.25909,21.12358,10.59061,31.71419
15 S LL A,127,0.00000,70.27708,0.43339,0.60285,3.05439,0.00014,0.00205,0.01190,16.25885,21.12347,10.59085,31.71431
15 S LL A,128,0.00000,70.10813,0.43424,0.60273,3.04976,0.00014,0.00205,0.01190,16.25861,21.12335,10.59108,31.71444
15 S LL A,129,0.00000,69.93976,0.43506,0.60261,3.04522,0.00014,0.00204,0.01190,16.25837,21.12324,10.59132,31.71456
15 S LL A,130,0.00000,69.77195,0.43585,0.60251,3.04076,0.00014,0.00204,0.01190,16.25813,21.12313,10.59155,31.71468
15 S LL A,131,0.00000,69.60471,0.43660,0.60241,3.03639,0.00014,0.00204,0.01189,16.25789,21.12301,10.59179,31.71480
15 S LL A,132,0.00000,69.43803,0.43733,0.60231,3.03211,0.00014,0.00204,0.01189,16.25766,21.12290,10.59202,31.71492
15 S LL A,133,0.00000,69.27191,0.43804,0.60222,3.02791,0.00014,0.00204,0.01189,16.25742,21.12278,10.59226,31.71504
15 S LL A,134,0.00000,69.10634,0.43872,0.60213,3.02378,0.00014,0.00203,0.01189,16.25718,21.12267,10.59249,31.71516
15 S LL A,135,0.00000,68.94133,0.43938,0.60205,3.01974,0.00014,0.00203,0.01188,16.25694,21.12255,10.59272,31.71528
15 S LL A,136,0.00000,68.77687,0.44001,0.60198,3.01577,0.00014,0.00203,0.01188,16.25670,21.12244,10.59295,31.71539
15 S LL A,137,0.00000,68.61296,0.44063,0.60190,3.01188,0.00014,0.00203,0.01188,16.25646,21.12233,10.59318,31.71551
15 S LL A,138,0.00000,68.44959,0.44123,0.60183,3.00806,0.00014,0.00203,0.01188,16.25623,21.12221,10.59341,31.71563
15 S LL A,139,0.00000,68.28677,0.44182,0.60177,3.00431,0.00014,0.00203,0.01188,16.25599,21.12210,10.59364,31.71574
15 S LL A,140,5.71250,73.81607,0.44270,0.60172,3.00065,0.00014,0.00202,0.01187,16.25575,21.12199,10.59389,31.71588
15 S LL A,141,0.00000,73.63350,0.44355,0.60167,2.99706,0.00015,0.00202,0.01187,16.25551,21.12187,10.59414,31.71601
15 S LL A,142,0.00000,73.45157,0.44436,0.60162,2.99353,0.00015,0.00202,0.01187,16.25527,21.12176,10.59439,31.71615
15 S LL A,143,0.00000,73.27025,0.44514,0.60158,2.99007,0.00015,0.00202,0.01187,16.25503,21.12165,10.59464,31.71628
15 S LL A,144,0.00000,73.08956,0.44589,0.60154,2.98668,0.00015,0.00202,0.01186,16.25480,21.12153,10.59488,31.71642
15 S LL A,145,0.00000,72.90948,0.44661,0.60150,2.98335,0.00015,0.00202,0.01186,16.25456,21.12142,10.59513,31.71655
15 S LL A,146,0.00000,72.73001,0.44730,0.60146,2.98008,0.00015,0.00202,0.01186,16.25432,21.12131,10.59537,31.71668
15 S LL A,147,0.00000,72.55116,0.44797,0.60143,2.97688,0.00015,0.00201,0.01186,16.25408,21.12120,10.59562,31.71681
15 S LL A,148,0.00000,72.37291,0.44861,0.60139,2.97373,0.00015,0.00201,0.01186,16.25384,21.12108,10.59586,31.71694
15 S LL A,149,0.00000,72.19527,0.44924,0.60136,2.97065,0.00015,0.00201,0.01185,16.25360,21.12097,10.59610,31.71707
15 S LL A,150,0.00000,72.01822,0.44984,0.60133,2.96763,0.00015,0.00201,0.01185,16.25337,21.12086,10.59634,31.71720
15 S LL A,151,0.00000,71.84177,0.45043,0.60130,2.96466,0.00015,0.00201,0.01185,16.25313,21.12075,10.59659,31.71733
15 S LL A,152,0.00000,71.66592,0.45100,0.60127,2.96175,0.00015,0.00201,0.01185,16.25289,21.12064,10.59683,31.71746
15 S LL A,153,0.00000,71.49065,0.45155,0.60124,2.95889,0.00015,0.00201,0.01185,16.25265,21.12052,10.59707,31.71759
15 S LL A,154,5.71250,77.00754,0.45240,0.60123,2.95610,0.00015,0.00201,0.01185,16.25241,21.12041,10.59733,31.71774
15 S LL A,155,0.00000,76.81260,0.45320,0.60122,2.95336,0.00015,0.00200,0.01185,16.25218,21.12030,10.59758,31.71788
15 S LL A,156,0.00000,76.61833,0.45397,0.60120,2.95067,0.00015,0.00200,0.01184,16.25194,21.12019,10.59784,31.71803
15 S LL A,157,0.00000,76.42474,0.45472,0.60119,2.94803,0.00015,0.00200,0.01184,16.25170,21.12008,10.59810,31.71818
15 S LL A,158,0.00000,76.23181,0.45543,0.60118,2.94544,0.00016,0.00200,0.01184,16.25146,21.11997,10.59835,31.71832
15 S LL A,159,0.00000,76.03955,0.45611,0.60116,2.94290,0.00016,0.00200,0.01184,16.25122,21.11986,10.59861,31.71847
15 S LL A,160,0.00000,75.84794,0.45677,0.60115,2.94041,0.00016,0.00200,0.01184,16.25098,21.11974,10.59886,31.71861
15 S LL B,0,5.71250,6.42702,1.48357,5.96332,1.36757,0.00000,0.00481,0.00815,5.42991,7.04661,3.52337,10.56999
15 S LL B,1,0.00000,7.04595,1.33548,5.39148,1.36029,0.00000,0.00441,0.00774,5.42983,7.04656,3.52343,10.56999
15 S LL B,2,0.00000,7.58019,1.20362,4.87788,1.35317,0.00000,0.00404,0.00737,5.42974,7.04651,3.52351,10.57002
15 S LL B,3,0.00000,8.03946,1.08617,4.41655,1.34620,0.00000,0.00372,0.00705,5.42966,7.04645,3.52361,10.57006
15 S LL B,4,0.00000,8.43244,0.98153,4.00216,1.33936,0.00001,0.00342,0.00675,5.42957,7.04640,3.52372,10.57012
15 S LL B,5,0.00000,8.76685,0.88829,3.62990,1.33267,0.00001,0.00316,0.00649,5.42949,7.04635,3.52384,10.57019
15 S LL B,6,0.00000,9.04959,0.80519,3.29546,1.32612,0.00001,0.00293,0.00625,5.42940,7.04630,3.52396,10.57026
15 S LL B,7,0.00000,9.28679,0.73111,2.99498,1.31970,0.00001,0.00271,0.00604,5.42932,7.04624,3.52410,10.57034
15 S LL B,8,0.00000,9.48390,0.66507,2.72498,1.31342,0.00001,0.00252,0.00584,5.42923,7.04619,3.52424,10.57043
15 S LL B,9,0.00000,9.64576,0.60618,2.48233,1.30725,0.00001,0.00235,0.00567,5.42915,7.04614,3.52439,10.57053
15 S LL B,10,0.00000,9.77665,0.55365,2.26424,1.30122,0.00001,0.00220,0.00552,5.42906,7.04609,3.52454,10.57063
15 S LL B,11,0.00000,9.88037,0.50679,2.06818,1.29530,0.00001,0.00206,0.00538,5.42898,7.04604,3.52469,10.57073
15 S LL B,12,0.00000,9.96028,0.46496,1.89189,1.28951,0.00002,0.00194,0.00525,5.42890,7.04598,3.52484,10.57083
15 S LL B,13,0.00000,10.01935,0.42763,1.73334,1.28383,0.00002,0.00182,0.00514,5.42881,7.04593,3.52500,10.57093
15 S LL B,14,5.71250,15.67350,0.39572,1.59072,1.27828,0.00002,0.00172,0.00504,5.42873,7.04588,3.52525,10.57113
15 S LL B,15,0.00000,15.60200,0.36717,1.46238,1.27284,0.00002,0.00163,0.00495,5.42864,7.04583,3.52550,10.57133
15 S LL B,16,0.00000,15.51931,0.34158,1.34684,1.26751,0.00002,0.00155,0.00486,5.42856,7.04578,3.52575,10.57153
15 S LL B,17,0.00000,15.42714,0.31865,1.24280,1.26228,0.00002,0.00148,0.00479,5.42847,7.04573,3.52599,10.57172
15 S LL B,18,0.00000,15.32698,0.29808,1.14906,1.25717,0.00002,0.00141,0.00472,5.42839,7.04568,3.52623,10.57191
15 S LL B,19,0.00000,15.22010,0.27962,1.06456,1.25215,0.00003,0.00135,0.00466,5.42831,7.04563,3.52647,10.57210
15 S LL B,20,0.00000,15.10761,0.26303,0.98835,1.24724,0.00003,0.00130,0.00460,5.42822,7.04558,3.52670,10.57228
15 S LL B,21,0.00000,14.99049,0.24812,0.91958,1.24242,0.00003,0.00125,0.00455,5.42814,7.04553,3.52693,10.57246
15 S LL B,22,0.00000,14.86956,0.23469,0.85748,1.23770,0.00003,0.00121,0.00451,5.42805,7.04548,3.52715,10.57264
15 S LL B,23,0.00000,14.74554,0.22260,0.80136,1.23307,0.00003,0.00116,0.00447,5.42797,7.04543,3.52737,10.57281
15 S LL B,24,0.00000,14.61906,0.21170,0.75061,1.22853,0.00003,0.00113,0.00443,5.42789,7.04539,3.52759,10.57298
15 S LL B,25,0.00000,14.49066,0.20187,0.70468,1.22409,0.00003,0.00110,0.00440,5.42780,7.04534,3.52781,10.57314
15 S LL B,26,0.00000,14.36079,0.19299,0.66307,1.21973,0.00003,0.00107,0.00437,5.42772,7.04529,3.52802,10.57331
15 S LL B,27,0.00000,14.22985,0.18496,0.62534,1.21545,0.00003,0.00104,0.00434,5.42764,7.04524,3.52822,10.57347
15 S LL B,28,5.71250,19.72004,0.17847,0.59111,1.21128,0.00003,0.00101,0.00431,5.42755,7.04520,3.52852,10.57371
15 S LL B,29,0.00000,19.49964,0.17254,0.56002,1.20718,0.00003,0.00099,0.00429,5.42747,7.04515,3.52880,10.57395
15 S LL B,30,0.00000,19.28131,0.16713,0.53174,1.20317,0.00003,0.00097,0.00427,5.42739,7.04510,3.52908,10.57419
15 S LL B,31,0.00000,19.06515,0.16218,0.50599,1.19923,0.00003,0.00095,0.00425,5.42731,7.04506,3.52936,10.57442
15 S LL B,32,0.00000,18.85128,0.15765,0.48253,1.19537,0.00004,0.00093,0.00423,5.42722,7.04501,3.52963,10.57464
15 S LL B,33,0.00000,18.63975,0.15349,0.46113,1.19159,0.00004,0.00092,0.00422,5.42714,7.04496,3.52990,10.57486
15 S LL B,34,0.00000,18.43062,0.14967,0.44157,1.18788,0.00004,0.00090,0.00420,5.42706,7.04492,3.53016,10.57508
15 S LL B,35,0.00000,18.22394,0.14617,0.42370,1.18425,0.00004,0.00089,0.00419,5.42698,7.04487,3.53042,10.57529
15 S LL B,36,0.00000,18.01974,0.14294,0.40733,1.18068,0.00004,0.00088,0.00417,5.42689,7.04483,3.53067,10.57550
15 S LL B,37,0.00000,17.81805,0.13998,0.39233,1.17719,0.00004,0.00087,0.00416,5.42681,7.04478,3.53092,10.57571
15 S LL B,38,0.00000,17.61886,0.13724,0.37857,1.17377,0.00004,0.00085,0.00415,5.42673,7.04474,3.53117,10.57591
15 S LL B,39,0.00000,17.42219,0.13472,0.36592,1.17041,0.00004,0.00084,0.00414,5.42665,7.04470,3.53141,10.57610
15 S LL B,40,0.00000,17.22803,0.13238,0.35430,1.16712,0.00004,0.00084,0.00413,5.42657,7.04465,3.53165,10.57630
15 S LL B,41,0.00000,17.03638,0.13023,0.34360,1.16389,0.00004,0.00083,0.00412,5.42649,7.04461,3.53188,10.57649
15 S LL B,42,5.71250,22.47401,0.12865,0.33374,1.16073,0.00004,0.00082,0.00411,5.42640,7.04456,3.53219,10.57676
15 S LL B,43,0.00000,22.20346,0.12716,0.32466,1.15763,0.00004,0.00081,0.00411,5.42632,7.04452,3.53250,10.57702
15 S LL B,44,0.00000,21.93715,0.12576,0.31626,1.15460,0.00004,0.00080,0.00410,5.42624,7.04448,3.53281,10.57729
15 S LL B,45,0.00000,21.67500,0.12443,0.30851,1.15162,0.00004,0.00080,0.00409,5.42616,7.04444,3.53311,10.57754
15 S LL B,46,0.00000,21.41693,0.12318,0.30133,1.14870,0.00004,0.00079,0.00409,5.42608,7.04439,3.53340,10.57779
15 S LL B,47,0.00000,21.16287,0.12199,0.29468,1.14584,0.00004,0.00079,0.00408,5.42600,7.04435,3.53369,10.57804
15 S LL B,48,0.00000,20.91273,0.12087,0.28852,1.14303,0.00004,0.00078,0.00407,5.42592,7.04431,3.53397,10.57828
15 S LL B,49,0.00000,20.66646,0.11980,0.28280,1.14028,0.00004,0.00078,0.00407,5.42584,7.04427,3.53425,10.57852
15 S LL B,50,0.00000,20.42396,0.11878,0.27749,1.13758,0.00004,0.00077,0.00406,5.42575,7.04423,3.53453,10.57876
15 S LL B,51,0.00000,20.18519,0.11782,0.27255,1.13494,0.00004,0.00077,0.00406,5.42567,7.04418,3.53480,10.57898
15 S LL B,52,0.00000,19.95005,0.11690,0.26796,1.13234,0.00004,0.00076,0.00406,5.42559,7.04414,3.53507,10.57921
15 S LL B,53,0.00000,19.71849,0.11603,0.26369,1.12980,0.00004,0.00076,0.00405,5.42551,7.04410,3.53533,10.57943
15 S LL B,54,0.00000,19.49044,0.11519,0.25971,1.12730,0.00004,0.00075,0.00405,5.42543,7.04406,3.53559,10.57965
15 S LL B,55,0.00000,19.26583,0.11440,0.25600,1.12485,0.00004,0.00075,0.00404,5.42535,7.04402,3.53585,10.57986
15 S LL B,56,5.71250,24.67344,0.11392,0.25255,1.12246,0.00004,0.00075,0.00404,5.42527,7.04398,3.53618,10.58016
15 S LL B,57,0.00000,24.37352,0.11343,0.24934,1.12012,0.00004,0.00074,0.00404,5.42519,7.04394,3.53651,10.58045
15 S LL B,58,0.00000,24.07847,0.11295,0.24633,1.11781,0.00004,0.00074,0.00403,5.42511,7.04390,3.53683,10.58073
15 S LL B,59,0.00000,23.78816,0.11246,0.24352,1.11556,0.00004,0.00074,0.00403,5.42503,7.04386,3.53715,10.58101
15 S LL B,60,0.00000,23.50252,0.11198,0.24089,1.11334,0.00004,0.00074,0.00403,5.42495,7.04382,3.53747,10.58128
15 S LL B,61,0.00000,23.22144,0.11150,0.23843,1.11117,0.00004,0.00073,0.00403,5.42487,7.04378,3.53778,10.58155
15 S LL B,62,0.00000,22.94483,0.11101,0.23613,1.10904,0.00004,0.00073,0.00402,5.42479,7.04374,3.53808,10.58182
15 S LL B,63,0.00000,22.67260,0.11053,0.23398,1.10695,0.00004,0.00073,0.00402,5.42471,7.04370,3.53838,10.58208
15 S LL B,64,0.00000,22.40466,0.11006,0.23196,1.10490,0.00004,0.00073,0.00402,5.42463,7.04366,3.53867,10.58233
15 S LL B,65,0.00000,22.14092,0.10958,0.23006,1.10289,0.00004,0.00072,0.00402,5.42455,7.04362,3.53897,10.58258
15 S LL B,66,0.00000,21.88129,0.10911,0.22829,1.10092,0.00004,0.00072,0.00401,5.42447,7.04358,3.53925,10.58283
15 S LL B,67,0.00000,21.62571,0.10864,0.22662,1.09899,0.00004,0.00072,0.00401,5.42438,7.04354,3.53953,10.58307
15 S LL B,68,0.00000,21.37408,0.10818,0.22506,1.09709,0.00004,0.00072,0.00401,5.42430,7.04350,3.53981,10.58331
15 S LL B,69,0.00000,21.12633,0.10772,0.22359,1.09523,0.00004,0.00072,0.00401,5.42422,7.04346,3.54009,10.58355
15 S LL B,70,5.71250,26.51224,0.10748,0.22223,1.09341,0.00004,0.00071,0.00401,5.42414,7.04342,3.54044,10.58386
15 S LL B,71,0.00000,26.19096,0.10723,0.22094,1.09163,0.00004,0.00071,0.00400,5.42406,7.04338,3.54078,10.58417
15 S LL B,72,0.00000,25.87487,0.10695,0.21973,1.08988,0.00004,0.00071,0.00400,5.42398,7.04334,3.54112,10.58447
15 S LL B,73,0.00000,25.56389,0.10666,0.21860,1.08816,0.00004,0.00071,0.00400,5.42390,7.04331,3.54146,10.58477
15 S LL B,74,0.00000,25.25789,0.10634,0.21753,1.08648,0.00004,0.00071,0.00400,5.42382,7.04327,3.54179,10.58506
15 S LL B,75,0.00000,24.95678,0.10602,0.21653,1.08483,0.00004,0.00071,0.00400,5.42374,7.04323,3.54212,10.58535
15 S LL B,76,0.00000,24.66046,0.10568,0.21558,1.08321,0.00004,0.00070,0.00400,5.42366,7.04319,3.54244,10.58563
15 S LL B,77,0.00000,24.36884,0.10532,0.21469,1.08162,0.00004,0.00070,0.00399,5.42358,7.04315,3.54275,10.58591
15 S LL B,78,0.00000,24.08182,0.10496,0.21385,1.08006,0.00004,0.00070,0.00399,5.42350,7.04312,3.54306,10.58618
15 S LL B,79,0.00000,23.79931,0.10459,0.21306,1.07853,0.00004,0.00070,0.00399,5.42342,7.04308,3.54337,10.58645
15 S LL B,80,0.00000,23.52122,0.10421,0.21232,1.07702,0.00004,0.00070,0.00399,5.42334,7.04304,3.54367,10.58671
15 S LL B,81,0.00000,23.24746,0.10383,0.21161,1.07555,0.00004,0.00070,0.00399,5.42326,7.04300,3.54397,10.58697
15 S LL B,82,0.00000,22.97795,0.10344,0.21095,1.07411,0.00004,0.00070,0.00399,5.42318,7.04296,3.54426,10.58723
15 S LL B,83,0.00000,22.71260,0.10304,0.21033,1.07269,0.00004,0.00069,0.00399,5.42310,7.04293,3.54455,10.58748
15 S LL B,84,5.71250,28.08182,0.10284,0.20975,1.07131,0.00004,0.00069,0.00399,5.42302,7.04289,3.54492,10.58781
15 S LL B,85,0.00000,27.74409,0.10260,0.20921,1.06995,0.00004,0.00069,0.00398,5.42294,7.04285,3.54528,10.58813
15 S LL B,86,0.00000,27.41182,0.10234,0.20869,1.06861,0.00004,0.00069,0.00398,5.42286,7.04281,3.54563,10.58845
15 S LL B,87,0.00000,27.08489,0.10206,0.20821,1.06731,0.00004,0.00069,0.00398,5.42278,7.04278,3.54598,10.58876
15 S LL B,88,0.00000,26.76319,0.10176,0.20775,1.06602,0.00004,0.00069,0.00398,5.42270,7.04274,3.54633,10.58907
15 S LL B,89,0.00000,26.44662,0.10144,0.20732,1.06476,0.00004,0.00069,0.00398,5.42262,7.04270,3.54666,10.58937
15 S LL B,90,0.00000,26.13508,0.10111,0.20691,1.06353,0.00004,0.00069,0.00398,5.42254,7.04267,3.54700,10.58967
15 S LL B,91,0.00000,25.82847,0.10076,0.20652,1.06232,0.00004,0.00069,0.00398,5.42246,7.04263,3.54733,10.58996
15 S LL B,92,0.00000,25.52670,0.10040,0.20616,1.06113,0.00004,0.00068,0.00398,5.42238,7.04259,3.54765,10.59024
15 S LL B,93,0.00000,25.22966,0.10003,0.20581,1.05996,0.00004,0.00068,0.00398,5.42230,7.04256,3.54797,10.59053
15 S LL B,94,0.00000,24.93727,0.09964,0.20549,1.05881,0.00004,0.00068,0.00398,5.42222,7.04252,3.54828,10.59080
15 S LL B,95,0.00000,24.64943,0.09925,0.20518,1.05769,0.00004,0.00068,0.00397,5.42214,7.04248,3.54859,10.59108
15 S LL B,96,0.00000,24.36605,0.09886,0.20489,1.05658,0.00004,0.00068,0.00397,5.42206,7.04245,3.54890,10.59135
15 S LL B,97,0.00000,24.08706,0.09845,0.20461,1.05550,0.00004,0.00068,0.00397,5.42198,7.04241,3.54920,10.59161
15 S LL B,98,5.71250,29.44331,0.09821,0.20436,1.05445,0.00004,0.00068,0.00397,5.42190,7.04238,3.54958,10.59195
15 S LL B,99,0.00000,29.09282,0.09795,0.20412,1.05341,0.00004,0.00068,0.00397,5.42182,7.04234,3.54995,10.59229
15 S LL B,100,0.00000,28.74798,0.09766,0.20390,1.05239,0.00004,0.00068,0.00397,5.42174,7.04231,3.55031,10.59262
15 S LL B,101,0.00000,28.40868,0.09735,0.20368,1.05139,0.00004,0.00068,0.00397,5.42166,7.04227,3.55067,10.59294
15 S LL B,102,0.00000,28.07481,0.09702,0.20348,1.05041,0.00004,0.00068,0.00397,5.42158,7.04223,3.55103,10.59326
15 S LL B,103,0.00000,27.74626,0.09668,0.20329,1.04945,0.00004,0.00068,0.00397,5.42150,7.04220,3.55138,10.59357
15 S LL B,104,0.00000,27.42293,0.09631,0.20311,1.04851,0.00004,0.00067,0.00397,5.42142,7.04216,3.55172,10.59388
15 S LL B,105,0.00000,27.10471,0.09594,0.20293,1.04758,0.00004,0.00067,0.00397,5.42134,7.04213,3.55206,10.59419
15 S LL B,106,0.00000,26.79151,0.09555,0.20277,1.04667,0.00004,0.00067,0.00397,5.42126,7.04209,3.55239,10.59449
15 S LL B,107,0.00000,26.48322,0.09515,0.20261,1.04578,0.00004,0.00067,0.00397,5.42118,7.04206,3.55272,10.59478
15 S LL B,108,0.00000,26.17976,0.09474,0.20247,1.04490,0.00004,0.00067,0.00397,5.42110,7.04202,3.55304,10.59507
15 S LL B,109,0.00000,25.88102,0.09432,0.20233,1.04404,0.00004,0.00067,0.00397,5.42102,7.04199,3.55336,10.59535
15 S LL B,110,0.00000,25.58692,0.09389,0.20219,1.04319,0.00004,0.00067,0.00396,5.42094,7.04195,3.55368,10.59563
15 S LL B,111,0.00000,25.29737,0.09346,0.20207,1.04237,0.00004,0.00067,0.00396,5.42086,7.04192,3.55399,10.59590
15 S LL B,112,5.71250,30.64364,0.09318,0.20196,1.04156,0.00004,0.00067,0.00396,5.42078,7.04188,3.55437,10.59626
15 S LL B,113,0.00000,30.28335,0.09288,0.20185,1.04077,0.00004,0.00067,0.00396,5.42070,7.04185,3.55475,10.59660
15 S LL B,114,0.00000,29.92886,0.09256,0.20175,1.03999,0.00004,0.00067,0.00396,5.42062,7.04182,3.55512,10.59694
15 S LL B,115,0.00000,29.58007,0.09221,0.20165,1.03922,0.00004,0.00067,0.00396,5.42054,7.04178,3.55549,10.59727
15 S LL B,116,0.00000,29.23686,0.09184,0.20156,1.03847,0.00004,0.00067,0.00396,5.42046,7.04175,3.55585,10.59760
15 S LL B,117,0.00000,28.89914,0.09146,0.20148,1.03774,0.00004,0.00067,0.00396,5.42039,7.04171,3.55621,10.59793
15 S LL B,118,0.00000,28.56678,0.09107,0.20139,1.03701,0.00004,0.00067,0.00396,5.42031,7.04168,3.55656,10.59824
15 S LL B,119,0.00000,28.23968,0.09066,0.20131,1.03630,0.00004,0.00066,0.00396,5.42023,7.04165,3.55691,10.59855
15 S LL B,120,0.00000,27.91775,0.09024,0.20124,1.03561,0.00004,0.00066,0.00396,5.42015,7.04161,3.55725,10.59886
15 S LL B,121,0.00000,27.60088,0.08981,0.20116,1.03492,0.00004,0.00066,0.00396,5.42007,7.04158,3.55758,10.59916
15 S LL B,122,0.00000,27.28897,0.08937,0.20109,1.03425,0.00004,0.00066,0.00396,5.41999,7.04154,3.55792,10.59946
15 S LL B,123,0.00000,26.98192,0.08893,0.20103,1.03359,0.00004,0.00066,0.00396,5.41991,7.04151,3.55824,10.59975
15 S LL B,124,0.00000,26.67965,0.08848,0.20096,1.03294,0.00004,0.00066,0.00396,5.41983,7.04148,3.55856,10.60004
15 S LL B,125,0.00000,26.38206,0.08802,0.20090,1.03230,0.00004,0.00066,0.00396,5.41975,7.04144,3.55888,10.60032
15 S LL B,126,5.71250,31.72082,0.08770,0.20085,1.03169,0.00004,0.00066,0.00396,5.41967,7.04141,3.55927,10.60068
15 S LL B,127,0.00000,31.35314,0.08736,0.20081,1.03108,0.00004,0.00066,0.00396,5.41959,7.04138,3.55966,10.60103
15 S LL B,128,0.00000,30.99141,0.08700,0.20076,1.03048,0.00004,0.00066,0.00396,5.41951,7.04135,3.56003,10.60138
15 S LL B,129,0.00000,30.63551,0.08662,0.20071,1.02989,0.00004,0.00066,0.00396,5.41943,7.04131,3.56041,10.60172
15 S LL B,130,0.00000,30.28532,0.08623,0.20067,1.02932,0.00004,0.00066,0.00396,5.41935,7.04128,3.56078,10.60206
15 S LL B,131,0.00000,29.94074,0.08582,0.20063,1.02875,0.00004,0.00066,0.00396,5.41927,7.04125,3.56114,10.60239
15 S LL B,132,0.00000,29.60164,0.08539,0.20059,1.02820,0.00004,0.00066,0.00396,5.41919,7.04122,3.56149,10.60271
15 S LL B,133,0.00000,29.26793,0.08496,0.20055,1.02765,0.00004,0.00066,0.00396,5.41911,7.04118,3.56184,10.60303
15 S LL B,134,0.00000,28.93950,0.08451,0.20051,1.02712,0.00004,0.00066,0.00396,5.41903,7.04115,3.56219,10.60334
15 S LL B,135,0.00000,28.61625,0.08406,0.20048,1.02659,0.00004,0.00066,0.00395,5.41895,7.04112,3.56253,10.60365
15 S LL B,136,0.00000,28.29808,0.08360,0.20044,1.02607,0.00004,0.00066,0.00395,5.41887,7.04109,3.56287,10.60395
15 S LL B,137,0.00000,27.98488,0.08313,0.20041,1.02557,0.00004,0.00066,0.00395,5.41879,7.04105,3.56320,10.60425
15 S LL B,138,0.00000,27.67656,0.08265,0.20037,1.02507,0.00004,0.00065,0.00395,5.41871,7.04102,3.56352,10.60455
15 S LL B,139,0.00000,27.37303,0.08217,0.20034,1.02458,0.00004,0.00065,0.00395,5.41863,7.04099,3.56385,10.60483
15 S LL B,140,5.71250,32.70634,0.08183,0.20032,1.02410,0.00004,0.00065,0.00395,5.41855,7.04096,3.56424,10.60520
15 S LL B,141,0.00000,32.33332,0.08146,0.20030,1.02363,0.00004,0.00065,0.00395,5.41847,7.04093,3.56463,10.60556
15 S LL B,142,0.00000,31.96636,0.08107,0.20027,1.02318,0.00004,0.00065,0.00395,5.41839,7.04090,3.56501,10.60591
15 S LL B,143,0.00000,31.60534,0.08066,0.20025,1.02272,0.00004,0.00065,0.00395,5.41831,7.04087,3.56539,10.60625
15 S LL B,144,0.00000,31.25013,0.08024,0.20023,1.02228,0.00004,0.00065,0.00395,5.41823,7.04083,3.56576,10.60659
15 S LL B,145,0.00000,30.90063,0.07981,0.20021,1.02185,0.00004,0.00065,0.00395,5.41815,7.04080,3.56612,10.60693
15 S LL B,146,0.00000,30.55673,0.07936,0.20019,1.02142,0.00004,0.00065,0.00395,5.41807,7.04077,3.56648,10.60726
15 S LL B,147,0.00000,30.21831,0.07891,0.20017,1.02100,0.00004,0.00065,0.00395,5.41799,7.04074,3.56684,10.60758
15 S LL B,148,0.00000,29.88526,0.07844,0.20015,1.02058,0.00004,0.00065,0.00395,5.41791,7.04071,3.56719,10.60790
15 S LL B,149,0.00000,29.55749,0.07797,0.20013,1.02018,0.00004,0.00065,0.00395,5.41783,7.04068,3.56753,10.60821
15 S LL B,150,0.00000,29.23489,0.07749,0.20011,1.01978,0.00004,0.00065,0.00395,5.41775,7.04065,3.56787,10.60852
15 S LL B,151,0.00000,28.91735,0.07700,0.20008,1.01939,0.00004,0.00065,0.00395,5.41767,7.04062,3.56820,10.60882
15 S LL B,152,0.00000,28.60478,0.07651,0.20006,1.01900,0.00004,0.00065,0.00395,5.41759,7.04059,3.56853,10.60912
15 S LL B,153,0.00000,28.29708,0.07602,0.20004,1.01862,0.00004,0.00065,0.00395,5.41751,7.04056,3.56886,10.60941
15 S LL B,154,5.71250,33.62667,0.07565,0.20003,1.01826,0.00004,0.00065,0.00395,5.41743,7.04053,3.56925,10.60978
15 S LL B,155,0.00000,33.25004,0.07525,0.20002,1.01790,0.00004,0.00065,0.00395,5.41735,7.04050,3.56964,10.61014
15 S LL B,156,0.00000,32.87955,0.07485,0.20001,1.01754,0.00004,0.00065,0.00395,5.41727,7.04047,3.57003,10.61050
15 S LL B,157,0.00000,32.51508,0.07442,0.20000,1.01720,0.00004,0.00065,0.00395,5.41719,7.04044,3.57041,10.61085
15 S LL B,158,0.00000,32.15653,0.07398,0.19999,1.01685,0.00004,0.00065,0.00395,5.41711,7.04041,3.57078,10.61119
15 S LL B,159,0.00000,31.80376,0.07353,0.19998,1.01652,0.00004,0.00065,0.00395,5.41703,7.04038,3.57115,10.61153
15 S LL B,160,0.00000,31.45668,0.07307,0.19996,1.01619,0.00004,0.00065,0.00395,5.41695,7.04035,3.57151,10.61186
