0.30012679522811536,0.08039003776423906,13.029646414528427,0.010094171818227873,0.010017300273750388,497.98908964003095,15868.662317969623,5.984643981226744,20.004242961546602,0.3998542221986562,0.39803526946575835,0.39986267207641624,2.02491185833449,0.5988828451328954,0.6004960068464253,0.6019166414272683,0.9995995186998805,0.9984856215558654,0.0006019614411539384,0.0059765958823598956,0.00019928358436639888,0.06952283662962598,0.02984939353827178,0.796911787739226,0.009986152672575178,0.8934468929937895,7.984417257218448,3.994634641256799,199.68470540670364,0.6926512829384501,0.7007108362588159,15.09048881225663,30.093841389479476
0.2980460056725003,0.08074700073750425,13.008903674583403,0.010103541087323064,0.009967863996600119,500.9895401314132,15984.445718168094,6.021026831119219,19.892642118160904,0.4023027394834287,0.3994200607456275,0.400562809773912,2.030861466862991,0.605975846011177,0.6024058283988242,0.6015830354293821,1.0027420749128075,0.9903912403848493,0.0006009927880911788,0.005977429860246762,0.00019945472768507442,0.06958674210704478,0.029694800063649527,0.7972966487309807,0.005717533231512563,0.8971594995869528,8.04134473668294,3.9902662210682744,199.66818579474733,0.6941207307341434,0.7049049832007165,15.051050873237047,30.280728647803556
0.2967775858326649,0.0808594350108634,12.991213813202412,0.01011478426019362,0.00990503022272506,503.0089551221356,15882.966855728653,5.980036953304209,19.780131462422748,0.3999032750826998,0.3974131220261359,0.4026156303794684,2.0516213023863266,0.605708254535665,0.5995074092864543,0.6011333458844436,1.0076570783268723,0.9937648131251042,0.0006058050797313985,0.005969768857724668,0.00019732278189755247,0.06957053766551917,0.029721901409094174,0.7968103073559633,0.00042191167216772303,0.8945422917246557,8.068479109812655,4.002959881220772,199.32454856661056,0.7010121546110825,0.699836585809318,15.039009640682506,30.492793049149093
0.2951448897953242,0.08082050198756321,12.915296564318647,0.010089881039536938,0.009867438347612651,499.75367203221816,15956.265891539573,5.974872485366511,19.95560892323708,0.3993037272955404,0.3988056866392358,0.4011497890138307,2.0642299535616355,0.6051170394163172,0.5957345773374081,0.6020911048569464,1.0186311453492651,0.9885260303400338,0.0006045708066417151,0.005941737172272134,0.00019810610483286486,0.0700007936388797,0.03000232416429094,0.7992071671681632,0.0003154898113940771,0.8932741673870753,8.014213245371392,4.0072049290849625,197.232314827572,0.698897856722433,0.691453334579213,15.100833439416268,30.701708836207263
0.29269433646045356,0.08038414101590169,13.071360450871653,0.010114771521992154,0.009935911283986706,498.6199294261847,15820.376215644894,5.948253064691027,19.944201660009412,0.3983285690845933,0.4029311759098076,0.3998465049763969,2.071618786527463,0.6013227823290506,0.5949970576717456,0.6009007296555622,1.0174810040958697,0.9781758994337675,0.0006098056075579477,0.00597075907878549,0.0001985648520341004,0.07015470599536781,0.03002131064916615,0.7988712516328951,0.00046485805666561975,0.8967997066839528,8.050854323463955,4.010513900107501,197.3604715713044,0.6943468719761791,0.6913677039234706,15.15935406183419,30.71370714712889
0.29329378644167015,0.08026999290190628,13.178417682113237,0.010037678518282078,0.009922014344536387,496.3767490219216,15715.738330150869,5.908304341674702,19.89563391131211,0.39873585581051013,0.4033717824453928,0.39657686692607796,2.05432407575432,0.6006600751574078,0.5922435460160843,0.6038072453520441,1.0099766079958095,0.9792596490395227,0.0006105839786683069,0.005986604661176466,0.00019992189939303237,0.07039480024711191,0.03002978474391152,0.7951211088918878,6.986221568890485e-05,0.8963090266311008,8.081838900063394,3.980913139977725,197.18461652628199,0.6964839874505114,0.6924311162138169,15.219452438708148,30.464503881823468
0.2908109039875435,0.08001002982276541,13.166990299349802,0.0101118427307678,0.00988155432564898,493.50494899477656,15620.954601873216,5.871948917391535,20.04332218814282,0.39710030674756414,0.40205868166740233,0.3957291985623053,2.0514204018019733,0.598285018527401,0.5922740850123726,0.5986496812102085,1.0125009401560388,0.9718959091899215,0.0006095385313949716,0.0060235153958370065,0.00019930042685385103,0.07019905328473236,0.030142227410436602,0.7920137776687481,9.943774504372137e-05,0.89430984799386,8.05824371573981,3.9779285411262975,196.40318683450715,0.6958464066138688,0.7001814555442816,15.296145127792235,30.406025236927704
0.29021318557240505,0.08005899553660674,13.147731195077258,0.010105418859532325,0.009889383190730586,497.398382226103,15546.628224217004,5.885405013468209,20.02381482384422,0.3936913184875532,0.4002489341973464,0.3936977276116576,2.048013198636484,0.597202077341757,0.592320565457999,0.6020814104910571,1.0046209698837618,0.9661518496030551,0.000613251504982564,0.006016436040565595,0.00019797183252187538,0.07054291143281768,0.030520782982509338,0.7917424930341973,3.9833075627018045e-05,0.8915802990188296,8.053570701846162,3.99667112222402,195.14239944550823,0.6986020196985893,0.7077903385200994,15.41468270014409,30.331871095348784
0.28864550506718517,0.07938445350396267,13.210615190944226,0.010153626056333152,0.009966141185137238,497.45781116377213,15426.14283205834,5.8967870529110185,20.017466705259505,0.393461637333302,0.39741465728459746,0.3952454448148294,2.0616209358306663,0.5934158038386528,0.5979106858911324,0.6026160665538174,1.0138586238437872,0.9684038726755694,0.0006146806188792148,0.006017668916570742,0.00019666048456574932,0.07079975871420778,0.030255628090600464,0.7863212073529258,0.00020845726825081606,0.8910261287408394,8.007529501440828,3.998560443131969,196.08645075902405,0.6998538855110944,0.7064425152682793,15.440852162312364,30.336001541436758
0.2868323782210632,0.07981571907201646,13.238594699653904,0.010141899686866788,0.010039911219964484,500.58815965061126,15395.13330364488,5.8423960362098954,19.923010661916308,0.39026554487385207,0.3940643167624058,0.3936589983415122,2.0738411061582185,0.5945053389679853,0.6031371223665156,0.6020480297278495,1.0209279286363628,0.9683871478808581,0.0006144331295376673,0.0059841305067521895,0.0001978568995962984,0.07103774237028586,0.030346545070487892,0.7828469538229675,7.377104561980761e-05,0.8906482057108202,7.974259247224697,3.98681406596513,194.7425413305878,0.6998431276082703,0.7138776608456088,15.491011059972726,30.288865028907978
0.28661853722746644,0.07892309624882217,13.180574731954792,0.010166023677455109,0.01006277822780692,494.52834707300366,15331.815646123054,5.78794754360922,19.94747390470432,0.3880338426652611,0.3945717676524674,0.3939139995759965,2.061939591733334,0.5927343240883004,0.5999639477215668,0.5990759128846855,1.0223622033756004,0.9651891331000345,0.0006126924762466698,0.005972521776179605,0.00019860244574555335,0.07104762039726627,0.02983631453397985,0.7870797478177111,0.00012823844250651464,0.8829918031837894,7.9493376891956835,3.990707094435312,194.43744969648674,0.6976750325712817,0.7153461387201766,15.348529604020854,30.30934275466733
0.28633105578590534,0.07835571913222802,13.168007758140575,0.010173423524402203,0.010074817706704476,493.3150674375213,15424.500373687626,5.776661469256455,19.842606499623827,0.38273665673445173,0.39435722432521647,0.39089366975255274,2.0662294389012414,0.5983948309966958,0.6025299822129947,0.5924218598400669,1.01812020983365,0.9687661691310662,0.0006130238427336842,0.0060229865312938615,0.0001981786528879072,0.07066512205120826,0.029870644534380018,0.786968696527425,0.0002816583051454079,0.8802276060333455,7.883310416054938,4.001560613428275,193.8987930204233,0.6983796625202249,0.710054462322144,15.306495497438942,30.44154438680858
0.28752583547241506,0.07821930690182052,13.058753379913641,0.010150812196708773,0.010023510126448143,489.4425249902494,15480.85015562307,5.776841011585171,19.969248398327778,0.38225203625449755,0.3920216773746646,0.39077698075410705,2.0708578369452013,0.5991807533053384,0.5977318412826876,0.5936348813848246,1.0195368759934471,0.9646778088152349,0.0006134061482779263,0.005988530377760628,0.00019803373227619494,0.0702115148384969,0.02988675583408221,0.7886717143795723,4.4425673130259495e-05,0.8894032496739692,7.880023685579172,3.990771897536982,194.87849867784448,0.6984113220659711,0.7148854285076877,15.345170331427042,30.695249851422208
0.28632521121494575,0.07827484824931648,13.08436063788447,0.010152046670231223,0.010063174909580981,486.97090292672084,15530.078012395828,5.791493945517228,20.006923935577124,0.3832683955665612,0.39007591660115365,0.3902074681894797,2.058398926737063,0.6016975693756168,0.5955417902228047,0.591639963569841,1.0185680474623144,0.9588575616475646,0.000617714412379586,0.006014053523944064,0.00019805029212077274,0.07012558550642854,0.029945596289382773,0.7885863035084241,4.701929822209188e-05,0.8960441005266744,7.8774629829455804,3.992593772814914,193.87642641140837,0.7060306630161888,0.7197732573052831,15.364064913153596,30.77546606992282
0.28923684107173514,0.07855313373355156,13.069991436875718,0.010194545813538864,0.010128335239637574,488.5200918168013,15562.771802375417,5.772621376823408,20.21195858929024,0.37972187242252314,0.3889996177404785,0.3914537982610699,2.072043093263717,0.6025744591044186,0.5964947821553084,0.5923308317294422,1.0171456448586818,0.9588857215670907,0.0006151196501951187,0.006013876262735624,0.00019956931877088737,0.07067515534817528,0.029706927675027247,0.7872990365599949,9.925553866624277e-05,0.8971711811025777,7.84855211725855,4.052341681219479,191.13582414306978,0.7088829350002693,0.7207623548436125,15.3218002809412,30.56214928479042
0.28736522600692793,0.07829026593510797,13.057898808066932,0.01020492420106418,0.010093076298361963,486.4947430910034,15558.965207934507,5.774397113335254,20.095082644939435,0.3734805971930502,0.38964768715948656,0.3943054572941385,2.080891507946146,0.597626434980282,0.5960204117153854,0.5892774369118832,1.023453905694785,0.9610207835795874,0.0006160277693370831,0.006038136578607087,0.00019879853077852877,0.07052235653606038,0.029658749570483162,0.7866144075378153,0.00010877912383744885,0.8961882174489703,7.875101384412937,4.074405567515217,189.96371780924662,0.7142809839120163,0.7224812373149249,15.295524088503258,30.635964673708255
0.28659624080430085,0.07856947037312435,13.051305479935115,0.01022010416682666,0.010061742831807786,484.328237811611,15631.941982419767,5.832344283020479,20.127253962363124,0.37764439731589616,0.3856749824088376,0.39455005435365903,2.0836044248317505,0.5952231713174363,0.5991362883428024,0.5853164721891919,1.013590172710553,0.9614633103629804,0.0006185398917410893,0.006063549618795682,0.00019957795058064143,0.07026249495299756,0.02941931460065949,0.7856986674835348,9.536999362089804e-05,0.9055706861039452,7.854478831199039,4.085856380509164,190.54436369689003,0.7110242914482151,0.7249486809180576,15.244189457012482,30.69419264549139
0.285921454713745,0.07833208002126903,13.076508368218459,0.010256453742024035,0.010087701605137106,478.62662881168785,15635.28537777939,5.811106437025074,20.040633854979,0.37769112540766475,0.38715918185604925,0.3925397797763541,2.067501149067325,0.5985766876523679,0.5959032158940684,0.5879569379355302,1.0172739471125476,0.9588683433587978,0.0006208956930058598,0.0060451378055222165,0.00020052029399458729,0.07037319469659901,0.029410369401938512,0.7878586767601337,9.443106560598583e-05,0.9030273278398758,7.89530456201121,4.100914423264468,189.18217895713747,0.7114687499027994,0.7161530960283461,15.333412187533375,30.982296535120934
0.284491786347943,0.07758311811361546,12.973139251752627,0.010231645333073969,0.010139522290860287,482.24701867631774,15649.423113265342,5.808781365980703,19.929984500725144,0.3769888328931378,0.38710423445757847,0.3940678991647187,2.0548691150605505,0.6018710706681889,0.5996595447403827,0.5900804042715296,1.0133077275304618,0.9502920634446813,0.0006192139236842814,0.006045659935903848,0.00020068025062583382,0.0701585697710715,0.029356692068431788,0.7897777342594416,0.00010150637573492309,0.9050918908645544,7.914370656016968,4.095887354598286,187.12969969019883,0.7123100038486053,0.7126335007127257,15.280962623055439,31.18909700399649
0.2831167079800849,0.07745878429652447,12.957638457526985,0.010193515705566918,0.010218095606235149,482.52173293553983,15535.648464291593,5.767106642846923,19.91650611591332,0.3796370720725155,0.3867287946512454,0.39452380150423993,2.043178564161836,0.5965979090391352,0.6037300455976023,0.5871885842843488,1.0193913352594814,0.952243162917934,0.0006260873844122276,0.006062715232653132,0.00019935016897657933,0.06916213891033672,0.029383170379312314,0.784063716960848,0.00019546306121368584,0.9084491614096224,7.898148774564082,4.090320156852641,185.45944477314973,0.7085448108885037,0.7123835050621734,15.21313987420985,31.154827659758457
0.285937201083346,0.07805436029148023,12.866042680156328,0.01022493312601749,0.010253230800281333,477.9792372042673,15580.746291488,5.799373085573868,19.884617208424746,0.38071436685125826,0.3855462506063607,0.3908160503865408,2.035998580011764,0.5992464719380397,0.6055323146771503,0.5877883848946117,1.0228737131959211,0.9520750640687651,0.0006255515061680249,0.0060671870849364285,0.00020054635897183575,0.0696020714159796,0.029213313469459778,0.7827338212174895,4.35011811566133e-05,0.9094717847441556,7.879197774508476,4.102485577428166,185.92144680770224,0.710225857027222,0.713111927558341,15.321988793633675,31.292741945459294
0.2847541871481582,0.07795545051770704,12.811844733647813,0.010371753603377672,0.01017537030635187,481.96846114809784,15661.374256940415,5.77161916704775,19.852804900352734,0.3801722439834057,0.384381852650038,0.3907513150273296,2.030198864915155,0.5959560613165495,0.605927700308661,0.5874352888040848,1.025326673371623,0.9592616116497666,0.0006266329927112037,0.006068160583086637,0.00020087528618339105,0.07015315164852344,0.02922898259569078,0.7892853295911348,6.289244112771826e-06,0.9051629137226859,7.870230192906884,4.114146215320544,184.5259468478583,0.7076721981014396,0.7156981992799827,15.315693295447632,31.50156457228566
0.2842168497062217,0.07726960387445388,12.91974069693487,0.010287554930209672,0.010154258452362981,478.0498480568127,15571.461377090134,5.731088038773873,19.834137305552062,0.38043903787771854,0.3853429914595129,0.3899239395193651,2.039370071614814,0.5966083043043282,0.6082353194517509,0.5876842028090888,1.0292146578105354,0.9586641026271362,0.0006275837262065966,0.006029775813895764,0.00020023905619460125,0.07027236968500608,0.029246549441049867,0.7929979546252678,7.145651345235861e-05,0.9036039776018577,7.80233117348761,4.141425949269012,183.37883534814472,0.7086644748713613,0.7183500840007108,15.363741081075064,31.665066402670142
0.28587906731237034,0.07715592775048188,13.048712777920636,0.010258126580344144,0.010076753229301232,481.1870174361787,15571.7603312989,5.702351283312343,19.69510713052295,0.38322457845885294,0.3837764195012006,0.3860027240205435,2.0425723073899937,0.5959930877232581,0.608650355773102,0.5868235741506485,1.0337429456826992,0.9638607614497068,0.000625105229961014,0.0060856424740051394,0.00020109989914251556,0.07045377480649756,0.029092580966571562,0.7970961076055906,4.047428282368574e-05,0.9109686672093706,7.7506528510451895,4.112235674815991,182.11446622463356,0.7087713185846168,0.7172166731508367,15.37101431508749,31.593755100356777
0.28335496063521604,0.07769118068053706,13.089260467193691,0.01040100953336981,0.0100703884322716,486.9331843232484,15582.988728348917,5.689311567767392,19.59497954779891,0.38267399635782706,0.3827839925555356,0.38473451103348694,2.029775216146106,0.5959509493263122,0.6062864619586654,0.5894098496816454,1.032346777995983,0.9558315026014241,0.0006235099075198823,0.006078865712109384,0.00020198595184113793,0.07132254309479034,0.029226354500874224,0.7967069693600872,3.6709088616346375e-05,0.9181227933032707,7.764484992986851,4.135914573815533,180.76105499083354,0.7051895272661759,0.7151044640840115,15.458369976270415,31.63628587626449
0.2855682638857795,0.07753920465003976,13.163853886840888,0.0104216185042487,0.010071013633170808,486.9421790644414,15493.0781089301,5.6736182545861436,19.64387140295603,0.38434416440705027,0.38339492468799896,0.3829958490463742,2.028161507214716,0.597504181221341,0.6079002590701725,0.5909578296086715,1.0360640185363674,0.9475625388205784,0.0006260079251463562,0.0060559340555163006,0.00020136634899660106,0.07067070912020908,0.02920256927412431,0.8023357679559153,3.8864110092381256e-05,0.9111324619751205,7.776435415557846,4.160859313068283,179.49458421113246,0.7054567601641863,0.7153891933476697,15.37808087582329,31.789000079124072
0.28583132605633016,0.07783090033569279,13.178830564798593,0.010414434355589834,0.010078237868898535,485.2271337411982,15529.729942785541,5.6701480942164615,19.731464721920464,0.38321480119455925,0.3822100155455751,0.38348726724959203,2.019255724034525,0.5983516464226677,0.6096775909723975,0.5963368393229516,1.0435808135125422,0.9459698020163159,0.0006311621489757616,0.006032634943604575,0.00020130411755493624,0.06985447498002872,0.02915799394625123,0.7991520489701545,0.0001216771979426339,0.9102065037654004,7.762176650902901,4.155058976465927,178.18277352508701,0.6975500093362146,0.7130396429714453,15.322433439342253,31.48907589162725
0.2867345512397453,0.07769356427389894,13.252565766875952,0.01045372360499757,0.010073844157766411,492.0148288275303,15539.264275853217,5.713836515077658,19.757108057694754,0.38312024533870065,0.38428262880301034,0.38180572912515615,2.0275422770367206,0.5959618637112153,0.607460782545102,0.5996680490894749,1.0467927809775541,0.9467521379213969,0.0006293646921683238,0.006033060028818654,0.00020118624306547688,0.06939905899858129,0.02901444847271149,0.7987866808161493,2.860613394590686e-05,0.913169751117243,7.87948712167632,4.159398562772397,178.72975692894127,0.6962575270658077,0.7185862455519004,15.281171173496018,31.25482174674233
0.28702660015001613,0.07741940573747114,13.184549941800478,0.010449737617585326,0.01011393383392441,490.8127958458267,15644.478813613488,5.70456964411218,19.698578387057946,0.382973891990911,0.38238494203748197,0.3808319861134538,2.0231990062208043,0.5999334317007428,0.6134546247387794,0.6009154526813125,1.0498518894322248,0.9467525682209695,0.0006331439470163763,0.0060402033893978985,0.00020187843375649696,0.06927549901805923,0.02914002535372824,0.7953776275033857,8.764144774710228e-06,0.9140325544482717,7.807322506005679,4.166093940427791,178.98377734730497,0.6977904660978295,0.7167124877896267,15.279855000251715,31.380759401622992
0.28676508780680926,0.07712026771940318,13.233908926903107,0.010431993582767063,0.010075163761771611,491.97891606219923,15651.450422082346,5.773439858379234,19.71000512459241,0.38273409066590075,0.3822690984672438,0.38079204880147016,2.0187742515280704,0.6030932953409163,0.6192545107294347,0.5958769190840314,1.0545189490079279,0.9391319548292391,0.00063434153371159,0.006045125981769741,0.00020276583854521394,0.06902631062885393,0.02916634415081322,0.8027371579074782,1.5375084047417793e-05,0.9148671823632067,7.763577040655723,4.147557349889966,178.68321536557858,0.6997806191886787,0.7205413091906936,15.436529922649395,31.45927615438919
0.285923198399076,0.07715386765155931,13.273636170234392,0.010353628163308412,0.010074097884784272,494.6786960416861,15639.447464154773,5.766607200349521,19.888685464611054,0.38266832328777617,0.3861272526465271,0.3804901084339765,2.0263257721331964,0.6020713438501826,0.6130374180003383,0.5997755229547438,1.0566711591319138,0.9333838453185349,0.0006350679357876377,0.006062054734364975,0.00020442584393527924,0.0688516885718171,0.0291738290300355,0.8066949890286608,2.0122640751212273e-05,0.9111212695882415,7.780228716903063,4.15300099121206,176.87837860233108,0.7053430011825438,0.72018574546211,15.462451897003056,31.439859343029298
0.2842736736370293,0.07686776486987448,13.228537686624506,0.010413740470972516,0.010049162621587514,493.05745342381016,15564.828225406978,5.745107422716569,20.06106596309534,0.3799918491058078,0.3873035067153641,0.3781823424181883,2.029692874247253,0.6020071733469663,0.6088119013873844,0.6025916000352869,1.0645082679508424,0.9266041406499195,0.0006393480273967304,0.006085769099359307,0.0002041130892694016,0.06952096206271785,0.028976621469444488,0.8069217756001263,3.834965519846194e-06,0.9193890377757948,7.787754960808739,4.163495345341732,176.78125994098932,0.7054748479547969,0.7233859008050476,15.496008983756294,31.255539539468685
0.28308461593858275,0.07671478772686496,13.234908625536084,0.010442964420156886,0.010121962978112855,493.007831373327,15626.990009118432,5.7427919872745,20.26321061290737,0.38032330129481573,0.38698271076124213,0.3763740444443404,2.023529415311076,0.6055743194261373,0.6076402389787313,0.6039384639390434,1.0603824714829413,0.922556939358448,0.0006421669935493087,0.006088369199307112,0.00020449975946823659,0.06923516806514471,0.02880417232796567,0.8057230613327466,8.280317549024724e-05,0.9221348784254536,7.788122835723823,4.176893147480972,174.23887265163762,0.700423005687279,0.7292831710495336,15.401092391956091,31.27904449632512
0.2820893870074941,0.07683325921160201,13.237771961225752,0.010454141372273991,0.010110537980591588,488.5722472701597,15752.866224548674,5.709722835239603,20.14967168087295,0.3812796726365096,0.3855531896267801,0.3783847969659174,2.017790174295165,0.6062873674258472,0.6079898643045915,0.6050407468893081,1.0600108062281246,0.9224337004850679,0.0006413911508515039,0.0061113810667200365,0.00020247327351000446,0.06896114494698617,0.02856499851293296,0.8064521382213776,3.055941404673892e-05,0.9190613226540629,7.814167532055987,4.154532753282209,174.28666405593415,0.6967048029170264,0.7273734231018765,15.401068068484388,31.207452176858517
0.28213394766608474,0.07692041290246425,13.171592995058754,0.010408875065088185,0.010137920325887234,491.88085051811777,15737.442306589697,5.690999851867272,20.017043172315738,0.38572100832139616,0.3862155521890014,0.3830094186951524,1.9936347389178557,0.6068005362667931,0.6121533346389069,0.6075482379194335,1.0631728061854488,0.9202359771062348,0.0006388983002682104,0.006185819492031532,0.00020372281879404777,0.06914228396981174,0.028461785819785833,0.7975182753526001,8.331623512119799e-06,0.9208993495235656,7.7820593075209015,4.168669070093608,174.30910873306362,0.6995963217358655,0.727849151314261,15.380135618215721,31.28955734840508
0.2800942638785829,0.0762467692597448,13.213310184114158,0.01042236656204676,0.010166512261349653,492.11668191978146,15678.201609096785,5.6959490505497445,19.99520700588477,0.3856324281119391,0.3873430125348429,0.38145102843960893,1.9796438807947152,0.6075098789885618,0.611846271056556,0.6056763335611338,1.0709188966446017,0.9139433488804181,0.0006381210438195715,0.006159590459048994,0.00020372586433233238,0.06951085507229897,0.02825424547918102,0.7985752381053937,0.00010633725859559105,0.9276906171040586,7.823615923028789,4.148973140749572,173.61034387727435,0.7020236824465779,0.731555760316617,15.463192727588048,31.434201018781703
0.2809424626857842,0.07663209092572668,13.174441859515161,0.010452208070161732,0.010092452339783927,491.1988499153168,15804.884321748592,5.680651298189385,19.966630292782263,0.3845885222054187,0.3877885368738034,0.3831123485561505,1.994377981562664,0.6116744548998526,0.6128143035157778,0.6055004386319718,1.07181734341314,0.9141726537929876,0.0006428065698546987,0.006116228477844667,0.00020286062481923394,0.0689375926690794,0.02817070889060677,0.8043823699232984,0.0001948079037546812,0.9268602802500393,7.845952887480288,4.185606085086892,173.02646285599414,0.703626175162979,0.7339236862781294,15.396474189490737,31.43952706648164
0.2770766921882774,0.07663011702958979,13.201839349070172,0.010356357584740893,0.01012214304589969,494.7069953162667,15808.585016163497,5.736312587182455,20.18235843578233,0.38569344158468183,0.39144942955400674,0.3835293057320769,2.002145762857619,0.6053371177911009,0.615505997395363,0.6028360972289492,1.072258874136393,0.9161756277577802,0.0006461029232692965,0.006082658924901345,0.0002023662147344039,0.06881399846894187,0.02808232057069103,0.804089793869867,0.00022540577999364706,0.922311840058373,7.899336367397248,4.2126331081531605,172.93382989554252,0.7057064649958881,0.7355862886675643,15.353969346868844,31.393210905220446
0.27583013720575095,0.07702720788426727,13.283661761468437,0.010378001376401715,0.01014825655134391,498.44904653675155,15841.665136928721,5.719972575285736,20.148858180763202,0.386471127835616,0.3911844546678852,0.3821662084469552,2.004264946420886,0.6099470519728455,0.613997000641373,0.6025342838717708,1.069073039849331,0.9058674192823453,0.0006485746505745774,0.006118008370264778,0.0002012363470671615,0.06909225603738493,0.027940187218772818,0.803630410484862,8.953288176839289e-05,0.9173016140928202,7.969115985688754,4.162582032047844,172.7084659711063,0.7112399298805654,0.7443449039184841,15.263184695815097,31.53076095059911
0.2731037415147104,0.07715541101358497,13.293209277659571,0.010388640616901992,0.010127040180641821,499.4206764781738,15745.641352621233,5.673514667014974,20.244040073062234,0.3857558779379196,0.387965657403548,0.38670485875367766,1.9964983671314236,0.6097177199642569,0.6135253282470876,0.6035679606502744,1.0718450507776278,0.9034597735498539,0.0006457530010696099,0.006124172589077505,0.00020223836569220017,0.06984462960256932,0.027964611833325534,0.803068084271283,7.093454577963253e-05,0.9272862949334909,7.966391990612993,4.140888493128751,173.64895701715645,0.7141529156276402,0.7520644119649634,15.28653879347818,31.578055470448852
0.27346616631010756,0.07761908779676893,13.226167198586253,0.010393539509373396,0.010127504132342343,497.3832791417728,15604.717734781121,5.676926855716175,20.175763218786393,0.3804116610598155,0.38589739713733184,0.38545423841606863,1.9990492225938417,0.6114116459022794,0.6142449963350148,0.6000675484109965,1.0761453978045992,0.8921060151845023,0.0006462183970238417,0.00609378370920161,0.00020296773977593652,0.06973389441542073,0.027792712684489403,0.7984816775308695,5.014795200558331e-05,0.9254063704968997,8.027065568709006,4.127883435973953,171.73845741860077,0.7120418764989145,0.7530997850839645,15.38384538561528,31.745947453302573
0.2718815648154317,0.07771026028522872,13.234530171280012,0.010445844237722608,0.010115013038682088,501.3479798674785,15624.410045228615,5.663611870489431,20.07145199504847,0.38138945650020695,0.38551249538111637,0.3849460544661514,2.009764231705806,0.603222557328813,0.6188692925974509,0.5999094530307251,1.0753487327653541,0.8947428714655214,0.0006461718234996856,0.0061047988083453,0.00020358103728513439,0.06990115041784076,0.027697839375924786,0.8004596365454237,4.5517737177429856e-05,0.9301433800534015,8.034191758259166,4.150031398166184,172.0492888485125,0.7110107491301674,0.7551310575762167,15.334314292354726,31.588355322518204
0.2724176391961914,0.07828543507753188,13.282756371512145,0.010408597709398016,0.010130674524348458,500.4352621954958,15511.106636375012,5.662108059513294,20.024077832050324,0.38171584258872776,0.3840142715410005,0.3857337370703755,1.9867553411543677,0.6101819757578425,0.6213069191532754,0.6049840442879876,1.0733665704103967,0.8896473518288592,0.000644421701094688,0.006135363779258093,0.00020215168382271947,0.06942291213489157,0.02794416795810943,0.7914845681237761,1.573766846684284e-05,0.9300905633652585,8.09145977889662,4.1736240626788295,171.75778602086197,0.7084121535267827,0.7594411463597183,15.483954104623033,31.56064997147233
0.27465442121535394,0.07814569677006139,13.318003630722174,0.010385714116021955,0.010184862349568885,501.08348942390603,15651.102632335485,5.673120604734174,20.186931426635496,0.38052768033254747,0.3812455465947541,0.3861977204905657,1.9858821425942683,0.6127980168726377,0.6244349852856761,0.6012759252155491,1.070582893431064,0.8836693344505466,0.0006423801294922162,0.006100550373157959,0.00020057810654783872,0.06935303667667013,0.02775981573596581,0.7914467475371892,0.00017470291190058892,0.930119938227641,8.116064755895364,4.136668986713056,169.96810257259355,0.7086687884444794,0.7627343755913629,15.512099599117658,31.50770476155289
0.27693470515992125,0.07836227370573494,13.244487326237934,0.010431395194115518,0.010189437255855395,498.88332577841135,15680.843030948574,5.654940203018169,20.323326001377,0.37848564760485515,0.3818517619683483,0.385064600531883,1.9893956488213125,0.6148587780631725,0.6252585012270276,0.5987047689096006,1.0768564848951738,0.8840766478934654,0.00063970334060688,0.006078646175475331,0.00020101330987405726,0.06949766915891908,0.02774269957735684,0.7944405894088269,7.0649880644869e-05,0.9244288603293647,8.120646757568286,4.139578670338241,168.7301974123285,0.705222352796599,0.7667735800544697,15.552426286903538,31.78752719824814
0.27609825350886485,0.0784076486545506,13.30413008154044,0.01036772159378793,0.010289693355035705,495.2856676229454,15664.602644273531,5.604181726101165,20.22446399847046,0.37898671460854666,0.37961286808407413,0.3880736329211233,1.9780989080165772,0.6141569336125084,0.632881966692427,0.5937437101835429,1.0698326129125504,0.88978278378666,0.0006439288913126025,0.006082295815966093,0.00020239604094655456,0.06937921536240087,0.028021448912996714,0.7961163002165267,2.9978817778867068e-05,0.9271341253450994,8.100043008197439,4.171009619046824,168.7767157218375,0.7121611267052019,0.7631747252655834,15.579395995989701,32.11533101936217
0.27627511267818955,0.07875596258769364,13.362290616929222,0.010353668761517713,0.010224122474213485,499.3737809039021,15723.099860216993,5.622246597787313,20.19749341575062,0.37757268059348925,0.3816855183906841,0.39019226488484965,1.9760869114729411,0.6155134458887721,0.6366884537217522,0.5921236618040275,1.0686246595758182,0.8898440708105624,0.0006444505167267266,0.0061016463937183015,0.00020163083813244938,0.06995948842067591,0.028212066980530283,0.7934093377731535,0.00013534324491542633,0.9241867057946493,8.093867090050898,4.18410728189156,166.81537141314593,0.7098013440298695,0.7577664582309237,15.582686390145147,31.97057010342191
0.2745879671179502,0.07865128287762128,13.334786039343957,0.01053378251027394,0.010164035892613573,501.279502953613,15757.969828709996,5.632059539860985,20.197105473235386,0.37941067342571133,0.3810597917625582,0.39009489031753214,1.9886454996950185,0.6175585813648877,0.6440747320543975,0.5897273015833426,1.0740255104137753,0.8911877288556265,0.0006360603657792242,0.006056338073515373,0.0001999728431874462,0.07018241842301992,0.028305534560853822,0.7901386371780221,5.162158861856787e-05,0.9190674394449694,8.076604286130243,4.190531528043322,165.15374244884973,0.7122178460692958,0.7575311809944091,15.599479482228753,32.201820030496165
0.27542337942329126,0.0791797367117905,13.217879443792095,0.010481411538010769,0.010110823120868495,499.51607860514224,15768.375072168425,5.6237832424322685,20.100073785315953,0.3812814602148875,0.38063813932796287,0.39141148059328784,1.982419736464138,0.6198840345976259,0.6486700443253816,0.5898872249256285,1.0731348442326074,0.8804380553494504,0.0006332671830487314,0.006031045868812573,0.00019833434787577085,0.07021237337114142,0.0282555186770138,0.7930916609521307,9.948597515184136e-05,0.9145339582913787,8.100802856575788,4.1822601737232485,165.06706709417372,0.7105744665068913,0.7596658826874625,15.561864714036862,32.25938053232456
0.27153399092883834,0.07889914342537362,13.318903464986901,0.01048158152584521,0.010049278057283438,502.77089754878716,15755.05918855018,5.590951295227103,20.244325723147927,0.38110079691138554,0.3851672080396129,0.3917452710860105,1.9764758347448321,0.6238049152259194,0.6526503251498599,0.5925378366855201,1.073089855667709,0.8866719155692274,0.0006327913034342244,0.006085729073848392,0.00019930293361310186,0.06966954714981602,0.028431266816891915,0.7939229000555627,0.0003931174016027609,0.9191687295815703,8.099140229641469,4.145473832530668,163.6971825701405,0.7125513581771241,0.7540193884586549,15.507999113095796,32.20022011840216
0.270215728725676,0.07864519116622902,13.339288659437583,0.010441600862784473,0.010078252534804101,501.22032076646576,15761.268567484349,5.6236277078354755,20.435651479861292,0.38227758356744823,0.3839887137881264,0.3956741813667587,1.9784946817945155,0.6255435106460812,0.6561145961812564,0.5895694120855443,1.0829776951011656,0.8756816769701765,0.0006373936850970611,0.0060932897270775666,0.0001993406628472177,0.07027517066930594,0.02857475829232161,0.7856412352028778,2.6900505547798072e-05,0.9274191465723084,8.163850429391067,4.143069621417357,164.3383467552313,0.7079297103060841,0.7575389943148454,15.53546591773854,32.18930500240558
0.26820093684070634,0.07837193884001646,13.349287711825998,0.010441913772349749,0.010101414197194129,500.09668773680977,15781.01437522613,5.617728253091443,20.51183930965196,0.3824651332513551,0.38116595303646317,0.396704754092698,1.9704095309979404,0.6251039131792937,0.6537782153837117,0.5927995737623168,1.09394950276598,0.8769362117404186,0.0006326363983898178,0.006096837503657896,0.0001982541329573384,0.06965445884849442,0.028623075223502308,0.7872078443918786,5.1529806493988374e-05,0.9323981503858128,8.19548425495783,4.1276996313411,163.29373976498448,0.7139554674832431,0.7532546268424004,15.60755317551075,32.370697766890224
0.26512665244014777,0.07839284723014174,13.349923372136482,0.010415881444724094,0.010059983494097776,502.70667155772304,15842.756433019822,5.6275751971445365,20.54775530120303,0.3794157103190919,0.3810435590651138,0.4001815295838406,1.9717630496064633,0.623235667770594,0.6565655198092398,0.5898354891175874,1.0952604553987852,0.8767858974330157,0.0006281358448119289,0.006087509607461397,0.00019602009665110388,0.06944704549936044,0.02883928799723468,0.7809761032996432,0.00012045195111753143,0.9367520166715733,8.214116418575227,4.135871262622319,162.475381697438,0.7153161833379507,0.7555053883506223,15.680300083499857,32.29840935836803
0.2661578378368893,0.07853438030579815,13.47880696378805,0.010446228763101481,0.010087386905720816,501.8859684747472,15888.900870180529,5.572111265895198,20.526820373478486,0.37717026015749566,0.38102056581213845,0.40016658899837826,1.9825116649819652,0.6236294699924775,0.6614315717759786,0.587857415057052,1.087753071854278,0.8743310061311674,0.0006236067400372981,0.006058403018262867,0.00019627789524877273,0.06910285724681443,0.029012786020969582,0.7897839392548951,4.815314190358098e-05,0.9351203627714967,8.199840433679473,4.119740466272702,161.54852479241626,0.7185631862676648,0.755967389351602,15.462165880366909,32.396760768208345
0.2660193128006977,0.07857354135074346,13.41079057523079,0.010487961577850985,0.010111749946813742,500.73593985085745,15992.840172684,5.546208660775607,20.44193813138435,0.3758406277877431,0.3777826800623166,0.3981290028698556,1.9972493846607742,0.6209146851175734,0.6653281998304885,0.5869571281917437,1.0758420965908857,0.8764401696005876,0.000625279807083867,0.0060664479636330475,0.0001961896228354753,0.0690191448713208,0.029012891677552263,0.7816642550020061,0.0001580607206722709,0.9351272807259606,8.262618924202636,4.1376677642983575,159.11393241018428,0.717339963167374,0.7541435866181496,15.488027059999597,32.63119774228289
0.26750071099027206,0.07787328263260054,13.53717811328585,0.01048537907544723,0.01007582944646631,497.84811563001057,16037.145248382149,5.536246527391686,20.387677216339068,0.3776173838307265,0.3802709225455564,0.39964678741621595,1.9943546194428612,0.6206813888803263,0.6641307224036098,0.5881616158889529,1.0726344830676722,0.8765832966489723,0.0006288908471980329,0.006077127879950383,0.00019428835635381292,0.06935414181729654,0.029080984670512372,0.7881515217428917,9.68112228018665e-05,0.9373266420517867,8.291695809901888,4.1657500944369135,159.0670299571815,0.7177981243851492,0.754592094181166,15.483707917736522,32.607602981521595
0.26772265380441945,0.07746484793444958,13.494266142780505,0.010461102018620425,0.010068397750934278,498.21716862364286,16006.232855229715,5.574361114265816,20.446473959733183,0.37863540065868906,0.37673794789063864,0.40016742685194173,2.0061874432390248,0.6165473821443119,0.6638610928265472,0.5875294081799212,1.0726780209672615,0.8811482084707302,0.0006275373419699968,0.006116386114957791,0.00019593920633381896,0.06927038757548158,0.02884523813199451,0.7893784023774539,4.1391177635102385e-05,0.9306286421311658,8.302198336941133,4.1623468883898935,159.29765514086623,0.7115417086827417,0.756198372716314,15.549308883801103,32.398562006332135
0.2666753857640095,0.0777446149070339,13.545129898946218,0.010408356803508875,0.010032357790224159,497.9458314993274,16092.715400468567,5.561647440257407,20.520253334167393,0.3770644919722081,0.3759648534225458,0.39946709882599035,2.0244412962973706,0.6159256002660062,0.6666154751846558,0.5897303859864075,1.066489260509378,0.8789182104637875,0.0006234153233836041,0.006145491276829466,0.0001959673317853199,0.06914661464463519,0.028964327004404437,0.7903567428247023,4.4069516542148465e-05,0.9329315010009033,8.284257349989746,4.175437133459231,159.35643230587988,0.7139053403713771,0.7531994748923048,15.701170132973315,32.51715041786323
0.26575947126961724,0.07734066000668328,13.56795626511174,0.010353129960478772,0.010040604332917397,496.88733210774535,16121.474147403414,5.535817268341478,20.426359427221485,0.38014528893766597,0.37610350984629015,0.399802792409055,2.0457213922732276,0.6158007251744898,0.6681854616645921,0.5872595974129251,1.0706149071886935,0.874219585536937,0.0006264675867292727,0.006173013080470464,0.00019521978384119172,0.06913048853969625,0.02883251004855588,0.7945454775990195,8.107709307710137e-06,0.9386562512048507,8.291928079098545,4.182436126620236,160.6912480862481,0.7145407999198025,0.7498041023218438,15.769320030589657,32.68298693511948
0.2644908642301128,0.07735750600491643,13.613982999168218,0.010304095704553947,0.00999487442179671,502.10023010696295,16111.004482388149,5.525046369544846,20.50159321169752,0.37836943404745665,0.37298764013894614,0.39763464412459326,2.0497193127478135,0.6141201316536755,0.6735863558088798,0.5868275367307293,1.0592315608692855,0.8725159517831677,0.0006250841014873084,0.006169565617287199,0.00019650188798732017,0.0694282213787269,0.029002140177405208,0.798994340312882,5.3015556751495485e-05,0.943262313541523,8.251231658594483,4.187723407943009,160.31081420477403,0.7107807641743095,0.7488900804477985,15.763080673283778,32.699613197777296
0.266130054286284,0.07702722631001578,13.638856404442699,0.010248104797220969,0.009974894008539261,499.02280027903055,16187.98570208435,5.574131505289076,20.538329906705336,0.37552182755778907,0.37048208602551286,0.3994494308462131,2.047183774773934,0.6148061284697935,0.6671724976977773,0.5940874146108819,1.0616140552895827,0.8677378346029443,0.0006255470959211065,0.00620009577572433,0.000196636297066846,0.06988860589601421,0.028891629863983536,0.8015774314232867,4.63066292350877e-05,0.9434088780623707,8.21327500597816,4.220372314260488,158.79081966090507,0.7103830748256447,0.7512321356062766,15.693262894121757,32.546214045458655
0.26666034039414566,0.07720106314979246,13.547949480233791,0.010267044166883761,0.009887740986847455,496.9768741470624,16210.053072563931,5.580638447950976,20.60194647559521,0.3783091123032066,0.3729843952330242,0.4010245962529725,2.0507154301460706,0.6181995767469943,0.6711012100801863,0.5951354216773576,1.0618153660638299,0.8733654962310081,0.0006246620998667192,0.006229805201096026,0.00019570127333485562,0.06970701267916085,0.02869313959689516,0.7998162634903953,4.1700182696944925e-05,0.9450305740492653,8.221730686405172,4.245538788758339,159.150741778789,0.7110554789075779,0.7484917797617958,15.732649822362864,32.21985612830949
0.266611089081617,0.07679745152194359,13.60165799748657,0.010356560168862583,0.00992798482377857,494.9271738325353,16130.750125649194,5.580284877706107,20.5998397001755,0.3779132770102325,0.37502682488270844,0.4026236383782071,2.053615330822946,0.6206971249037625,0.6739399950102195,0.5915695692256512,1.0576231353263092,0.8724495950972363,0.0006295774891149071,0.006266759558026379,0.0001950725148660726,0.06982428273061442,0.028546945393922298,0.7999727819697011,0.00010164081032899936,0.9518433130743494,8.23919505536119,4.218387430809819,159.32047836201693,0.7119899513105492,0.7529234783515034,15.777358957605005,32.00430668903802
0.2674102446142121,0.07635494806003917,13.504739304498553,0.010338897115674048,0.009966047158134251,494.8776745256305,16129.483265399354,5.583207544590704,20.7714087803327,0.37604292650767684,0.3754045615722458,0.40245199799406306,2.040557401554916,0.6186254703687615,0.6732817581841217,0.5907794758009847,1.0586375730505597,0.8704674439572994,0.0006297856519135356,0.006312560764681923,0.00019508377977459933,0.06963296396106425,0.028616168175994126,0.8002341986813679,5.654291643351077e-05,0.9522632123451202,8.219436714119494,4.199600176051984,158.07481254698533,0.7114389168984753,0.7506519590217953,15.7203976958312,31.769024802415963
0.26451679970325065,0.07592584569242315,13.537221937411767,0.01028967282068595,0.009963367110831236,494.70618119810104,16170.080583557863,5.5716932007020485,20.73674366623994,0.37877674417930657,0.3709218508964866,0.404585389330829,2.03395423677978,0.6183170389054263,0.6759743678438559,0.5891092085526528,1.059737346317982,0.8641344299305425,0.0006313505464695613,0.006315038036982258,0.0001935981141669744,0.0693682021369294,0.028638393193979674,0.7949376060599588,7.454998731147119e-05,0.9555145843933993,8.262998610375542,4.245981559166773,158.322890783377,0.7165896921233161,0.7443715850045836,15.560838787273225,31.587947346846246
0.2653533197847459,0.07532094134322258,13.403287391868345,0.010390343783868716,0.009916059996347006,494.47595234097565,16052.10910457885,5.578114023870809,20.478644766196982,0.3736407626267852,0.3728416040395894,0.40531217343038695,2.0456923560756075,0.6122345745046072,0.676550708399251,0.590692923690182,1.0690835419851614,0.8614542785183038,0.0006293478627944173,0.006285321296621976,0.00019245255702027172,0.06843400491573023,0.028748043671748533,0.7921128371950967,0.00012537496867554232,0.9666761348414828,8.223069137564256,4.242131474215683,159.2686656084295,0.7175875359794835,0.7445391534038259,15.58802536554382,31.61506290866805
0.2653870959108138,0.07550085742376056,13.379376364361164,0.010455045588415115,0.009812087658734332,490.8176813978029,15972.975607832981,5.5580159498303425,20.455230549775102,0.3774044409495785,0.3665631406636937,0.40684131295757064,2.0373767275823593,0.6155544543375411,0.6827290737148183,0.594201715518392,1.0689494284692684,0.8605927128107804,0.0006306637414473926,0.006247622216218122,0.00019211872304459346,0.06791691162292254,0.028918290275874208,0.7894278293421535,0.00010658913392842681,0.9680242131360095,8.305069428963554,4.23622679812177,158.7284729372153,0.7112973651319077,0.7437381669238816,15.629136696121822,31.475976347117033
0.26678901492871526,0.07567500818747962,13.31489006957909,0.010466887126982908,0.009779777369940667,489.5196518408032,16038.93299092007,5.576553215024028,20.66932087222247,0.3792465134631312,0.3635776681648805,0.4061269751582764,2.042268326268935,0.6195576497347919,0.6832357347523839,0.5947060520245361,1.0680714859780913,0.8585752933410244,0.0006328209816956681,0.006250965014631325,0.00019064507015586162,0.06795710890828724,0.028871516892490498,0.7916041558657181,6.301290987995443e-05,0.9712641667120877,8.300444994710361,4.257038983956089,159.20062766454382,0.7104087136608166,0.7447448394112126,15.615329435284941,31.71044170461941
0.2672121334843042,0.07531248199360044,13.39037593400635,0.010387768154833724,0.00973099575425598,487.33329354417657,16063.722465868734,5.590778643139537,20.751521601853373,0.3807312635877662,0.36379696023983743,0.4040490307442013,2.045892376808156,0.6234916158855216,0.6833601214150841,0.5993499959766884,1.0563672213728743,0.8508457470457351,0.0006275099296972418,0.006261349704190422,0.0001905803190407102,0.06790443462046226,0.028980050261822113,0.7885148002099269,4.9593056697342104e-05,0.9638369326380353,8.228011529166032,4.248709281576519,158.3169833432756,0.7033534847037501,0.7398273788832705,15.573774634144783,31.624506872623726
0.26978306952746994,0.07550631312593875,13.432463562168016,0.010441066669662834,0.009780508131132253,489.0135784939236,16057.314102009339,5.587670468346613,20.848446396869594,0.3825607365277742,0.36866001359598244,0.4034172889192233,2.0408575759255356,0.6205239873633921,0.6889898772533019,0.5980266513776908,1.0496657066207673,0.8552143828240865,0.0006303081497385515,0.006289166446807367,0.00019126581675014484,0.06786872030011099,0.028835048361657855,0.792800278666797,2.8330329021202846e-05,0.9702570986833122,8.242345409181613,4.27764887067709,157.81517640919517,0.6975838989474366,0.7359553045553078,15.641175538635087,31.50045463580103
0.27008582355437505,0.07516747428406097,13.433543036744153,0.010485809350677068,0.009789954657139497,490.14159020107354,15932.124690325012,5.601805066396294,20.834134159233994,0.37848078654553124,0.3682911306623521,0.4029461315309733,2.0492704020516355,0.6228599429554199,0.6916358743161966,0.5971764981686764,1.0460990345918326,0.8582743082731557,0.0006278767745676195,0.0062657700308307385,0.00018986843165112987,0.06766042830696581,0.028681077241588193,0.7934724835996864,2.264829614099322e-06,0.9681500694738346,8.193318665572464,4.258120148395354,156.02873868833373,0.6939428099667044,0.7271521007185652,15.61501717119857,31.62251940102197
0.2711845379166879,0.07483037490233091,13.447522604842122,0.010493473336404494,0.00975108525186551,490.5046687526493,16053.542876894564,5.620020310666443,20.91942606038772,0.3751237084101256,0.3683975281324429,0.4002109761204127,2.0466443819212135,0.6260472435208,0.6948871564765577,0.5991680526835597,1.040454939014703,0.8518251572041318,0.0006280093965720316,0.0063064088053573185,0.00018987070105187055,0.06743303008318777,0.028737566883113578,0.7942177572002608,9.365425401337981e-05,0.9626318901500197,8.162975696915298,4.259112959543478,156.34769782631545,0.6922750882061999,0.7291745664689104,15.63329480767099,31.629700731019913
0.2696525094687123,0.07575405822598245,13.484993457697216,0.010460807402754983,0.009685898409891503,491.08770876435824,16096.921796725685,5.675181577395781,21.062331382232692,0.3759345885577283,0.3716241612786197,0.39972747045466955,2.0376392243825383,0.6271285028899725,0.6994496925748799,0.6022347403021286,1.0407411906449378,0.8519747666710556,0.0006268810366770938,0.006293212827155596,0.0001912379039967344,0.0674691691519619,0.028755106879684234,0.786938286780565,0.00016222569484813552,0.9610495446377807,8.104121283629018,4.261556007948017,156.388589771387,0.6947682135847902,0.7341159253199973,15.736182842315324,31.65414775293693
0.26867347070802006,0.07560162906498932,13.476584852546951,0.010482099020703201,0.009676554295470582,489.7041361601578,16115.820980858372,5.67618995417823,21.072431405966856,0.3746361271149472,0.3717886240812913,0.4008208957980965,2.0265328986970177,0.6292780750958108,0.697169714697579,0.6065602080687041,1.0469881375704664,0.8569717013067532,0.0006327992228025625,0.006338794121040443,0.0001910528028012123,0.06738582645336373,0.02870307930322977,0.7870965994063701,2.0281179842171596e-05,0.9646107225883336,8.057635797144224,4.270025083113575,154.46012375811884,0.694729870828777,0.7352746813391527,15.720528036109759,31.6580951019487
0.26868360702170285,0.07568635294554238,13.565777055629834,0.01052240722962137,0.009603624765997508,490.05562626780824,16114.982625533037,5.692959868386365,21.05702479582546,0.3728840697389971,0.37140252140340213,0.39981786496472743,2.005322975985386,0.6279528914641985,0.7011649045554096,0.6097608450121232,1.0481962651647392,0.8595648242769718,0.0006316708731589693,0.006345600636752504,0.00019089066892552224,0.06713060009579917,0.028373426109260413,0.7893987701603725,0.00015230046020065112,0.966101743063874,8.011979088608559,4.234565036151197,154.25934100590266,0.6928122261129835,0.7326642670100496,15.677797564995203,31.54414694443783
0.2686840390258594,0.07630925453156615,13.598463643108376,0.010451023593856733,0.009664001146678047,490.5508648333366,16030.438584289674,5.694797967858504,20.954475299399032,0.37119663062115066,0.3744597263446262,0.39767270505894514,2.0184698840616138,0.6277385084218361,0.6963187233854407,0.603835953768671,1.0413720124016173,0.865248061337026,0.0006353766337912012,0.006335027457060015,0.00019088654255363903,0.0672239159485964,0.028123155755725902,0.7945780689938146,8.229911721320954e-05,0.9701069465589797,8.010837072820303,4.228559097711527,154.2943572444983,0.6922166141894033,0.7276736576325669,15.64013952504277,31.414334576706434
0.26769231901457635,0.07635885361555499,13.56423904516549,0.010448837217806517,0.009813944886019726,489.16118117577446,16161.1083258152,5.714719306763674,21.01556295241229,0.3726997269416413,0.37631995917766137,0.39971514471245817,2.0213416041817975,0.627576888259358,0.6972710920516575,0.6077059299843144,1.0422539645160525,0.8555421074207864,0.0006368207525576619,0.006363238265763438,0.00019044087646652978,0.06722713272809139,0.027824800667997168,0.7937992656325795,6.079838730760265e-05,0.9743969440276066,8.073030515643403,4.205581421310952,154.57754181416342,0.6964780229477484,0.7290906193579679,15.703649567049837,31.47051104764339
0.2666687345284147,0.07603094734161786,13.572185718891504,0.01045803919546932,0.009866998183467838,490.3930334893592,16254.938163105091,5.641088974743569,20.92114725037273,0.3736336437932226,0.3750959555881082,0.3993954901374388,2.004771208503891,0.629112573148379,0.6991880069742036,0.6063740433130295,1.040974661142499,0.8598940951108249,0.000639237702307524,0.006390376355992791,0.00019001989140584222,0.06742944166947261,0.027812739876499865,0.7890049432201617,6.072864926259187e-06,0.9714044795844298,8.06183908289482,4.193405276631833,153.99332457624817,0.6968035046828267,0.7267734523836642,15.742383803536544,31.537242582348462
0.2634855605142834,0.07554514433405082,13.500508059765956,0.010413288416978942,0.009839997248147853,488.02540001663743,16350.713727827255,5.6419014390938305,20.88042427654399,0.37052767517949137,0.37743356991356847,0.3989481599652462,2.0001820541752995,0.6310874227622718,0.6998865812156836,0.6096667821139561,1.0447534709366983,0.84692713188628,0.0006358155113772873,0.006326004944344041,0.00018980686198599418,0.06707005257956761,0.02738564533394741,0.7904405439636277,2.8354944499848022e-05,0.9793715941202098,8.091144194696431,4.230500344447049,154.89942841916888,0.6961696990230106,0.7281826664094202,15.756888308745678,31.625008519248112
0.2641130962282832,0.07536350829994631,13.51705667376543,0.010381767939917711,0.009851687019872754,491.2553178305822,16299.104146468728,5.616093537481609,20.861217713434133,0.36797477378449833,0.3783618096011389,0.3979445569698957,1.996070118565791,0.6330366756012119,0.706907055459657,0.608766906601877,1.0390808378588563,0.8397867886787092,0.0006386379907530363,0.006334393978000127,0.00019105446065396044,0.06690147362514777,0.027173071273674285,0.7823793103292344,0.00011800508654800038,0.9757922050511553,8.12020052207905,4.264642154276877,155.1648487819611,0.6968895117868116,0.7296057441325907,15.870812654424148,31.8678907573939
0.2638965541639494,0.0756609061473121,13.639388244399298,0.010449920325642808,0.00992316708635772,490.45252618123413,16194.099336601037,5.6260640501688375,20.95121826959967,0.3678256956913964,0.3785930771176462,0.39729832099194057,1.9977140488782221,0.6333086005960568,0.7081389273697031,0.6035686090605664,1.0329663837177134,0.8404969627963507,0.0006403319288969997,0.006324196192530939,0.00019199458490315804,0.06654771305337441,0.027275903870822085,0.7764917274579972,9.382935230384088e-06,0.9760766262846159,8.130133327121873,4.288904757700567,154.20565724758296,0.6949356061606113,0.7308947709325315,15.779779918473988,31.806523124791443
0.2626074646441794,0.07559073718713913,13.549252082691295,0.010505629322336143,0.009944257571090992,493.35131011391707,16118.361698422856,5.570743192098093,20.890456413577013,0.3677853108310761,0.3786267858211956,0.39408210303996544,2.0070678720077453,0.6343034501782927,0.708047687387416,0.6037246655927492,1.0336083943803003,0.8433050269297153,0.000640356131834834,0.006329467204010091,0.00019373287898940398,0.0661753185283429,0.027183831138728614,0.7757659474257143,0.00012174776929034033,0.9785558507955393,8.116518678386319,4.281719125218975,153.88103686094271,0.6954368556421716,0.731959545711916,15.847497925401434,31.752812596723242
0.2628553102935654,0.07548273599105414,13.579491125494396,0.010497701654160693,0.009834546693608674,497.5308675482861,16210.868999448994,5.591110924736767,20.99123307170972,0.3685354986399182,0.3784430028852262,0.3940499988124569,2.016134316968784,0.6298852950469003,0.7114975026474716,0.6034075609116227,1.0342163462132266,0.8458636248978761,0.0006409494594298922,0.006302383260489781,0.00019400457315773631,0.06624840337461362,0.02705282405076838,0.7758076616336119,0.0002749536453527915,0.974090490645725,8.054037561302504,4.291689709042911,153.6230156285925,0.7012985616577786,0.7325156682693157,15.837772285904972,31.632035719182102
0.26108420064053256,0.07458405494656103,13.56605793181653,0.01052610926421321,0.009887449491293672,498.616771812126,16194.36224512644,5.615157432918288,20.898923599939202,0.3663349012392732,0.3780047883600459,0.39312778728118175,2.0245339859921563,0.6296170672105688,0.7149665886728419,0.5990318735956588,1.0277204936765387,0.849168425233434,0.0006406728742551803,0.006315464505217424,0.00019364675757449094,0.06622924994122059,0.026946852241159464,0.7751119732620482,0.00018462021358437044,0.9691454375468497,8.040614463825174,4.267708710999861,152.4789116840855,0.6991776645589582,0.7320269211647032,15.895320174769939,31.496323662070242
0.26237356215332674,0.07404908671002351,13.568972165829827,0.010514309137749412,0.009923665330188233,499.3802322720492,16058.311443914616,5.590625493648942,21.00532971720539,0.3666794597885345,0.374406735380206,0.3920418534007767,2.026862214783103,0.6298111680311259,0.7151992933682142,0.5966678468368422,1.032777118943372,0.8455933632501127,0.0006387881644612723,0.006290175402535274,0.00019390296275447892,0.06577331819707727,0.026830322728256972,0.7750139480686196,6.220972658144017e-05,0.9716105173282025,7.966648524507588,4.281201256535731,152.13550426969584,0.7006234406916064,0.7308731702060287,15.84249763182324,31.253566091091358
0.26315072359852304,0.07399040446143021,13.584166273586842,0.010449429865037512,0.010006832975622167,500.4504146822207,16063.325616294624,5.546146865695714,21.23904097581037,0.36695325189513966,0.37623382797143873,0.39001063798157243,2.024196213219792,0.6293070220013914,0.724964073714483,0.6003211419265102,1.027069810055512,0.850712219465821,0.0006352940984739108,0.006335247294649787,0.00019356987116116048,0.06593322768926367,0.026738337700649838,0.7810958365448887,3.152005110595991e-05,0.9726925768842142,7.923688104786418,4.316902241624214,149.45428248843956,0.6965216417517944,0.7233143678517722,15.868492890603447,31.46919978642612
0.2606270386921709,0.0742136321946167,13.6242150084085,0.010428910221974492,0.010007384159760052,503.30454810449305,15846.284786722093,5.545063796314585,21.330696360231258,0.36885592021976504,0.37969053209522824,0.3875698671042791,2.008890339197916,0.6293696926008748,0.7286713643740189,0.5961599901989764,1.0210768715161835,0.853077550286426,0.0006374797133820394,0.006318257355530321,0.0001935806263591976,0.06558872540884698,0.026881429409872554,0.7672542141760476,0.000151508957129584,0.9672416635369235,7.926582490719949,4.278301034304619,148.17560036933864,0.6943009672040051,0.72316246165305,15.914808912477316,31.694552986660206
0.258895351199286,0.07444857808855504,13.54229385498111,0.010502213605270934,0.010043351171840059,505.13888962837945,15878.486211330415,5.4944628748190985,21.399699111351747,0.36958792302484317,0.3793190648650296,0.38808445237866246,1.9975935969600738,0.6276097254286856,0.7306236610719486,0.6001769292490405,1.0159662563434864,0.8475589903576424,0.0006369345662590036,0.006377018851707826,0.00019491079479654527,0.06525735548453183,0.02696887435401296,0.7627247599780924,0.00019271217273000125,0.9696489194169678,7.969529675595121,4.2719109266343835,148.3721480093682,0.6926901408312243,0.7227760687094003,15.89088051412296,31.703796205731077
0.25705420261372425,0.07464796028697751,13.615274116175131,0.010533766260764426,0.010104046103805874,503.33278667764637,16005.55259088677,5.46884008976869,21.2573565283389,0.3689174107555248,0.3811267594997142,0.386646875710913,2.0080283694522465,0.6272464561227205,0.7348464994081355,0.599807687907325,1.0176152033769457,0.8407391457529524,0.000637023213739785,0.006358487788492072,0.00019350793408849177,0.06474159562549832,0.02672124265833284,0.75982391404431,0.0002566386801948351,0.9720759178145398,7.973614899532711,4.293676047888916,148.831834488111,0.6960276504687803,0.7215552725476203,15.862384778594949,31.248021165209856
0.2582325618107978,0.07503317209388921,13.632897709354838,0.010542741481506489,0.010121217430604951,503.2813610671753,16090.170075424003,5.4477732242319945,21.285455431109625,0.36874111010705485,0.3804945693553775,0.3878902339676233,2.026186806195336,0.6328107578403638,0.7377044191029698,0.5976683229426155,1.0214776670835373,0.8434596411235732,0.0006350347621124317,0.006305942528822524,0.0001927575004771301,0.06466849198290295,0.026453686745356485,0.7578100566121586,0.00012959542613718547,0.9753096369126784,7.977283608476689,4.262243499712568,148.03715514899633,0.6952356453755933,0.7269252079657483,15.885791618549284,31.207149545486494
0.2577351886057009,0.07444461930690452,13.699246375330167,0.010539675879923377,0.010114395362012744,507.4926908209411,16121.60244676836,5.450122783127045,21.161863399435173,0.36828078026775907,0.38130940442017075,0.38460241828499336,2.025908320115723,0.6355678625918618,0.7384236357887797,0.5977695563919894,1.01515052214124,0.8394315309975203,0.0006308729996196652,0.006341420582409859,0.00019316215858698011,0.06416317589771217,0.026390497000079977,0.7577067514733569,0.00013818412613185,0.9785163980658461,7.958324423351884,4.250858732706507,147.66314326085086,0.6975960013281233,0.7229113728097083,15.888167489856897,30.85641406477039
0.261252609941692,0.07429150972060525,13.627436036871279,0.010590965858955045,0.01008821936150399,507.66665566843136,16086.572564119864,5.425481746004321,21.22940494111265,0.3699004843614257,0.3830768852018254,0.38133303075738456,2.020988141420888,0.6360662042425275,0.7366210920422834,0.5944854952375452,1.0117460368040223,0.8330343253125668,0.0006281888581505794,0.006357099019939568,0.0001937515099936278,0.06432287553458413,0.026482112363416792,0.7520471077300409,0.00017700716854618316,0.9736907196223757,7.959101145248771,4.294697890530139,147.74726876350636,0.6995009554465632,0.7181362646074325,15.975597369182495,30.83447650246057
0.26042448705744,0.07388228168161706,13.693140296372963,0.01058803051713032,0.010109410696622143,512.9133552756804,16092.717075737804,5.4502471065311076,21.08326326971915,0.36851529785390735,0.38035130454128036,0.37993614175369683,2.0069422667485837,0.6337730608975072,0.7406360993518387,0.5928426412952253,1.0125762965462373,0.8309235263909166,0.0006257437083795445,0.006379959364216043,0.00019233832690415044,0.06396830249311881,0.026350135353712,0.7552542567762336,0.00018392375089533813,0.9666518250065143,7.959859826123343,4.2951995661745395,147.3646957408976,0.7051240563134603,0.7204984357035014,16.041342517014204,30.617065938730086
0.25854060767534853,0.07377122532148515,13.679655883625655,0.01060496897854597,0.01018021362384513,518.5008901529635,16081.217889595673,5.443721806109357,21.15213911433803,0.368547059272574,0.3769732209228229,0.3805865954631655,2.007857093109185,0.6329779707424013,0.7404570837822169,0.5914679300156028,1.0137177047503536,0.830677901784679,0.0006263970134668645,0.006413259198061281,0.00019124895413079752,0.0638152999338965,0.026221868264525185,0.7553688380716951,2.8126397980889246e-05,0.9657267601039211,7.983107175131003,4.296675984075334,147.25316737669272,0.7024259377233456,0.7266511561092699,16.112829892920505,30.88757118831153
0.2592787204636305,0.07425453692584352,13.587555658519278,0.010683525716704693,0.010105890827440926,518.6478789825155,16018.14998742561,5.45346915278098,21.38414454582508,0.3677428973603895,0.3752727169056867,0.3819755801784937,1.9942334931726011,0.6371027889398131,0.7427732970173894,0.5870440883469242,1.0095806199484167,0.8328726456674079,0.0006273858075500935,0.0063674828401023235,0.00019080263192512495,0.06381769155401613,0.026175268969857803,0.7567125241986346,7.785075064689563e-05,0.971045695680221,8.00810588514514,4.289972704303284,146.69854915223374,0.7008762139785764,0.7247733499235826,16.074508976094183,30.85679655304949
0.26229318552325054,0.07501943205763317,13.626101138989624,0.010762906526423735,0.010163025959335315,519.8574736785391,16052.741578924104,5.417650965959085,21.214154397727246,0.36765784123569384,0.37304047535807444,0.38315183998840086,2.001015352698935,0.6382470875333907,0.7500325270484125,0.583094910746511,1.0126409020368232,0.8216610620837778,0.0006287348589254358,0.006400013921884521,0.00019089877250025541,0.06440955675888206,0.02587461633343641,0.7578255011028234,0.00038696281936984836,0.9700234524149538,8.01335065773785,4.291066126979562,146.67432350293276,0.7045215888320308,0.7206627174169263,16.108812194268626,31.1308725904234
0.2626143908372542,0.07526331576818233,13.561365359074077,0.01077548459089297,0.010129964200827625,524.9786390407489,15984.161069498476,5.409803966738341,21.38347339955227,0.3687437116831451,0.37380370947657054,0.3829220192408267,2.0044473659974185,0.637619360924814,0.7526846994295429,0.5787070958440663,1.0077484525042801,0.8236335263216723,0.000628516126951406,0.0063929956399204286,0.00019175397024686329,0.06459911557486732,0.02580796399548918,0.7513032682614084,0.00016547854445190494,0.9728299684183833,8.05051338653962,4.2824796253904065,146.93127386421256,0.7098723118018272,0.7249501686248145,16.188789868853753,31.002479978467633
0.26282682739701774,0.07492897720093844,13.503981395846004,0.010860424307438244,0.010162774424774252,527.56064952607,15908.94173104564,5.367858234332454,21.446486764041587,0.3692551048238603,0.37586943628417446,0.3838895852142754,2.0200613756779995,0.6349589858342493,0.7533145612523389,0.579206747205652,1.0068902221574882,0.8276788911287621,0.0006272247196645379,0.006371276299347134,0.0001914135867289687,0.06450524337820977,0.025707963909272775,0.7512380282685271,0.0002469521582735308,0.9763006576710993,8.02919089595962,4.298111581300196,147.63785450866246,0.7116013367220794,0.7286888027383818,16.240219708961416,30.95216158590936
0.2637654695905631,0.07456259403191728,13.505726730476871,0.010817588087326137,0.010159130077835223,529.8482952571314,15815.356986619523,5.362476950435669,21.45501980642223,0.3708713125881498,0.3758710714415114,0.3831276102845314,2.018433595844993,0.6332340490224116,0.7500399359611516,0.5745464256231246,1.0178476850847216,0.8281115484682331,0.0006241754396752416,0.006357698472056291,0.00019071001282049783,0.06496840372114232,0.025715423956479723,0.7543846620622864,7.198619451353311e-05,0.9722855324428735,7.95324804845688,4.293750138133935,148.4932923467865,0.7096622254286503,0.72924345164194,16.2327291388237,30.808939077424206
0.2630515574205267,0.07458705481768545,13.490552852888781,0.010791447184631318,0.010130302251973812,533.5353598336935,15841.601071390778,5.339625577910935,21.514077678062055,0.37240029143197423,0.37687634841154544,0.38579314407584653,2.0213686508195536,0.6350725772603452,0.7490056370178971,0.571366878782834,1.0132461579207275,0.8399340074874395,0.0006252404305108445,0.00632020886663688,0.0001909616122323822,0.06503475797950009,0.02576464060792104,0.7547418747346106,0.0001410282201640852,0.971070631160138,7.950301443212658,4.264627957403342,147.54580847865705,0.7101479146121866,0.7258529940440913,16.2126841118497,30.682987283914787
0.2628649476012868,0.0745551439799982,13.581429688115346,0.01069694641124135,0.010070356955611329,531.1419178173837,15857.135870611619,5.3384589409146495,21.589819079754296,0.3628224244013711,0.37525371050045325,0.38081084510734226,2.0286176990697475,0.6349552005517907,0.7473285499891817,0.569451066872403,1.015478640940857,0.8371147843364578,0.0006191507853764458,0.006296641579345094,0.00019282705002994537,0.06489825639228054,0.02566392962920014,0.7585002157914992,0.00014068563016404964,0.9730708802634057,7.917753234545554,4.273975608125172,147.04664125959755,0.7092339314923187,0.7319543135158252,16.14582158473434,30.632791273749252
0.26399071510404976,0.0749317765515637,13.583885309756306,0.010759045657037006,0.010070857525100866,532.180956941886,15823.13614068324,5.345313879170933,21.47682607541973,0.36256956984532684,0.3772887096305145,0.37881128286684645,2.047459558935446,0.6363706872873042,0.7487582011196113,0.5698457626899779,1.0195091380915235,0.835011499579728,0.0006141033928851227,0.006232848957444577,0.00019144665195201273,0.0646950194755165,0.025539587681047644,0.7599477381167355,0.00013957926810230116,0.9688951095417884,7.93784925977028,4.308125949743255,148.4571025164649,0.7090455722760969,0.7318061033936653,16.14527878610104,30.705872259453887
0.2631779567576521,0.07443541774133644,13.657935457574656,0.010812772762143246,0.009979432165918999,538.0671036091968,15826.292999625959,5.34410064307294,21.56088130081245,0.359433042987601,0.3790147493498109,0.37801858532643523,2.0225190152597743,0.637089594297089,0.7446875249416485,0.571896242133354,1.025278193868248,0.8346722152008537,0.0006125020966297938,0.00625280950839019,0.00019259275091278348,0.06453992974936165,0.025625915618080194,0.7565922454824553,2.3609109655378674e-05,0.9706976180317858,7.887449429873696,4.305471501933774,149.38738723371085,0.7126663309513236,0.7325274518142084,16.258896726234052,30.586172970861426
0.2631724086506698,0.07397204096093758,13.601379102786115,0.01075118070323,0.009980006936802267,538.618111646547,15788.85802570624,5.34195888742472,21.415945882790798,0.3593730812105698,0.3752717040572521,0.3756430959900214,2.031747406645252,0.6346739789210616,0.7484363677903265,0.5697222285414218,1.032138976559347,0.8276781739636911,0.0006107071940460328,0.00623110358712298,0.00019179179976649177,0.06406303625763833,0.025799410200881934,0.7571228001038457,0.00023647103585211425,0.9687440837960871,7.825450799473907,4.300695372922125,147.13032231239927,0.7074446532614622,0.7358601525872663,16.238022775985197,30.514914505594
0.26311303942408776,0.07421390549121894,13.623623472600558,0.010703010212281396,0.009958604263700495,542.7029023251305,15808.660818270106,5.314731068624595,21.22299096237302,0.35611307488337357,0.3787100497755168,0.3773862362893366,2.0414321319193456,0.6297015854786402,0.747982242057255,0.5705192977948619,1.0222086305576474,0.8332821812920124,0.0006100459910377739,0.006233417913603223,0.00019274068690296357,0.064573780322594,0.02573263592692096,0.7526418432293047,6.367920451727003e-05,0.9765346336014262,7.7663841311070625,4.290226428403824,148.56940719407837,0.7097626298074357,0.7363257614938923,16.271367398959736,30.653047736817847
0.2633497722811513,0.07387443803881064,13.59852600706857,0.010691643447000588,0.009946337617692006,538.4809042974533,15841.57540674146,5.329600265768414,21.26919217891027,0.35616666568257743,0.3787409746471281,0.377146376483623,2.04532624557805,0.6341647816098953,0.750842315057768,0.5719793622692102,1.0172253813597287,0.8328877654355297,0.000614323802532593,0.0062171340423407585,0.00019377425419804523,0.0648948103386775,0.02595012020605308,0.75121789922527,3.7816327110602296e-05,0.9660441168312938,7.78379956523006,4.316042041922942,148.20370544140084,0.7123082569648126,0.7344276888611366,16.214704212416283,30.495214160045617
0.2637595717052324,0.07365427810895579,13.59278854347529,0.010597471682912432,0.009922436878020103,538.7514701096119,15733.703495019601,5.259588517349917,21.328048774131148,0.35454536248095697,0.3802035964866017,0.37523213080221846,2.0220149607405373,0.6315982764331095,0.7504307032641194,0.5763792664588248,1.015296593500351,0.8390613949321679,0.0006084303131163762,0.00623712625704854,0.00019240690778268968,0.06511983139367392,0.026151667018763026,0.7590657315760815,1.3267960971511127e-05,0.9691506406237017,7.7039937858395975,4.312386372548115,148.24107189463564,0.7112401954584162,0.7320073477760881,16.186464690260223,30.819975264498776
0.2648696516587713,0.07321032506702647,13.617393578248892,0.010616196639981276,0.010005777829156468,541.3865408821176,15668.265844644186,5.276693430304658,21.427752338243945,0.3575248066388124,0.38254039927502603,0.3779335748926392,2.01496809491458,0.6268215863799776,0.7457951181847808,0.5682374002563593,1.0068988332314943,0.8389838162871726,0.0006114476535721028,0.006247397598081969,0.00019143406786096534,0.06516485427195755,0.026031175416016735,0.7585711295963538,1.0729244962432915e-05,0.9686300410385235,7.67720024109464,4.328794329274846,147.98659784488132,0.7156030680289988,0.7336461561860262,16.28416037961947,30.875302691628576
0.26648455996432097,0.07285235332638411,13.613492367686469,0.0106048983215363,0.010006007144019072,543.7663458495612,15634.951870426257,5.288178910730473,21.439585794003523,0.3586706469030274,0.37864544983611936,0.3804009556719703,2.0026171385880858,0.6288631757208422,0.7468312501910365,0.573387832724276,1.0116357839754486,0.8481801597833376,0.000615538933862809,0.00620426244808981,0.00019196331052240075,0.06554149812261531,0.0257436022180758,0.7532509750022369,5.527439527085286e-05,0.9688198470362497,7.655192109752205,4.3559671095634105,146.87247687904528,0.7218428425950789,0.7357963329575525,16.246430857918742,31.0177732848873
0.26837008500475273,0.07353889541919073,13.563673898711434,0.010606457579051735,0.010028375336139442,544.8244997779376,15580.066620866419,5.279371917379888,21.37916050292982,0.35919786266052267,0.3808181640714476,0.3801811057782732,1.9973749967292063,0.6290292519887732,0.7508180521281123,0.5756635650429995,1.0211845779670048,0.8510319455891416,0.0006174026427835068,0.00622773475876064,0.0001924992963360009,0.06521069487882243,0.025436804798200187,0.7547120691424211,0.00022465568407058542,0.961705715323801,7.659882454749099,4.3126737210324135,147.2071852809247,0.7204134675346813,0.7403645969889192,16.37063135936317,31.082050207237618
0.26759022540199817,0.07375200711512532,13.687611019166251,0.010630356674991044,0.010070407299591811,549.7101000195291,15635.051097403719,5.293787054471743,21.546264232479523,0.3597315929694694,0.3828455403013275,0.37936257803922413,1.9883735816829928,0.6250315412912659,0.751735950375469,0.5795388209153675,1.021535578733071,0.8442685708669596,0.0006140278427949562,0.0062092760212279765,0.00019134278271192202,0.06498898475749175,0.025393411794482384,0.7500163666122711,0.00020238231338138868,0.9603843371237829,7.637156779142871,4.32988487106638,147.51299399950213,0.7232176752746594,0.738105054029651,16.392211166580104,31.173791673374794
0.26921398381298345,0.07374018356509703,13.602230387061432,0.010621300648077809,0.01000871174942297,551.4481154044053,15494.419108930942,5.273898305935961,21.76795654019838,0.3589670487845863,0.38429386598288934,0.3796604108758341,2.0017433471624,0.6245891987078345,0.7532696518837552,0.5785005470419671,1.0187087492186078,0.8484238107578527,0.0006150737586851099,0.006196366342360077,0.0001907248432239057,0.06512407873835706,0.02500424498549712,0.7562679321902187,0.00027001604422422615,0.9601664964920109,7.6670524374357605,4.353631570714323,147.26705953389776,0.7233624439569627,0.7404522015979409,16.397176950691357,31.254858349245715
0.27071812258950134,0.0737864907391855,13.592599017982733,0.010676815215480662,0.010083968896867647,554.8557344730577,15505.097155021065,5.269692382296447,21.814394960998673,0.3570120277863074,0.3833300585929043,0.38090570130637397,1.9944122284093164,0.6228227490368468,0.7529775298098436,0.5778334047741319,1.0227065014152794,0.8509465500473146,0.0006113780984419101,0.006224851847375271,0.00019040244739287345,0.06544622339430026,0.02493510920874031,0.7585324302170857,2.02811769240025e-05,0.9657144349906366,7.644077360104237,4.362384044734,145.76480109942128,0.7182570345677428,0.7328418899090076,16.45441583284935,31.30319544777227
0.2706227464061293,0.0738659495674649,13.508301777734939,0.01067623030022712,0.010090841450809804,557.4297198782251,15505.073291846424,5.273768955917032,21.847351937457532,0.3534712571408954,0.38538596946848025,0.38236151108520783,1.981310704296264,0.6249601816460063,0.7602685670450264,0.5777777880475854,1.0328862937548833,0.8488095556394278,0.0006132612864130204,0.006252723926267067,0.00019056516442687315,0.06532268641513041,0.025073122962605287,0.7647890560073766,2.456184221634324e-07,0.9624789049953745,7.635997268309536,4.333945036341986,145.91439306990148,0.7169617292918303,0.732526283503474,16.509359325917607,31.51321946803849
0.2703309476050179,0.07324944446437907,13.51275227574235,0.010716916018465143,0.010081085607432334,556.9790121405316,15618.947122604815,5.285850788624883,21.919134570705754,0.3523565039348926,0.38382151810647885,0.3796872031088281,1.990307299427243,0.6252282350882034,0.7629067886716118,0.5698295370704378,1.0302038325512883,0.8478167540483691,0.0006205133730252462,0.006278111975993935,0.0001919602558765558,0.06549197062485786,0.024944136567896444,0.7623017969115594,5.79975883025214e-05,0.9632414443664251,7.622470410318651,4.322636862364149,143.74516390053267,0.7204270218917946,0.7301811482616568,16.39291166697482,31.37659754121799
0.2723259189166509,0.07246185452751248,13.498296301318167,0.010685875541063787,0.00996278357574619,556.2874541039783,15577.212180358123,5.255392271893565,21.945319819504746,0.3517856234982563,0.3824287203716064,0.37963517524157675,2.0018205446153483,0.6272449472607055,0.7626952093290386,0.5702214172904891,1.027909992969026,0.8557387007186411,0.0006192157161958213,0.006259065804595417,0.00019104462043102824,0.0652388620636416,0.025142773061254377,0.759791445915747,1.8203241826463099e-06,0.9666774940653627,7.587920274575184,4.329980997580383,144.57445712919503,0.7203127319475877,0.7325773257892075,16.522873950475613,31.4056550191172
0.27341606459731127,0.0722034925985419,13.49960275567098,0.010705429568793182,0.00994135843413665,556.5949688592241,15638.136059258195,5.240494678974784,21.75633657213233,0.34933876258849844,0.3806007732932079,0.3791699770352571,1.9975077101003351,0.6281282610449325,0.7648499209486046,0.5687869088136688,1.0322052439241585,0.8533782345065708,0.0006193140075893836,0.006252134573677916,0.00019213273417113312,0.06547913286417766,0.0252849381590825,0.7557547526512172,7.465854650130724e-05,0.9638276004855061,7.577135760820866,4.352349959114522,145.85826899898888,0.7247265835018223,0.7326236898834501,16.502819909306908,31.67974135112116
0.27285672639550546,0.07223550291349967,13.546811453480503,0.01072847015449376,0.009963027387166331,554.7311952487139,15622.970898268522,5.214793375249375,21.789207911136938,0.34853630738319497,0.3816872068077975,0.38267880334101123,1.9905217755239533,0.6296025828045614,0.7632675697187374,0.5690306275233393,1.0245217399814093,0.8564794214414587,0.0006193111985693645,0.006203028298885514,0.00019249697950691306,0.06587754882963752,0.02520993212708858,0.7499351239938095,1.4996064138826943e-05,0.9521709564427869,7.561346492467876,4.350970786555472,146.31609611619825,0.7253699358010435,0.7311357373931779,16.595916392241282,31.852380874116463
0.2751406092795784,0.07173794335228886,13.623487746975693,0.01069761286484082,0.009956606601634011,550.1158654879598,15551.631431423295,5.243475554680992,21.85095093936116,0.349900025699759,0.37985062642421996,0.3826522161928847,1.9696179297238887,0.6315490146651115,0.7629887016433867,0.5665247254383303,1.0218375839515526,0.8565157794547628,0.0006179945786974632,0.006198385569305671,0.0001920421233867126,0.06580621322143156,0.025085012933304587,0.7498097172399378,1.4653088431880759e-05,0.9437937546353161,7.456796652337543,4.339043769049765,145.71352618931886,0.7276665322907442,0.7266674361326035,16.471946748916217,31.701695146558613
0.27306739609648284,0.07122980993932385,13.615675214718157,0.010723723268149533,0.00996935495637915,552.1793281648968,15448.931872813078,5.214134926842559,21.89269492945897,0.3493106211328741,0.38052022924855566,0.3816507903672765,1.9645315689411627,0.6263196172192972,0.7600346999934667,0.5671524015659948,1.028845861144828,0.8599025653703607,0.0006166535739533189,0.006183610796316638,0.0001928661588062459,0.06560464290460087,0.025127896198870382,0.7486369725308126,6.004909229777137e-05,0.9440519435932633,7.41660783755736,4.3522116318762345,147.2146796446198,0.7296541456648478,0.7259367287994614,16.51487042939375,31.395043296937143
0.27240624501321103,0.0719733090201769,13.749757296091373,0.01067246557816807,0.009939611647483464,553.4613806998244,15386.075079920367,5.228539386071469,21.932468848190066,0.34900335485155853,0.38149731959376193,0.38304542477619374,1.971703910325867,0.6346357889659617,0.7600836355807069,0.5695723835461586,1.0241006931027241,0.853700233122231,0.0006200209451934409,0.006168936349132146,0.00019160342164092458,0.06597463119745635,0.02513977700503538,0.7502697554880812,3.079032090310272e-05,0.9441385121625036,7.431405921337808,4.311300904754408,145.40119504329212,0.7250988014780505,0.7205059189650929,16.482750970667734,31.647150209222467
0.2705469814375288,0.07219046415424124,13.776630541552876,0.010683236834532445,0.00999723798570647,552.1544583020024,15211.51106825132,5.2654539471864865,22.041436196263845,0.35012125537564204,0.38382908085951556,0.3814023529320736,1.9771945793309258,0.6353039236134611,0.7656614365173972,0.573884598219148,1.0228927384153086,0.8483763820584881,0.0006281613311807882,0.006183762368115304,0.00019030793981384046,0.06563322284439083,0.024987818417480254,0.7573894858040173,4.340069476052349e-05,0.9465670710185385,7.458007107780585,4.307261018042775,145.8785039399758,0.7240598059139239,0.7203843749189743,16.55975786340871,31.77947582104915
0.26937913708598055,0.07157514922070933,13.691742067644814,0.010698474495477103,0.009967214736015799,550.9886684660339,15305.29329902421,5.237595300113077,21.93949450770755,0.34979807770195603,0.3844224906725198,0.381398533552344,1.9720935362933987,0.63755226440001,0.7654603623447133,0.5783597502685042,1.0244501326771231,0.8476670457379486,0.0006303267340245286,0.006204821957031314,0.00018998136852974398,0.06469825207422808,0.02486495292868539,0.7583905205608591,1.9858958214224566e-05,0.9515522547700823,7.466533044077316,4.335931803625121,145.37112932521697,0.7289550465840327,0.7167696592991082,16.522149369729682,31.558399078883323
0.2711535580259359,0.07195673311606263,13.606063011354065,0.010648121464909892,0.009959237134544177,547.858651290424,15291.099303235009,5.206198901816504,22.04928224578025,0.34886742894210393,0.3877188098728297,0.38163952514311617,1.9579195435725698,0.6423995445318508,0.7652804104855491,0.5859316458450966,1.0319140293427917,0.8427575359226281,0.0006294226956254783,0.006252695104286223,0.00018957475961478215,0.0645004511197763,0.02466987427335888,0.7562716564054999,0.00033683473294235,0.9421750007189859,7.4124213103420455,4.329961868537604,144.97638525974287,0.7244856189755565,0.7182328148992522,16.560531990345574,31.76177236202221
0.27280727721461784,0.07170189155913581,13.74987564748059,0.010613795669459147,0.009983276610960094,545.4218214920445,15234.908985964074,5.163247548197448,22.1190602182908,0.3515947379082963,0.38827685506711657,0.38035803076394203,1.9484612188427266,0.6461733744896745,0.7677567523708834,0.5847522792626171,1.033930340394164,0.8394995856896038,0.0006319805394955732,0.006256153367371474,0.00019136258140013343,0.06453563276637718,0.02471012050408571,0.7534497116829119,0.00022962204972843368,0.9430144748764259,7.384102674047033,4.289481000711712,144.91680984415285,0.7234933614937854,0.713555114047694,16.51046892202403,31.86732164317002
0.27019770615307864,0.07189360408551011,13.741339168600675,0.010608713697380777,0.009920102381422751,546.7034991041279,15227.987806611476,5.192583437544837,22.021784582639082,0.354931080672027,0.3891427964429069,0.3780829939513655,1.952304964002377,0.6449590618413623,0.7731389542242836,0.5868431051772456,1.0333950607737135,0.8402854503104994,0.0006353998530731756,0.006270967499775215,0.00019084670412049544,0.06526929372706797,0.024601446084059553,0.7521006548674268,0.00017003180528102772,0.9429307439465651,7.322001957497725,4.266243141695648,144.25236619723586,0.721868918893235,0.7171155353628221,16.530376326104033,31.82545070860363
0.2705556187237045,0.07258213419718959,13.625345490186769,0.010662686702935242,0.009968994065756055,548.2784401313432,15222.951514640592,5.197853463728505,22.049441029156693,0.35741082614250935,0.38679210967492395,0.37883592096365626,1.939286632616362,0.6455001716943818,0.7690757780713252,0.5911987953451444,1.039708494241206,0.8440217761773815,0.0006384910874608768,0.006219852230252503,0.00019164694025490848,0.06486237839886286,0.024448007021015385,0.7487250005375514,9.879592713904988e-05,0.9428197659144277,7.329177255529201,4.284778795772148,143.99278792206334,0.7164791861351241,0.7191990978892581,16.586741455601892,31.725040349624216
0.27055975674331706,0.07218932086578839,13.636578143835301,0.010585591961012648,0.009969416483762416,547.52417128928,15016.968193938572,5.178669092856086,22.031403273248287,0.3550918624551269,0.38484383388504334,0.3791326891819213,1.9402094455327235,0.6391664289737192,0.7737262100142611,0.5895183472262732,1.038925375153058,0.8475014338832347,0.0006382572491894984,0.00619106729550241,0.0001901296660288719,0.06508700563864477,0.024490392904484348,0.7475288586326005,0.00012129061827343836,0.946024080224621,7.331960013397845,4.280987989832097,143.07645132325945,0.7161210818815467,0.719252973912672,16.602178415996395,31.76627514705888
0.2697240396419297,0.07203987880055186,13.588152779896538,0.010590818373424292,0.009972501917045675,546.4154822115254,15046.131109156113,5.185834645005728,22.017053944595656,0.3535245890736894,0.3873414304475508,0.3810401530697091,1.9443915103729759,0.6387612144637875,0.7719543763957416,0.5899373946526949,1.0308886899099048,0.847940217362436,0.0006365348197512079,0.006171588340532805,0.0001892744830165203,0.06500280911215696,0.02469342080709824,0.7477462605582296,0.0001612902260691396,0.9438337177941521,7.269677516994352,4.281393354526704,146.1377505419605,0.7150290585679665,0.7184856307524874,16.73758755926047,31.92378198002406
0.2674212337849237,0.07140995494642373,13.519787888511864,0.010582424486579806,0.009965986657814856,545.8001858847368,15119.505641356072,5.163378694841028,21.93085608683943,0.35469524404824326,0.3888910687346578,0.3830052928810387,1.949716971235887,0.6371280340126312,0.7752383585137961,0.5871593984074406,1.0242905915107579,0.8440593230355152,0.0006414820498164114,0.006190367412168332,0.0001889492829316052,0.06509968905698593,0.024519633940666547,0.7476432372238312,3.20596253301282e-05,0.9447232691415197,7.297809098853376,4.268714489668447,146.3895127767393,0.7153148146848519,0.7234418987434396,16.62634228247749,32.10965785643862
0.2672999721981162,0.0713224654303149,13.440722318923452,0.010601335148885041,0.010062137824196554,544.887551321326,15220.501222956651,5.166925529906527,21.761844757861684,0.35482022947586755,0.3878113757901268,0.3811596938406456,1.958302580398977,0.6373617086000032,0.774708441166334,0.5879464376758413,1.023537069877509,0.845386735882079,0.0006390879617697363,0.006130304443430192,0.00018985837914848553,0.06546191581895514,0.02450752939799957,0.7450732172603052,0.00013796296393995687,0.9413789956658871,7.306038752015528,4.2576042783466255,146.32869498647474,0.7147401301347134,0.7285481162301012,16.6392749473464,32.22089444073997
0.2697143839331409,0.07126375503994949,13.461913630591697,0.010576303971857253,0.010078747971868852,547.3899775400824,15099.013047288305,5.219734128249167,21.578107020971117,0.3544887421941114,0.3884391269453525,0.3800021290186996,1.956641486546603,0.6398005048932026,0.7723826639827153,0.5908849939283997,1.0268811258280919,0.8440133127284338,0.0006419756924089616,0.006080934200096765,0.00019168437085339423,0.06562391434970838,0.024605468342123796,0.7397733907155601,8.718156896171436e-05,0.9353547546513764,7.3471329045584435,4.2407931403865575,146.41224420181138,0.7160731102706076,0.7302039420242911,16.836277723115415,32.5998307857567
0.26993677222635915,0.0710830274324608,13.404950730530599,0.010649622309044074,0.010125658099734525,548.5351625527063,15059.324188227738,5.22529527783865,21.53533650849101,0.35662638638327726,0.39011921799650595,0.3810112044418601,1.9685466180645832,0.641012076517534,0.7703003846528981,0.5937866844210951,1.0312370831955708,0.8421733699909013,0.0006424307078505023,0.00607311783772812,0.00019068251587267172,0.0655694677179909,0.024539945136112937,0.740699784119753,0.00013449470693952594,0.9281493153078343,7.3831852466940155,4.242831963330652,144.76266044068728,0.7127823683952983,0.7301820340583705,16.94553432457441,32.310460070516996
0.27142810810653706,0.07110945349680936,13.342493016946175,0.010678342004131374,0.010037820722213275,544.9136096741848,15058.973943107418,5.183430331289688,21.498055874861354,0.3596012467181482,0.39013633099230327,0.3837331940542026,1.9658001855366758,0.6446918755588686,0.7727873785812982,0.5935399909821816,1.0254049396594627,0.8454657360327631,0.0006442966258940948,0.006064271067973927,0.00019066744533105168,0.06533005368259896,0.024538685282043105,0.7387031477502156,0.0001690286198474275,0.9336003895020019,7.320977962647754,4.252351165626842,144.55777004470045,0.7172400825857943,0.7329142161498564,17.033426592044297,32.393874865482076
0.2718793012274225,0.0708250701483741,13.352354819160341,0.010724154338074063,0.010096816055000587,546.2390598327112,14935.062975867433,5.170374195202091,21.33313152940801,0.3571753923649322,0.3909858349218215,0.383468405932489,1.9591020061483113,0.6417714348980311,0.7725551104027593,0.5936139177887072,1.0260456782973444,0.842636755378248,0.0006472029102503029,0.006076111628985316,0.00018968922826658352,0.06581057813869712,0.02454506422755382,0.7393417708706248,9.835904044381584e-05,0.9402545480574597,7.290075283945576,4.2599955066841835,142.2142443332297,0.7157052323931543,0.73213545198152,17.070510517519605,32.3440223468682
0.2747908684100282,0.07049203316326842,13.498067898089381,0.010669751603549254,0.010147800067261112,544.7761879295508,14854.237546884295,5.163713157184606,21.557720854233164,0.3569463786925642,0.39044361152537543,0.3814208370174822,1.9762319851202623,0.6362404266091415,0.7736715438332954,0.593671209341522,1.0359914188480066,0.836504902290904,0.0006473767718971282,0.0060339430858763485,0.00019014076629477635,0.06629078770729946,0.02462697666002983,0.7345515969878842,0.00013151257691455053,0.9347465786503589,7.247070666467575,4.247363505863943,143.16992386417922,0.7167011863981347,0.7353058777890819,17.074552845491244,32.28228264076054
0.2737122652602095,0.07100973608627993,13.503295005013381,0.010663667511092066,0.010133065970914743,546.5275049122337,14829.139332409604,5.1531982739133735,21.548231359437864,0.3574884525809324,0.3929184511305325,0.37999718823771916,1.974434366932663,0.6294634578056866,0.7704460624632602,0.5907878311568517,1.035854658488691,0.8408667533662513,0.000644714866470616,0.006034594684950986,0.00019154544726947652,0.06619117523255855,0.024400583907006928,0.7389509297410856,0.0004102168151173367,0.9316301597380632,7.263146622652005,4.26344354672899,142.51923643364773,0.7258500752942754,0.7399531049085648,17.135151989980873,32.0633638942405
0.2717629944130074,0.07047866980156625,13.502893973844957,0.010593810061924292,0.01011966257195437,546.6083302192216,15036.056051134814,5.211985391632541,21.53910308111045,0.3596808160047173,0.39363020476127003,0.3790359830315485,1.965741477029693,0.6241110066949629,0.7736592943523987,0.5930688805889515,1.028545801839229,0.8457630426846359,0.0006437756153164077,0.006043170315452623,0.00019256990629219127,0.06646104257285,0.024271369234208327,0.7374074530109058,0.00044581682033073284,0.93857083044684,7.231266738923439,4.267327767892824,145.0490105853452,0.7280218895441047,0.7386168962590527,17.0285307699309,31.894352146058743
0.2719408891040884,0.06988170663393074,13.510864007106896,0.010473125799919552,0.010156295368129556,546.420077660489,15177.47752662882,5.205346412210901,21.58701505938944,0.36154179368496675,0.39313407954721863,0.37716063890752416,1.9741597715432,0.6276190512120413,0.7775691375094718,0.5935993867118223,1.0294177588184588,0.8442986396771262,0.0006438237551299078,0.006046351690130298,0.00019171335308251658,0.06631281970888672,0.024476019556471267,0.7407350087661905,0.0006783290413174781,0.9372592679773712,7.248074345899638,4.306677169277966,143.90764029465743,0.7293850782531102,0.7321304022048049,17.07416678078109,31.673954216717323
0.27348446896957795,0.06962363163338496,13.636794042450887,0.010532786918087258,0.01024105857315811,549.9616548344736,15169.763357902408,5.168805077929209,21.4114109122665,0.36203815369409453,0.3921608570553618,0.3782231722978205,1.98648424135062,0.6266434089561874,0.7786260726836747,0.5951924689916435,1.025011715201151,0.8514919824246079,0.0006435614239784954,0.006036539587112657,0.00019132199138348317,0.06678437238977149,0.024667026897560916,0.7475027061815552,4.103569311497972e-05,0.9349501042929044,7.173243071233096,4.260643970388055,143.97930591194506,0.7253691440651296,0.7357424955280808,17.05957686806932,31.886802901260562
0.275157758579714,0.06961754584789741,13.710426029507717,0.01051311211549793,0.010261672158958002,550.0287913387978,15112.350135998917,5.15605573229592,21.463751839668525,0.36140005583035345,0.3929926406550298,0.37886913570333225,1.9835479810482448,0.6276806707382776,0.7786936497036199,0.5913087795074576,1.025091613651578,0.8542075103894133,0.0006431445254679247,0.006022871742951521,0.00019187462238601054,0.06620764261827797,0.024577921351746402,0.7426073082925535,4.82166158317849e-05,0.935483499054193,7.1565254418060595,4.235864364411917,144.48235168084295,0.7254206730610022,0.7326012231481998,17.02124759159069,31.85465244535343
0.27697250016991404,0.06929904650326917,13.757485196901746,0.010511023515275452,0.010199955399084552,550.9805494404637,15087.585646442925,5.121270694342069,21.500200299215404,0.3636090462329366,0.3938285941788694,0.38005688044851127,1.9644237250130256,0.6289107445792852,0.7790206205796025,0.588339935071086,1.0243142216524008,0.8633633343518975,0.0006399989578940918,0.006045110086624337,0.00019281116058612288,0.06576203570818191,0.024606157256517488,0.7423970030882929,0.00032559401956151957,0.9399290662700968,7.16671086990548,4.244404389548906,144.43403267259683,0.7204728914264964,0.7314647433820548,16.881273292126856,32.10922772731924
0.2761680887939071,0.06918729829118338,13.733084305469365,0.010457505151110446,0.01020752029024217,553.5657548712304,15138.468790343217,5.159607767393975,21.442926963039223,0.3641475385819652,0.3931173484891464,0.37705315758379887,1.9646362376464652,0.6286662947388809,0.7783180421379879,0.5902325628965956,1.0211864819522192,0.8562338316868151,0.0006413656719564118,0.006060358104956896,0.00019410626467930694,0.06653982371090422,0.024829968511964583,0.7365898245481834,0.00019595118395355913,0.9473125318018024,7.200503929062767,4.264733778794042,145.1700032443782,0.7218102914244153,0.7334582290981784,16.860131187067022,32.08542991443735
0.27424154448882127,0.06909365744309238,13.757331474327644,0.010529432882087275,0.010164590036481739,550.8640263469357,15257.88436468324,5.168060780899424,21.62804811215409,0.3621637800052488,0.3942082797247038,0.37760827744877284,1.9700432490893636,0.6256295249420641,0.7732175319431014,0.5872783301182445,1.0207662766835264,0.8509251362868774,0.0006405676826844519,0.006091742505702696,0.00019388530819855365,0.06653937169410355,0.025217578620660534,0.7308403447531707,4.553290716086987e-05,0.9430012264210997,7.205154539841415,4.26452410507856,144.9549813881139,0.7259722415004908,0.7326609885415306,16.892725063337707,32.37455854176759
0.27520937103728565,0.06870977088319402,13.764256435672792,0.010543763840249031,0.010191043030061481,550.7082287102189,15292.611992576245,5.143678868159723,21.509425879663638,0.3605664327526819,0.39555848598929905,0.3782586708757138,1.9772690136544397,0.6239280584943446,0.7722314544538785,0.5864553771041947,1.0198675601856018,0.8514214067223573,0.0006418627073598184,0.0061097565970201625,0.00019466961366609932,0.06641158980529017,0.02531543933714725,0.7308783194262259,6.678466855441222e-05,0.9383604307345629,7.14113747930385,4.272063942687449,146.63858277411308,0.7295932867931405,0.7291032840672766,16.90822297062134,32.44305086140468
0.27278781588576434,0.06923153680044364,13.578057320685762,0.01049820812531812,0.010180463465142642,550.5225345914774,15279.758405893017,5.1198646410003965,21.588558685735375,0.359899106532726,0.39643967575907013,0.37600180921984955,1.9783034310240926,0.6256920342514873,0.7723607470205047,0.5807579157293454,1.016566387310174,0.8553195843972246,0.0006434956357096157,0.006138713247241905,0.00019510338698149326,0.06592280698457013,0.025291284756446476,0.7375104761080333,0.00011795635004054561,0.9448984734004727,7.083453860435124,4.305573227322577,145.3220555477296,0.7365268138820652,0.7272509844327064,17.06106854228052,32.67319776155536
0.2730459657091929,0.06906787559784999,13.601099497104185,0.010498743734861765,0.010273164740183192,552.2469132447612,15284.364798966106,5.169464325435855,21.69297832494177,0.3598814073868172,0.3969388081605026,0.3754731737167875,1.9640133920057101,0.6284429450767901,0.7750423418238038,0.5768542081753205,1.0116658208649367,0.8582518029670407,0.0006461379331740522,0.00613776024278839,0.0001946861613800909,0.06585465142348518,0.02555468467103177,0.7364965883364653,6.712269924487585e-05,0.9490376448294411,7.129663189703513,4.3139267562864605,145.69564732137223,0.7335966554075537,0.7259286821271911,17.131850647647294,32.585288950595306
0.2724063113969084,0.06937655084472365,13.611905983580112,0.010486285302295211,0.01028104871541199,550.6295778329289,15274.761571541629,5.214918028788961,21.804067310813828,0.3535764910228793,0.3937013940450118,0.37737240218270995,1.975921316773564,0.6310130681705405,0.7754299088436583,0.5774476979259067,1.0068334273278374,0.851093289006291,0.0006484561592811121,0.006172115447978382,0.00019528055364770644,0.06578266910405184,0.025515366209789767,0.734607494353806,0.00023854904575890324,0.9489422403243177,7.165539707333141,4.3418367977929275,145.30953842880712,0.7336459572082829,0.726988243319697,17.18254474734185,32.52258532344365
0.27437071516040196,0.06914951922831258,13.601702744570193,0.010407794138279983,0.010264780181326764,553.9429427609755,15222.859432131127,5.187908765151655,21.8498172820137,0.35670624718538213,0.3944392419445021,0.38025977543656164,1.9648646975130337,0.6312523529870748,0.7790218400884203,0.5799119853546072,1.0024797721150362,0.8581249648703863,0.0006473072666240025,0.006178424729720661,0.0001962887864819186,0.06546877714216394,0.02575586371871255,0.7299836664329707,2.624628881905372e-05,0.9452179244631816,7.20982386228318,4.347161658901272,145.2263195137889,0.73730560459134,0.7233814970280501,17.316970150467007,32.68943812072198
0.2739671414063539,0.06873414991086045,13.558095754451898,0.010345875159272768,0.010342477314239599,551.1377974048555,15260.367852340625,5.204299533865208,21.743675279275607,0.35470384793299325,0.39544801398638496,0.37868598595791414,1.9744258550609983,0.6274958251439305,0.776958274320161,0.578053878596038,1.0021288101347678,0.8476369322183089,0.000650425085633949,0.006168416129616072,0.00019559166514467036,0.06542956918631425,0.025520902405462745,0.7240612715735949,0.00023402722458752562,0.9439511195872723,7.148869838787494,4.3540888833513565,146.39543980453783,0.7366726658126543,0.721528168398734,17.292856086517425,32.579604514553424
0.276017765676476,0.0680617058661285,13.631341487143066,0.010311652896942622,0.010342716651793704,551.218975751252,15238.370051800475,5.273084927516841,21.791344096925247,0.354824561795564,0.39678005311440195,0.37840001637692466,1.9740291778527546,0.6270700723926754,0.7780562379189809,0.5766778723686121,1.0000169146227453,0.8392690124376613,0.000651418836127076,0.006221386359168644,0.0001951426905889177,0.06556400216062598,0.025598604329464446,0.7232464284348924,0.00018952776622339836,0.9486882454205774,7.092218964976388,4.388792696914589,145.56487667191644,0.7335421350739123,0.7237851554088411,17.436997415997215,32.947005308147524
0.27787500923084696,0.06794779058686128,13.695174219131111,0.010316734147752228,0.010325460775262857,547.9624743214002,15284.223213049228,5.302081338532862,21.90397588440762,0.35346752474497317,0.3958346535598286,0.37676915557241814,1.9679032561871566,0.6263209564481135,0.784842663544362,0.5750096272141244,1.0062433231465866,0.839597172911604,0.000653529298577762,0.006166339773058385,0.00019617584237572062,0.06568193449925866,0.025744827737511116,0.7253121604442103,0.0002854095157561389,0.9484561592806381,7.165475652782108,4.384724813864612,145.40848009581978,0.7331564570039296,0.7232861315366316,17.47345354000191,33.07071091687939
0.277780229754467,0.06733682045238304,13.711362836786202,0.010423810846674122,0.010274197409032106,546.4953768053042,15148.355888439213,5.300409979088917,21.944579841134804,0.35412505325488974,0.39466419623789495,0.37534605124260706,1.9629401430832991,0.6258282100043385,0.7870585651413028,0.580741751200749,1.0082668403403863,0.8456352728066506,0.0006475881215577705,0.006149644858799921,0.00019627224397771528,0.06547970514833493,0.025824446839675996,0.7313222494504602,0.00038532086655891835,0.9449629116259541,7.220689102972751,4.401939609980277,145.0804684162532,0.730362150718596,0.7269149423967785,17.487412674804123,33.09580448098
0.27775802260027427,0.06788246883491882,13.683859969890834,0.010456399136221237,0.010371589364730328,544.9100037826923,15127.117801837383,5.271580166537444,21.93187838971993,0.3545937274911257,0.39653245643788126,0.37695565724684205,1.9648665835831671,0.6224218775148534,0.7897231685053406,0.5846328924209708,1.0131194231620397,0.8396335174988269,0.0006479485297683137,0.006120925821760443,0.0001965370405514056,0.06580114317117645,0.025742352560283534,0.7363000585704339,0.0004809698771832418,0.9352015298771269,7.245993844611976,4.393410973851481,145.82751036243815,0.7335466299611825,0.7265126411328549,17.488809294188517,33.08415700990858
0.2771037455253687,0.06727261005369653,13.698865928772097,0.010495782901571002,0.010357975382498778,545.6002137959858,15081.63818605366,5.220872214490091,22.09171601298452,0.35351891600248453,0.3989937501040111,0.3785259813512166,1.9502083231377507,0.6219836737847382,0.790639590374679,0.585097726190751,1.0130078609354518,0.8370073365989014,0.000650534238985668,0.006043883016078213,0.00019812023170558067,0.06592076705062563,0.025831050787080256,0.7298898132700179,0.00043769578401557554,0.9374883508256227,7.163409397643216,4.350284687364834,146.06814677133644,0.7348657337791796,0.7259063945004562,17.3553047543542,32.9127525604705
0.2761994797889213,0.06765153461787482,13.669832530220125,0.010482245456635434,0.010410308223366407,545.6809371277523,15084.24390335471,5.225943686985555,22.078473161974717,0.35292426180533043,0.40122054433235105,0.37575828080159884,1.9598875946672538,0.619707588853027,0.7861115101343983,0.5834951013805312,1.0160274832599048,0.8338009864725072,0.0006579106480308673,0.006061495655420857,0.00019779512488556913,0.06545161234520948,0.02586446471326621,0.7220620155023054,0.00019142946868736958,0.9339796285359524,7.154192546842201,4.3669606463630295,146.31494437385595,0.7286031115929361,0.726596434134526,17.314344627076427,32.773368767427634
0.27570012260654614,0.06734750013043414,13.614520371848476,0.010484146729588893,0.010406394180954546,543.0122265778294,15186.053748043432,5.222277874096405,22.038597303215884,0.35353376646408674,0.4039749081577597,0.3770004320744696,1.972505844281607,0.6185020147859746,0.784734150140655,0.5822845969972348,1.0144809213966877,0.8273072177007939,0.0006572494804526107,0.0060627940899333314,0.00019678466408480915,0.06519753331707343,0.02619445949215188,0.7288106590726301,4.752984147535664e-05,0.9340634145404396,7.190145300386499,4.386966904927993,146.940540730804,0.7295352259492481,0.7259298547219961,17.243094262313694,33.046125315148096
0.27577884097290883,0.06800685923854856,13.536410771617396,0.010478843163017783,0.010420522310388978,540.8693631220442,15146.823291560991,5.151342285826031,21.986868620662605,0.35399114935292536,0.4057045209650461,0.37922595007702264,1.9748435466386465,0.6181696887570044,0.7883937694306927,0.5846252723014934,1.0225265160177763,0.831844333539181,0.0006567623072032455,0.0060640583482760085,0.00019611572491987073,0.0652393090220651,0.026256399513384134,0.7296578546238709,1.9396884538798017e-05,0.9307045347207942,7.292839099828891,4.385257377204987,146.89617864331936,0.7258038798247638,0.7231582223836354,17.1945249434118,32.975764970271015
0.274205149744296,0.06793266245057715,13.45610085038055,0.010563452383040536,0.01037272308646225,540.4177502146413,15129.389881692576,5.157538109148785,21.953244340879294,0.35609960708077365,0.4044739335393464,0.380362876643551,1.9760644380328367,0.6178231829427557,0.7898805484062498,0.5816352923159923,1.0231642404534116,0.8332882278171151,0.0006565856381088122,0.0060669382021458365,0.0001966303359397146,0.0646965457582991,0.026395641521125758,0.7347723568488207,1.934344014115827e-05,0.9212583806775084,7.286577986997189,4.3835731785700505,146.76891591715304,0.721508471287212,0.7215356234065887,17.072884954035583,32.91468032789473
0.27699745031574474,0.0678623948217468,13.332519398704639,0.010592613489184893,0.010390826248176688,543.6894994395344,14944.706926275137,5.112642367113546,22.00220744429002,0.35701539616313693,0.40079453810771304,0.38152004364976894,1.9707498798495298,0.6176466152093636,0.7895236894492197,0.5788590142102846,1.0233801298235596,0.8302263506172286,0.000656130383223614,0.006098939058810388,0.00019625403186119305,0.06508818640533691,0.026483750448835774,0.7301667299477805,7.434536757930485e-05,0.920612501980869,7.2924023128021425,4.376444565358909,145.49483970057156,0.7195556678204905,0.7215314329051403,17.090037248270832,33.18074090816043
0.27745093975048746,0.06822816259878534,13.393109476445156,0.010488727060227607,0.010243711942408328,538.0902041890392,15028.461467803065,5.091997787409254,21.914870423219753,0.35618592465809346,0.3983863309236641,0.38438438839147404,1.9555090036546037,0.6223180327186375,0.7893192045507355,0.5785093442950541,1.0229523068428776,0.8246550378291659,0.0006536601479854292,0.0061070016235166965,0.00019609888962862586,0.06476180783236864,0.026317368521830725,0.7286131320701552,1.5717659672118822e-05,0.9199139301252839,7.306914482225894,4.356448034189229,144.60931005424695,0.7200546306841036,0.7164124568250827,17.11714987395727,33.537651584084756
0.27993131697330814,0.06859106473206385,13.292276340412633,0.010558670292732903,0.010267368742031916,539.2427819024389,15098.868749346926,5.103319392620831,21.99949677152027,0.3522924793328001,0.39645479207784673,0.3814559537934647,1.9536635503362183,0.6260596411983763,0.7868984360017546,0.5751003309758307,1.028569321128016,0.8193945244106763,0.0006586282329516684,0.006110657314895594,0.0001964727580317324,0.06382403320733175,0.02628501761144688,0.7307183449299767,5.2701397363536995e-05,0.9299802664948088,7.26746368014336,4.380663853930085,144.2359619380036,0.7218520163510354,0.7174577605233003,17.164955319690613,33.46327647336168
0.2789345370645324,0.06844763395211673,13.3467545847619,0.010646103331899803,0.010221433634740398,538.4151113900966,15055.039670423439,5.073542684290226,22.03543956558519,0.35129929773768126,0.3977623237141476,0.3803398236333198,1.970255469960323,0.6270840037398459,0.7886634727932625,0.5752880906665145,1.034992835988417,0.8166054398169315,0.0006577053500215592,0.006106113137188569,0.0001998101219171337,0.06396229064983817,0.026382091540860596,0.7300826425336929,0.00014068948567356999,0.924722759102804,7.257042298727378,4.38047054675513,142.91322627004178,0.7198430576285301,0.7182457059148475,17.16779409827591,33.40181503898057
0.27700304392020575,0.06840099219484089,13.27408874373209,0.010479663456420088,0.010329804059549716,539.4766797725518,15026.921968186109,5.0715132986549225,22.033677685929412,0.35237760470998064,0.39500674076946274,0.38251437721625725,1.9659708420897986,0.6292697089523879,0.7879023028908596,0.5770813314513891,1.032711422502034,0.8170194422084096,0.0006610442187233893,0.006093586820137694,0.00019930625998851518,0.06385527424744285,0.02634647053464277,0.7320637049192043,0.00017004317965956748,0.9320792787496632,7.278774078127196,4.369593355899432,142.21114710691023,0.7216373608399684,0.7147025478301904,17.118734638605872,33.14204352805351
0.27446817503112664,0.06786873246746263,13.376090323015214,0.010524002227467393,0.010482360296519671,534.4203372007632,14961.10313094244,5.008035881032653,22.175343046304157,0.3492142633645545,0.3940739770613995,0.3809680717325596,1.958738477808624,0.6300111836494221,0.7879296990298775,0.5769376691479106,1.0455839679582817,0.8118181781060279,0.0006590910138057064,0.006078192605137421,0.0001988167637129401,0.06411136284803898,0.02630177645206474,0.7327027050335793,8.675287668046921e-05,0.937583867805495,7.315447569690754,4.373797865477841,144.68096784561578,0.7235767836511098,0.7124664459177001,17.17456683257145,32.92231661497133
0.27204962127079796,0.06752889362331495,13.340022066146206,0.010593553096613001,0.010519216883869684,532.1934615656545,15055.485062396636,4.944760710744543,22.07098098655844,0.34593634092275516,0.39893667162690377,0.381201447500605,1.9648481162733802,0.6276499493383924,0.7879305958122499,0.574365912161974,1.0490901015107528,0.8174988986041862,0.0006605204166820216,0.006099881981083792,0.00019813581914263455,0.06434462477710987,0.026208092921855313,0.7306555126279216,0.00013686396476988646,0.9343589173864758,7.272318879603687,4.364599575281447,145.65289374534782,0.7226673094171613,0.7166210614608435,17.107301991504944,32.77244836718494
0.270425833652688,0.06711063965389663,13.234675321123913,0.010569396339519007,0.010587149025969,528.6441457206586,14990.339810595218,4.966381927779613,22.194633242332998,0.3454312961641126,0.39892180709683545,0.3830481094717244,1.9586057822915404,0.6255244093366633,0.7894166494599291,0.573554231964641,1.0435209886475492,0.8165636987356123,0.0006655571557767949,0.006124738952405448,0.00019787328426235334,0.06470501885401256,0.026341623770197598,0.7305575348576372,0.00021257578126903043,0.941758716509072,7.288900124011039,4.383442612042816,146.18723213371243,0.7253058743070324,0.7199839153007429,17.133846144294694,32.79866701141358
0.27045545874586824,0.06676164044441772,13.208041558687553,0.010512147037852304,0.010576141323785872,528.182370135364,14943.870871784457,4.987889036714706,22.123203637078507,0.3449269403054317,0.39862454562213134,0.38903982244571383,1.9711899723541468,0.625819091657723,0.7878484534112896,0.5716845365580542,1.0378654729837027,0.8191849831126473,0.0006689717331487103,0.006125954956073773,0.00019865640264356076,0.06428768489470738,0.02650500754287797,0.7254469254592064,0.0001432355886386455,0.9371561434430185,7.262775960617067,4.3761885858692215,146.23130145590747,0.7311217861252431,0.7196237887313478,17.065791614033714,32.822622235130254
0.2710298178644632,0.06721003586250454,13.188769097717838,0.01051936615532532,0.01050817857433809,527.3480804564228,15044.41863222274,5.079162266502469,22.127042911476227,0.3445256615981131,0.3979628464924265,0.3868838576970225,1.9677741052749456,0.6274222561278305,0.7881547782844948,0.5674373794987936,1.0326558289540941,0.8200977503127532,0.000672521017222225,0.006132091104167249,0.0001972314941890577,0.06396563681364358,0.02645230488369138,0.7305478491361864,5.446393039421093e-06,0.9424283948654321,7.17911071049239,4.3478590764964204,146.27439759108074,0.7295418144746829,0.7233515055958348,17.137883901992044,32.86616550042662
0.27139947886196436,0.06719356607006462,13.14554796321835,0.010464408272709367,0.01050379352066691,526.2111669428247,15111.469448805925,5.082628066095989,22.073974809683687,0.34170942794050324,0.3979009702687634,0.3878235679379604,1.9636978032827537,0.6320061158672732,0.7883797599868804,0.5683655783434883,1.040664700748876,0.8252330962701329,0.0006774321384608529,0.006144619332911857,0.0001971404546082746,0.06427451049836183,0.026458085130692515,0.7295414423285702,0.00013550776835869065,0.9478023934240943,7.224709741139743,4.351986014918498,146.62197448308953,0.7283830523205381,0.7204043497492428,17.136238073808016,32.840926596016175
0.2721323550469193,0.06767520201862828,13.159714544935708,0.010429020657771688,0.010500860566918497,527.9356468849215,15180.331936099476,5.115834839201272,22.03163316785088,0.34058781330884463,0.3981298899409679,0.38730613542611186,1.9714239364301764,0.6301529754998364,0.7963160549351369,0.5660678830753305,1.045659541442497,0.829532500755024,0.0006752329622922225,0.006166340180615086,0.0001974531686349741,0.06461721024168578,0.026684171337519016,0.7357414026821273,0.00023861439290029203,0.942741646029882,7.226639858204821,4.344905573352732,145.87460392706512,0.7302369906762817,0.719769863045826,17.165561636226123,32.93704303652076
0.27381148029861974,0.06710098826376608,13.127656013741278,0.010470778744989827,0.010444066893559532,533.7512355270142,15034.42860255782,5.128622471379817,21.99645451991994,0.33976909803377003,0.3979825698538978,0.38615025103216255,1.9670058472832368,0.6314008134417685,0.7991877598585777,0.5673658391456087,1.045929390770582,0.8233894800309195,0.0006744263596360681,0.006142832908704474,0.0001982530139064366,0.06430588575163673,0.026801774843876594,0.7348305717949908,0.0002218064007194218,0.9447185866809464,7.2723028826501395,4.322173781816796,145.93445728619014,0.7283015271111792,0.717756941111975,17.24126274063219,33.27426964773271
0.27458694323461247,0.0666530848212866,13.101307639168175,0.010428913446073091,0.01049297006103097,532.6811822620201,15006.176438104081,5.155532350684002,22.01428710824328,0.3415825809634711,0.40106354112288667,0.38296536265601294,1.9755479245036864,0.6379826972340066,0.7982270685059151,0.5636774409382741,1.047517679306584,0.8255293418706557,0.0006763948072383542,0.006133834406185274,0.00019907365900519896,0.06406399956402654,0.026835989711246646,0.7315377809712953,5.796890301024035e-05,0.9400934532552184,7.296440373199264,4.3163318130329245,147.6015829390519,0.7279699293242208,0.7189725758204143,17.26332576142062,33.099619093082886
0.2735818301359566,0.06712984761051198,13.04343882726024,0.010410808167475891,0.010516808492024111,534.0053475844132,15004.364468595768,5.0989413497437805,22.028500504996263,0.34218134952201307,0.40136488147833843,0.3828709510511845,1.9730514581986607,0.6376501492547214,0.8030291763066302,0.5615311088768662,1.0474391299347232,0.8197265235616287,0.0006766374463485847,0.006123472482847515,0.00019806603545657512,0.06360147842120636,0.026818041700714654,0.7374891668078625,0.00012113937072743574,0.9389511371181394,7.3311497956152305,4.308355851427765,148.2535723105241,0.72637456483108,0.7166354551179525,17.244991088348556,33.348243583844
0.2733015541272235,0.06669529607935318,12.97654016596935,0.010409709547024698,0.010474554009416697,533.5892935861383,14956.051049563765,5.069466602540773,21.801357445501502,0.3408781438535182,0.40249957348304993,0.3828571350530641,1.953777209951428,0.6403094470359421,0.8089598401028384,0.5615058500611451,1.0440882739296966,0.8171508732145432,0.0006769271897151313,0.0060713788153287295,0.00019966208002766985,0.0635452465675934,0.026731056529191798,0.7295867507939617,6.531105021782637e-05,0.9373950355356232,7.368372954469019,4.303069156297567,150.9610950438808,0.7311922163773805,0.7140715045871976,17.147433358331536,33.392466384751636
0.2735283356899567,0.06739412607769715,13.017650836047448,0.010487184455518557,0.010525136739422597,533.1085841578561,15006.515808795213,5.076272390724906,21.72028267895731,0.33997226106663025,0.4025748013810296,0.3828363052280328,1.965905159882687,0.6365881780962731,0.8108845863296165,0.565104861092606,1.0471040845106818,0.8220539466704592,0.000679090559690985,0.006095096038980649,0.0002012552890391025,0.06313575634411651,0.02693994126066917,0.7278684720140163,6.63680537210508e-05,0.9324565006196994,7.341314897325953,4.294398433099188,151.97523946874347,0.7267279555110016,0.7122230755165782,17.165966380480906,33.273505585661006
0.2711176768628877,0.06713553473944518,12.98201555215231,0.01049744579225134,0.01048089696584058,531.2090065162422,15059.269748098917,5.09835118712889,21.885777974230557,0.34071927757714005,0.40289592572432065,0.38553265430114975,1.97791223407594,0.6370563141522719,0.8147175634550786,0.5598920818438831,1.0480205703622494,0.8222199591584698,0.0006757705951359152,0.006091542002605412,0.00020154423740707304,0.06281153759440161,0.026896381818291962,0.7323187885224238,1.5102104797423701e-05,0.9282672899605175,7.393079012325314,4.301063044700516,152.25537852819383,0.7222463560358238,0.7133988091115726,17.262699350410934,33.30361689982476
0.27084212832723153,0.06641599271959409,12.99003691964157,0.010494389188456762,0.010444466667510048,528.596545545227,15032.115443606837,5.081005361847458,21.786509245272587,0.34100132451051096,0.4041706885505242,0.38357728306502464,1.9774021297980833,0.6339741646215675,0.8138623440131119,0.5551569481487152,1.0556207479600475,0.8239014953593953,0.0006733682353449403,0.006118461931508103,0.000202345552869406,0.06364134886328594,0.027152277550298008,0.7339872181248441,2.1034532792813285e-05,0.9307795884277982,7.451670839000894,4.316767108458131,153.88808460028798,0.72301935621001,0.7116646737198647,17.303168889442503,33.268266187296454
0.2729679780203587,0.06630697962553889,12.967671605333894,0.010495570663400108,0.010437698906311261,529.6361529423416,14935.03803590181,5.076752484542686,21.5959762717938,0.34003469621847654,0.403946552045828,0.381269107788638,1.9809624885843815,0.6342245206717759,0.8155123967908118,0.5592305307946301,1.0537067261028543,0.8228666020197589,0.0006753645284228725,0.006121609826815343,0.0002036065113845439,0.06345522066288346,0.027061027609053722,0.7333180407702056,3.933065700495725e-05,0.9375158582416223,7.412856698837946,4.316760343102697,153.59574270261163,0.7232881625948665,0.7126314456539559,17.357878428171162,33.0050367352109
0.2758029770630116,0.06624231486292054,12.912464070106026,0.010424037439393227,0.010387444075259707,528.1153087413851,14805.661395211388,5.060604354590204,21.624481001152137,0.34220976078065934,0.4022700765238618,0.3797026323953894,1.9835184320840131,0.6330285764762288,0.8178000892306442,0.5585874276961952,1.0514678869859557,0.8182745454253608,0.0006776566029028691,0.00606692792849442,0.00020471713629711589,0.06301901243961092,0.02702201619035115,0.7315024067847358,9.567127928777323e-05,0.9317067096014063,7.384984230541825,4.321867630826727,154.14394128132173,0.7201638605279784,0.7187464478401874,17.406010277739412,33.14697549777334
0.27324394147367337,0.06544212565038823,12.937076902015805,0.010434002299374284,0.010364029998202644,522.62047030673,14828.740994161704,5.072442168631973,21.702117545831477,0.34066850118139314,0.4017452705419476,0.38075111438546605,1.9790350136218025,0.6342946243486908,0.8175379361713769,0.559288105653492,1.045083373955806,0.8213800863281278,0.0006752065442787082,0.006153296856297774,0.0002046148313066476,0.06346441707455515,0.0271524025782434,0.726563030450606,8.578184556715163e-05,0.9377235019240203,7.348221878584882,4.325169069455083,153.3872221407082,0.7261384037342319,0.720234390704705,17.462730353601835,33.179469314589966
0.27456312969686847,0.06479403499760339,12.879898815706921,0.010461374694172293,0.01034861622301845,525.8640275788212,14744.24376175102,5.054507003496561,21.531541032193395,0.33856191183324286,0.39819306716056313,0.3737063268065799,1.968540262946348,0.6260882836212041,0.8203094950406152,0.5625415124324173,1.042760438494027,0.824479681372816,0.0006742367794036102,0.0060944831172374874,0.00020407365747922198,0.06306583167705768,0.027309938093820325,0.7304682379224082,0.00012851673945723683,0.9378631112276827,7.278093601709435,4.3324198939280425,154.19321116104285,0.7228506618346894,0.7255684740236773,17.496274860539433,33.50496450632712
0.27584124940724863,0.06514206217236931,12.755156568649358,0.010455923244436189,0.010368616245835823,527.1086732730973,14716.181046980328,5.099852458742086,21.64800634554119,0.3360851505486726,0.39640471594657095,0.37797372610425856,1.9624245112677559,0.6335504170053337,0.8220459807483979,0.562902118718738,1.040675922549056,0.8275832935499949,0.0006773071743394171,0.006076422062823521,0.00020384556745491102,0.06292740163240836,0.027538248760282404,0.7265672019480583,5.8509880407256964e-05,0.9305614125621706,7.310840688508301,4.316168188728723,153.8328071473802,0.723437443975371,0.7265143295092246,17.54149644153105,33.57274250522933
0.27642628674371994,0.06556905095300662,12.751637634187427,0.010343032950882899,0.010348062843184739,523.3143334595942,14608.71491671039,5.107951726976283,21.570871717489858,0.3399993726855171,0.3965338274703314,0.37901068627028045,1.9506043634032633,0.6322532793495192,0.8207797028786858,0.56171107958407,1.0339530277524251,0.8273627486251101,0.0006774809727649879,0.006073026370792317,0.0002026468956415541,0.06304365289697567,0.027306539014622044,0.7263805175787483,1.5118278631369049e-05,0.9235652046827647,7.298407135995469,4.312317516069682,153.96464856401482,0.7228554584525699,0.7263940454146951,17.554213484119575,33.62610833902617
0.27630659245118777,0.06634647005229712,12.771610049377134,0.010277344573296507,0.010459096145869888,526.4981764645369,14522.766160405848,5.104538572387542,21.66145023162145,0.3422606806050546,0.3946748998291773,0.3795272065113957,1.9404255136733903,0.6306675951972359,0.8213428961949869,0.5597108868428661,1.0389920888580404,0.8271501623858146,0.0006775812737426682,0.0060496440447522755,0.00020289110029608745,0.06296985941963103,0.02722392653186312,0.7270386425769398,7.713326740388469e-05,0.9225005752304059,7.263491111116391,4.313100377637738,154.22178287875346,0.7266600037132305,0.7268767615891673,17.587157923413194,33.417124569152115
0.27684387527368687,0.06560062517544991,12.783589642906215,0.010241066954957878,0.010501970730697786,523.6007083904551,14651.159324346356,5.084387841064522,21.80601684535287,0.34237409809880903,0.3959045765194671,0.37828119841674474,1.9598794163256745,0.6358281568444293,0.8188677606856566,0.5562243909840283,1.0331907246974985,0.832269646117492,0.0006825636693455751,0.0060461070051913675,0.00020198450829583383,0.06279325069364673,0.02715953829043668,0.7160483963371198,0.0002460978066904273,0.9131778494874676,7.310896747389963,4.272822948716094,154.1823129805532,0.7260255030481838,0.7235592785792357,17.77360946203204,33.39377657569764
0.2779992119647107,0.06579622298505297,12.843356557617792,0.010211351324255132,0.010446212093759576,521.3091205655427,14591.8211804207,5.058876217510354,21.70975191245757,0.3384059798253367,0.39868269448775023,0.37721218306756243,1.953746060507995,0.639960947382154,0.8174576743304757,0.5529349142991059,1.0364546542153288,0.8319637952510321,0.0006818383706131686,0.006014431930228948,0.00020198895993276368,0.06280846872793532,0.02731884846069473,0.7205517848531798,0.00013141693783601515,0.9036361950920248,7.273766097654197,4.292307141647548,154.30102890275677,0.7297276596173191,0.7270316868641394,17.777173657826232,33.312454582804335
0.28069007478429664,0.06519021952502388,12.87762467588474,0.010182592499688437,0.01040922239473635,523.8585897290579,14609.248117927744,5.019709173573162,21.704512464123855,0.3372065489216029,0.4024849296853553,0.37264238745760764,1.9527682592647722,0.6419722486508259,0.8179309659027781,0.5507873105035614,1.0383919895628362,0.8329625471104476,0.000681530419329779,0.006049212093011416,0.00020236458213981876,0.0626498023630727,0.027279892926391585,0.7217076259180546,0.00017874975308331307,0.9050466024163218,7.286882335396003,4.276803106252789,154.81478576634132,0.7298447762743924,0.7290625694681322,17.8454012984837,33.35675647566722
0.28221235367267544,0.0648735810584661,12.859158705576041,0.01029432237337743,0.010329904089853695,521.7080821652966,14646.251498434534,4.975230406892826,21.71241792056905,0.3345303685783043,0.4019729849017951,0.3690088777225194,1.950025217254992,0.639323393901775,0.8161407973520447,0.5527642467965534,1.038188794978847,0.8386057231958304,0.0006819176788701072,0.00603496278373673,0.00020200287559272756,0.06275244173987216,0.02728628553424382,0.7258167909239017,0.00018985391081903952,0.9011706776010575,7.338440872809425,4.261401089658495,154.732886971422,0.7303945054188995,0.7258170643417976,17.77381448416218,33.30322859338196
0.2811385200465672,0.06481600584693109,12.825647572652937,0.01027053948731023,0.01038053139162108,520.3200865468121,14560.802041700828,4.903121701442049,21.91310034186374,0.3343090986443553,0.4063225638561178,0.3696344622344802,1.9474475522309014,0.636219980861787,0.8169449607251871,0.550265973498231,1.037494167090163,0.8353321556648224,0.0006840103457300664,0.00608402954530857,0.00020243615971795662,0.06300211860666259,0.02726668566138389,0.7296407510659086,0.00021400896673241852,0.8955780523851213,7.358090332137814,4.294160862296795,155.25386307756315,0.7289751546419545,0.7213836160919157,17.796978234741665,33.310058775225535
0.28155043824457204,0.06470892067915707,12.726300209764696,0.010264719811943167,0.010346539552371456,516.4371950842021,14567.98541530662,4.869077312964046,21.887724196196647,0.33452480714840255,0.4065072143822616,0.367291102253065,1.9535240340792874,0.6393676039653208,0.8185657403397694,0.5484093747990142,1.0460969078574514,0.8335288364495533,0.0006813352429096009,0.006078429357872643,0.00020395342758314285,0.06335448593512313,0.027208138467396042,0.7373857980255139,0.00032657664097082185,0.8968783006299402,7.3572624772212984,4.329190024055109,154.9695543138338,0.7326913048984901,0.7216687395723558,17.89764546404501,33.42691064256766
0.28094110970441744,0.06494144303995981,12.698990687340281,0.010178475853905293,0.010369578663891427,512.9108738023401,14628.435292977114,4.825897582546838,21.914131877048376,0.33639624830281245,0.4063593534998438,0.36619143957896455,1.9720638572614027,0.6390572972597592,0.818871340395702,0.5473662286052415,1.042793563456423,0.839639866732816,0.0006796019512483603,0.006089921481498171,0.00020196965290440315,0.06279837578618908,0.027383128440530247,0.7398936074709117,0.0002140775947267259,0.8995421360947431,7.376913922791072,4.314503489580261,153.07919945135188,0.7262829789899033,0.7244262501041333,17.969916411026706,33.400346801704444
0.2801265830329739,0.06441018105404142,12.7606873103556,0.010139081837700238,0.010256652077191935,510.4528954392075,14571.49812343333,4.858033168923737,21.86450383142266,0.33211717285980763,0.40857707979953234,0.3660996180628405,1.975138445330968,0.6391491890661893,0.818624891593657,0.5515947969009413,1.0463091018190678,0.8435541309291502,0.000680282090094331,0.006082076221674399,0.0002024035377227198,0.06313356335115364,0.02740334893076717,0.7374850378921849,0.0002075039111588142,0.9005195210532069,7.386013407334007,4.2930048942602985,152.23665488556617,0.7232004486186094,0.7264670655726335,18.090358202923277,33.20987487630942
0.281042906143427,0.06426448643634251,12.75896549731597,0.010014615440808401,0.010199765152016139,512.3623503427941,14630.747312286741,4.840165850040598,21.996331338881692,0.3307865073697817,0.40902169872589267,0.364534408015593,1.9836768683275399,0.6392771990867838,0.8177824671828086,0.5539481583321394,1.0513593179659126,0.8485393599984159,0.0006883047796618052,0.006094825717147261,0.00020280224927670705,0.06370527070588897,0.027544029091994986,0.7358888200758729,0.00012178667992342506,0.8978307178367161,7.320705069982197,4.282220067441329,152.5294344917156,0.7274492610760913,0.7243477491403401,18.188694933220635,33.13018317380595
0.27792727252943594,0.06413118959820893,12.731956920625459,0.009983919638879683,0.010192604390356852,515.4524889218997,14852.371001803682,4.8117882023676275,21.94231188522632,0.3283120663255002,0.40994487172640093,0.36465368388611863,1.9787347845120216,0.6329755230793973,0.8211378370712542,0.555617203726056,1.0533429000161343,0.8497811055550686,0.0006867454687841431,0.0060892742104822935,0.00020300145752756585,0.06331575800109898,0.027569156519561336,0.7354540347040834,0.0002991083870344693,0.899562336088928,7.340524374753129,4.278408808391967,151.70163110800183,0.7201943976843174,0.7188632892123145,18.21009960346968,33.13373547570489
0.2782134542406373,0.06449341963998102,12.85888453088028,0.009915313193898712,0.010220563984597615,511.0357720497665,14876.044119433844,4.825971950630353,21.815952039177592,0.33226149059139654,0.41065029700643624,0.36391536507265526,1.9782099856123974,0.6275215791661186,0.8227514643683665,0.558136391824753,1.0544686318352716,0.8557940429779296,0.0006816541101478852,0.006172060985819133,0.00020385010632401372,0.06349345441154096,0.027680405100449484,0.7263021700488271,0.0002718257935063803,0.8943772382215456,7.30599501116062,4.2889727287939055,150.77420722701086,0.723087348538549,0.7197544610606394,18.158202189835194,33.23762021878006
0.27854930747291573,0.06491498068160184,12.753204134312309,0.009980020438266748,0.010101503794487142,507.31066402458634,14839.73935090581,4.839592145905501,21.71327276333769,0.33270512329815244,0.4089049856161326,0.36417107059549786,1.976212915048146,0.6317277904020684,0.8249556213538849,0.5561485346787287,1.0567710439482294,0.8593674282864276,0.0006822175956613922,0.006159360222701178,0.000202982195317366,0.06297865093197187,0.02792597779971007,0.7309118613539172,0.00019885159479802512,0.8964219558146157,7.261535329260246,4.319627497111512,151.28080181345183,0.7249544036604377,0.7233477472751381,18.19636194136286,33.33139676613781
0.2799795865459569,0.06480404210570768,12.71264880539936,0.010077328843987168,0.010109112167360981,507.2890768480889,14795.215130924087,4.799697637289451,21.71910209531434,0.33572756271480153,0.41009945318823793,0.36256946340232155,1.9598931752126727,0.6336490204211693,0.8274543927216643,0.5581866460971633,1.0561439683552514,0.8560925918249322,0.0006827661696566927,0.006162971544271097,0.0002030606572203942,0.06273755692369264,0.027972883329237724,0.7314977413904248,0.00013724947629254895,0.8999365871236679,7.29655640597918,4.285655367414893,150.8135218876662,0.7276758621748349,0.7235305188435041,18.134708987349786,33.26266857510257
0.28007997060690776,0.06422324766241276,12.6688556196481,0.010071878809836628,0.010012559313307693,508.36295442118353,14814.077168480862,4.8203651629595035,21.715297816167837,0.3333553913269486,0.41042548108578314,0.3616207786034214,1.9550824724760765,0.6297523338146043,0.824253596362293,0.5553436561940619,1.055372956683328,0.8586381620862653,0.0006790688479588652,0.006193153169860321,0.00020254425894980935,0.06278372994756314,0.02810993553855639,0.7322600431940448,1.5851614350505656e-05,0.8987747859784005,7.3766873239690085,4.247731411369961,150.10900778856728,0.7216506587453875,0.7249620296487166,18.115568690094186,33.44111288561459
0.2832147813451798,0.06387789624275433,12.645571848155997,0.01000753526421171,0.010038552316673633,509.97493597766737,14819.220421081285,4.826181641175233,21.687719332082057,0.3311252410813005,0.411478778711922,0.3636141670486511,1.9491995669543205,0.6343106050305624,0.8272669443177452,0.5554557848525106,1.0535564372993225,0.8601814737591923,0.0006801713253266845,0.006186902662407113,0.00020198231574428891,0.06262867221911875,0.028095524897661584,0.7270458806163144,0.00013674526774143153,0.8966432679372343,7.370581428489875,4.246281735182595,150.14589389010462,0.7224672905237359,0.7314691454885552,18.231012619403725,33.35584836240832
0.2828736131264195,0.06387111776015567,12.647598598143942,0.009926874575586386,0.01002016094148275,508.66063564906506,14896.502603764224,4.7638024700005195,21.709264088347073,0.3320199593429278,0.41232075204820495,0.361898344482903,1.9442350208815764,0.6327017401833489,0.8316688136640752,0.5606646274840766,1.0550841966923674,0.854511666377236,0.0006787469512519142,0.006197549039175327,0.00020035702412022453,0.06223274347935072,0.028200492312854656,0.7262127581802291,0.0001542280442843928,0.8945776229197823,7.384120752990784,4.241073667317976,149.63368761434137,0.7232795511592646,0.7318147093863056,18.27995935657545,33.13908708841718
0.281953488534995,0.06390530237454851,12.59998028407579,0.00987706395339318,0.010008840175496105,510.1132656462573,14950.694611504752,4.739439244552926,21.761006746685005,0.3337806310616425,0.4134975048082783,0.36014400005722774,1.942942575539031,0.6319444645948664,0.8294896604617562,0.559722508681627,1.055108071393625,0.860255587627142,0.0006801511431022318,0.006166956230272724,0.00019922665317258578,0.061783610720046844,0.02824926422846254,0.7220901126031789,4.241011030924841e-05,0.8932689891705337,7.4280115990026205,4.260593667582135,149.42453071231049,0.7234528071917918,0.732359934714048,18.297045426173657,33.00153742956392
0.27992852212363556,0.06383332538422425,12.469451468095762,0.009875746952375293,0.009928265438939732,511.41317739159234,14968.761769494884,4.74199747327129,21.89476824333771,0.33517004518334964,0.41147331107991025,0.36046756250225287,1.955778149790081,0.6274340000017813,0.8303034715396679,0.5588460189091644,1.05598301728085,0.8544122776824429,0.0006815840477333103,0.006192445257387648,0.00019980922271013233,0.06194316549806803,0.02819546495749383,0.7309113130953274,6.785620219051511e-05,0.8939547742002975,7.407290946541505,4.3045539680614535,151.02623587806556,0.719324034099021,0.7390630157041079,18.284836805606204,33.01236436564273
0.2799865186982323,0.0633169517988655,12.526272198523728,0.00993973708117041,0.009965691119884742,512.4728414629402,14977.205673511284,4.782948596716283,21.994131921533988,0.3375271458287495,0.41267748649479263,0.3574126491866561,1.9561891944584506,0.6281153523545461,0.8347137147531303,0.5655923736649628,1.0530465545549508,0.8561371203112579,0.0006801633793768446,0.006227223086969947,0.00019882706710261947,0.06139036083856902,0.028273353732793407,0.733127335571607,0.0003159737835998464,0.8901150012547986,7.41270503122531,4.30102745605541,149.56527434656118,0.7213025836869748,0.7336638784574968,18.316449487072077,33.06615490403458
0.2817062958319889,0.06299733124802714,12.508238801371267,0.010009186553104283,0.010025118493079228,512.4235454906977,14965.952556967468,4.77198419897901,21.958764987547,0.3377696158600676,0.409597539326048,0.35795845026201445,1.9739183989411972,0.6246316047024562,0.8321939947969816,0.5642036309905238,1.061345012832493,0.8651854039666148,0.0006797208899265576,0.0062035800828149626,0.0001996034180476546,0.061433328554170816,0.02840434289311464,0.7382803830337532,0.00023028133760241362,0.8930129813970552,7.4193406478130495,4.29334726647424,149.81597361252062,0.724263838325635,0.7324234006436589,18.36789473503218,32.888872474828624
0.28125521643341805,0.06273746156966908,12.56842691517517,0.010041514393210141,0.009992838909146666,509.58231011693186,15030.997547651468,4.783727356909233,21.805071706684117,0.3360027076151093,0.4097466614246678,0.35785706277246493,1.976305572714374,0.6190472422912745,0.8356143373086787,0.5669182147526829,1.065025180516318,0.8683058375849108,0.0006762654432905986,0.00621215255514126,0.0001991642353300866,0.061357172263963936,0.028650545908786688,0.7353375115073671,0.0002219109245278534,0.8980397815002197,7.397791747991518,4.306826664285007,151.41158161503768,0.7268347265065485,0.7266164234087942,18.39202730296575,32.49206425219905
0.2804244988482379,0.06270343312697611,12.552987162594377,0.010040880427101948,0.009935320189411394,511.2566826919822,15048.485088334242,4.724687781622824,21.765649026457396,0.3372425977948477,0.40856652305843344,0.3564495340876865,1.973399460443246,0.6149108099528627,0.8406538784458966,0.5610784895916354,1.0653221282542629,0.8712868246653166,0.0006797832742957202,0.006208483499506422,0.00020008493701197282,0.061200600350422435,0.028657872419322456,0.732052971490444,0.00016586354862186642,0.8998954107802347,7.392595094348302,4.324646507511584,150.4206240246145,0.7198970261902234,0.726381072851631,18.410730610079035,32.50746344678933
0.2811910378464699,0.06306613679348647,12.516542868062519,0.009993681951199825,0.009977182349584588,506.571901896327,15123.80316248246,4.739894984247305,21.788094821657232,0.33610560884024765,0.41100189873920046,0.35742556781237117,1.974606629344103,0.6143360573912355,0.8410016130616093,0.5609935111772991,1.058583335690416,0.8776294957056262,0.0006773600204399344,0.006243384445944964,0.0002005458862165758,0.06128669952473936,0.028329937849689776,0.7324848963726381,5.193648529380968e-05,0.9084367165684882,7.392717257767156,4.325994991283536,151.88692788270637,0.7214161712338838,0.7258944455904114,18.453265721079823,32.351339565608825
0.28259772879401496,0.06349798900008745,12.529948999337078,0.010061483969021527,0.009999012086709922,503.2646542816802,15137.136840197283,4.760513578880356,21.683010801554158,0.3358015463857768,0.4131800516953804,0.3612565770000138,1.9814147265516742,0.615472717279255,0.8438117260700182,0.5633753099500185,1.051110854128512,0.8739123790373697,0.0006785864333369267,0.006260437325537238,0.00020048781351434704,0.06100303159050871,0.028721374896881573,0.7333642167617795,1.2503008397338149e-05,0.9088352609859721,7.325763864728926,4.3539450353232665,150.93702648410803,0.7233832869330189,0.72685788533458,18.42544609053362,32.18673747399491
0.28388075909003263,0.06314574926168653,12.474798353742626,0.010106232768622455,0.009980484757945827,497.8748619178722,15267.516229579604,4.820067578116038,21.600561407924555,0.3367768183241284,0.4147060425965484,0.35912989756819297,1.9717535967979694,0.6150008701540305,0.8444203217664407,0.5691551362856688,1.0522538769694436,0.8715670053189238,0.0006753665510884974,0.006292290260685752,0.00020025749475323663,0.0612871853660086,0.0286828708488354,0.728735856012747,3.872910614078068e-05,0.9058249623351173,7.320092514172352,4.379529650565351,151.7188111738429,0.7234677804161393,0.7248852527387972,18.483521565152337,31.873088139944095
0.28409242660956324,0.06298245147055599,12.487785486407583,0.010079204645562417,0.010033616472110455,499.9167796321588,15301.96459250247,4.820479281135346,21.57101634373891,0.333411726989281,0.4141989163924499,0.35547237197050063,1.981310668370304,0.6099840093355736,0.8387751994281655,0.5690745972627629,1.0565986759270363,0.8672454459619718,0.0006830892935683916,0.0063140264800968,0.00020011439124103915,0.06127629169398893,0.028917162899128154,0.7234854973142417,6.184868092304845e-05,0.9041122469461547,7.310095306799209,4.377965521131678,149.81023877162136,0.7260202756461308,0.724839518662292,18.5008716460212,31.775121422654866
0.2842186163512101,0.06265875712683908,12.397462633280439,0.010071172963583088,0.01004466538685137,499.5712566793184,15367.757503140101,4.8250046729817955,21.546779917040762,0.33681842161497044,0.41258377613127134,0.3537675180471319,1.9793139195162377,0.6063903447575959,0.8384378049250901,0.5722477526741592,1.0569943286090402,0.8666339666145025,0.0006819435825897837,0.006315371345090285,0.00020081102013857032,0.06071412059578805,0.028987669019520625,0.7231469758612438,2.6628816573120065e-06,0.905824395346896,7.331922296268866,4.3776819328736645,150.6532271148145,0.7272070947403422,0.7226475120287882,18.47109040703655,32.031632030714235
0.28391917742266304,0.06288808450294592,12.355339034538249,0.010085175384317115,0.010035730097190344,504.2949103575812,15237.929473735077,4.829958286154804,21.617913512894486,0.33562723669035455,0.4167874525195042,0.35409659151739326,1.97992754284509,0.6032457623082387,0.8443737484769855,0.5728423844416424,1.0613367275111734,0.8705394814438575,0.0006794558982043146,0.006341277517947977,0.00020227052066728386,0.06047443554639197,0.029106124406563225,0.7284351443585846,1.906382019610835e-05,0.9072003905750508,7.317983387037794,4.377602180175589,149.7182919932646,0.7304752930628484,0.7199659674505695,18.433816514541192,31.885333025658287
0.2821140392814812,0.06281413752489236,12.316075042131628,0.010114817041452926,0.010015854123274406,504.9243109160977,15356.048035060883,4.757205753652298,21.666662311990645,0.33708294344483675,0.4157320799508271,0.35743066330389905,1.9757342227157508,0.6011310206595881,0.8439162031873519,0.5716879795424479,1.0691957034207207,0.865134912265859,0.000675206213611842,0.00632358691789027,0.00020359014268465862,0.0601035955716608,0.029027317606535215,0.7237552541203992,2.0776170324571672e-05,0.9067303291763956,7.255801145904297,4.348721542356006,150.47299750997956,0.7261621966414225,0.7200882181759105,18.42673693371246,32.04128353116631
0.28167037880128165,0.06245528108355398,12.260012005278911,0.010140324444282927,0.010114388152814506,505.8101052456053,15313.020636599746,4.711199275493611,21.719750750055898,0.3363678914807172,0.4162132309507256,0.355093163533826,1.9643658969826365,0.6009270684200424,0.8419600336447223,0.5764170703574566,1.0639991995539724,0.868599108267664,0.0006774385272281851,0.006341071167497061,0.00020333167374821622,0.06030063606643263,0.029204683699456176,0.7175631703256026,3.0749755490939346e-05,0.901891599515193,7.272828833059176,4.343503554198058,149.95507325258393,0.7224653787825932,0.7251068561370992,18.53515642484445,32.22945983384045
0.2801887757525164,0.06270202165144502,12.346441863836128,0.010152176303434448,0.01004787585882218,501.07021501666867,15345.98563333279,4.731263078843763,21.719420479638615,0.3364797843757625,0.4159584649811381,0.35649305927037145,1.9559756445405,0.6002367172989347,0.8454152048456309,0.5712256685200853,1.0650760564672268,0.8718654580415087,0.0006786086534380048,0.0063362727202120085,0.00020217176076122874,0.06037239070269155,0.02911908126699294,0.7158474410301279,0.00011470056209154916,0.9040531572580751,7.266048591900015,4.353792072282427,149.484875865457,0.7142107106122639,0.7305799923983091,18.511940325042325,31.947064797888444
0.28020413046979087,0.0635127300258565,12.325431785389265,0.010144410673408925,0.0100145024555078,498.7672762487002,15245.17566506339,4.704877337713876,21.55819151035782,0.33657085707423606,0.4182233353317866,0.35552217054727236,1.9513198091697614,0.6031926280758897,0.8466888488956367,0.5719602131053388,1.0595890921518212,0.8757752056055426,0.0006841549404641914,0.006354490111109621,0.00020150238571868732,0.06065322325064909,0.028787703469038053,0.7113645484497965,0.00015639254770432828,0.8992454404752079,7.327229393187151,4.329458776890094,148.17223802991165,0.7115387695017642,0.7263823790574622,18.554135431353444,32.11231415145729
0.28133998327450654,0.06362286350702921,12.217030268174312,0.010101875341748763,0.009986034276663062,499.6957468710443,15291.748573572479,4.676211148724557,21.607678976375958,0.33856358635282935,0.41771549557411164,0.35690658386606156,1.9515312467366233,0.6093036397924418,0.8504219061371082,0.5742873552675171,1.058268827675159,0.8753266425109185,0.0006853616406756959,0.006367177490797727,0.00020233909265971717,0.060733430316297306,0.029069254476952064,0.7100978376644136,0.00021056151020913883,0.9085300892940599,7.294916218907602,4.303268464812455,147.30133318821453,0.7144485444821047,0.7254967167355916,18.716705009095666,32.04701040119937
0.2802472606503545,0.06329446313446509,12.309701025443987,0.010063496244311632,0.010076422509598205,503.18106065474825,15160.065112559138,4.65629417244619,21.419719447483292,0.33738375352041927,0.4193679507629494,0.35419671224988625,1.937123072145082,0.6055600207597099,0.8534587571274375,0.5728362953701079,1.0571134848647914,0.8840582854867918,0.000680527710106504,0.006311334900572366,0.00020324806061601351,0.06087510461088761,0.02929837830792633,0.7102406029345153,0.00010016501880202606,0.9148597048939567,7.287007545210849,4.283642302010432,147.64522971399614,0.7133614259287524,0.7232824153590158,18.792558156192783,31.71555889421882
0.28128113662837284,0.06312900946627198,12.442939933277938,0.009965928232535835,0.010085912659998883,502.42778232488797,15058.139026484225,4.669699893694046,21.456521080761743,0.33562819208118344,0.4183746173831777,0.35217372450729895,1.941593628726444,0.6036773526555259,0.8512403131579692,0.5733263208760322,1.053663369732501,0.8801339431745462,0.0006825858904267059,0.006319718757000445,0.00020142475541131942,0.06018691654407551,0.029399486003995265,0.7154615899312973,1.578482044312847e-05,0.9242535800204322,7.250617831868767,4.299809868249211,149.8786935536464,0.7200399733381956,0.7193028200988032,18.853044939894353,31.92576140043275
0.28067627743945905,0.06305547307585252,12.387134799242311,0.009944326098800553,0.010074014052694126,500.32014804168415,15037.231887357895,4.617902715663367,21.498902091193994,0.3342958115691451,0.4184739288043102,0.352860388718732,1.947284453218188,0.6035241441578615,0.8478080063938054,0.5732725102339606,1.0603460356148813,0.8808641182643787,0.0006784008804241829,0.006299363319176703,0.00020052319393144624,0.0602367161289337,0.029586723517090928,0.7251225516536957,2.1866452970532553e-06,0.9198413644356563,7.303081293274837,4.306354937617619,149.49838775887835,0.7186084078423898,0.7172199399169923,18.971754748488348,32.02860789375993
0.27889473516625934,0.063032239574559,12.350768907302612,0.009934799221391155,0.010071797607951814,502.0123239404362,14949.553360711932,4.626830082671213,21.426712778158514,0.33617548924525703,0.41821972170198873,0.3539077662152727,1.9499239104026211,0.6035378480564093,0.8480758850519965,0.571317954382902,1.0621541530924314,0.8820914066749657,0.0006767331608774758,0.006305893272602979,0.00020101572086774126,0.06045520463742305,0.029502447132021964,0.7238143420051354,3.737154513684023e-05,0.920674395519831,7.331796409302152,4.330828827031917,149.98628484431387,0.7104069968174593,0.7152167053576448,19.01729377177588,32.04320423800362
0.2790619411573066,0.06262422282535754,12.353159934299288,0.009949125560248412,0.010075695188782405,504.9944980274505,14837.369041271748,4.6084312505021225,21.51650633933058,0.33337032507640163,0.4155593554319524,0.35380669246261803,1.9459928016169892,0.5974590987706857,0.8502852037107091,0.5723693558632058,1.054938933589032,0.8805897444608536,0.0006765624069668856,0.006289958830442054,0.00020107039346636599,0.06122035481337288,0.02947157072549454,0.7237090668432435,8.350526599486297e-05,0.9296551755140441,7.366936110271918,4.341695544329858,150.19062305376954,0.7126522530316874,0.7143162569837112,19.02169446161131,31.884284370955204
0.27834749915155305,0.06278989161508385,12.353193386752526,0.009849941453785177,0.010045829631272804,504.15039702562143,14881.22825885894,4.623813573489152,21.421575248253976,0.3342841552971351,0.4175495514919296,0.35400701842833654,1.9493998174891791,0.5987124856659254,0.8524765811616006,0.5715942136314093,1.0538634888718699,0.8880363960376066,0.0006734636403971625,0.006306745432264776,0.00020271252589721206,0.061905334279195645,0.029619037140263687,0.7228737963916964,1.4284559634163474e-05,0.9349058746185909,7.267575976079843,4.339679273504571,150.54943983284753,0.7105137753707681,0.7120335357697541,19.037465541170636,31.859467751164814
0.2739444279220239,0.06260417738470923,12.290644213442404,0.009879374728463907,0.010051675428613427,503.5979189304214,14989.913180574225,4.658802897110858,21.357932899910107,0.3356169497097591,0.41465253658018586,0.35464054598280964,1.9508962959978235,0.5991581984510399,0.851208251554515,0.5745781348493516,1.0503144514912153,0.8824888873494032,0.0006766594062326263,0.006267259575464535,0.00020289904833106437,0.06212087044675682,0.029505833655361333,0.725983201914281,5.032274104703837e-05,0.9370011924132859,7.215481377835803,4.352824331840747,151.59134287718143,0.7095853331224369,0.7118652818174123,19.149086730348763,31.90183480719326
0.273814990971797,0.06254393890670093,12.304665459851023,0.009845326912173996,0.010042493349163314,505.5959435315344,14935.049792874903,4.6491972176512375,21.279606136907187,0.3388964654873766,0.4137950522883449,0.35557742580173485,1.9381334559694963,0.5956841378642576,0.8499359121162224,0.5692355360947087,1.0411500343168656,0.8814949168267155,0.0006769281553789027,0.0062822383875080386,0.0002018130383471251,0.06172238191320591,0.029485914994329822,0.7271803414556732,4.155273136861121e-06,0.93037786873443,7.233559200976413,4.340249756307399,150.56760951133302,0.7051745066345346,0.7148001189775753,19.099470506472723,31.949309969888336
0.27417411332923175,0.062105340929518485,12.427516289269322,0.009876214209030239,0.010007792102293531,503.1282470029157,15112.719090054401,4.630647511591156,21.34471148521236,0.33797708200764803,0.4167270696808386,0.35544461699927793,1.9528594700526338,0.5931247333897014,0.8539531456736076,0.5658425200261162,1.0503068570838998,0.8764323376818922,0.0006793271492353838,0.006267874590712255,0.00020219685610492423,0.06213872714696001,0.02947501157523708,0.7302703641479338,3.9419840542575155e-05,0.9322689984860786,7.192881337752258,4.350377713399833,151.2494259309934,0.7032040677237558,0.7167743457236083,19.19738064445917,32.207872767513756
0.2735867868219984,0.061604388167323706,12.44775145968853,0.00986509448903949,0.00998447440967406,506.0225060937167,15135.201365334422,4.668359016918563,21.261736434105106,0.3387450955262621,0.41502848160907174,0.35338583533726037,1.9436953889339963,0.5913653569675481,0.8547095534820693,0.560824161953318,1.046923354906039,0.8791487399389862,0.0006812775654539932,0.006241277487033475,0.00020135332113655353,0.0615772826953428,0.029631989535799968,0.7324572428164547,7.689595672222793e-05,0.9333079519350388,7.1894192444369605,4.334745462737131,150.45608820132864,0.7007650388369896,0.7172117476087295,19.200249928748875,32.35788879353817
0.27543930415983636,0.06083276686810321,12.475467075923195,0.009787778143635474,0.010030168901986535,511.07330681274203,15135.159019294266,4.711028919290011,21.240924153160837,0.3380088605154465,0.41507439412003844,0.35528161669550534,1.9563032582325222,0.5931803929655306,0.8571650693657975,0.5634103424824937,1.0376971543965647,0.87929326137002,0.0006828013814117037,0.006239022153835211,0.0002017376955215587,0.06157830836846283,0.029528140800273717,0.7393150948885696,0.00020547627582553956,0.9362766673633334,7.1900055333115755,4.344629180187589,152.20863225702456,0.695467953168121,0.7123006026262476,19.29126517883912,32.712122948673205
0.273861531013558,0.06115179577417978,12.440120387312456,0.009784950369426474,0.00999821746884245,508.0825760950705,15166.17063652843,4.7209809033061525,21.33180906941932,0.3380081824562784,0.4144850115893576,0.35627738320743685,1.9668463873936406,0.5917895393459928,0.8562300945320123,0.5671140893510395,1.0350587462375556,0.8819676578840363,0.000677879619140947,0.006301587361712337,0.00020304329853171506,0.06139858759611115,0.029578389392884426,0.7466897657060662,0.00012010995157676793,0.9309667065643624,7.196136593258985,4.364985505134323,151.60983589395195,0.6887056413360774,0.7112831869247945,19.34020955770754,32.80822881232379
0.2737296385341677,0.06147079805252291,12.434383598864896,0.009840668782999386,0.009981374428580334,509.11754645771526,15152.343998125358,4.75086850139428,21.45793572692925,0.33746105610680394,0.4125926070317776,0.3561936153545058,1.9661472601296703,0.5883267097886227,0.8579455372162421,0.5673182209051537,1.0412522111475795,0.8815081764011601,0.000673260678621004,0.0062728980406347385,0.0002018495117932914,0.06124697470740734,0.029790969744484624,0.7518630041546603,0.00014241979535944185,0.9299624554351974,7.2558517567884016,4.389136809265889,152.03145547991147,0.6868782239273681,0.7083012163471574,19.268545247684767,32.792681182089204
0.2737740052543288,0.06140878673081052,12.386577448760791,0.009721805585553312,0.009942496949174356,504.9043498701834,15104.990800761872,4.711695444083106,21.482878913587072,0.3358743844350011,0.4143856443876731,0.35405155453336284,1.9659447565408712,0.5855277890590829,0.8606939871112699,0.5623579536430884,1.0492294243474476,0.8792738056111729,0.0006716176513724594,0.006310567220629816,0.00020202031785930156,0.061555918836869464,0.029731049974781217,0.7521770192930199,9.474515454468597e-05,0.9373545059162616,7.274754055949012,4.392150251190982,151.11316070275876,0.683052390477565,0.7107048778720243,19.23230515846265,32.964465651655345
0.2722243691518098,0.061325149991801074,12.449803779462721,0.009712767250550996,0.009971113552142412,504.6636989370489,15016.076158909093,4.691498025107436,21.569271861162914,0.33283660909298063,0.41424929196092647,0.35214290150650346,1.956042174886005,0.5838768081955138,0.8586541636198837,0.5619748902025056,1.0452429957970149,0.878848859228449,0.0006746265377139169,0.006289606132108988,0.00020509628869749236,0.06224273694188972,0.029861734639951093,0.7524610343079302,8.772447802823942e-05,0.9187922295146511,7.272751876743739,4.386657869324349,149.74421381445026,0.684522878697971,0.7101282989342573,19.191590403936793,33.02756793250353
0.27409160470785987,0.06143391996913762,12.429805394338445,0.009641176410322435,0.00993770436613254,501.8610489666006,15006.37156544404,4.725643623897511,21.531060325834193,0.3291922196764854,0.4109480622767866,0.3547144912499095,1.9409227112417013,0.5858850342215075,0.8583617739746534,0.5573950265016541,1.0471373060958422,0.8784313400773884,0.0006694458997649041,0.006283666700198309,0.00020527507503146513,0.06259812896247993,0.029837591676929558,0.75743216850309,0.00013976265465454383,0.9213424790515844,7.220985940419721,4.39333257066249,149.83266987696481,0.6877220428460536,0.7076418583754569,19.26743875202535,33.24680763205912
0.27495263026779987,0.06124660643867198,12.313833700712696,0.00962169887510863,0.009883657805221609,501.7319988176358,14911.185337701483,4.720006240088262,21.565544521013383,0.3301882832262376,0.41135844613679723,0.35248963361879293,1.931102842594499,0.5828149694680552,0.8597067050570384,0.5539446801660843,1.04863527120709,0.8823385335656326,0.0006658396349229791,0.0063128496803657765,0.00020765887166844226,0.06282795396800171,0.029995836561551498,0.763302629045348,0.00018241923352745526,0.9204460449986023,7.1744175119740135,4.376761494886935,150.2173103008096,0.6890789146101927,0.7158775986778153,19.403126338526523,32.99666208912342
0.2748086310489526,0.06046780827138671,12.295938215875593,0.009616737737379685,0.009839417909896963,504.2330727120778,14840.715339493967,4.728811929119453,21.587509768663555,0.32795816651589976,0.4111052310833296,0.3548481537955038,1.9225487918391795,0.583114323647533,0.8586818218478265,0.5556618092836995,1.0333926804350644,0.8795232935809111,0.0006666753926759585,0.006376686373472195,0.00020736245613251115,0.06255971683334292,0.0303004069866413,0.7555771302952626,9.94539014530396e-05,0.9230891117758292,7.1181216699971674,4.35957399297747,150.90153797761118,0.6887727193059138,0.7128321926950255,19.296058921966264,32.95939033435242
0.27827489780337417,0.0606837840965662,12.263020055070974,0.009646393777867504,0.009843763352854827,500.1099053478382,14862.365481853716,4.701546373254961,21.596499933375494,0.3273602155257685,0.41323728515481484,0.35245349002143456,1.924350305495954,0.585803993352419,0.863721251593086,0.5546566526938559,1.034558023312626,0.8826192456529282,0.0006688536738355161,0.006372099522982899,0.00020596914421148885,0.06250495797394072,0.030144430194263574,0.7504439468288342,0.00014464505580762555,0.9300610550442331,7.113248329893179,4.379364555829019,150.47073170618523,0.6898407098173461,0.712734227257411,19.371032998738993,33.01037010207886
0.28030320603297304,0.06113086795881522,12.217282917484392,0.009716738373012903,0.00987419382799321,500.6441809352544,14698.899641305856,4.723540710151628,21.594666898055173,0.32868843207405946,0.4113109376424031,0.35364254341863194,1.9244066316393176,0.5839717626590767,0.8587318542400519,0.5517858625610204,1.0300736657593503,0.8983113789169803,0.0006709102255467888,0.006386972417039881,0.00020673946449209567,0.06230094429449413,0.0301467030096293,0.7517864036786652,7.505455388396397e-05,0.9287708170941126,7.145191246768753,4.410002282123886,148.77731506868838,0.6864284710936049,0.7137085160239935,19.447270606392152,32.99563630674977
0.2788894250860391,0.06067014374018235,12.306981865376024,0.009676665608992887,0.009885541733631672,502.72156688130787,14711.501719301823,4.7285094119428015,21.502090117567914,0.32738618986524615,0.41071923588940495,0.35553649916315505,1.9185277944347088,0.5849950502471147,0.8566542546512066,0.549026563672861,1.030414327445392,0.9006235781382728,0.0006730674998023251,0.006354241817991724,0.00020811091394571908,0.06257018410164374,0.030249595275198358,0.7487398803615515,2.2003690342013642e-05,0.9306697836480121,7.044815671095924,4.402834098594428,150.3525130609444,0.6885916989481811,0.7152883431204416,19.504910874593723,33.13280821246631
0.2774771311613332,0.06046902815581625,12.3167553856141,0.00962900864216363,0.009860340995388777,496.6627954380252,14666.098274565546,4.769247308073804,21.415480345249108,0.33049529884514417,0.4093791081404598,0.3566145301724533,1.9228568698662887,0.5846716381312891,0.858597836717977,0.5475854891964748,1.034859888263907,0.8943722830916973,0.0006721558791573014,0.006309764752341901,0.0002078799327654963,0.062419561563227186,0.03005898200718504,0.7484004133914658,5.854339188951681e-05,0.9312021454503764,7.040546655388779,4.398984588612407,149.96812063223854,0.6844760140713987,0.7150507534518296,19.47348675040519,33.109336545145034
0.2802838627947149,0.05982414038995116,12.333169613139937,0.009621607699635281,0.009827687887619764,496.45532238094756,14654.054223943149,4.797023576805684,21.458095716364543,0.3299933656198505,0.40871058472331356,0.35753838819255074,1.9322862823715468,0.5840624304613264,0.8589265021411006,0.5493582063317761,1.0375758196014173,0.8866136670028241,0.0006729223606054069,0.006332318207132245,0.0002083095920084902,0.06202699731800606,0.03007493762595202,0.7479948307170146,9.052884355330803e-05,0.9425540801628838,7.12539535424956,4.390460154618944,149.4051176249538,0.6844731430815058,0.714272245931526,19.454397863261946,33.126827698348414
0.27975614875275595,0.05954039853614973,12.33340297572826,0.009657006968549018,0.009889979129929779,499.5450306025558,14545.649953010774,4.768033914637087,21.458410657028363,0.32803126404150057,0.4083278622294421,0.3589056002318567,1.9476743675896337,0.5822343273799915,0.8587327806696821,0.5495826370686046,1.0402455043704106,0.8800134948058949,0.0006719643279611561,0.006313748508677763,0.0002090388974720117,0.06166065614302114,0.03023598355111324,0.7427054658710497,0.00015324223469089508,0.9428917413495567,7.130941901372874,4.369755220807322,148.89584142102922,0.6886648093306214,0.7156252748351736,19.469811908281255,33.042933057719885
0.2832751961255021,0.05907718982261894,12.330872829286356,0.009716874112868054,0.009922788116751681,497.7180458671872,14548.47825914522,4.766273414221011,21.333210667329634,0.3279461297284479,0.408592001768436,0.3605882366735123,1.9479665656461314,0.5834424547842748,0.8604126678921218,0.5498301680958458,1.0469549098145714,0.8690591551597724,0.0006732864441535527,0.0063143344565370135,0.0002091647007811253,0.061398617250864686,0.02989804494750475,0.7446146385201264,0.0003578923756989587,0.93781339283689,7.155724521255064,4.377528764585637,147.234124034637,0.6804852481251094,0.710601822505556,19.500923640500325,33.37903892877713
0.2850963419587012,0.05917444078163805,12.331718329677306,0.009781258796267353,0.009918105219018916,495.08744080102895,14602.824935041266,4.732555289933026,21.456041247272694,0.32752191718675033,0.40809289225066536,0.3577985443921618,1.9527497114963983,0.5835596890125238,0.862545303849143,0.5485892435434471,1.046435327917697,0.8645575098236087,0.0006715850522225718,0.006279071210114315,0.00020888129347782484,0.06121443581824588,0.029920897649743566,0.7456447204320867,0.0001681051798348594,0.945005018669173,7.169446881170452,4.346089241846628,147.54256478029654,0.6840341105216153,0.7100218678698559,19.471396257878155,33.580475254648846
0.2866271516344386,0.0590212242861929,12.254941638979085,0.009814526714444579,0.009893719509265658,493.04811355006325,14595.872832694264,4.738631646289726,21.46085579612238,0.32609547149171153,0.41012865264026743,0.35679278842367484,1.9675109831350022,0.577159019254615,0.8598927309629345,0.5510714781224237,1.0443248781454697,0.8700556660676846,0.0006719652812267825,0.006348581491062482,0.00020796770092076266,0.06150618041956409,0.029631163635124556,0.7457728459523594,0.00010952139203615226,0.9411743596931849,7.132025662471375,4.346606956416609,148.04346949514454,0.6813692562332867,0.7070675213694315,19.44260500064593,33.55057116970245
0.2848807201291443,0.05918359418347978,12.272441962585155,0.009880770665467168,0.009949127131529813,490.36288641951444,14531.9920369831,4.687819166192078,21.413201094448848,0.3300338240744268,0.40887484481430814,0.3537585095517846,1.9762609479642945,0.5763456054855133,0.8594613120725437,0.5539285809079344,1.0421160645660406,0.8690151504808998,0.0006696877186487222,0.0063172927456519885,0.00020757245167122226,0.06174158535511961,0.029575199964931038,0.7431098479507628,0.000251012182982283,0.9403575528135691,7.070876100305836,4.342389821541724,148.92645768455105,0.679075179671898,0.7071410360783436,19.331572478370518,33.578532651085865
0.28321707230051885,0.05979457306226654,12.238718723584942,0.009876817628289677,0.009881428960728682,490.23842693745166,14409.635139787271,4.740355760757271,21.496140384050598,0.3301438375370986,0.41102953602080516,0.35135703757385117,1.9857754993523054,0.5807518422939772,0.8580115056000482,0.5598855126088471,1.0378159372540086,0.87428626727559,0.0006733504176736621,0.006269742111483918,0.0002070476887881153,0.061484535358853676,0.02940859747071458,0.7481459474693781,1.1682290316601354e-05,0.93904496597601,7.042432105701536,4.348705259435982,149.6706494034921,0.6788090690332138,0.7068959134883775,19.240407239080106,33.760211279859504
0.2832185052749125,0.05999941833526053,12.10948690847403,0.00983791349622826,0.009892294034151565,489.08642343398844,14305.577481386637,4.7656201302282675,21.468065409203984,0.3300049438202891,0.4114330591197358,0.35303352976581287,1.9968880122297925,0.5812801900360062,0.8580565324827669,0.5577619184634063,1.0327015323965147,0.8741289765069488,0.0006746438080973046,0.006294699236415717,0.0002075104235316656,0.06143348181987573,0.02946319364338345,0.7501589548727046,0.00016558199361017492,0.9477950432440777,7.083489657504323,4.366423398526691,149.16198148602993,0.6846153522225913,0.7050267241670457,19.190588349563185,33.94822328174099
0.2847215287157912,0.05980485590381055,12.069905807070624,0.009879011531301234,0.009893234531096876,488.207185889402,14087.417764725344,4.746013187659268,21.521983884455516,0.3299288237420751,0.4115662308311172,0.35529573641965373,1.98852869575015,0.581867074176215,0.8646116348097791,0.5561726929559325,1.030224370825365,0.8756476171564579,0.0006696840595577304,0.00630511062101987,0.000207102662129934,0.061142342310382784,0.029621841989273815,0.7549407174398086,0.0001702315233414132,0.9466180356637566,7.059815950593718,4.360737759149585,149.4891679291896,0.6747885657059322,0.705161295429021,19.105742877724328,34.078568698539456
0.28368564323819917,0.06044890637898545,12.028208356559528,0.009887554375789694,0.00991145666126013,489.5363815194012,14247.513391360986,4.697771616069455,21.41180848112134,0.3274304700926674,0.41131986087755246,0.35533633802972886,1.9904856509225575,0.5843716275327167,0.8623474289782999,0.5513943498955947,1.032301989076711,0.8751884516387419,0.0006721603246207545,0.006272688792700274,0.00020534137926133837,0.0612350376474894,0.029680325059859177,0.7543516152699422,0.00013236236780244856,0.9438629393965795,7.070887097661703,4.357150010796807,149.82135417565925,0.6767183016231213,0.7016709074036986,19.072724365501266,33.99473315540509
0.28460613707906873,0.06039571958322212,11.9436019360495,0.00984097985547668,0.009910435067412402,489.3612586144904,14243.09764754566,4.778696203500266,21.379105472706055,0.3253840123830894,0.40906248737271883,0.352670298879995,1.9850103480559989,0.5850825342357227,0.8599771248411894,0.5531237226570495,1.0354036553536856,0.8776956379075735,0.0006676769208550892,0.00623052823732345,0.0002048904992592153,0.06163133611126949,0.02969730587171213,0.7514521521541724,6.0516458657928316e-05,0.9488694331202481,7.050992145142987,4.381454873594363,149.0829284166506,0.6762046836041912,0.7044787048701203,19.073012607893595,33.96939279295787
0.28078719912396377,0.0608822951442752,11.95355374975486,0.009812936274492678,0.009819634502737392,487.6063660024668,14222.15619367611,4.805580428665933,21.439034470690302,0.32217161264632377,0.4087497984155211,0.3561805844635382,1.9842115422378346,0.5864969993918631,0.8572456777536485,0.5503198224794289,1.0319829180141562,0.8753584314800666,0.0006713484138375554,0.006175720871827461,0.00020366212040450865,0.0617479357116558,0.0296842660338248,0.748567208294148,4.6240701291961234e-05,0.9440811026519101,7.049171538453989,4.383394966573283,149.48184483392942,0.6764391999023968,0.7061315446489773,19.07482252214622,33.86162672030857
0.2807801857537398,0.06082246107479909,11.921404687692869,0.009815783404243356,0.00985210208218828,486.15673661260075,14273.697205685827,4.797789717080882,21.477888148638414,0.32376339422508793,0.4110895181891773,0.35483612178497403,1.9877999717110746,0.5871301599808965,0.8604051642494518,0.5470806425497313,1.0343295759887146,0.8714314710952304,0.0006757481102388182,0.006215922839937018,0.00020180265370884452,0.06144615489364349,0.02978935672923385,0.7457553223505888,5.0488569291817506e-05,0.9341139144969223,7.068691893878729,4.380298736877564,149.78211266449864,0.6776561651415509,0.7061137196914113,19.064615553372597,33.719359562758015
0.28124548809430033,0.06068671053421669,11.990461375401583,0.009888124222138533,0.00977243814510177,484.19582163139506,14274.033118589696,4.822128488224238,21.344646971404945,0.3227841648604067,0.412793285397209,0.35279592921931247,1.9742588343785863,0.5913981697531188,0.8568269150145703,0.5426033783402476,1.0312511238770754,0.8641744788690324,0.0006764023346113382,0.00622290886427781,0.00020317616010325952,0.061345943404795766,0.029704863597857338,0.7485083916861869,7.6272432602598e-05,0.9394062786198795,7.036758385137771,4.410454608235284,148.60737693226818,0.673896715718895,0.7010187347782705,19.059063224632627,33.61391371732015
0.28253309710951735,0.06049229203463009,11.918123206724033,0.009900635660654106,0.00974459702309796,486.44426165498874,14409.468347913082,4.814368539181117,21.54026975581564,0.3269738390643991,0.41133099743364304,0.35619614933960664,1.9862310382283832,0.586073516176524,0.8529350929741797,0.5431813528912888,1.0306144801312902,0.8587184705604972,0.0006718232597456579,0.006243129580626444,0.000202440653450354,0.0612331481056853,0.0297320388770332,0.7528462651800453,6.592792700777544e-06,0.9499517611909515,6.949638573422447,4.389291856272561,148.38901514780073,0.675032470391389,0.6970047506459708,19.178883713758292,33.54570725612043
