0.7401026221694832,0.14336574335949864,19.758979741953198,201.37358455863244,5997.176174051713,5.99904574542943,15.078629899641152,0.24717232236378425,0.2502414398371652,2.0048416366144783,0.5954260802996039,0.9018717431713958,0.6992044241197702,1.094017959295049,1.1081309968670303,0.0004998735576365542,0.005026410010971725,0.0001981601925168,0.8029017332469401,0.009252446090926247,0.299213553883523,148.34172286827732,0.30151296585036197,29.809074025246993,0.897125712970069
0.7446029254343848,0.13936708526169206,19.56566763787724,200.87924447272582,5984.232935583615,5.987787271269377,15.007977472184947,0.24715674663430226,0.2499530957155909,1.9962958308491894,0.5980016743070402,0.9033501407729297,0.7000493814331895,1.095051065761191,1.110637177227981,0.0005030833480435396,0.005023636220454503,0.00019887989438777603,0.8016309766694043,0.0020662444617067866,0.29407657653646957,148.28092745011867,0.3026348444509001,29.873863572999095,0.8953247935502494
0.7487085191953932,0.1398629268092079,19.646196937164376,202.93429001301206,5991.555881444052,5.952576440331336,15.024929178170112,0.24852215057050084,0.25116581089098555,1.9989934074127147,0.5962514081704791,0.9027911479283187,0.6952748520989213,1.0887002705653919,1.1073981802508268,0.0005009473033750229,0.005011433590145554,0.00019890352104051813,0.8009617905468371,0.000607938159941947,0.2862988146795688,148.4588940253801,0.3025290018725067,29.874680890895377,0.8925379502820457
0.7538728845288385,0.13477646145199967,19.626788934064756,202.73951499544103,5975.8121269436615,5.916215126816256,15.091449271743317,0.24904470223931913,0.24974698976403148,1.9990852991328407,0.5967432906642501,0.9052599100809887,0.6952934055568384,1.093329942765458,1.111102505614612,0.00050226739852558,0.005021555428951056,0.000200281102607048,0.8021966200258739,0.0001313204426831122,0.27910310232486624,148.68635647479098,0.30135249367776157,29.968068224033097,0.890666095999328
0.7508824725414273,0.13558995006254648,19.73459069276495,202.73163698954596,6004.443830472061,5.961385736056928,15.170950054843848,0.24904625233613523,0.25028406008021026,2.0094042584041385,0.5938807155160537,0.9009934475015481,0.6991061837220149,1.0978873536435303,1.1095058243701006,0.0005055855326557667,0.005045637730682666,0.00019967778654628873,0.8006746029734026,8.629773367668534e-05,0.2805665000225701,147.82224727141914,0.29850524425394026,30.17225748424891,0.8774067185368247
0.7576862892049465,0.12820592641345588,19.83515345206062,203.19580129491183,6044.283413534891,5.946594756195572,15.252686576449792,0.24858508169663582,0.2500514905987112,2.000864176237406,0.595188971202565,0.8977651516733762,0.7021544715415333,1.103569611003613,1.1134685781140845,0.0005064037267471297,0.005006587532957982,0.00019877098466196527,0.799962042977487,1.993966411688311e-06,0.2763347682583152,148.35116216117095,0.3002600920635684,30.42132147108368,0.875264355301131
0.7545387312240339,0.12194023880229321,19.96738719783912,204.9788651132153,6062.54872469112,5.924808769920237,15.288741592678148,0.24574044313443016,0.2498955247488784,2.012849359219671,0.5959495058218865,0.8961324400684357,0.7022320732326293,1.1070170645387432,1.1158654652142146,0.0005068588262457769,0.004992250690230936,0.00019949869163437425,0.8033885848000509,0.00013848737968726065,0.2773299013258723,147.8576584860807,0.30167112099546733,30.44613772312372,0.8717141417247404
0.7505210333833816,0.11381641024219101,19.955906955236106,205.03547691799486,6045.005119488855,5.924082331860616,15.372643414841976,0.24413852447738768,0.24824378017883336,2.024904529077412,0.5938998456876537,0.898165656999839,0.7022011822445944,1.1076741388391709,1.1183771978009907,0.0005086850477139614,0.005015943499501907,0.00019953423648606583,0.7977676999590533,5.6072120790278334e-05,0.27743984184713827,146.79391853559954,0.3013659748187082,30.33066195020914,0.8700656765307928
0.7547534642201094,0.11503491730026386,20.05753224473227,204.6785838931894,6046.1750412547,5.926507424473869,15.290162186064276,0.24310701371775198,0.2479824301503918,2.0307671382259933,0.5943211982258461,0.8986185310628977,0.7006178261769108,1.1046672440304353,1.1137766295800973,0.0005089151479073372,0.005043046331178533,0.0001988744996876988,0.7957864125936064,0.00014293468581255713,0.2790079785601508,145.59908016925496,0.30236423186728845,30.36857422306035,0.8721321814469247
0.7514265261372824,0.1191741117023393,20.123318869255467,204.64465522009036,6002.11039031258,5.926561320704351,15.311467381619124,0.24293169200412218,0.246419940822134,2.0438932620323986,0.5946633444335561,0.8984311594281813,0.6978104093656535,1.0975671865352874,1.1200165688316794,0.0005103573537512497,0.005040409899351932,0.00019887039152754083,0.7958000222725289,0.0001371566014627496,0.2891925996994934,146.35522891803933,0.30127025225897425,30.22774449844744,0.8671114476091408
0.751364699047234,0.11555823937074589,20.20754669840403,203.28503759062193,6005.398189616618,5.92709871201924,15.302476938336275,0.24209546221436598,0.24677112485249816,2.039590054643576,0.5895009308685102,0.901371615010497,0.6946418309236331,1.0908979457179586,1.1225728948658575,0.0005165212970663136,0.005038094030381414,0.00019845296372115965,0.7960087245026277,0.00028401456437848933,0.28443154178000507,144.7739023855638,0.30171154691270324,29.882793005449454,0.87333099144087
0.7533668978944238,0.1133389398549504,20.337707873364824,201.7430357638027,5993.861348820396,5.9468280325814975,15.36922146785535,0.24231607619982332,0.24681978404930366,2.033213391452564,0.5872359570286,0.8955994118983289,0.7001694935064098,1.0843630938076116,1.1221895768567782,0.0005155649957816354,0.005084384961618716,0.0001983316992409301,0.794886710858449,0.0001914175425770009,0.2884630952914132,145.29762992426092,0.2996755192208854,29.746916233575558,0.8801997658415205
0.7483526883554076,0.11412992237403118,20.325352659886825,202.06513377198695,5990.334048428806,5.927503899575858,15.444104967779447,0.24390470536570824,0.24781771646179754,2.035788555625984,0.5828226597897123,0.8978849113960234,0.6968100298961025,1.0792083202700937,1.1138656391259532,0.0005141132826702084,0.005111677711525003,0.0001969098468823597,0.7930940689203031,0.00012806537832608982,0.2919679248445488,144.4355780710201,0.2958269171003174,29.870517480163805,0.8854288703352694
0.7484313346131228,0.11153772728218324,20.127160820075908,202.4133171801368,5945.688907817812,5.936917350996655,15.454483988461055,0.24387449291177735,0.2473069965354141,2.0092523005531255,0.5869052317569756,0.8979317392993026,0.7004749971078414,1.0862496150198993,1.1027793136642283,0.0005126235858813642,0.0051045500867337714,0.0001948482154547405,0.7901085154820017,0.0001405224502710835,0.30050328203658677,143.05269550126695,0.29591164703069095,29.700881237836587,0.8784063422685616
0.7540026909763895,0.12059523767657215,20.22941120631576,201.59508690709717,5948.2533383146365,5.894926284769007,15.542188424041717,0.24361256786899022,0.2471366866493562,1.981531844418134,0.59062514132885,0.8973048418599329,0.6984605037713487,1.081932790873967,1.0965582030790801,0.0005107262692100905,0.0050831818226674715,0.0001948548663954904,0.7847739825334737,3.814628338305206e-05,0.30096970371375553,141.75823437380598,0.2932905786738386,29.694602496031848,0.878699785803983
0.7468235732141001,0.11844945950783858,20.1810620852769,203.26961822265199,5978.229015006387,5.926206214776461,15.650472132374036,0.2424724262996192,0.24917660331252647,1.9893878278165602,0.587217323817849,0.8948124674523292,0.6962958416527878,1.096917464831869,1.0962274204145563,0.0005119653270831712,0.005106341497465777,0.0001944016065013594,0.7869888377692371,4.0686957775641e-05,0.29832337392395114,141.1653552955754,0.2949014989233349,29.511282949529853,0.878968563378401
0.7485448446890318,0.11513281227542509,20.21380507821688,202.90059371687806,5987.2758813323335,5.940266705746744,15.732202045833727,0.24437902757759788,0.24760948923213658,1.9772489401022904,0.587367716222093,0.8972086588897493,0.694875462970313,1.094891785280629,1.105397403719786,0.0005124489961950951,0.005159364497735805,0.00019487934102995695,0.7854318325683067,8.670059348997997e-05,0.3006880860273687,141.35681225936648,0.29408412559465424,29.764759181742793,0.8741367975733181
0.7469795600542946,0.1097273095846969,20.106203974308738,202.9105846968981,5998.00479407254,5.923517873808368,15.730091823340778,0.24351417018723961,0.24878858917061647,1.9621158039243696,0.5902261910642121,0.8931877861339422,0.7006493649123479,1.101467182056332,1.1005977651045546,0.0005098354491107948,0.005123910575819706,0.0001922744547934606,0.7841999522296481,6.745218997938223e-07,0.3019859370927969,140.5984975249229,0.29453295793593787,29.905089553357296,0.8742744124501716
0.7455597879732698,0.10549314227711515,20.148468555548313,201.79155102820144,6010.921464028308,5.903222785555316,15.786447423617705,0.24339383661655953,0.24828728560354993,1.9652387079958151,0.5889753878051369,0.8948500835136135,0.7011165296613744,1.1035556787716716,1.1004060682194852,0.0005093228134868938,0.00517751613445929,0.00019063009934084096,0.7845997835210647,4.044662760694123e-05,0.2993438117923859,140.16385174292128,0.29387088602615663,29.755451941104226,0.8737086943968276
0.7520492404477721,0.1018562602246392,20.23878584518465,201.33994348405224,6026.383341063916,5.894592932453977,15.777918646467853,0.24495202169665625,0.25029319352214024,1.959656641168071,0.5900331104753958,0.8903587413261173,0.7013437452518972,1.1006067340589403,1.092092932575296,0.0005091821145925248,0.005166296433564669,0.0001907506355558493,0.7843422538497337,2.8779390526445075e-05,0.29615052782440676,140.22847871462656,0.29445197169374066,29.936612186555937,0.869227403386117
0.7525841739323699,0.09342174723513476,20.20359874106937,201.15331764001849,6034.326155405256,5.8875431206274,15.647716522712036,0.243224276076628,0.24961426514142304,1.9648920508714556,0.5925664739969192,0.8920491005081397,0.7043832218494159,1.1018868210428525,1.0898089688415442,0.0005090783044359398,0.005194530322242672,0.00019017288003958277,0.7837763865636566,1.5431457156112995e-05,0.30151304736448586,140.35113448859812,0.2935125965548054,29.862574848840822,0.8619875568845301
0.7595469624046695,0.09761273973121644,20.10582887408447,201.17079250874326,5985.377949774697,5.8702377634055285,15.59524622396158,0.24520376221561127,0.2483954295617935,1.9509935401651775,0.5917750074521138,0.8914001338403509,0.7073183734828665,1.0946651810391694,1.1015258122424236,0.000508342621058776,0.005202689043755999,0.0001893405940359992,0.7876171014362867,0.00011374239694177776,0.30610725845967734,140.57367065914354,0.2930887266266953,29.709877462904398,0.8711379102052489
0.7669867137886373,0.09602719381207249,20.045609614325087,200.86215297466143,5984.469979594398,5.8688684004630645,15.67335041281988,0.24706697109209472,0.2499558841714831,1.9720108994140686,0.5927769732251732,0.8895870294236319,0.7098544444843149,1.0997397113396015,1.0966898075865112,0.0005082875787707964,0.005218280141140413,0.00018801448243906775,0.7866456860747958,3.099410561213909e-05,0.3111934295479078,139.90401670713644,0.293933158340824,29.71198371279292,0.8796446808941593
0.7698849085636816,0.0934917617986494,20.205296339618304,199.9527278121617,5986.452302057804,5.8863051947367175,15.620665373533171,0.24752989343372775,0.24956816789530087,1.9457268170772168,0.5982212581195774,0.8886065221491972,0.7096192871354771,1.1009684089731153,1.1018454816068386,0.0005050910703618928,0.005202389434639117,0.00018631670594939227,0.7855915124284433,4.597190760668734e-05,0.3097853228023367,141.33014387227806,0.2940568496070572,29.585479890952186,0.8830428212879617
0.774117604439376,0.08385241555391401,20.183634905088223,200.6983857240699,5962.197982936201,5.920206899025688,15.61714826605548,0.2458363230100067,0.24926783497372915,1.9389145238790984,0.5960988561468085,0.8875846510030218,0.7116411587507708,1.1040101686719626,1.1104646185766875,0.0005094861975605518,0.0051552064350250575,0.00018528133947933324,0.7850745743208588,3.2597129561566363e-05,0.3113290731537379,141.9797498307039,0.29445544626467823,29.566151038412652,0.8873192173430406
0.7752682532842512,0.08278937140968866,20.4421939422645,201.7795048953513,5910.661283325579,5.934103927684576,15.658924517405096,0.24726129449525733,0.24982422619081734,1.9382018162613794,0.5974380997617695,0.8852929760213425,0.7090231141595081,1.1073698881108138,1.1136409643693352,0.0005088838223808316,0.00518048755959046,0.00018338354704940872,0.7846615289156352,2.030214536988854e-06,0.3143933233107023,142.29476036345594,0.2960490771933046,29.614944510261832,0.8968554341347824
0.7714353571529778,0.08391767057751191,20.528868586508786,200.85330847032813,5914.856390945211,5.947545655585542,15.593036097812634,0.24609734774574496,0.25031166054764087,1.9345700698630302,0.5985833116230996,0.8883185544957213,0.7132941371824888,1.1066264196340028,1.119788644044033,0.0005113173278008898,0.005202268291617419,0.00018370236352807976,0.7840547779692931,8.43930837016495e-05,0.31629630060717984,141.90394211938386,0.2960398397673089,29.831104451430896,0.8916867166989421
0.7662854420319622,0.09271442173729862,20.64685554071307,200.59458095508415,5911.997007279088,5.9505979718608835,15.460469178244947,0.24750278135634185,0.24991172957618665,1.9458985721801147,0.5950115573806294,0.8865202078734943,0.7138072875277882,1.1092354047153625,1.1211767759661724,0.0005122337973112591,0.0051796330903610905,0.00018464593680144105,0.7831457348867851,1.815461678268141e-05,0.31507003914556597,142.34857628890813,0.2975419567058756,29.86865064445083,0.8913858101080815
0.7606878655140722,0.08948663729260185,20.82428666271279,199.68654548534357,5897.751542253201,5.959147798333198,15.72037603883941,0.2470140117294815,0.2513130516693931,1.9461263217570786,0.6006793056188617,0.8851317510650584,0.7186222275892801,1.1182103839895619,1.1169094785097442,0.0005115447920848421,0.0051976862715689956,0.00018496085058402036,0.7904602911039416,2.9025377137152028e-05,0.30871783369805456,142.52367207402793,0.2970882859628823,29.76888671190974,0.8943965058841589
0.7654502681456773,0.09144043158811713,20.79470384269829,200.48185143185563,5942.269153665501,5.963594144368224,15.731136145239343,0.24698041135608564,0.2512684917029192,1.944933328711768,0.6015126412501612,0.8825296968480353,0.7174774996214184,1.1168651886675731,1.1206080334542265,0.0005113098287094389,0.005227520655114708,0.0001825963774958493,0.7948565860476501,9.685546748896476e-06,0.31272948873987166,141.1949796536865,0.2973548923437785,29.603016591907164,0.8920200048019821
0.768980578162849,0.09351705208398221,20.732927990978567,200.52731635640765,5956.456798570142,5.958384801626887,15.778088879700627,0.2489884443438922,0.251350828426328,1.9569228435509338,0.6060551425567726,0.8801379164577633,0.7129538616193495,1.1082041493264319,1.1105107245836578,0.0005114683812209248,0.0052316369438115875,0.00018266207574590195,0.7961378775154843,3.147942869893581e-05,0.30327112714206883,141.0675121946074,0.29558207558101884,29.58039151464211,0.8955177497798211
0.7636637946396722,0.08788411924280827,20.764225976144093,200.60724221522491,5974.1479732202015,5.93119136075868,15.590720008129441,0.2481922797345624,0.2511948332175302,1.9489221132637569,0.603212650253948,0.8785187424451342,0.7087861181820224,1.107337187717505,1.1020883292876131,0.0005108978577062915,0.00522519806991966,0.0001839885760901717,0.792771332323643,3.6474704882909776e-05,0.3028624523060701,141.5550740361378,0.2940046123384623,29.673684337421786,0.8925164907227436
0.765561569400534,0.08209430760111032,20.645019866859826,201.72213749143438,5939.100398181163,5.888918934754344,15.547965895577523,0.2498019891837582,0.2512224257193338,1.9440348831607388,0.6001322882067013,0.8754666639488371,0.7115230819455372,1.1144739030627258,1.1087527513047393,0.000510630603110619,0.005217250883908683,0.0001833109874032178,0.7924599411477427,1.1915919905336984e-05,0.3049874619266991,141.65161136093795,0.2936821847626249,29.498207190565267,0.892834113980474
0.7710923332984978,0.08819316868972753,20.74772175178294,200.70495554373676,5929.077629296075,5.8905088074116785,15.396490466117028,0.2504526689383091,0.2513000518747376,1.9292868179629832,0.6004451720781032,0.8772045232720714,0.7126547023515015,1.103818822964517,1.116381016114269,0.0005171318005402598,0.005226650576908601,0.00018171524438166764,0.7961697604467557,9.296755266973682e-05,0.30814917051530816,139.73028366575932,0.2924680753140564,29.602898137105647,0.8982056645564364
0.7708667528970464,0.08397541582182563,20.641817204268218,198.7199162303366,5922.6645575422,5.885518048463624,15.353861878359135,0.24938242719240422,0.25014344038200687,1.9192834984503384,0.5999999712658469,0.8774128342143942,0.7138786133761087,1.1071522953450303,1.1205135771210284,0.0005184629473049066,0.005212453814520689,0.00018182237771228617,0.7982105495066754,4.738106732566539e-05,0.30944798270621693,140.15854743742892,0.29036891686821237,29.595158119970815,0.9055118148482356
0.770784639487665,0.08717366565672487,20.781798242318068,198.891639734195,5923.454844461388,5.877815427077807,15.260684369744741,0.2491209318011791,0.24882779037568148,1.9351577281618453,0.598024519236195,0.8750696035710154,0.7155080344613225,1.1133944379537843,1.1289786896259455,0.0005239481990236089,0.005200766648104716,0.00018208215965865337,0.7986345139043168,1.1739307143021388e-05,0.30869586469139626,139.97159302204938,0.2906683273206351,29.75542794510966,0.9068050752962616
0.7755508942035119,0.08853841888421085,20.84493892277293,198.68363124640996,5961.5005462480485,5.8605654743108495,15.23978147415419,0.2500157802344239,0.24726354593675492,1.9276788225083348,0.5922492551500085,0.8756665369080999,0.7201109305125349,1.1210656607541634,1.1282888050421265,0.000523879099826552,0.0052306422344946596,0.00018221614657154566,0.8021734454924667,2.6439289543039422e-05,0.3045745910614581,141.03966285547696,0.29039217215227586,29.844714293482056,0.9028446400268141
0.7726909066878034,0.0764386493948591,20.89336988662326,197.9382037683461,5927.400092455477,5.839821569458348,15.123397887065419,0.25070839489886093,0.24818364272313506,1.917874194376717,0.5942990042132602,0.8759402587570304,0.7168597517741782,1.1265478501957022,1.126364137340979,0.0005235538922117357,0.005243403559354283,0.00018008069920735868,0.8045479656519327,3.355528950083441e-05,0.30674289526814696,141.36900738158326,0.29004614787539934,30.103849662432875,0.9038640742410968
0.7706683539486929,0.07381058171199763,20.880701657006664,199.77447660134177,5910.045899781571,5.872625424902279,15.057402713261222,0.25174200985673667,0.2491994169828562,1.9029649703414286,0.5956640109307307,0.8717205603468706,0.7177687601230298,1.1326939396829758,1.1219008046609413,0.0005202270083481768,0.005246025631017804,0.00017838292701941277,0.8109471860194819,6.663369158957819e-05,0.30914487800583906,141.30106926634213,0.28789709717301953,29.923947234716294,0.8962611826435073
0.7730466374474879,0.07488547568245316,20.84580563297682,200.86226838642773,5891.123898044799,5.877303542319256,15.046662433976312,0.25188244974048024,0.24861075115030665,1.9207378708926108,0.5947164599672958,0.8687084107994026,0.7186420923989298,1.1407997849324953,1.1174395474986232,0.0005203219407645111,0.00525293346044215,0.0001795997818206585,0.8117900206791204,0.00011583565381801842,0.30549361210743314,141.58898162168134,0.28825583135490285,29.63920095509672,0.8966514331730728
0.7725763512395694,0.07347563542651137,20.817501900275982,199.51817993784948,5892.900676677318,5.8802873675318965,15.035683489825583,0.253819382229387,0.24990913639087858,1.9179406439409272,0.5927496978289687,0.8652672592550693,0.7206736215971465,1.1414048497061173,1.1107584696551127,0.0005182888466854869,0.0052322363033292674,0.00017910462753772377,0.8109532541636266,9.122582818331875e-05,0.30080818026016115,141.30786172126534,0.2855730273435441,29.35093752783644,0.8934820923828124
0.7688468804374365,0.08011951529986683,20.900968903269366,199.58308152675616,5871.935610488573,5.940639355030971,15.105272310192037,0.2523644178787548,0.24922810857243913,1.9154383637653,0.5925395156865009,0.8699856059288081,0.7202669883742773,1.1505821699268595,1.1141369402283983,0.0005128995749583813,0.005246672122453835,0.00017826631593508273,0.8122647514295894,4.339867511880092e-05,0.29956093982265053,141.58276489918242,0.284599958234746,29.507146219937717,0.8988489667794876
0.7717509667074278,0.08818017634013496,21.10567188608057,198.9908050306683,5888.417602439332,5.944550554693223,15.085019509680201,0.25101404931126237,0.25105523314994566,1.9043316037121305,0.591498779560718,0.8749246806711607,0.7171478101649417,1.1489662650895818,1.1270266417441344,0.0005122779777941146,0.005239810475857724,0.00017864462483835206,0.8107289759290556,2.035341702974651e-05,0.2969435444581162,141.9859494274509,0.2862710866936339,29.568931366954182,0.8958208562037774
0.7742821070578725,0.0916245199865376,21.1151440997391,198.96546874759747,5896.039172134801,5.953561183258862,15.088436387035204,0.25204496636638946,0.24803881016697302,1.9163018530561213,0.5930064161445647,0.8790722229025881,0.7177546013485278,1.1514285864584883,1.1319972993073804,0.0005080950922455404,0.005267249279620321,0.00017742718993057866,0.8101833165831258,2.4708367967439953e-05,0.30426733843895964,141.11785922792882,0.28496748639160546,29.61679706103745,0.8951113842603091
0.7720709560616584,0.09366803182109407,21.121441568204542,199.13466763664186,5852.52393740724,5.929458279094826,15.101227908699126,0.2543850079985427,0.24676510530329593,1.9085179928464617,0.5864684326969849,0.8825512223583166,0.715339806912613,1.1449419529662064,1.1254451502940033,0.0005069533741537105,0.005229131201225624,0.00017673712715961476,0.8031027940687686,1.2487885961390678e-05,0.3042389995081504,141.64994209953775,0.2841114257881637,29.59879967683604,0.8920702548169849
0.7674423095006951,0.09026207541948301,21.109176484140587,200.00388191943796,5802.926208480551,5.978933238260519,15.115946144060239,0.2564547523576281,0.2443134502370361,1.9164027061352187,0.5834376517254435,0.8816055054204488,0.7120771789942096,1.1393436568742128,1.1349039872270754,0.0005040600360016865,0.005286763425601969,0.00017797238463557866,0.806575872610161,2.5953305420057406e-05,0.30608366005384585,142.87283072149614,0.28444394627689423,29.732986100230516,0.887709655859857
0.7669313320669221,0.08518072302449503,21.213590385534488,199.74173311283792,5821.087579305119,5.9785017322732985,15.185020438921113,0.25849829681088926,0.2463368544458661,1.921716649075293,0.585628230133324,0.8820074014509957,0.7129872428784346,1.141096743874894,1.1361204772324873,0.000500509886345064,0.00529650486434995,0.0001782029282367665,0.8021044991409322,1.2463389014739877e-05,0.3029299053768345,142.92771005964426,0.28245765416082563,29.6942583315143,0.891409673369449
0.7717368365900634,0.07814554302225762,21.131499846612517,199.1874171306605,5796.30613947972,6.004835425303253,15.15127012870091,0.260803655585816,0.24562412136755551,1.9147245496643446,0.5844302262051366,0.8815305491988467,0.717091666024356,1.1395091539234585,1.1319957800689178,0.0004997313448295436,0.005283759851911337,0.00017932060319875541,0.8027936613082522,6.767101145884021e-06,0.3046174112320899,142.53343041782796,0.2807076777204966,29.77783659990441,0.8914541697567885
0.7684472204071261,0.07325881181286281,21.1120111201478,198.5797986093525,5823.263492793545,6.0131723387263225,15.023387788064138,0.2599301505586818,0.24545563198664996,1.9238982872576513,0.586152756354891,0.8805056759720752,0.7175576763829515,1.1387239578397987,1.1364245333532792,0.0004990797104069734,0.005257444389667445,0.0001796373265931218,0.7998285425920325,1.6481637581296997e-05,0.3074623190923636,143.14245597601007,0.2813037419675493,29.788457732888535,0.8907361437523227
0.7675276565939628,0.07261768725852394,21.135143701124676,198.50213734707287,5788.552719797781,6.025814957200572,15.037788384021162,0.25981251361159674,0.24618767720269966,1.9086992390720006,0.5824816916618196,0.883308874291522,0.7212502213991621,1.1417475347232373,1.137279138774018,0.0004979919373733725,0.005251012930971003,0.0001802056726075598,0.7951395712123308,4.987002572276334e-06,0.3114574051090588,143.8528322074118,0.2815347247414936,29.744625425201587,0.8938369516427057
0.7699734039307232,0.07536495001148141,21.119939748867843,198.93106316327223,5801.554123414123,6.01299785106912,15.07349199512346,0.25898347589354,0.2457940778737773,1.9145831282651746,0.5809708343213481,0.8845234998541647,0.7244864260436361,1.137307368296832,1.134761489626332,0.0005016921097629342,0.005244718253658536,0.00018194614301152227,0.7994903197916744,2.032317222253818e-05,0.3053480687887355,143.93090272756547,0.28300071108158226,29.831793362873007,0.901418610809967
0.7711051972730926,0.07543917891204595,21.096132393242915,197.32345542422883,5766.134545330691,6.023262023453632,15.03777415299512,0.25814383176515,0.2450225816073232,1.9189769439286986,0.5835027801073175,0.8864501117895983,0.7263400482779606,1.1423753911422545,1.140852146955127,0.0004956304277206281,0.005208745816820204,0.00018266874514476092,0.7964045365512534,4.704873701205288e-05,0.3068527743691302,145.0122433163096,0.28351473280337636,29.561567770486807,0.906633994300212
0.7749769412128357,0.07428037469474631,21.182687781558943,197.11584553405274,5730.711013414189,6.045441997024056,14.965009953339738,0.2588072605750177,0.24613567628497993,1.9315922561730965,0.5858420593784491,0.8864587399504481,0.7257150765762223,1.1365327030945052,1.142169432498853,0.0004988033945373079,0.005237903437161353,0.00018358901274674431,0.7996247998377458,8.467290267272485e-05,0.30768736789638373,145.02183056204245,0.2823376880586906,29.434534751108842,0.9015338332529989
0.775590792616584,0.0747519795557848,21.242618204976896,196.98693446823,5761.8615827216445,6.052625378241941,14.894570122790519,0.2580512095039637,0.24540712600502101,1.9346580673645182,0.5862170522150744,0.8847874750364183,0.7251072365304678,1.1338147140784391,1.1390863571610965,0.0004984509796140666,0.0052411346315282435,0.00018415382579420607,0.8010299106240233,5.6455945647189515e-05,0.30786534073910155,145.5753580303936,0.28583133724139076,29.51029757848252,0.912366258706681
0.7764184035748029,0.07907441042334987,21.278618994290728,197.06187665751554,5712.812363550557,6.03296556757512,15.02118495475487,0.2562909436293095,0.24441959032222776,1.9552444393711854,0.5879970005971542,0.8856658466737778,0.7264687640229983,1.1371011283368015,1.1396631754474478,0.0004977646533414605,0.005237797232820916,0.00018364137752102425,0.8013971476563577,6.788068037967046e-05,0.3095280957101064,146.26773755028591,0.28540074122527254,29.627931811154674,0.9036720254132303
0.7720955909247122,0.076828265096121,21.32375480161563,198.8090275149953,5703.859418038108,6.004333511291338,15.009355144877404,0.25616188050843514,0.24653778371597485,1.9590867498807918,0.592163419170948,0.8840069406581758,0.7291622499999807,1.1423893467548532,1.1428707855056046,0.0004979939222370923,0.005210920463817739,0.00018296357631932166,0.7996620845786795,1.560731068479976e-05,0.30603484208230286,146.4577434372831,0.2844098841774672,29.939840498979528,0.9010326771907389
0.7667476741574503,0.08337475702169961,21.270616422675857,199.65110869740886,5667.265549885613,5.995729415353409,14.99825986620224,0.256199534244803,0.24539024200255666,1.9610218929970127,0.5930714935762861,0.8867318328120081,0.7328029338934514,1.1345814475170164,1.1431226386151083,0.0004952610232290028,0.0052429819176298,0.00018236657314365742,0.7981267346918487,1.3444369025253388e-06,0.30382645185435925,146.1732276785541,0.2857487935619834,29.67614979199186,0.9072544576062186
0.7646646512581041,0.08349976832194828,21.377385437204374,198.88933252312938,5617.571484790111,6.01692361579622,14.95340950262409,0.2565080090501252,0.2450355633545732,1.9659218910352982,0.592288483110324,0.8869050623608625,0.7309431603122388,1.1346251193720889,1.1472906368005258,0.0004998472919667364,0.005227522852727812,0.00018325357340389444,0.7951617525740425,3.379897895368029e-05,0.302115592511104,146.13347858042465,0.28644457718885374,29.583647547096152,0.8978569723953801
0.7637703636250922,0.09368232784106856,21.387171799426596,196.80250673938409,5594.855360208095,6.064926026333934,14.993688617263734,0.2577800788482044,0.24438444472436563,1.9666362034297145,0.5874469241974168,0.8905218897033395,0.7287647795089216,1.133666101524683,1.1480031654726552,0.0004987064305216809,0.005218206925412002,0.00018429269896336073,0.7988312066889187,4.284658761109691e-05,0.2958550043316522,146.12151746532288,0.28628689175767325,29.84989164766564,0.8996247106755184
0.7645785196683844,0.09065294047879181,21.304136637964586,196.75063788276861,5609.6398224903305,5.969161251080598,15.036489046366956,0.2573974031316246,0.24431204055202776,1.9658556807312273,0.5868522246686314,0.8936760229682215,0.730413328376105,1.1365762226592204,1.1507122335820927,0.0004971812477607503,0.005211736037806016,0.00018475552794724572,0.800807528445615,3.860296447155181e-06,0.30029406578492185,146.0701226769769,0.28699946116209296,29.814504745853807,0.8989776167904115
0.7668680049418369,0.09235817202094297,21.347537151737004,196.49317848355852,5550.413256732791,5.993508673406364,15.052718406483548,0.25708942171263516,0.24571485019106534,1.9621117008209819,0.5893023329114515,0.8921892505018088,0.7302023204850153,1.1290211169866702,1.15703985646397,0.0004990538321224115,0.005241066653717999,0.0001843980486309241,0.8013236703905915,1.1816795896738523e-05,0.3026021827120198,146.64849108366997,0.2887517106134841,29.825022255660787,0.8994001031427522
0.767198263328521,0.09189954823399786,21.63768505007608,196.273979555124,5492.041492229129,6.049360247116608,15.019122014642358,0.25689089635295737,0.24685092170276401,1.969483641055056,0.5897205515235439,0.8914378781082325,0.7287931934603175,1.1371434154181508,1.1493761126523157,0.0004982608973936626,0.005255444746341957,0.0001841082656764769,0.7992942094139601,1.9253321623810297e-05,0.302887745128733,146.64059279906928,0.28863500187923896,29.947568138558196,0.9051136488482644
0.7695282611558936,0.09309390899677798,21.626638602626883,196.81964399153568,5498.361200755127,6.034498592576813,15.087607791322853,0.25688428345850933,0.2428727322928425,1.979948554244531,0.5878619563925601,0.8927981780683529,0.7282571424130794,1.1430738043142408,1.1514562361651384,0.000499022219685779,0.0052414365874148576,0.0001850741729238527,0.7994813664723824,3.19994084111146e-05,0.30279915354852316,148.08114215416344,0.28564010378518395,30.088224678060726,0.903643645619768
0.7686696578995083,0.10143153226248873,21.6961631959448,198.05579731485244,5502.299146283437,6.01518910131266,14.991079968910372,0.2560290369341071,0.24278685476463313,1.987030615758213,0.586705902289592,0.8973503694844956,0.7265149130968445,1.1474205851210997,1.1448489129401478,0.0005008824263900914,0.005241175919544702,0.00018669056129210984,0.8015870036331477,3.0168036397671345e-05,0.3030141369064456,146.49487860527267,0.2824329308822177,30.06531137687846,0.9093621102759274
0.7675489689952901,0.1029426676058353,21.676459961325833,197.70405607758724,5509.320961805837,6.058443148935862,14.915394461969639,0.2546623096916331,0.24244041517733628,1.9839689208605094,0.5889336049229343,0.8995574358034562,0.7238377275319983,1.1480267641611397,1.1458614896453534,0.0005030745955987469,0.005255053304874479,0.00018557077317678727,0.8021286677614128,4.694671191324324e-06,0.2989079495606932,146.79796027378146,0.2806841912027579,30.2289290407057,0.9120376609235283
0.7573427726692096,0.09717224299157913,21.723814849605173,197.3772707666921,5484.805855193752,6.066655763976283,14.964088119793024,0.25586555920130655,0.24497492815008354,1.9809446611628116,0.5932174857357533,0.9021061283563794,0.7234744498627,1.153988235773396,1.1425267991161707,0.0005014703571005355,0.005226151478857874,0.00018579273464357668,0.7991808173938988,6.68800488384799e-05,0.2996121356231923,146.854972033225,0.28080472497615916,30.690530257028154,0.9111263729811393
0.7613682690683488,0.09327302484351178,21.845395003859423,198.14063489442532,5536.348793101211,6.054109657754137,14.96317256272883,0.2546494066644513,0.24906127997667318,1.9767654188121726,0.5957508155120914,0.9082409609020654,0.7219740361994432,1.145923470420569,1.1457049581564465,0.0005030967024412576,0.005251091562091072,0.00018478794922329177,0.8024855904482178,4.877089826467157e-05,0.3032112638251256,147.186690097391,0.2795362945573416,30.784228111047586,0.9166911352011484
0.7643068693247866,0.0948679962451517,21.839433835485163,198.50050971383067,5565.191485345491,6.063937892117457,15.015976177548392,0.25439787314776147,0.25068613565549136,1.9773548995371,0.5965583115855762,0.9062973573219811,0.7211283159224563,1.145717431481768,1.1427743761183649,0.000499018730693184,0.005237953015215639,0.00018534014615381627,0.801772541866231,5.1305761749426575e-05,0.30350188424844565,146.54268127147355,0.27826200412701185,30.838248799286266,0.9173347760455469
0.7633130845972619,0.09992160361392581,21.76868943878441,197.88559639194654,5536.2772820219,6.084081570796657,15.064517838276705,0.254069780016925,0.2508826512143541,1.9906927442369575,0.59457484096039,0.9093152708079736,0.7202637200838107,1.1436292641778596,1.1439681814913039,0.0005008905493233384,0.005270617879589557,0.000183974431640785,0.8032414522454369,5.562993755363497e-05,0.3021965267211958,147.11782688828623,0.27797008814861407,30.861399962887898,0.921686942246735
0.7607178614813302,0.09929326157499138,21.811073722927777,198.4678475591222,5494.828566074598,6.101870926202499,15.179867577892043,0.2542550848939545,0.24911108854223388,2.007052451765216,0.5915823057060773,0.9065395964948432,0.7202253917462974,1.1489345013565606,1.1523144006015495,0.0005000045382883709,0.005234876111654773,0.00018414224241184964,0.803686709917381,3.8165277959400557e-07,0.2976139015951073,146.38538405912107,0.27695672508198377,30.821108384252337,0.9184033526688362
0.7529869871865275,0.09976762239038435,21.987265120170857,197.21651842279869,5508.392668500962,6.151449514167694,15.124252274389713,0.2529922448945129,0.24924335105045783,2.0155589927568403,0.5898346541135255,0.9053018603574514,0.7217064768308799,1.1380795088412408,1.1445316193863242,0.0005024793927900954,0.005210269081259375,0.00018559659024014244,0.8079965009650371,9.471408128658627e-05,0.29181705021808624,146.82884322003252,0.27713850168882126,30.901123443393356,0.9244503973647429
0.7620149105514472,0.09567779946968946,22.09986425615454,197.13738617431645,5502.4524439643155,6.172049783513012,15.205747251098188,0.2516184819133902,0.24893605731408744,2.0100068078605995,0.5887845054258464,0.9030704324002815,0.7191952167373751,1.1411910087622976,1.1517390798075322,0.0005024273195363876,0.00521890236841777,0.00018501672377689208,0.803070656395645,0.00015686388641116876,0.29790855059979,146.2885239563368,0.27695636394080997,30.744296227191292,0.922924641294554
0.7576863770651168,0.09802485311094408,22.220795454273492,195.99145898524628,5543.106403014407,6.168356809213769,15.268441953883894,0.25234202588555305,0.24666462443058884,2.014210485935216,0.5873078823689737,0.90662199558987,0.7192076775339363,1.138347801168918,1.152562265855635,0.0005022033845693431,0.005206865469916184,0.0001855910282728488,0.8055674590412019,1.7567709334264682e-05,0.29604812661518465,147.10089591595326,0.27651326980973484,30.776019183207012,0.9213477788062662
0.7641819655280984,0.10089810362419657,22.47471646525931,196.118106062421,5531.742452907761,6.1745885206329,15.241626397746623,0.2536835524790778,0.2460287084981967,2.0063310186689263,0.5875831183947516,0.9052631109297231,0.7287906700672704,1.1392607503286303,1.1514501361383438,0.0005001552528861829,0.005182523871424411,0.0001847470652490875,0.8021976643992557,4.012548579042757e-05,0.2965029493789197,147.04274017164303,0.27518026580926175,30.660964190424483,0.9179384408844878
0.7645492960597692,0.09455039287878872,22.571515800528672,193.34081233304505,5536.804568088957,6.148429703023537,15.41155133606848,0.2525682703010033,0.2456434865809112,2.0005041079223664,0.5855631306265217,0.9018445094924216,0.720354008737365,1.140654121274466,1.1556102750688333,0.0004982446646090486,0.005164223366346893,0.0001842989072703874,0.8014459073053571,1.0278449244316774e-05,0.29712851132585516,146.97009192313072,0.2765654986260707,30.676917687027345,0.9212778428978984
0.7632418463624222,0.09585924713352273,22.73659679408473,195.24522985335756,5535.291441569889,6.0965723568990615,15.438772768525808,0.2524588217655781,0.2460276501143716,1.9956949278362237,0.5869766703493979,0.903672372605537,0.7175258518992143,1.1385291901785661,1.1648483288674942,0.0004984806999135253,0.0052185811124994515,0.00018514691056453826,0.8041959089687577,1.0682477628326593e-05,0.3019057826928354,148.89217299256828,0.2786233258186259,30.60035321473302,0.9171570345077514
0.762012335025146,0.09350515513202357,22.811733365028925,193.4224600108448,5558.3924762215765,6.057035232817016,15.417910908168377,0.2518507645456373,0.24642869441354748,2.014826415944525,0.5850044197106019,0.9028644758115957,0.7207160787003122,1.1491224384012915,1.16528423218703,0.0005004512896090749,0.0052218485736975784,0.00018512805325534047,0.810244330084122,4.001183586894136e-05,0.28999337695294714,149.42886459183546,0.2793320337312534,30.904267453445758,0.9282229526611262
0.7692881384865212,0.10169737794281339,22.70992023010558,193.12711043189108,5594.3349383819805,6.116468433253947,15.38685347516185,0.2516840689005502,0.2466412692405079,2.0152461096805396,0.5849181635951394,0.9073390863714548,0.7259564927690764,1.1498928308003398,1.1592167818955599,0.0005002187646668245,0.005182073457328089,0.000184786994552274,0.8079478539791723,4.0799049446076065e-05,0.2950354192141703,148.486959293567,0.2775836913626642,30.861972268835064,0.9263191503945194
0.7671443355966401,0.09926591181065154,22.740201421429582,191.5270628651879,5598.13289992419,6.117376588813853,15.351609076287389,0.2520311564712674,0.2460493416577596,2.0162470572894176,0.5818119448176569,0.9062006685845249,0.7317213614429053,1.1469515057581288,1.1609320215934529,0.0005021058648450529,0.005205333483068548,0.00018344301400979263,0.8043685928675376,7.932131847303838e-06,0.2937976881393965,148.45872935171607,0.2758836705784334,31.050200901170186,0.9260442685892688
0.7652442625884511,0.0965832809810364,22.71345916544379,190.46367114665694,5562.640660546712,6.170630703584279,15.286322879896227,0.25053894285766737,0.24737466369322608,2.007023088180574,0.5821639273036153,0.90696406907259,0.727759058505488,1.1488629495191618,1.1753392722095461,0.0004986537181279072,0.005239538285878809,0.00018379269819479845,0.8035751582097532,3.4338854761080555e-05,0.2934819943204381,147.72315915137668,0.27482692261121316,31.106873984313822,0.9236501240207258
0.7628389494316036,0.09234773952442474,22.836946016246458,190.9229811053687,5553.174432567607,6.18773101188179,15.247057492551818,0.24967351578598612,0.24685864439459992,2.017429030127618,0.5803095536355937,0.9061571363475425,0.7285294368509952,1.15049715797145,1.1792280311138668,0.0004976559810714706,0.005224776820081897,0.00018424866502301756,0.7989035120675095,4.709649090564007e-05,0.29255135311028657,148.97882648494507,0.2748548363112013,30.941843637142,0.931210101774588
0.7648788041146386,0.0891788526471616,22.909946471624544,189.21251622579635,5527.085457153096,6.239252061630466,15.19947775181016,0.2500921213254266,0.24526959905580614,2.021888328858532,0.5821429377900651,0.9041224833722724,0.7301093638699221,1.1537373826976935,1.1804881614462244,0.0004922727562849784,0.005296754783305931,0.00018353867181084246,0.7978783070575752,2.057978910439861e-05,0.2941356964817885,148.42740851766965,0.2727666859004583,31.1396010625594,0.9380684393070708
0.7620101010981409,0.09556189640878353,22.899126702859533,188.37576582788773,5541.254010533419,6.204453305529975,15.270232595711276,0.2507073484438445,0.24550380654582038,2.0131806164740533,0.5840014647119324,0.9042125958435674,0.732963498303868,1.152261602410959,1.1676903721030227,0.0004931339690299108,0.005299419231350648,0.00018397950838411605,0.7996396344199866,1.2439168730583635e-05,0.29067192930004654,148.92847172616388,0.27361830699626616,31.040772598033318,0.9275318186724013
0.7624669377323642,0.09173829812934105,23.06730943470777,188.31592557958405,5541.255148347783,6.2621888872896445,15.331539133654841,0.25089348904002085,0.24485422301230025,1.9926763266494318,0.5819080839809808,0.9061623848891323,0.7325670821549156,1.1551176024006287,1.173930263836609,0.0004974747207156205,0.005306484503579553,0.00018326887441729445,0.8019248873412658,3.1651838721163507e-06,0.28785184956119864,148.48152513904705,0.2743187066244627,31.22118302457492,0.9362836735051278
0.7583940145652425,0.0927537599738401,23.04857418604646,188.95298764554605,5553.002579931326,6.257375249778915,15.493668005757339,0.24937477164091204,0.2442362920879316,1.9802091593392808,0.5844245794176416,0.9058253470479,0.7311708620089292,1.1552523355674598,1.1792722807831428,0.0004940560225086236,0.005298667110035157,0.00018493625940574663,0.799855144334497,1.36586303402906e-05,0.286677060882754,149.15552561826627,0.27521426065548277,31.409596575708772,0.9340596965609446
0.7638962668257787,0.09442741960998524,23.19357222643562,189.25771695779238,5552.45081220611,6.25564558150659,15.436541892767261,0.24830394803884184,0.24343529882604428,1.9735682608362812,0.5841653956709905,0.9045660394166942,0.7289190445186038,1.1619088943860163,1.1814436718264354,0.0004960316457146773,0.0053331004723100334,0.00018307235985749824,0.7995672349611272,7.999733095140918e-06,0.2847559343009837,149.80641412486668,0.2723205566806828,31.542886749254244,0.9273654943330671
0.7627487806687673,0.0984405393494129,23.190360639894674,187.16768463988535,5516.032930193701,6.289274080842723,15.473589484729647,0.2491863903560858,0.24537487629291135,1.972964667699866,0.5836852337295337,0.9062308277583845,0.7256640963311304,1.1518241755998735,1.1714685088737695,0.000494863982803207,0.005349756825563376,0.00018099837610608213,0.7995748622322455,3.749350278887394e-05,0.282976546835484,149.9868752278549,0.2733216685717694,31.565987641243115,0.9298884653478917
0.7654733332553946,0.09388311182422089,23.37572083044817,188.38266292182217,5521.077782720995,6.305681794334089,15.585035876052542,0.24946938899567114,0.24513043515105423,1.9707133847528646,0.5861365909225413,0.9033507093839895,0.7274606637894551,1.1486163506512443,1.1658190565482733,0.0004948941783259667,0.005352562057933024,0.00018095591717403345,0.7973136562483618,9.192075670550886e-05,0.2802736074458558,149.91046882458224,0.2713836955566481,31.650386167285127,0.9306069688900296
0.7658316520846695,0.08992619066338546,23.346762553747126,189.2952803563522,5472.926758740783,6.2541153427838765,15.51618346136551,0.24974657185506347,0.24555586463757825,1.9663961285453562,0.578887232624453,0.9015827934949985,0.7346651913341784,1.1500391272293484,1.1697186077360775,0.0004938055171739791,0.0053350976309568445,0.00018089407747339903,0.7966139339901263,5.9252349885578905e-05,0.27906382108605293,149.44499675623936,0.2657847615812814,31.633349198146675,0.9255190947743219
0.7644057340549899,0.09436368375991548,23.434379016357738,187.60585536152405,5490.3531820040425,6.261054609247846,15.470254534985017,0.24925320877087148,0.24522398373977303,1.9600549607543973,0.5820265866473007,0.9038666117840815,0.7321141400178843,1.1522316662785366,1.1733056905018384,0.0004934122149331399,0.005316368236486701,0.00018002831519314387,0.7947118713312068,3.895046366915049e-05,0.2772105645813705,150.4119928558128,0.2685937248106889,31.640213308906734,0.9249012188711364
0.7628024130086271,0.08979806119246414,23.345179628730182,187.41555353553258,5464.996325468354,6.292103743306271,15.395331086667321,0.24810907515055716,0.245515734115235,1.9486713393645412,0.5832353127601375,0.9064843479706158,0.7283584657034281,1.1590958248451653,1.1659143042274505,0.0004940539752162785,0.0052966447376026704,0.00018046861161023412,0.7994050511548696,1.7632042430100472e-06,0.2826842651264287,150.93477410916066,0.26789545717176655,31.62899166570391,0.9212970976702488
0.7615866522064619,0.09312956965906181,23.326978262536464,188.36764123049232,5448.867214856323,6.26930932247076,15.313675607621938,0.24711457814081042,0.24323405626925573,1.9602788601986185,0.5751007817199794,0.90605225071084,0.7350396184760126,1.1664643575138027,1.1656588598008315,0.0004952270936224463,0.005361212424162481,0.00018009152642510065,0.8011819042847091,3.212207221499781e-06,0.28416777705993435,150.23807314597272,0.2654223062012169,31.601120746818914,0.9251667992241164
0.7626173071451245,0.09806027969396133,23.321100066627647,188.50126691836172,5378.795109025599,6.296548887215414,15.325319289060529,0.2458329029893078,0.24189426715007817,1.987173856808198,0.5726498503229632,0.905094868395497,0.7380120501556238,1.1718547554239445,1.1750918484741584,0.0004894522233992077,0.0053588274344629535,0.0001793989076063168,0.8034046280365537,4.0753536942481486e-05,0.280696550399865,149.895387770334,0.26713751087306026,31.489753651998523,0.9236449853643732
0.7612788696364946,0.10238527031120437,23.269659325023596,188.24354961660228,5367.343852898301,6.304568759964139,15.473194470850355,0.24511689414104035,0.24244544667043455,1.9879344040596507,0.5794655409132076,0.9005977133136113,0.740189470127848,1.174980134884401,1.1769526495042772,0.00048494289775000707,0.005343199621808889,0.00017869541378139536,0.8001342127844783,4.306767239094514e-05,0.2855979499152828,148.8674228587365,0.2713201600138571,31.394673262284766,0.9326575448475392
0.7561473477490461,0.09958379357724434,23.145997004508267,189.02783421447157,5315.629009081423,6.290050784447011,15.376114645028602,0.2460849341192156,0.2412287279377283,1.9845283769133262,0.5806838588628291,0.8971443017489389,0.7395624872101796,1.1786028280020595,1.1764968527619564,0.00048303655593599825,0.005342122586506329,0.00017851476162295302,0.8043086582067211,6.209267634151448e-06,0.28258491940283575,149.7652689625758,0.2702264882159869,31.491029082642445,0.9348127890095316
0.7600805894565724,0.10164240505308163,23.12101558996876,188.59591885475854,5324.563933445235,6.305313871387755,15.466160738096077,0.24693935052745977,0.24113765768727535,1.9802176200667387,0.5820795170990855,0.8979238175145059,0.7437596101822609,1.176222788675885,1.173948771687914,0.0004832009377685702,0.005336933298157112,0.000176944349100988,0.8047039510154337,6.5982077769187e-05,0.27922374197424965,149.2125390892786,0.2711095785449081,31.65447924134081,0.9370645166304808
0.7561423976422307,0.100538273030506,23.204483314327724,188.9557978950141,5309.135643932417,6.263918324438654,15.496348430540118,0.2464430453536119,0.24113519117348187,1.986737221091605,0.5844085793444814,0.8966648461637766,0.7420149022818151,1.1728213411045914,1.1745471472879054,0.0004841685092800613,0.005304245857208618,0.00017731460200634826,0.8058573778409951,2.8779318408344182e-05,0.27935126734898225,149.14894396850227,0.2733636590868401,31.79772752194688,0.9381474248791778
0.7543923898038049,0.10330639176756151,23.313314762989158,189.66082257507807,5339.526629511284,6.275613397151169,15.385001990004795,0.24775556774532775,0.24062574212838667,1.9928398589654321,0.5862633654025743,0.890641675672631,0.7456178732889366,1.1708330845478279,1.1733458888231048,0.00048725944246533415,0.005268632665559642,0.00017690699624705645,0.8057355212366598,4.2776958684205275e-05,0.2756993732473187,149.29895051936666,0.27203464600312,31.61526897337067,0.933970892007666
0.7508319795310929,0.10557025847197206,23.403520754725747,189.48754379239995,5330.530146642293,6.314037700949517,15.258414913491341,0.2478575372842306,0.2367232672751544,2.0089680356916393,0.5843334644938272,0.8922366968491376,0.7499671643034963,1.1724975235752786,1.1795802143095369,0.0004887789231682676,0.0052521165399531215,0.00017728793847628094,0.8062441984179265,3.0388786597358837e-05,0.2744172925770856,149.61344136923043,0.27348064508958725,31.895374955496475,0.9289771920756904
0.7582634175665227,0.10252141224912328,23.33972420261751,188.8697825584949,5349.256887718061,6.2927666383256975,15.279280622139483,0.24734214554342648,0.23613540368346073,2.0181540822996427,0.580991415228605,0.8948684103823071,0.7532540790349692,1.1749137393743998,1.1797095235818427,0.00048769971814852006,0.005305854977871015,0.0001770864106570903,0.8068892027333798,4.7500714895682436e-05,0.2807933307159875,148.63945583018892,0.27638283523327173,32.11146714209789,0.9198813158516282
0.7619875172311452,0.10523224639142596,23.451498158703192,187.54083402303806,5361.977013539244,6.339645192945542,15.34576467708672,0.24706532492098887,0.23678719896219136,2.013760032261275,0.5790906116299465,0.8932573925159285,0.7506895355457848,1.1807168595697015,1.1875390751336066,0.0004887584291855372,0.005337385722520402,0.00017699105749202152,0.8093113782694988,9.732723862171779e-05,0.2737263428262372,149.77590119082043,0.2750996415404553,32.024787639558426,0.9188268857340375
0.7593290473808658,0.10459604078781604,23.42422214668709,187.4452624448231,5372.999319122252,6.382901913887655,15.392674048070184,0.24839892992690824,0.23714594402719313,2.026989872914831,0.581560024807907,0.8914526446953134,0.7475732332315588,1.1790176877126877,1.1910624718906935,0.0004900453844531615,0.005345006097205282,0.00017764114200739348,0.8098534000350418,2.7377267833147295e-05,0.27281927835366804,149.19158892143037,0.27459831847328015,32.11492050685808,0.9176527173247003
0.7545633752870662,0.10426805286290068,23.51628791188789,186.03766831118995,5329.422603315222,6.399672077663787,15.3883134746075,0.25094620695342673,0.23571766414479595,2.045480082980608,0.5804556978424351,0.8856133374688623,0.7439047134799144,1.1804259645393407,1.191243979862227,0.0004906355206955638,0.0053352703941316575,0.00017801870397730289,0.8085803002423493,2.0182049336234883e-05,0.2678710264351208,149.18647900940175,0.2721054129060602,32.08639801406214,0.9146474886277799
0.762079966510342,0.09887736625017166,23.59514230528592,184.09199784281043,5285.618384429682,6.421176279255906,15.3644955187407,0.2500535409118847,0.23588242322918615,2.0509204094307103,0.580367899708023,0.8845690369721346,0.7414220146026659,1.1775044333354574,1.182534912833146,0.0004910203011580303,0.005324240227950182,0.00017574349484361272,0.8125259218900893,0.0001363619194265163,0.27007051232018914,148.73948160111712,0.27006914072835003,32.14762905586296,0.92113513371181
0.7633809959050392,0.09411928382351303,23.485580454635716,183.9254613537138,5307.173098676148,6.438767095606269,15.340771028441395,0.25203143456239885,0.2360452853775894,2.0537808275605705,0.5847006041529648,0.8833448313915601,0.7436601319525722,1.1812963816753401,1.1804953383156753,0.0004920641836503037,0.005285795859167844,0.00017560414351602604,0.8154156917905718,9.850349931470867e-05,0.2721709029559582,149.41589365303537,0.2719518377400375,32.27795846477874,0.9227607059633022
0.7593708397159561,0.08973049695832395,23.63755147098377,182.36959955886167,5324.74413538537,6.4684035255450985,15.492007012406107,0.25160451715193294,0.23732247549172336,2.042536103217188,0.5880908244532105,0.8823913717038011,0.7431973595198312,1.165839600358098,1.183101163696074,0.0004890942063611841,0.00523984904656781,0.00017588815370725517,0.8201092583785349,8.495055417764516e-05,0.26616336231848753,149.70371298944698,0.27260602199426426,32.60713324740289,0.9224077749676768
0.7593830765146209,0.08822585293893755,23.662571266285354,182.87990420512367,5296.180124705991,6.43729274555016,15.443673014857714,0.25201696147454317,0.23814214059654365,2.0328510028596716,0.5863441846311069,0.8822978168429698,0.7453294848843888,1.1643553228986183,1.1852342215040412,0.0004894913942511993,0.005226736564963737,0.00017765701503123888,0.8185478855930733,8.538681797598883e-05,0.2716882324086061,149.06403541447085,0.2730388666166999,32.29388283198172,0.914554900608685
0.7598081119968523,0.08384922368373947,23.76796087710472,182.55582846479592,5332.493133736041,6.46981642169796,15.446380127503591,0.2506458660666428,0.23967552983519408,2.0516614885933193,0.5886977586799934,0.8774455517963384,0.7518365016780459,1.1654392004518452,1.1914407901693822,0.0004902752055179071,0.005196539471768917,0.00017740486928519378,0.8208626864509583,0.0001966631546935157,0.2716490252093514,149.571928762651,0.27225013358914835,31.957451882862856,0.9154051304095674
0.7673392376796653,0.0876706303148665,23.73706247421383,181.90162083793666,5352.130587928757,6.4563744963319385,15.534095862758305,0.25080915809194465,0.23887466576662097,2.0409755022184823,0.5908486687046752,0.8791809878264537,0.7532315512942173,1.155106152909828,1.1874170096510106,0.0004933151386272748,0.005196814865615574,0.0001772695221505138,0.8242871112294167,9.830058194771843e-06,0.2797971442894389,149.92680479283038,0.2742097726183546,32.0085060730145,0.9113987704092564
0.7716521725876504,0.08213586662377349,23.691927640448338,182.34894340754408,5365.347388093624,6.441290485570318,15.530360756773948,0.25056910535063054,0.24097883555006494,2.0386039457547827,0.5865513927244609,0.8795185095560679,0.7549732541737991,1.1633650865929668,1.1757835693770944,0.0004913836075788335,0.005133481432617663,0.00017689346074385945,0.8255631062265194,5.339448663093838e-05,0.27865274931117734,150.58593474159707,0.275249705368978,31.83796603473631,0.9129230922420413
0.7709166960960488,0.08535454909916575,23.665308266537178,183.9263873802015,5392.653919482998,6.488440910193965,15.61965493347038,0.2515735731056846,0.2410929193830867,2.0412311244604227,0.5904286765939079,0.8817007352293926,0.7508026456945505,1.1549695884599331,1.163025345492118,0.0004936811121322555,0.005164082616813057,0.00017621880400562094,0.8226343524552799,3.539352218399574e-05,0.2754945937117081,150.5513431158961,0.27393061385589984,31.844571527015642,0.914352261227594
0.7675520239463736,0.08512596039321886,23.69363921032911,183.06132865460881,5390.855724209393,6.452328776893084,15.637206519584788,0.2517732700035642,0.2392488291292814,2.0452591178608417,0.5914644250228008,0.8783770617110891,0.7552675660455579,1.1543186582332678,1.161627880684702,0.0004915296415254518,0.005219444971320856,0.00017454948646351685,0.8239076907325185,1.726316448846363e-05,0.27467259346808387,150.19164826899896,0.27457648607717206,31.846499191501376,0.9119126178878035
0.7696282582346972,0.08999522997098458,23.685660281220148,180.1452102076172,5415.196953003701,6.472180914590406,15.61808890894047,0.252445631664813,0.23937085563533236,2.0577687663069057,0.593262655753063,0.8817903564194373,0.7553967373479787,1.1516957702248638,1.1508804913487705,0.0004871584397603418,0.005224831194748083,0.00017457173740267678,0.8185776528703166,3.248716516147969e-05,0.2748818106712017,149.63554058374973,0.2770915203866084,31.72095234603883,0.901203622699728
0.7717177707448267,0.09364179198535841,23.765890358514042,178.66970260558,5398.336861722238,6.479604171818425,15.595241247521626,0.25274630198411024,0.24107553008197055,2.048340123768986,0.5901881722895542,0.8857818607858258,0.7573266344435023,1.1515847767554943,1.15062867285746,0.0004898469496381319,0.0052016397686796235,0.0001745618088608274,0.8113232231072851,1.8050734954827715e-06,0.2776766626170969,150.192519017727,0.27492214325101144,31.57222728368002,0.9000212566792634
0.7729828541054957,0.0971905562677156,23.73180117900823,179.84251629476933,5346.397740413909,6.492119894912271,15.559470595216883,0.2517566684421337,0.24085557135217678,2.0315201837894583,0.5926638609033755,0.8834269229774991,0.7602124403488248,1.1529793597823945,1.1530683430090152,0.00048791740868000014,0.0052482157118054614,0.00017474023023007662,0.8122093707549195,2.8691440530020727e-05,0.27463954763888854,148.83073687955567,0.2734354121267803,31.243435366218,0.9043383574548828
0.7692247491459452,0.09235814285877467,23.781354918037827,181.1007980657212,5320.5693584001465,6.530326807339166,15.526538739853343,0.252933731317113,0.24294395908861405,2.0273816020131448,0.5966444774418054,0.8850982994971214,0.7602906607098856,1.1550669145225865,1.1523954534996477,0.0004857515996322181,0.005267948742950395,0.000174052002279083,0.810637838376681,3.6416691161376705e-05,0.27490809359241497,149.9355424186528,0.2753878637244711,31.41784255795653,0.9004481511545702
0.7668356127221011,0.09462008459415744,23.759415472384223,181.64659857396353,5307.940900583378,6.555494783768879,15.592527519852787,0.2537661221873831,0.24215704604514995,2.0373857274886253,0.6005789551389543,0.8796611830079102,0.7618201537494201,1.1520966652361369,1.156661770014595,0.00048612757037214534,0.0053069196128749515,0.0001751474060690313,0.8141157115047727,1.6203805652128683e-05,0.2759845194372116,150.15297468727528,0.2754881061487721,31.391770860860593,0.9058478135729361
0.7709682515445543,0.08195184314747891,23.68969220151036,181.52970141272007,5283.672935354242,6.541445710956951,15.454230423162336,0.2552416621141146,0.24266790118654574,2.039550161179479,0.6023794420110279,0.8805140123635116,0.7663088105411814,1.1462945219693297,1.1552305166942178,0.0004848877376985901,0.00528074575399503,0.00017652097458923613,0.8094678581773813,8.041776253972562e-05,0.27679976411499213,150.56712325444857,0.27388755229060757,31.255561759993807,0.9091147364709293
0.7738244636198294,0.0889743283544898,23.662711976638093,181.33447600124725,5253.410367923257,6.576350769638002,15.385354554734015,0.2538519763754728,0.2426179820521046,2.046027391585879,0.6006886251219357,0.8770643859511031,0.7602109073508898,1.1423159246796695,1.1514710577707699,0.0004845669985816312,0.00526740661552529,0.00017641176381302315,0.808581774031823,1.2045693830418301e-05,0.27582252644387595,151.25131604962215,0.27567659867176564,31.33913900834913,0.9090901849812051
0.7756696466627716,0.08683425231978506,23.75465052906406,181.93500368875814,5232.722799865595,6.585604025247822,15.284907109126117,0.2525671359669015,0.2444612624166776,2.050151215748278,0.601933329859925,0.8743749780287629,0.763774904509715,1.1469874906919273,1.1523851214202916,0.0004850564082618357,0.00529268713164333,0.00017700516086987977,0.8080876998756825,7.553806449761262e-06,0.2802865209350993,150.8706811475663,0.2764752440321039,31.50650757674909,0.9102885501494932
0.7755921176055578,0.08232811304215693,23.773251607683285,179.96435820844033,5192.160918287391,6.597533509186128,15.19638665363685,0.25042682068130595,0.2440376671552093,2.03159684765021,0.6050207484836422,0.8689948703085473,0.7617011250879502,1.137804517563398,1.149305737388182,0.00048475069670886073,0.005286361894962442,0.00017672628001223588,0.8044041611896967,1.3767279696555676e-05,0.28124254612906874,151.26240731280515,0.27578032553022286,31.40711315674813,0.9072084207801429
0.7744803621614694,0.08095787522826212,23.680487691397698,180.47309322195875,5135.1826963952735,6.621858325280838,15.216395062395604,0.2531522421008456,0.2443043115546649,2.030574256279184,0.6021079737457637,0.8656156839619723,0.7651460537392457,1.141804130736974,1.1513190371357012,0.00048438847360324076,0.005307987287979791,0.00017835556961009197,0.8033852495561005,1.4794033514336777e-05,0.27784503210596806,150.79946131810385,0.2764909075050831,31.225494079900187,0.8996529160751477
0.7714663650465166,0.0768912984895942,23.80046578950493,181.00572283623902,5118.860790908946,6.637073028200082,15.193782839156997,0.2547153286013642,0.24106824452433329,2.0323613248846266,0.5980763999075096,0.8627427015627415,0.7670778831898496,1.1444205562454277,1.1525442152878682,0.0004835949999759129,0.005282528839630878,0.00017979318762268793,0.8006288330624383,1.62396795693913e-05,0.2794641450536262,150.6490320940217,0.27513625383592305,31.40383378025394,0.8871200975432156
0.772096726916237,0.09063076806146093,23.792372419712436,182.11437824773878,5086.319105060271,6.665823000038042,15.171762173359108,0.2545454072981661,0.24060721757667786,2.0429388433212377,0.5984694908238241,0.8627166919812882,0.7628020773587517,1.1427124989378787,1.1540706444259021,0.00047920210796115073,0.005233207195620863,0.00017949403706727092,0.8069846299710469,5.433267784031403e-06,0.274874884434817,151.71606541065088,0.2744390362635383,31.471609820892922,0.8864134658268975
0.7670244519292356,0.08583554277261085,23.75456248338573,182.31233015515355,5076.554944992118,6.662894944913814,15.116832940666937,0.25464013954612097,0.24011558743942385,2.0521153638632192,0.5977532552535693,0.8656541786023647,0.7628330426399635,1.1513343522735353,1.1505789194436997,0.00047970732078931764,0.005243929280517683,0.0001781156869434321,0.8069539381081188,1.1645478339082644e-05,0.27039765466667537,151.51626803720856,0.2724202272312813,31.72653188870581,0.8847904875934534
0.7612198795572716,0.08666371190065505,23.814373202274588,183.58614536217897,5083.574800599129,6.650883034861267,15.07443200500875,0.25515514556310204,0.2412641930979744,2.0510692357179985,0.5936785933911477,0.8685214333930147,0.7623259520575622,1.1538256242957774,1.152514660159976,0.00048288037088826247,0.005291047624629197,0.00017801694987557956,0.807357346382734,1.6727733767070983e-06,0.26875118564470835,152.85222147912614,0.2726475212545193,31.602512186555124,0.8901773895133277
0.7606479670743026,0.0882325933153306,23.872846446382326,185.06888600301647,5008.901608215963,6.574479448817773,15.094677853930992,0.25527112505874267,0.24050849458327037,2.03066989717438,0.5973423086233206,0.8698765033037698,0.7665606010823496,1.1593585543560898,1.1473937657669382,0.0004795829528100686,0.0052653547105741385,0.00017764321078727013,0.8090424436145134,2.7915000350293257e-06,0.26900992869462,154.28915642657188,0.2746189177285972,31.309808444760826,0.8907434740023302
0.7597671901350479,0.08862583198331207,23.8856401161548,183.591847164966,4984.379230805543,6.588173587266373,15.023521531067715,0.2552556142924172,0.23843379170261234,2.035658798540225,0.5971330170420232,0.8685272263264399,0.7682398814362091,1.1534669435825209,1.1506586808950041,0.00048030294847530106,0.0052477300833124775,0.000178261357782707,0.8107743981074728,5.1931283854759645e-05,0.2723753770157723,153.73484604759992,0.2743512944975922,31.391637314106347,0.8895079042080298
0.762562187392555,0.09513475625021413,23.895191469224166,183.310314250652,4947.097073608361,6.539534557860586,15.07667055578256,0.25599848111600226,0.23747655160369957,2.045241097801256,0.5995421750343092,0.8664147303490183,0.7674155849970172,1.1616203917873316,1.1450428086137756,0.0004789094771672743,0.005247295452700987,0.00017754073482019757,0.8141671270852179,6.704081989320455e-05,0.2687739738119699,152.40440999445158,0.2743306694921687,31.367492225788673,0.8833442237732655
0.7641515189245102,0.09852315708787747,23.982919067594946,183.0131584513245,4971.540578646189,6.447907855699941,15.17287166265651,0.2538590979154568,0.23952941552309595,2.0355766614631814,0.5995914568775296,0.8619817449766849,0.7674913519621147,1.1569205413084755,1.1464735214954263,0.0004789743242882627,0.0052270827600759155,0.00017975333677825564,0.8195945139393623,2.6282167995220223e-06,0.26679336821578836,152.9429806874241,0.27768311118117167,31.341298780092945,0.8838914791821959
0.7637375972416397,0.09811673751528967,24.03537571642258,182.14480682389245,4965.68716948044,6.445786093359298,15.234952647977103,0.2544499422993093,0.2394108121447713,2.0367369075315467,0.602017754982103,0.8628780144277002,0.7641130345407846,1.1518885922509032,1.1483348091468448,0.00048227217375799997,0.005240852958528926,0.00017981755781408293,0.8222406556190157,3.829283443445539e-05,0.2693994928544085,152.66602349001425,0.2792716259348093,31.447247130268924,0.8909696154797455
0.7707553967335943,0.10182575040081486,24.057138598218845,183.03176545772666,4972.240145765876,6.51054391033025,15.138660975004564,0.25421444657419884,0.24148634376378872,2.0426379196905793,0.5938311912786838,0.8633560940172791,0.7644943674561792,1.1532929792763196,1.1470915569283593,0.0004831058967878113,0.00521930799933824,0.00017932167586317491,0.8196243467526406,2.7094405087803106e-05,0.27316962392285454,151.86684272845795,0.278074964325842,31.39610912811999,0.8945704320501127
0.7769467341210742,0.10182252175908682,24.097856185579793,183.26720988836968,4990.352893554152,6.476700279611211,15.08623580277959,0.25301420747074044,0.24175862028031214,2.052519566848965,0.5958723005909542,0.8662384915278725,0.7648555559501252,1.158462246926329,1.136799371739582,0.0004800226826443504,0.005222912182495551,0.00017955831134335845,0.8196282100876127,2.065820489672167e-06,0.2771679524566259,151.76144048728315,0.2780829613593941,31.22282491421001,0.8995046443289934
0.773492032462512,0.09485600818923101,24.26764877723764,181.8056548775746,4935.036675085889,6.449481288819838,15.00719708862809,0.2539889793114748,0.24045727361432523,2.0440032265461032,0.6043360968500425,0.8657211853084169,0.7663041906984848,1.162196594592702,1.144159996124608,0.00048020051087206564,0.005236250583442583,0.00017858493750427313,0.8216483319754646,0.00011894408148890215,0.2757458203449065,152.15743086146034,0.28044798223014805,31.362645963047857,0.8960021343947066
0.7793693398689661,0.09998077968993427,24.33286101237615,182.66053303130482,4891.569421358678,6.455026324302769,14.943209497815328,0.2549892624008408,0.24232974104515262,2.042135426292788,0.6038355006570353,0.8660728682125546,0.7658005151371782,1.1605150733714624,1.1509116994414952,0.0004775314593632287,0.005209688968252447,0.00017882201196992907,0.8183723213175501,3.1238001008125266e-05,0.27772039503750195,152.04230703194057,0.2781504705230657,31.274305637071457,0.8966455923620177
0.774717190952093,0.10639929699320931,24.403986903275925,182.31896268771752,4834.421105939241,6.500434869154709,14.8954584674986,0.2577930157049128,0.24359103645022093,2.0544200179513132,0.6044099500758764,0.8678296678904294,0.7668153895961827,1.1573370401118108,1.1532433619739575,0.00047649292412989405,0.005204099748593929,0.00017938162692789967,0.8228851398621719,6.92635739635221e-05,0.2739539839463742,152.18750685324306,0.2789202558897455,31.18042782634246,0.894212378091659
0.7768198836731469,0.10724887118014759,24.476543192944213,182.15568045439332,4822.745751400731,6.471504605610272,14.868978203132404,0.2572763346151611,0.24301118479320608,2.038001707660122,0.6067894408866698,0.8687803745664203,0.7669823089190274,1.1535853511215168,1.1431219989054515,0.0004788409976885529,0.005245326228609716,0.00018056952851321868,0.8242518885830747,4.13759961235205e-05,0.27609350743937217,151.58480055876473,0.2789634035596488,31.17760766131403,0.8972813701594173
0.774195645407623,0.10962858920167319,24.62143735116207,183.06137399081234,4803.206782901971,6.458229069203304,14.900692817568618,0.2590278415976339,0.24316074512152025,2.025980775393988,0.6031736916301695,0.8643400155355123,0.7673639421920364,1.148363543270265,1.1454799583182562,0.00047557096051457914,0.0052406388575658575,0.0001802945497479503,0.8236522579588308,3.752543864789561e-05,0.27450686111169686,152.2706002291082,0.27893597868558057,31.34084800334995,0.8979940145795664
0.7733700851581367,0.11113324294547507,24.728061941095522,183.2346346362072,4837.089283770581,6.497313452309647,14.874734146334397,0.2607682406471769,0.24475861672772803,2.029944207241313,0.6054379648166391,0.8668177361339738,0.7696644553024783,1.1476547158794943,1.1492863646592866,0.0004749226719158669,0.005248142405880482,0.00018046412457852143,0.8206454875996527,3.253791348473855e-07,0.2753009889712454,152.34083109331684,0.2785558902380558,31.11616470959872,0.9032799120572514
0.7782248136692916,0.10505632915372362,24.787203666268514,184.0302345238865,4830.31745474173,6.470270943990099,14.941876383882535,0.260587057830958,0.2441951153970963,2.0488641652795896,0.6037289869195452,0.8628286606341468,0.7694291162704082,1.1422949188916278,1.1473441485421558,0.00047535037180963227,0.00525376232960212,0.00017926644797010077,0.8216531371910542,1.7402336137810288e-05,0.2701683149355974,152.24620888564485,0.27374185655556377,31.139930703955066,0.9034672951919681
0.7795937401551858,0.10396713833441892,24.798771529131166,182.77966801442778,4816.639331643921,6.499034662993195,14.905793603571938,0.2611280491349729,0.2427942389343056,2.055575070131212,0.6014250854953929,0.8691978277493099,0.7700727245752966,1.1410792491744544,1.1489362796815061,0.0004754492376018273,0.0052343787092607045,0.00017905123337800174,0.8220129139400784,9.832454610601539e-05,0.27651663956543127,152.3441887409335,0.27260541686938955,31.16189021201776,0.9065897369091008
0.7750689550485899,0.11142784447960377,24.775742315564028,184.04594183857023,4844.023536258078,6.4763626645909245,14.915135696734202,0.26202899483107883,0.24407712621010969,2.0602645050456627,0.6007292841201174,0.868238658577108,0.775816632956588,1.1373584295647592,1.1502174598208914,0.00047671884963108944,0.005197844477408787,0.00017976314447452338,0.8238720124353439,3.8907402258510544e-05,0.27476123209958037,151.85847856141558,0.2744230672488668,31.26081647766874,0.9004248174714508
0.7726525520000606,0.11036753573790113,24.791437197953687,185.194391302227,4845.473266253091,6.48962832928297,15.096534814210614,0.262350563355903,0.24336546871351647,2.0641931436472363,0.5946618848556484,0.8702938876906068,0.7765213245191089,1.142807958548149,1.1516459345676129,0.0004781502593031114,0.005212146686752952,0.00018196112518129934,0.8251986845942811,1.3866872990097582e-05,0.2765989375085803,151.70011038266884,0.27601267029883575,31.34708671264997,0.9007784877432565
0.7707670569959153,0.1106327126900385,24.872255806656682,185.6861034812447,4861.264392552735,6.49802500721892,15.068369207431271,0.2641275284954194,0.24297992508458252,2.067393922496702,0.5998285920902854,0.870389180815131,0.7754905555646743,1.1501164599866947,1.1502326047622993,0.00048107101713892625,0.005205339844285774,0.0001826897794859873,0.8195299586845041,1.9947201896278488e-06,0.27148963407386945,152.56001141546298,0.2750062578168245,31.261820018543183,0.8987195411204295
0.7699903652184792,0.10581809168415383,24.82205215403633,186.1403381353936,4846.096236210331,6.466488614882177,15.045142892111732,0.2630478804499702,0.24292661435329535,2.0515683670829157,0.6006311378596723,0.8694809511573527,0.7748641177697911,1.1458805327040544,1.1434925481723919,0.00048067744953582425,0.005148718337439679,0.000183453666238224,0.8170888449555627,1.7793949461517603e-06,0.2737067695767376,153.65636812398216,0.27647679659545665,31.637785952654838,0.8916746300478045
0.7715454628201172,0.1053868036646381,24.962354590696336,186.1776342014954,4785.008755947829,6.479921905864939,14.982151115885692,0.26232150386294273,0.24358049966765138,2.04705389311908,0.5997838790243142,0.869543921525278,0.7749701328982948,1.1555726352825748,1.1340204662789504,0.00047801028144797936,0.005148186392938384,0.00018367264712119952,0.8129429698529647,4.665052954325171e-05,0.2765953048096935,153.98437696985263,0.27504239874023545,31.76539293974571,0.9001576942080229
0.7729758834917604,0.10221866274350405,24.951640080887685,186.61902493226665,4759.657113372867,6.5034438183741,14.95282855657706,0.26191704929244514,0.2451923298832132,2.0508629274914774,0.6006317193586065,0.8665797220623067,0.7739312131062699,1.1538174806929564,1.1336284418129592,0.00047567650231322163,0.005113644075691596,0.00018299136548038494,0.81334129757308,7.793861366991686e-05,0.27768018877699535,153.6172756650784,0.27392323252576006,31.651356470013948,0.904667311221074
0.7677646152804862,0.10425335711123447,24.810786046529955,185.91079810228075,4704.319744861019,6.5216652016951695,14.918733536961065,0.2621363060808444,0.24608776753623426,2.0366019916239093,0.5986476416862127,0.8684082230512068,0.7737483640496526,1.1625292378772036,1.13708520179292,0.00047388120195591645,0.0051455021250573375,0.00018307158884313192,0.8178406723954345,1.439098672234721e-05,0.27198766809084907,152.91247679040583,0.27064196274902647,31.399664526525523,0.9047121160429668
0.7720180944310068,0.10177487964638027,24.66289601714621,185.6740088832409,4675.039751627088,6.573625831255059,14.995028535820866,0.2622408341684162,0.24675674999691455,2.0406686729961634,0.5954597924483459,0.8683842180658177,0.7763010012013548,1.1595538142857533,1.1401421392675586,0.00047471430434366853,0.005138609803653894,0.00018341851029502352,0.812013707536341,2.6569681785897838e-05,0.27867769982276147,153.52691474717156,0.2710313992560306,31.497089933544718,0.9082542713380795
0.7714602378078053,0.1016200361483064,24.695055514655056,185.6367255173899,4724.475925252528,6.595880361091574,14.84443875843177,0.2640164167671853,0.2445866259184434,2.0320796440805604,0.601795572032626,0.8676539789257807,0.7811235807003435,1.1544130495622897,1.130905437597535,0.0004720048895455729,0.005123204027347475,0.00018381584888656807,0.8119470131857013,9.906618918266596e-06,0.27355258428770063,152.84555134569993,0.2705898699672515,31.334550030464772,0.9076501213334317
0.7712362843229404,0.10593569957273506,24.696180928826582,185.4405835712664,4682.749861225654,6.586429833963421,14.9350505195289,0.26319510378856215,0.24524354873231977,2.0448078780221226,0.6066974784260113,0.8663221217054546,0.7823439921250923,1.1577669658428613,1.1320023820012637,0.0004728586672248631,0.005122001341338567,0.0001854685047776745,0.8104179377191265,2.8878479111883065e-05,0.27128798254752595,151.67617928895902,0.2686262226340785,31.44412504256394,0.904949792602153
0.7748139573169622,0.10248864798972003,24.730092273240647,184.9706538171937,4707.568616863475,6.555544655559965,14.890967117289922,0.2646403274521619,0.24728712281418994,2.0485124357727713,0.6049397198799312,0.8633642080509268,0.7850351705504265,1.146789620288266,1.1259636806890274,0.00046873950962423054,0.005096567901515514,0.00018509064054274892,0.8097308057273758,4.0375531953647797e-05,0.2759545261981879,152.1223102355653,0.27118374130636325,31.29377546558666,0.9058488255591316
0.7732807276280168,0.09914676115956213,24.79124987830707,184.44252693304594,4697.2752193969445,6.6063425891824,14.945214014284605,0.26491506328421055,0.24550268789024124,2.034391855701499,0.601895318875348,0.8661565660557924,0.7824567240792848,1.1506822393524097,1.1209031660750675,0.00047240951620478646,0.0050967967534157575,0.00018380635850007274,0.8087681789763312,5.999237958221834e-06,0.2777481706869074,151.80097043492944,0.2687956629323854,31.313048681095538,0.9112237763903365
0.7711090772888066,0.10674117152550928,24.82084164391901,183.70487213887716,4680.701591844365,6.597537051194101,14.948490151855193,0.2649325788741625,0.24520062197559578,2.03602899682334,0.5984935737431268,0.8691283492287738,0.78690142255558,1.1595164317634898,1.121472497634994,0.00047067339989245076,0.005148423181902373,0.00018379514884124266,0.8119831197342625,3.516495360611304e-05,0.27596555019200003,151.89060374750494,0.2684198223007132,31.358055453212717,0.9093218852080741
0.7742173795534429,0.10757844536692368,24.773216707135006,183.05539285372527,4641.158863647597,6.598491485339736,14.926065984165662,0.2654867704857983,0.24530605134874708,2.0410129926137985,0.6019238852955567,0.8715445925999176,0.7869747585418306,1.160591595649816,1.1331809886552497,0.0004664076852818985,0.005117138031797143,0.00018290766918839277,0.8112139310855899,3.721343209250881e-05,0.2775710293277802,151.8444111096387,0.26922221536236196,31.569593807373703,0.9059206660668001
0.7731824054736797,0.10987981932881521,24.95509585576019,182.1601650576969,4616.106202099837,6.6243130381110955,15.041375194099528,0.2651163727403453,0.24621601663761566,2.040332391866824,0.5962881819754725,0.8708178896139301,0.787823639615636,1.166849477777445,1.140672120436544,0.0004650622667598867,0.005098926070099848,0.00018475276218520243,0.812244069807104,4.876136056532441e-05,0.2721684324939031,151.319398335506,0.26800862608213466,31.758809091128253,0.9028490923489925
0.7757234962733512,0.12049242539268182,24.8126524960092,183.10489432820722,4588.138423310825,6.586013103524947,15.140295271045376,0.26376461715703375,0.24509822174076182,2.0681059282190226,0.5953520068050159,0.876055568082448,0.7821935038407871,1.1727908770926752,1.1350577457579536,0.00046130432453809014,0.005093751091862427,0.00018657543213706422,0.8170993931583119,3.350234252106677e-05,0.27149262390097084,151.19721928791853,0.26717218306761265,31.77763592812492,0.9069335054174015
0.7773857872304932,0.12109908710416206,24.774519190134075,182.81162594430532,4540.172801680033,6.569718684012672,15.203323551588612,0.2630923438275445,0.24494659236771285,2.066102115621815,0.5965339722396311,0.8770342392227258,0.7832253901495709,1.1634219034967552,1.133847098398392,0.0004584721835492779,0.005092735651420085,0.00018452908418623476,0.8174343067965667,2.2895789557649123e-05,0.2728699928686631,152.23676989410146,0.2681752549266858,31.726406573087615,0.9071009195391391
0.7777232098976911,0.11550173296996066,24.885344398831627,182.16152733910567,4553.736968142973,6.573071264723657,15.321712394294046,0.2630772968690853,0.24718042200082616,2.067571481119008,0.5922576080131653,0.8711252524749422,0.7817519434419257,1.1607269738432673,1.134044780887983,0.00045413103129158795,0.005050235023990109,0.00018496935086685304,0.8156878878772293,2.437180471728645e-05,0.27416328387213434,152.75813266988746,0.26827046498819535,31.523379484665803,0.9050259187210034
0.7766814909535871,0.11376053660295869,25.025045912553235,181.8963899637221,4548.150323471876,6.556402821795198,15.369756360808317,0.2624137716398893,0.24580393728019492,2.0703440746974175,0.5975477994876159,0.8708382361974407,0.7769238815950689,1.1646974787069624,1.1283565147403907,0.00045353085129985695,0.005023369990671671,0.00018388882460557428,0.8162722882120463,2.5076662749615765e-05,0.271409907148146,152.56141288200882,0.26764529841667506,31.43121150824596,0.8946196403154132
0.7758046799374682,0.11398109044009538,25.171616318104572,180.78136137901686,4541.393835411001,6.549840683591621,15.314956439429189,0.2621937876415117,0.2470279745929699,2.0805536529291784,0.6010461859989193,0.8646636301096952,0.780072138060168,1.164895586005908,1.1349424019406944,0.0004541886176155982,0.004970930693419769,0.00018415842831527249,0.8162660711541092,1.1941387931095223e-05,0.2683441737893034,152.85821476287427,0.26771355390475443,31.975825128603013,0.8998272459910471
0.776974168234972,0.11444417774362109,25.132928721648852,179.20748878814578,4553.817042094985,6.556661035042778,15.255731414926391,0.26350565246272456,0.245639793310852,2.0940320905429735,0.5996275533725668,0.8665015274881429,0.7818860494977387,1.1701006482374736,1.1369138292838077,0.0004514904800249915,0.005011286239180918,0.00018479109912198017,0.8175132149485469,4.612707423389019e-06,0.2688565447469348,152.71624109982497,0.2660974295750791,31.78940699984783,0.9078426433751664
0.7701223184482151,0.11191839593714836,25.262216225417085,179.4348020906991,4543.922580867474,6.581962355084088,15.261982026078956,0.26354297066932497,0.24638604670010164,2.1091019936745163,0.5983930981399905,0.8649902714746542,0.7790945127190003,1.1684920439759756,1.1390729347772641,0.0004497150212015172,0.005005973127174497,0.00018283308597967458,0.815397397876334,3.381230292307792e-05,0.26596411165131095,152.94083712869636,0.26911017731178927,31.901094395906338,0.9075662836702566
0.7715183024759771,0.11052163926211998,25.136712570538453,179.19652880908583,4578.714933670712,6.568157935282769,15.26600137529051,0.26238551345967026,0.24744271215389077,2.1128503731971793,0.5969503796525861,0.866418978101076,0.77910954813129,1.1656312744825552,1.1273186320847373,0.00045404342128950274,0.0049786226027674985,0.00018144537798802572,0.8150315380015412,8.653815289430403e-05,0.26575527034694424,152.89925442965932,0.2696465199610989,31.743421322665327,0.9121772934473447
0.772745287963355,0.11220902609182233,25.145674402041145,180.8450964946059,4628.355803363418,6.606746059335934,15.216929017022816,0.25920456748882714,0.2486681819879708,2.130485172853784,0.5949894054436977,0.865113843060445,0.7826109065104816,1.1726032781901197,1.1284135387257943,0.00045439751457540225,0.004978106182355803,0.0001787930937376088,0.8170786934594659,4.772700315315735e-05,0.26479464544852754,152.95882572229937,0.2671299419891133,31.778895748085603,0.9099862295909952
0.7760952972510572,0.10722132618357552,25.332491981607088,180.22909752727455,4604.603936191129,6.595833755097142,15.266162273826406,0.2594597435773928,0.2486974088171544,2.1192289053601825,0.5939283116479468,0.8595541641701343,0.7815572266896538,1.1759985256709595,1.1293917217969827,0.0004583066240476406,0.0049823835620189825,0.00017892476289563383,0.8165767840402177,6.562069105238303e-05,0.2652710684352111,153.24481505485957,0.2674188728909565,31.52474674080864,0.8975031903309326
0.7767106307529564,0.10900327477129773,25.237765582319923,179.86955902606496,4576.6274962192465,6.598986089332057,15.2805006062861,0.25972445327442667,0.24893950671461712,2.1226761106680017,0.5960230966252255,0.8586854847681523,0.7786104492931328,1.1817425996933215,1.1254246152592942,0.00045433830713587125,0.004921774286251359,0.00017824674268060466,0.813669033432753,5.53201861666416e-05,0.2681002368136424,153.442416009167,0.26722868809287403,31.779999357128148,0.8909189931739773
0.7700946021675711,0.10387748258624446,25.444783292978634,179.74759085191786,4640.587107395173,6.627808937070254,15.29867535383939,0.2609764273317335,0.2485410983775406,2.1241746216232187,0.6000936248980149,0.8646053287887895,0.7850357313600705,1.1785132940577738,1.1180711354460828,0.00045314368923396464,0.004946640271089052,0.00017849230808884272,0.8096959384641903,2.8461325912199176e-05,0.26539275583934074,154.4149106839054,0.2677302762764921,31.471999350374354,0.8905627402339374
0.7760010911623887,0.10680177473157453,25.590875263979818,181.22436055015405,4650.744743811855,6.628651927416052,15.267097647906837,0.26037862073818124,0.2462203858197063,2.1249351407940953,0.5994646349678218,0.8617863891906593,0.7818279107381806,1.1755769046686793,1.1244093259113723,0.00045223980328195756,0.004920579824922871,0.0001782799676777097,0.8093137812880274,2.4995700724617095e-05,0.26407650670874333,154.26081091481916,0.26825165742740487,31.49669089787297,0.8877493830617071
0.7705444433034053,0.10355510123533364,25.605123345302015,182.87892286711767,4680.037723781834,6.663995566601379,15.324368452303853,0.2608314917092657,0.24671395848492017,2.1216613474821435,0.5986438342679365,0.8617441457374458,0.7781639070478041,1.1671474027133442,1.121563542364676,0.0004513887690761209,0.004927692903094455,0.0001768521694042418,0.8045953052589199,3.649793265498142e-05,0.26412068564535995,155.13383745924256,0.2703802915970176,31.449140032771535,0.8995105083176147
0.7727969189550271,0.09910633435984233,25.72428797367473,180.17170986292595,4641.001913548735,6.62203397809802,15.254317635037975,0.2620486449327567,0.2475067139522348,2.127744524668039,0.5978286946451842,0.8598344515948678,0.778150575957829,1.1694818905914874,1.1278818051945891,0.0004524841400065814,0.00491355084139607,0.00017719646566037497,0.8086349470844063,8.688088240678128e-05,0.26941514333304456,155.10030353624498,0.2719089722302927,31.739439024977326,0.8987057993217539
0.7717045277343202,0.09635232628561098,25.69887144793039,181.32312011271424,4594.996733453709,6.591329636278373,15.315273347235143,0.26292135129393845,0.24677461120152897,2.1347461998225654,0.5992025444919062,0.8646031210650061,0.7885833965141423,1.1617332037775874,1.1264805227941317,0.0004515710589780196,0.004934828066371058,0.00017777416659759993,0.8110678553262923,0.00014087938269444106,0.2665288131294295,156.33324981102902,0.2699350538125823,31.736965511140074,0.9035330763475002
0.778085182826134,0.0978036850021175,25.667755262044746,181.84359976043848,4569.146550917082,6.605658575044318,15.127381316703984,0.2643163830221833,0.24803165384487294,2.13208025790955,0.6038275926652876,0.8658748736707077,0.7820719901187746,1.1681227719549139,1.1295543479422612,0.00044867335386220784,0.0048938031182127134,0.00017679437902431468,0.8069194252776879,8.254558234786806e-05,0.27268218619535056,157.22866879187566,0.26934311401754796,31.950821225181897,0.9112690700666084
0.7703263884740058,0.09675373753826388,25.692538202184682,182.41176886135167,4547.419713025898,6.617988932189744,15.103978126996394,0.2627957289610494,0.24711374681243464,2.135099087171412,0.6069432411687604,0.8661470345610427,0.7824019168364461,1.1720884786933832,1.1182602311064287,0.00044650680426735036,0.004893935057623773,0.00017681726941284784,0.809356374295483,1.6120119603457985e-05,0.27731474173535764,156.52739470841308,0.26846212156973415,31.801244885556564,0.9046963563583301
0.7759887521810432,0.09701551589783959,25.705586171834288,183.6020481368514,4554.765367458083,6.581987152607491,15.06628994375995,0.26300942238429237,0.24599554208254762,2.134124475447326,0.6049104319497784,0.8657618553413822,0.7846092144435969,1.1757807754555958,1.1200242226194848,0.0004479412728264815,0.004885332101609029,0.00017775749686470838,0.8091028282700922,7.217242567074012e-05,0.27450697215071196,157.1805513474869,0.2661622047960766,31.58373477236355,0.907360644189302
0.7659570525882059,0.09156848359987006,25.544752756091736,181.80164961360572,4563.624893512096,6.554668039840449,14.94928767563874,0.2621604532877011,0.245040077224355,2.122103809080851,0.6053728034736018,0.8661032158106244,0.7872596635055777,1.1785553204874981,1.11847196907418,0.00045206924060740085,0.004854919906897119,0.00017770348046282296,0.8113182243055594,6.814999120726258e-05,0.2689720779050303,157.6666042713464,0.2677281832901887,31.35885668692062,0.9029854591537387
0.7667232486892854,0.08992921567318697,25.391729204812982,181.5023331161734,4543.996560332525,6.554337301323566,14.893756106554992,0.2611556667544022,0.24472269899432322,2.119560471603898,0.6085485334517585,0.8667274572004678,0.7931459538184361,1.171980439911533,1.1237612357646225,0.0004528112455645642,0.004818200173796933,0.0001789764351908348,0.807098607304214,9.356252824981257e-06,0.26730371710745404,158.7423366681194,0.2669061572997092,31.1272414740309,0.8988883501513645
0.7726644992685092,0.09019553881124293,25.3068506393351,181.3276629731217,4498.291854108229,6.579023470731109,14.895868385863784,0.2618225204479156,0.24347202512978403,2.1195838089171857,0.6064893018495162,0.8661420656257504,0.7899063034610448,1.1728462071898405,1.1230767865863833,0.0004536655523362355,0.004779717323748408,0.00017892879069808325,0.8057185115780812,2.9571805802397253e-05,0.2715677638137474,159.27594553516994,0.26678030599305663,31.074281396481233,0.8951058071071177
0.7664123320149371,0.0871185228455591,25.437750744995544,181.33324607212944,4490.431872953871,6.603937484275211,14.960187527102585,0.26329381728950774,0.24416924171271528,2.116817281452613,0.608985087404416,0.8613522413534467,0.7872676577710722,1.1764085994829625,1.1242691261546047,0.00045323824732825647,0.004761173152478883,0.00017995682322338824,0.803377034489669,3.367428936931063e-05,0.268439480109485,158.85988127329338,0.2677137386626045,31.241915355633125,0.8939335884927038
0.7651191223113291,0.08548385632370299,25.451576248340302,181.1960023489219,4473.320747835671,6.597501669862959,14.924548856722588,0.2617094857197726,0.24463207303337578,2.1278950423390253,0.6093073421285679,0.8608106732454663,0.7820531199776997,1.1721626290099414,1.124495522765435,0.0004485463097678044,0.004802170875224275,0.00018005256848881192,0.8048101868181905,8.801342886888765e-05,0.2698892551951087,160.1742556302439,0.2691272601353053,31.310485544084088,0.8843309397524396
0.7634704402562119,0.08872866577998446,25.364895867036225,180.8739157554436,4482.148874179285,6.639960567782293,15.003929187499873,0.263481996097754,0.2453448783997703,2.1149482775965542,0.6069113765961166,0.8604724797268152,0.7811401593544096,1.1589883035504596,1.127948395176652,0.00044645330332361577,0.004828509886194262,0.00018211228366997537,0.8039345850222133,1.2900302032602503e-05,0.2665652804254503,160.44455738823106,0.26698685391021293,31.28160025960605,0.893871191109845
0.7635377306066183,0.08960518338971055,25.385931559637182,181.5398327140406,4509.862526788465,6.642266920923052,14.924839958040655,0.26335271193115695,0.24548523067028602,2.1322592545129155,0.609949568778226,0.8592411961479994,0.7834997996764923,1.1621539894368733,1.1267778830366622,0.00044426610738879135,0.004850087525674751,0.00018124213935886245,0.8075988325558238,1.3492428901276815e-05,0.2634585721867714,159.48997796481666,0.2666304316545871,31.764966117866496,0.8944510136124042
0.7658537825427583,0.09254896810238174,25.512766664335615,181.1202529706376,4557.775332626242,6.596490688363156,15.036696088343893,0.26329128267449387,0.24451860492083852,2.1245607444500956,0.6062289406093925,0.8585434271610095,0.781883023783154,1.1574443003024604,1.1316157174798644,0.0004444128101210821,0.0048702803187936124,0.0001820027301514769,0.8073303485379617,2.599133713816719e-05,0.26317148881407665,157.96786879908788,0.26850736107286227,31.724841330557144,0.8819424442544928
0.7680456453253135,0.08520169358842966,25.564201539010533,178.16770416444123,4579.567668527921,6.607982348919102,14.994237496392143,0.2652449068554815,0.24366198975461134,2.1260345370059843,0.611091134153925,0.8546171308491134,0.7840577408762645,1.1672268238521462,1.1395364933489947,0.00044669358929331164,0.004877048749870334,0.00018422285040562404,0.8054499579605823,3.65212985423562e-05,0.260817415570916,158.19573893508488,0.2676321730448673,31.8251203917556,0.8872708811400787
0.7687070436012211,0.08662039943873914,25.640517093449365,179.83908996037192,4617.399706496527,6.6216361749467625,14.979094547882031,0.26666829897601135,0.24592949704128345,2.116731566970159,0.6108515771664763,0.8569470211025615,0.7826353316707875,1.1662833989459098,1.137803775852456,0.0004420375934058155,0.004876000774544023,0.0001848163264523908,0.8040160471673032,1.3156609526627529e-05,0.2620438917231937,157.4035017887252,0.265876285549664,32.02211965776858,0.8824083494933805
0.7712770367393156,0.08650380483904277,25.72776435776566,178.29490493890134,4570.854993614575,6.6313035863838,14.81230327134742,0.2658507573908969,0.24296193636878677,2.108213358693291,0.6080722466424838,0.8589365946093975,0.7881425021473204,1.170008804526917,1.1472137487072285,0.00044098585858508326,0.0048994126174620786,0.00018629698598482053,0.8026953547920319,1.1124757820072496e-05,0.26401567127450326,158.6164756452785,0.26420296000614685,31.762492404452527,0.879184883849894
0.7729689274380651,0.0830082090716015,25.74342076348148,178.72266276520958,4549.959413879321,6.640434205427349,14.811169950899798,0.2657212077204875,0.24357676244525867,2.0904944380213464,0.6108486393143332,0.855448058432724,0.7859133486941368,1.163986364767352,1.1429445601050392,0.00043764800884916636,0.00486912183509723,0.00018479749974471482,0.7986933109655915,1.3448661212560454e-05,0.26751276576469873,157.91257441565938,0.26546254702026384,31.539849005311012,0.8851669583624846
0.7730991976015579,0.08717488042886908,25.744733247314052,177.6038860852164,4620.216310182226,6.689268775720022,14.679579641693525,0.2670621930609635,0.2427023156741397,2.0740930641978044,0.6091641673623094,0.8589669473805714,0.7844107619360713,1.1607503496051128,1.142932147309593,0.0004377790928423512,0.00486475585559755,0.000184687107574746,0.8000280282919983,5.116577294437927e-06,0.26400481465458786,157.50150344147357,0.26622906205964214,31.59672592604584,0.8953059642326346
0.772404747547275,0.08149992858931886,25.754539496077935,177.85158911262403,4589.181591310314,6.675374547212788,14.665259407086706,0.2675337779439908,0.24294540360551392,2.085907057615468,0.6116724466408957,0.8591316651973614,0.7824382770281211,1.159853751115994,1.1425331906035814,0.00043648359154208516,0.004875749293613698,0.00018644993137938512,0.798957483371388,8.171085134724743e-06,0.26728762610426604,157.35217804267592,0.2647369450212074,31.689086603357794,0.8940202953285111
0.7734012355975846,0.07695346094485107,25.901896888011425,177.52067650765952,4593.317212542384,6.626515655411941,14.596036543193065,0.26720201362571383,0.24217511960517488,2.068483727115282,0.6098105890918032,0.8605965938800475,0.7794577206853558,1.155965676336867,1.1447720667513097,0.00043391748092210203,0.004861361213730817,0.00018595827911081506,0.7968760473639334,1.2093453282589517e-05,0.27029655956117987,157.81813040041988,0.2625646888744349,31.732508258192013,0.895485752577839
0.775380625547129,0.07351247920417711,25.817962743730675,178.7880175857439,4601.342689334366,6.636319187264028,14.520159362951917,0.26721371362993945,0.2420286972800304,2.0639984186037323,0.6089757724582987,0.8552379195061548,0.7825892239596526,1.165006177481161,1.159195540700343,0.00043229384531622494,0.0048468442491917275,0.0001859606655233407,0.7979939088602311,5.743380891447463e-05,0.26943053001298867,158.58120001732692,0.2632913488786549,31.777433294211846,0.9036507993880065
0.7753221270096251,0.07321041065542795,25.70253769618475,178.64006460395265,4625.115475701753,6.658766141077233,14.619535706815132,0.2682288402276111,0.23935079247949587,2.086924693057936,0.6080345088924214,0.8544342815056225,0.7840961967927097,1.1704564774590773,1.1501574358069153,0.0004313183864483295,0.004850084059721775,0.0001858476501287792,0.7957944372388418,8.820134186218464e-05,0.2685112534532668,158.69484882343045,0.26643526926876565,31.795415138220914,0.9103179288161474
0.7746019238425085,0.06961548842766228,25.721916347431247,179.1661348508659,4653.074245190301,6.644681903684511,14.512133962406976,0.26878475854097594,0.2411395466150634,2.0864732904859506,0.6155431164834209,0.8490652557126478,0.7792689684321605,1.1732846962153074,1.145438128414724,0.0004318177380684136,0.0048399385126833856,0.0001842325754772743,0.7999767969226576,9.004272180193962e-05,0.26742430531287187,158.53135047677193,0.2649597728994075,31.756542726760806,0.9080697753054529
0.7759602331410804,0.07464337190090087,25.61022797309271,179.01961663102878,4701.963935317252,6.600589096488486,14.503542518819165,0.26792224174105944,0.24211781777852912,2.0839007707117156,0.6149944308453392,0.850928105667949,0.7754534027350622,1.1851897697271125,1.1364183068296405,0.00043467842510283263,0.004868456989987038,0.00018392680902618638,0.7980765147212611,4.794897421126867e-05,0.2646186397278027,157.64326056394253,0.2637356345648322,31.793677320519702,0.9064717884512369
0.7688856206061818,0.07358971863003787,25.511750449608837,178.49255111309247,4696.027591177003,6.5925426685058985,14.580426422903116,0.26878374337120986,0.24242277518980404,2.0801386876589585,0.6103623101557029,0.8516588762450608,0.7748499677005015,1.1943634119692663,1.135373880150507,0.00043402104273729535,0.0048496519874023074,0.00018332426547280285,0.7983435280952667,1.5723776770691644e-05,0.2612123530623992,158.0805182185355,0.2625763452153929,31.897178250762394,0.9066973761609993
0.7684397802340648,0.07448067242015345,25.632261324533697,177.2284367404145,4697.24053373244,6.538651838514131,14.537927174273298,0.2693608335998833,0.2433363066725557,2.084123734529169,0.6087731681234841,0.8576249561292364,0.7785341387174474,1.2045584515567314,1.1286511350168853,0.00043146308802343006,0.004866446812623267,0.00018464611752014247,0.7955538079014747,1.5005192163798423e-05,0.2604852510749003,158.13560403840418,0.26209891964992926,31.861992053197614,0.9132172189450734
0.7716714201952528,0.06974365678148971,25.676492555796326,177.6037196640929,4663.606453839138,6.544895206851414,14.48379571159572,0.2698523488693651,0.24200963789619714,2.0996205402004575,0.6070455125053925,0.8582773215395796,0.7758561490289266,1.2025817128887188,1.1305313944626538,0.0004321244061839233,0.004823105354523101,0.00018456313243495032,0.7954659351781203,2.305626430630405e-05,0.26585372950703184,158.17140226938116,0.26170956308513516,31.887950782671233,0.9115254787070404
0.7708849368388113,0.07432269131940454,25.84215140285537,177.41538464010267,4627.007813436079,6.476182610634071,14.487503814567544,0.27005352348818557,0.24191912151670517,2.0898774269651983,0.6068649990101651,0.8567840967288397,0.7772327957027889,1.2146687794944242,1.1280670693584662,0.0004307168909204514,0.00478530964814531,0.00018628042100940967,0.7915552140909496,9.507211545142635e-06,0.26627219757023785,158.66052776189343,0.2619968539216005,31.79117790075633,0.9114177431526259
0.7757194846001614,0.07211609638056717,26.111128447339397,176.94349600787635,4627.1466237813565,6.448857780693434,14.564888767213372,0.26837452129050277,0.24343408470153702,2.0796367220644174,0.6084334083473649,0.8552099941834763,0.7784912725051935,1.2188629423144948,1.1300555473820377,0.0004330466297687299,0.004816601846753055,0.0001853439684354796,0.7873585080085352,3.561811844351073e-05,0.26548306497603213,158.82729763719797,0.26270611631953505,31.684685242273137,0.9162757313531473
0.769218017390532,0.08032644747271458,25.887624509548175,180.98145447502634,4585.627470738554,6.476482588417514,14.649514513581309,0.26851207991819337,0.2437878670385211,2.0708726019788455,0.6059700527880157,0.8589733585889943,0.7827726525060283,1.216519164801684,1.1247951908707792,0.00043117468148218973,0.004838795473607611,0.00018675071308771766,0.7836271453100556,2.0543454167172335e-05,0.26706749676059227,158.10395306664958,0.260456705279223,32.09524302733421,0.9168202154499271
0.768592069830898,0.08086577380041586,25.888273103458477,181.76419844920866,4548.560722470622,6.515599726384942,14.543931442163178,0.2695578758977483,0.24379485899712117,2.075643336568902,0.6025758400814274,0.857864842584575,0.7826963106641707,1.2176868150843656,1.124094512411083,0.0004314817867026242,0.004832303853368125,0.00018734320828299924,0.7854337498866307,5.392713549159345e-05,0.265920931554289,159.16370612695027,0.2619223786876858,32.39900933267921,0.9191178774002032
0.7670794870985086,0.07957583275769561,25.867906971275037,182.87618398158608,4574.101894716505,6.471912866197128,14.478196349428917,0.2697969303813441,0.2429607241538385,2.076362569066873,0.6021877905111244,0.8560030900700845,0.785972236668557,1.2162243367302517,1.1186407673915166,0.0004302801897730149,0.00485062626860157,0.00018570903292472094,0.7855941036001524,1.6269858948595603e-06,0.26320363352615916,159.71062790165507,0.26162958344273896,32.36082057832163,0.924821619843545
0.7719568146905464,0.07996570555535705,26.10718354665259,183.47417589780753,4554.756093520797,6.444121740810312,14.479218030784306,0.2709226595522388,0.24204982798238003,2.061040289599368,0.6047399645359848,0.8583114644588764,0.7875720645541358,1.2031562056229683,1.1213008943982916,0.0004256855278794308,0.004869329796438085,0.00018682880960386753,0.7787919205927754,1.423316294179629e-05,0.27161267670007094,159.6487539470333,0.2610616826177494,32.22697814157216,0.9230720739106034
0.7738703740314541,0.08702603096909028,26.228383628569933,184.00175431880345,4514.639650493043,6.44194395526407,14.327923948318618,0.2705962506640718,0.24172450448780425,2.0556702756343626,0.6086762296826926,0.8616828603358059,0.7893923257099216,1.2066565200756976,1.1215049475780836,0.00042534383486872603,0.004867304374907874,0.00018828736651745696,0.7737205086539611,2.221152965339469e-06,0.26812254076893,159.1405718922593,0.26145087174190296,32.05440585002908,0.9256879820587667
0.7712465073982363,0.08877524023045369,26.39588780459826,184.51806578053882,4505.222933152144,6.482310380014875,14.406668212703684,0.27147401567091217,0.24308887318667305,2.0500356466025154,0.6036884933303709,0.85428274776177,0.7897178167835133,1.20815374031782,1.1233009927734807,0.0004260811481801052,0.004850676676146797,0.00018942617558137916,0.7724772525250649,0.0001381724409346094,0.2631535411040603,156.5554136689587,0.26033499522873743,32.18004978087125,0.9209797367893445
0.7816540737238151,0.09452859369745673,26.25204513262223,183.70928434957,4476.77102006086,6.429955909595477,14.37130386460457,0.2729374340711879,0.2413678851119473,2.0604906187502383,0.6021561193572965,0.8587865293885204,0.7910338657404564,1.2041577181411944,1.1098233491000369,0.0004268683469255247,0.00484778690751186,0.00018976682526456804,0.7679968666726356,2.631299327083273e-05,0.2709691321334571,156.84930706013506,0.2599187389433433,32.084852093494014,0.9211002624137345
0.7796233824927781,0.08804641520505974,26.203459487600913,184.67699188890126,4471.84339588682,6.4410132970061005,14.410513337744462,0.2715258915392238,0.2410077180336494,2.0721299408769798,0.6077562893776893,0.8577414110881377,0.790121091817054,1.2027377594058384,1.1049908568678561,0.00042530940482609714,0.004852337771903713,0.0001874486320089726,0.7595604470610378,2.2476590518132107e-05,0.2741155030639961,157.68994381412932,0.2580449007017318,31.89136324679517,0.9259715948396525
0.7702197171125368,0.0910252664854454,26.264818799515957,186.1550777370657,4441.817696714018,6.448997395333215,14.366183786961736,0.2694926631017732,0.24062340052401662,2.0805211319467682,0.6065823300799547,0.8568162917791162,0.788392330451773,1.2069000890430273,1.1104767295894924,0.00042586193257652765,0.004888631889544338,0.0001864906512588311,0.7597623055969337,1.173238823738796e-05,0.26952652612939176,156.3200566113619,0.25947570334326375,32.07867956904894,0.9293529541272323
0.7726007319329725,0.08430916747774513,26.096855881576616,186.77681605811378,4458.6152801642,6.479667557073317,14.35825172847549,0.26855886139376506,0.23755734402461626,2.0960838044817445,0.61143412594042,0.8576832359277952,0.7890071046599318,1.2062938542642638,1.1182593803520715,0.0004250474569323092,0.004902030681038878,0.00018639664359758638,0.7572939514514265,1.986585746459973e-06,0.2753111785212339,157.98719015782424,0.2578379839889894,32.107274148081295,0.9272165801040303
0.7725173005563146,0.08649408494186789,26.249075895360438,185.47137925847395,4508.981982983509,6.438776079575689,14.369420313589579,0.27089534581318175,0.23603728231868332,2.0924235030399174,0.6068458114641149,0.8600879741890557,0.7914740347633971,1.2180787046155126,1.113941522831638,0.00042433365588349497,0.004893609629640419,0.0001857384750671177,0.7534294391364231,4.385327176458605e-06,0.2715183881451728,158.4658360979251,0.25729938083525417,32.071572901919026,0.9344338978177547
0.7696941424546789,0.09157988230548214,26.34255396987758,187.60728480905124,4460.07930493958,6.4837999076161354,14.387342170299759,0.2695353914217307,0.23661340275232706,2.064466939842523,0.6079289941352092,0.8582860670307878,0.7885028462459238,1.2133558149109527,1.1133944430055371,0.0004265525000016521,0.0049043053333174885,0.0001850766009826842,0.75581910578491,1.7425010943422292e-05,0.2715851454504853,157.39396796050016,0.2566731771043709,32.01061494305428,0.9273022520071442
0.771282865181196,0.09206262041363185,26.401447460983224,187.42926860045358,4444.572506174769,6.446836842524815,14.380586618790424,0.26938512147370697,0.23849438973117895,2.0598536523926327,0.6060217476354205,0.8583147870641342,0.7865870631897586,1.2174747363788776,1.1172081030591534,0.0004254293713233186,0.004937285310994807,0.00018584008557485056,0.7564631828987829,4.7359089755419045e-06,0.272899178993866,157.0664275830078,0.25615401238762486,32.3659842348986,0.9256205881265576
0.7714639629463399,0.08866123074984432,26.354197857897383,187.50463119150862,4447.905154845795,6.458513208489235,14.480753119442348,0.26830084455062986,0.23922884940388836,2.0658450887466997,0.6016719512515666,0.860966071302029,0.7870397171432391,1.2222911276433766,1.1144839058714622,0.0004233875359468286,0.004949119024097518,0.00018781695103501899,0.7567777908986222,1.0472583678476576e-05,0.2737207502072801,158.184352126591,0.2562027515496425,32.585781138662966,0.9188106058554592
0.7695695572193586,0.08804762504227147,26.2919348501597,186.90623012975357,4447.270059559178,6.48089961410819,14.47370976432826,0.26847211705732466,0.24093152592615788,2.0455259652071964,0.604919029735609,0.860191204002934,0.7827239617296354,1.2318704668388591,1.1143841635597382,0.0004237015379436762,0.004952516136109561,0.0001877946072117797,0.7555492283786069,5.3990414062799714e-06,0.2723636040750164,158.41052368938477,0.2579456759815645,32.667003980351595,0.9260120695638069
0.7655219501368061,0.08834282379366655,26.401876413886672,186.86962407245707,4455.663992123204,6.477623329466345,14.387843636658666,0.26937044042974834,0.2421255056191422,2.0460525469932977,0.6065417672383703,0.8598456560880463,0.7861093606973486,1.2382679190777617,1.1064159384818177,0.0004242113131372941,0.0049104743410951866,0.00018648936137451017,0.7577839187409869,4.0408248714973126e-05,0.26813950282347393,157.76458905476716,0.25536574319802735,32.67441980727805,0.9184381799885346
0.7690824735031464,0.09229717684519073,26.43424441177315,187.65187983032123,4441.861273987482,6.4835200704306875,14.460731915787965,0.2722157016247094,0.24075943986691295,2.046111880225379,0.6111790188223013,0.8601678766360615,0.7784896451521627,1.2371143903379662,1.096493357888086,0.00042617261965823607,0.004931451420807744,0.00018741816690060733,0.7576500296297342,2.755163013555606e-06,0.26728676124680184,158.17345452011074,0.25491765118849563,32.75523729057461,0.9200485635020692
0.7647015703021758,0.09077719863124013,26.291055538520833,187.43886582668847,4404.204210537897,6.462733424302463,14.468619472211696,0.2738862285497211,0.24062609242739208,2.0376516078873266,0.610911004352416,0.857599497087469,0.7756252868500804,1.229325889326595,1.100511810232916,0.00042656568102501764,0.004921078216812604,0.00018859486086735398,0.7615228727919626,1.0606498056826875e-05,0.2677719836415264,157.52014773871602,0.2566741320216835,32.643307198803264,0.922663900028365
0.7639797435605599,0.0939149831288355,26.396770873896696,188.62401246095453,4421.466399752546,6.397339673521348,14.47093839606013,0.2739411093685012,0.24004468107891466,2.0401452806512026,0.605752917302226,0.862192079028644,0.773362367805922,1.2349705495859087,1.100424042068166,0.00042677188109018117,0.004878155787704736,0.00018798060115242772,0.7629156404367469,5.057177327551788e-05,0.2653483253493111,157.0305728217067,0.2545934111275432,32.64614531921377,0.9240435615918993
0.7662347264228729,0.09520301084170534,26.336785072753777,187.67476198012798,4445.8530691830965,6.402190096929156,14.473681860692132,0.27323220239694784,0.24149223008410833,2.0372982151677808,0.6047130747854969,0.8618074049463429,0.771952042798358,1.2315345753286604,1.0927261950207898,0.0004319827600392477,0.004894605996743763,0.0001892531020133256,0.7652009097933717,7.192108193815508e-06,0.2660092925235006,157.42283112935,0.25748450362916486,32.51464809638586,0.912598517268538
0.7646150320659814,0.09142977567491367,26.301273208465975,188.71808790456504,4407.1356510042715,6.486992468333368,14.322515769211641,0.27367783251800676,0.24234831018732578,2.032436971603535,0.6055139910437134,0.8601882283353456,0.7735151418584066,1.2388087478482652,1.0893836614265893,0.0004287182545072291,0.00488995519959363,0.00019060659865228417,0.7673767025438778,2.3451538137910924e-05,0.26507787536482685,156.72445117907813,0.25247449002365074,32.66100223795289,0.9184711264725791
0.7638566676580002,0.0878740215497949,26.45667577546785,188.89462143003746,4429.829332673836,6.478716438450968,14.37418377840461,0.27496001174880275,0.24344769993446663,2.0365828052618835,0.6028003998380835,0.8599420492971983,0.7830275111000475,1.2316678109072803,1.083820756727134,0.00042890405282546105,0.004910808642191576,0.00019142423833464565,0.7656278372011976,1.9563877734461924e-06,0.26604105371202574,156.63383391060373,0.2513670071851928,32.83429530482324,0.9111359681399862
0.76602400482487,0.08540078384070678,26.310291764861372,188.25567311820674,4464.18648974622,6.5361441731704115,14.401320679671644,0.2704438238391383,0.24388402985224378,2.028736556973149,0.6027548922006106,0.8613510544147862,0.7857375608149725,1.2237758387312418,1.0848093932532747,0.00043304841894985463,0.004897613087696025,0.00019159025096334247,0.7642212601179046,3.96050818025567e-05,0.26697969037342706,156.70851801461308,0.2507598084885261,32.94453516392979,0.9175373161017624
0.7654851305392538,0.08829844750832937,26.288984528359887,188.52928078300195,4477.023926198538,6.517531410287105,14.291142817241724,0.2669632028037051,0.24527131794847828,2.0313769361134675,0.598647853575606,0.8615652358633186,0.7847317568993135,1.2306484589725026,1.071953518335792,0.0004304654530308694,0.004888881194057271,0.00019205211000862185,0.7615203610398557,7.899864856245844e-06,0.26463561740745684,156.5122452140174,0.25078345090093596,32.88203870154946,0.9239028706889251
0.7700797741707098,0.0919514351297662,26.378367636540915,188.08415531571143,4431.467211863722,6.49946562531857,14.413839400730028,0.2670706219986359,0.2470626607756365,2.0230284500975224,0.5992604758682245,0.8569086951965612,0.7874912769734107,1.2360658272020417,1.0748590766836423,0.00042936784892225123,0.0048854937083940495,0.00019262993065755947,0.7587119207387819,6.174448340969363e-05,0.26476532901045025,156.08353135972098,0.24839295136944162,32.71860241269377,0.9238709583004707
0.7597073213312939,0.0869265333585505,26.39959776968961,187.38240292671645,4435.818586060362,6.470922303445248,14.344409806869736,0.26687403668723253,0.24765665421770428,2.0245728697647443,0.6030247928704195,0.8543602669229885,0.7913789007489029,1.2360615434194901,1.080976186747134,0.00043472301676816995,0.004892410530452018,0.0001933451055749275,0.7545171489775,3.4790986076555544e-06,0.26601152956858864,156.27847475145234,0.2502466820906719,32.868259835575316,0.9128078295933305
0.7681373426464208,0.08512023845714685,26.448134646655635,188.27905155128576,4441.771613942163,6.498114856551204,14.41116618305361,0.26688981075080176,0.24768780429122011,2.0350293678503286,0.6036155656425399,0.8539018157266436,0.7891556771743737,1.2279236138396437,1.0806823173796465,0.0004404595290193752,0.004858453619879585,0.000193595553694346,0.7574286093937287,1.1299464874593059e-05,0.2698309360908277,156.33085004488464,0.25237773393829865,32.9528461526665,0.9148817211982438
0.7666988328663494,0.0875912630421864,26.486651855238847,188.66692496933553,4464.3494624865725,6.53681127403278,14.340156656474894,0.2662966379153206,0.2485933969563646,2.0434594755404,0.6019893314342387,0.8548844748447197,0.7936538386456543,1.2206151556875937,1.0755922864831586,0.000443846086981552,0.004859350125707261,0.00019396509014470926,0.7556097872201571,4.636783010239142e-05,0.2697523706890563,155.9330343566364,0.25290450119700686,32.989508583342705,0.907635716072923
0.7714659740854299,0.08698204968267263,26.531259824696573,188.73975572364142,4471.582073625251,6.520551070106965,14.400208280216495,0.26626174305462985,0.2447689571327296,2.039993518441062,0.5945224184392638,0.8523863441387407,0.795640411471619,1.2145914342505977,1.069553045378009,0.00044013067367994056,0.004820284966697511,0.00019475574229492316,0.7573864077295472,1.0597982473619197e-05,0.2709840055876937,156.35333521269533,0.25136953544545104,33.083037914484244,0.9070268941740333
0.7673152621236349,0.08636012011640021,26.73034655141497,188.85801616507743,4499.899812328456,6.556646031272135,14.460347414253308,0.2647164572847567,0.24634042709814913,2.0514587214714664,0.5856703343354299,0.8521501303818598,0.7899758988331631,1.223338467043429,1.0590641013268034,0.0004379962955887481,0.00491869263874153,0.00019365373887471004,0.7624282027243725,2.651275293290654e-05,0.26931079218749404,156.36302650407688,0.25190866193434824,33.012510933915294,0.9013210621044055
0.7670518276380559,0.08460049887927995,26.653089966866716,187.5403894786373,4498.645930630191,6.568541777169275,14.56835500653169,0.26771191322724047,0.24616367902228353,2.0438228722462473,0.5846379470764463,0.8519783940304506,0.7916252097698925,1.221071349550686,1.049465398418074,0.0004337661650877914,0.004927577986719957,0.00019310874818669627,0.766341701763485,3.3548523878912295e-05,0.26832065590789084,156.63381212689055,0.2520706173616358,32.89819105946906,0.8931153673819331
0.7636178186178798,0.08892016880327337,26.691130791441434,187.2057547978397,4516.9120770467225,6.541681370797037,14.615131981535262,0.2684653452045021,0.24748382623959347,2.047978983065083,0.5870550217338574,0.8530679496196591,0.7892603006379982,1.2284507049122837,1.0474439535498603,0.00042998309549810605,0.004927837408890943,0.00019255498818633945,0.7662721626454669,2.5207724370162327e-05,0.26084694579830875,155.41937746643745,0.25166488519987174,32.70365481644066,0.8939097615965143
0.762454528922391,0.08325681437885721,26.825606733612727,186.10081119288492,4534.032002484882,6.52895411431452,14.632395196547465,0.26831444710778435,0.24598182233255847,2.049902613466398,0.5894978531398921,0.8564631659820909,0.7901408535454003,1.224388800455612,1.0422967300461794,0.00042937605753266855,0.0049159795684588295,0.00019264442212963488,0.7596223257234616,3.021376164720971e-05,0.2612186496001276,155.88766523826715,0.24946606718811024,32.618672903730825,0.8889394689195279
0.7651178279250418,0.08147093847429546,27.070493368034107,184.62492834153932,4484.680712690377,6.55004415482251,14.588733141568683,0.2681983229609286,0.2481547301283412,2.05047233902486,0.5950850531854288,0.8590845716667299,0.786074387378572,1.2298355544802115,1.038786073592609,0.0004335454296171201,0.004932497268707136,0.00019306949385731128,0.7623976532593791,0.00012074949477094426,0.26086271251050897,156.9149375966163,0.24839012304694202,32.53875358571725,0.8822384756511865
0.7702939493498474,0.07843970330371763,27.261007187098503,184.42324361011552,4527.201242529897,6.5424482777788695,14.64411466462957,0.26772411429388454,0.24759458066593507,2.0495911926345998,0.5906071436933135,0.8572652572214489,0.7855148003712257,1.232432856244749,1.0330405985175732,0.00043645928853180196,0.004939545030507152,0.00019198454458226155,0.7582579467668701,6.474044698488485e-05,0.264083314618117,157.5609330547206,0.24688355869717596,32.35380012147448,0.8805585298227955
0.7702783502158624,0.07900694651342648,27.38429402024973,184.54144269840708,4567.930283376039,6.520637460921341,14.589385246942602,0.2655055220738035,0.24763341144756962,2.06010752756107,0.5944597011426652,0.8582385549345759,0.7863149731933039,1.2273417396811712,1.0277506883157352,0.00043760473550873353,0.004945892422897719,0.00019148809145821824,0.7585972594339052,1.601806291863684e-05,0.2632358286361504,157.86468171684243,0.24819785726029758,32.270540272157305,0.8826954321050086
0.7716938527139706,0.0791911697300132,27.480298435422103,182.20189088183164,4577.4496727033065,6.549987394107639,14.521005486928164,0.2654846979039739,0.24787597579618303,2.0514038878432617,0.5956796535357548,0.8568572601013658,0.7874637705123497,1.2226980698585042,1.02515272853917,0.0004390528014955988,0.004963423510734502,0.0001906300849687026,0.75792684742695,1.9127318629339163e-05,0.2606731979524315,157.9090138542922,0.24803676135187241,32.18905008867602,0.887405030351985
0.7688710654607585,0.0764269887285002,27.474311994137913,180.517415176873,4604.647453056021,6.579218256295071,14.383385397663238,0.26673166740205967,0.24690869071743562,2.0656630960247795,0.5937774725724585,0.8616211511909759,0.7856484077851801,1.217314266367,1.0264876985929965,0.00043937696332171553,0.004921524369611465,0.00019232255596580844,0.7585695301367932,3.880728146955354e-05,0.25886786031627756,157.91995947454592,0.24846062004015576,32.24194524106257,0.8920140638727941
0.7716906319442552,0.08168814204669499,27.469333372961426,179.62624675559022,4593.447069606794,6.5939376586168486,14.291407982789508,0.26645752905223297,0.2449847574111999,2.0698405135094777,0.5939661969872952,0.8655780595604734,0.78679381568866,1.2183670476615032,1.0296019331750945,0.0004363248389103008,0.00490029723584651,0.0001917587981038184,0.7554940200121943,2.4117229108483893e-05,0.26144299293493806,157.72089991837422,0.24768781098725864,32.12188388959228,0.8941479563530952
0.7668736286946621,0.08105056475236794,27.657453329361577,180.49824850329705,4593.645955616611,6.6372646019699575,14.191528895738521,0.26907398939595506,0.24316993412312365,2.069420080452194,0.5944150088904355,0.8624289966450641,0.7856618974996914,1.2181082438427482,1.025365319890652,0.0004402703836517279,0.004894588774681469,0.00019223584817106376,0.7535117290265821,2.0784045028090986e-05,0.2594625589269606,156.39327000920954,0.2468368530033305,32.139591926170226,0.8990609318917957
0.7635787725139104,0.08042416145267142,27.741985781783104,181.09274818345037,4555.792055799649,6.663825708522001,14.111862189388335,0.2697102535873353,0.24268969035390303,2.0731090423933507,0.5944966289153748,0.8608577167834744,0.7880990237160239,1.209571948824666,1.0254904279224506,0.00043942722515328257,0.004857673753903213,0.00019272349821005554,0.7472530254075573,5.043099486866774e-05,0.25719106954657095,158.16403560741279,0.24698138599943253,32.03209977580186,0.8958167450842792
0.7646143557773135,0.07274813382525781,27.694425157401906,181.53049813262754,4597.651404673116,6.696266673628131,14.221541459337327,0.2701077650792715,0.24270887494081153,2.078173629851227,0.5924575875762584,0.8575737147551299,0.7838347371464962,1.2036164616663922,1.0202010521299116,0.00043935588685376176,0.0048789945339056985,0.00019186576968468095,0.7462061943482652,4.971915570842809e-05,0.2588030818477881,157.13030135662564,0.2455736223023032,31.967679462112596,0.8960090706641092
0.7720947749895312,0.07163182853472003,27.797769604597775,180.75732620775673,4586.700266176094,6.678216929565932,14.121667359411147,0.26988635081253537,0.24187705846370117,2.084690168344013,0.5950516233864651,0.8578170715985809,0.7803277383150975,1.2060659342068463,1.0251367254091748,0.00043680416823642317,0.004831275479863037,0.0001918260362561161,0.7481457299252429,5.9079441462655977e-05,0.2635871736705927,157.41716021115084,0.24507645779151752,31.933545123049377,0.8856078698632718
0.7779799108305684,0.06823368544157066,27.808939835778464,179.98537687459356,4605.631540327355,6.679816178175031,14.209771389002082,0.27087378936367407,0.2402557264677499,2.075898622216014,0.5980257074104891,0.8562377491842507,0.7828882168687723,1.2029465603454863,1.026206175241959,0.0004351729675050024,0.004864546477861384,0.0001915195478713392,0.7514026011196132,4.365413495297185e-05,0.2662805006982497,157.35002898451384,0.24492892077905162,31.988738466984955,0.8721570121114525
0.7783763413530826,0.0690681259211687,27.853831218229487,180.64828545705797,4661.228746486969,6.674563449836263,14.133934882027102,0.27116551832167807,0.2390173777207554,2.0642187865896244,0.5918737197171147,0.8554693425383759,0.7805621749323496,1.2025134483748843,1.0364078994798183,0.0004315725275800792,0.004852539954737438,0.0001952086973504945,0.7503700197590529,2.5804416523445806e-05,0.26308726181294023,157.23800886021317,0.24502052962657891,32.07141296053118,0.8728617849702501
0.7748331217859393,0.06900360519432601,27.94646193915799,179.52020739336737,4622.013015137199,6.718596887541094,14.075301325318378,0.2714938460536804,0.2380116562267313,2.0662398077838353,0.5962552479574733,0.8561800969195963,0.7814609108757792,1.204887390666178,1.0431857800803581,0.00043186609178013144,0.004843927494021452,0.00019434727548747112,0.7554477562541728,4.9365404170204573e-05,0.2640192805945529,156.6459688051774,0.24443206203187065,31.967051873567165,0.8767807586375291
0.7740949672124506,0.07207572613502422,28.109864381710914,179.94961806295123,4584.206293143345,6.704541644924439,14.080649204576074,0.2686529153550372,0.2369841568590446,2.0526971714902404,0.593108211780723,0.8547831539876898,0.7797087171244238,1.2061004086099187,1.0426270839641023,0.00043293133250046244,0.004835686637271877,0.00019390479741636678,0.7564817711831812,1.0432849501698482e-05,0.2642723608991075,156.27238110452748,0.24397525622515248,31.916215015564234,0.8811247605660514
0.7768036148788067,0.07331991932386088,28.078725251906924,180.08786293241118,4615.228949848983,6.731867296611035,14.117744111919214,0.2693375172582889,0.23698524329321663,2.052970966671727,0.593553716544091,0.8565390463115119,0.7856443034515107,1.1987117967642535,1.042349657636618,0.00042779229608183074,0.004854913693114936,0.00019348488569232878,0.7593215440727874,9.855935479755257e-06,0.25901020974976213,157.18506795138632,0.2432016116499341,31.880854966553148,0.8827602249470676
0.768904824359686,0.07635855363043911,28.09268337694667,180.27444102634973,4642.85303869922,6.689004848194787,14.180547141223439,0.2700513760187842,0.23511092196197572,2.0477578678988837,0.5887988460318525,0.8568571730363309,0.7844110748491971,1.1985904424539446,1.0426820429499812,0.00042410739383207205,0.004824314897811823,0.000191378921395176,0.7619769163452664,3.525370858795857e-05,0.25987376325810274,156.4195038581667,0.24431125463737025,32.060239953927095,0.8844913560394837
0.768076057545291,0.07334431272527392,28.227549930794474,180.30557500134424,4597.515044368486,6.717144606252294,14.239123789177086,0.2706367666466309,0.2361172564080708,2.068378619605369,0.5847368687374169,0.8582205328331347,0.7800842591656755,1.2016014405006858,1.0420011724843612,0.0004299560721285178,0.004838907495979469,0.0001924930255767633,0.7609764247484626,3.0401895964505898e-05,0.2594799813819531,157.52521098607141,0.24350223362281925,31.884547377125063,0.8835474956545916
0.7654816029497431,0.07470288882186231,28.32913211336984,182.15346116070856,4565.418829078787,6.726082505867464,14.324536471251777,0.27064453730794963,0.23751271604639965,2.0777540557727936,0.58288545464064,0.8574108720234772,0.7757338456559321,1.1989312463736417,1.0435664403329437,0.00042985545050714286,0.004824344703483429,0.00019270542118447263,0.7679456502342444,1.9954786383159164e-05,0.25766327910812387,158.14259421816445,0.24338221157248588,31.732189545361887,0.8853175764572715
0.7613730455588791,0.07004477594228121,28.30295323060025,181.66819512507712,4542.103118381156,6.76156284502102,14.265322507145195,0.2718802034489231,0.2353751716749671,2.089204151018156,0.5814454184145625,0.8603961404157692,0.7768649417157433,1.2019267278008687,1.041544085937254,0.00043118104915060046,0.004801516847677121,0.00019169841884684633,0.7725474078642771,4.901967589996258e-05,0.25448047158809634,159.23621608402962,0.2411498472695547,31.624163693387644,0.8863276001749929
0.761699195857199,0.06710642357088621,28.191826792446882,182.37609343665753,4567.98945735566,6.745107164341355,14.295941468273664,0.27138969468923,0.23635634004457814,2.0758442188435535,0.5806153092623013,0.8586006479129817,0.7736367898884923,1.1956705758056916,1.0419242265421618,0.00043167362440029556,0.004788381566985414,0.0001912584189698306,0.7772068661305461,2.495092862360619e-06,0.25626844288774514,158.81412415128904,0.23953765429554455,31.457503459823364,0.8861406616682945
0.7640055490819829,0.07005682917101937,28.153960892933085,183.1302196297361,4515.556254356043,6.747064786900421,14.316838898879986,0.2710966001573927,0.23960780817506902,2.0576967758116904,0.5746014211319734,0.8571631830785676,0.7743896365288802,1.1899736852231173,1.0406258038666854,0.00043283714522768344,0.00478341050108565,0.0001910066591708192,0.7798334558455884,6.280729295170924e-06,0.25639383778441466,158.13416129422941,0.23877777613869497,31.508870270661895,0.8894981749075451
0.7613760767730605,0.06830912751348898,28.11353796519406,183.80030417938914,4574.541842798086,6.762919070375604,14.464045437899632,0.2706083866999135,0.23971615636863852,2.0547912554434067,0.5786910243414441,0.8582384986932119,0.777182348299442,1.1972348840644613,1.0356788119175937,0.0004323669474025599,0.004821308885061501,0.00019247534773710436,0.7805740810762705,5.089322865883755e-05,0.2554511008533077,157.60555245070134,0.2385685136851206,31.269755968856277,0.8959612176639979
0.7642248761916361,0.07101613347205737,28.10358484896014,183.43239884856894,4547.908587855581,6.667646404165863,14.553547156583454,0.27182209321003836,0.2407216740762457,2.059942954165157,0.5760919309760489,0.8564855700856934,0.7712908911727793,1.2084797526114828,1.0317787768895226,0.000433165241410147,0.004775230915163945,0.00019199843412793494,0.7809888646715634,1.9030766869010695e-05,0.25435747951566823,157.1630505630116,0.23858480875563495,31.490914334190013,0.8985753838252777
0.7619749780443654,0.06656351122102282,27.806780260338943,182.73176610291364,4602.233839253606,6.642987197216311,14.52856495070783,0.2715032341012196,0.24146795526290094,2.0530234901861015,0.5751453135552899,0.8588269261347771,0.7687860421829039,1.205506129302552,1.0352106685829532,0.00042925756440175,0.004758197653900087,0.00018962143512967755,0.782368846356104,7.11834613954374e-06,0.2558328126497936,157.61015669958022,0.23808150549584348,31.387364070031865,0.8989309903876238
0.7664398316375209,0.0624214252026737,27.745979819956172,182.74522468522437,4588.142665163685,6.612729159092688,14.549389101445785,0.27187331450848706,0.2407689398433664,2.057001959602413,0.5776061675811855,0.8574687374896017,0.7692041855356296,1.2181544200035268,1.0398133724870426,0.0004281831355913174,0.0047736795274961425,0.00018956379537193315,0.7807092461953945,2.138265212354174e-05,0.26028631170014094,157.2666876703421,0.23791674307021193,31.27643707173757,0.8986327716600263
0.76197729126904,0.05879383311600467,27.793034722107016,182.18417202697532,4612.933066864226,6.597851556949744,14.505098425152607,0.27001297734766744,0.24236052290556614,2.05645743910945,0.5794484104654729,0.8566689719832231,0.7667617113326,1.2252655149157217,1.0402341490000528,0.0004247103752635586,0.004761043395108396,0.00019212906238128224,0.7781855246100021,3.687498764739675e-05,0.25634557265874297,158.3074756412288,0.2364022692607748,31.081967981579258,0.9071140216019197
0.7641369863163441,0.05821798348008908,27.7519821062482,182.68323786232642,4602.825007041582,6.589052873023619,14.631394152368495,0.27185704325243304,0.243378208821511,2.04237016825418,0.5789341032194745,0.8602864555665346,0.7634405831684916,1.221027985130987,1.0400420172497253,0.00042388957630521437,0.0047703362594133,0.00019362341089896974,0.7769387299500603,5.594886920301993e-05,0.260312771110493,158.34048443903453,0.23667810843622983,30.998331837304658,0.9057171177155121
0.7646984765483749,0.05869042962955512,27.73796235993006,184.32985752782847,4606.800976483873,6.637926232922634,14.581266558630746,0.27179228510373793,0.24388887357600852,2.022032041735707,0.5762170802218229,0.8599437839095613,0.7649044336510454,1.220014652965606,1.0436470362036894,0.0004277327446076474,0.004777034066931236,0.00019307311349926187,0.7762429624615461,1.659138165732287e-05,0.2639283410786939,158.3981094174542,0.23869699211049558,31.041185548526098,0.902507075408728
0.7678970361258111,0.05908652702341885,27.802796916591838,183.72223066522378,4634.399881001671,6.6296532508135435,14.691359983338115,0.27078489891727353,0.24380311969507631,2.0427955111216853,0.5714699027899602,0.8619358983733912,0.7667299471398997,1.2180404097301092,1.049956895007731,0.0004302449606817218,0.004806517885931822,0.00019280413049943684,0.7744374513630135,2.987171514471488e-06,0.2672467681215676,158.6471066288699,0.23808969365424648,30.944813630696643,0.9046471795085406
0.7695886162580934,0.05525140927278709,27.754261416490586,183.61588765708146,4647.2248056359285,6.640204417504124,14.538979698596577,0.2705400234784481,0.24459738490345398,2.03739269624072,0.5704320909254955,0.8579265591336722,0.7677677202612363,1.2235512722149144,1.0490249588900065,0.0004356689377814251,0.00479394324519825,0.00019307233083034565,0.7751167900529033,4.9821957705126686e-05,0.2665112176288486,157.69970017273465,0.23736776081128716,30.75857621248387,0.9059339632431578
0.7681989121475059,0.05969153533167009,27.73044784570131,182.1310569198498,4638.32022451971,6.716215703550042,14.506052255429923,0.2722636522339741,0.24546541225457083,2.0336129133394256,0.5694720418878189,0.8632616676181428,0.7702351066960261,1.2227470507049796,1.047482507515674,0.00043517688289734037,0.004782963468838927,0.0001923415719128939,0.775552936096892,2.0842682004500842e-05,0.26400426170305413,157.73108487088203,0.23763892753259094,30.51690274268007,0.9068858749270728
0.7677246551158264,0.057101668794757275,27.67175090904297,182.10356819741094,4628.384844758978,6.744278789195207,14.54123563270239,0.2747886839369339,0.24648374549411328,2.034429115145967,0.5680952933940175,0.860850789800037,0.7700770761639115,1.2309235310895634,1.0471298349064742,0.0004377996535925239,0.0047630167013112176,0.0001932957830287194,0.7789599880847549,1.3671824946470115e-05,0.2635674748010574,158.28216232512847,0.23610264615953996,30.356914199017712,0.9131857894483005
0.7634066669996554,0.062356458653552084,27.814971467921893,183.359228719666,4583.937743125518,6.752520613193057,14.420451754554644,0.27703457565489753,0.24640183656324072,2.0471451146517907,0.572417900569995,0.8644920510528951,0.7645839042893894,1.2311650354344954,1.042773302245427,0.0004398971822492621,0.004745235880204469,0.0001945556241834833,0.7782328095787029,3.959351382592046e-05,0.259325408844886,158.1422285258717,0.23394483080171566,30.366513166392764,0.9114021630084921
0.7647778087380401,0.060168531705205176,27.90217406606138,183.52714204800242,4566.543730320422,6.692505472520304,14.320265983084704,0.27637971063668876,0.2464783823361387,2.042207954755335,0.5738321021193322,0.8675454318446932,0.7611429268848576,1.229999861559504,1.038271733134357,0.0004385848572566029,0.0047623703668447405,0.00019445256213445995,0.7835701918239787,9.493963782252531e-06,0.2609672284271091,158.8254467286289,0.2325627147874965,30.504714244340526,0.9112818068492304
0.7623665918599584,0.05375957782813398,28.012926987383498,183.03540331327315,4570.956339532037,6.683249741831651,14.246767645765317,0.2771717785591532,0.24878643379273108,2.047828613905193,0.5778625113735913,0.8675171580705452,0.7565393148847591,1.2286391756668542,1.0457931212010714,0.00043228840900075836,0.004821721247092568,0.00019329032866857422,0.7827419576054986,3.7320742815435133e-05,0.25969931650033945,160.57422484746422,0.23369059744006287,30.449694391995823,0.9102236004235594
0.7628417348243587,0.05310923850076121,27.9022196725467,182.54168902759696,4589.92579140163,6.738790662705557,14.136824316505367,0.275822464731193,0.24846954096814683,2.051517842622898,0.5784478457913947,0.871451464885791,0.7602726568982849,1.2238635318825861,1.045497142507445,0.0004313326121275654,0.00478472855534645,0.00019356872449839173,0.7781748668590046,9.849167237051078e-07,0.26413271643421626,159.59067719641016,0.2305365818754559,30.665904854446058,0.9079078162408105
0.7659253761675702,0.05021155911459401,27.967430858274508,182.48732270968807,4608.505175337373,6.728136594210686,14.140854673649665,0.27598357444522004,0.24875714709602909,2.0370793118084265,0.578873822093933,0.8707807729024688,0.7635068646031423,1.2154400883351617,1.0393848656236464,0.0004336073982428509,0.004785529192541955,0.00019371365199527993,0.7764079582871093,4.2028348415961865e-05,0.2636634456425447,158.39926463050242,0.2283878833791052,30.675665048054814,0.9007181322405535
0.7653476617676366,0.05044446799344683,27.889410788977962,182.50369555301813,4626.959569682278,6.713435945639057,14.208192661083837,0.27645941377402633,0.24926014756727408,2.0457903655474454,0.5807507843219178,0.8737755937980181,0.7614251414424807,1.2184217093371565,1.041084751800493,0.0004320584954162703,0.004810561796215862,0.00019299221514323494,0.7783386087602895,8.966181203581276e-06,0.26593174427582394,158.97893028279395,0.22657729015936295,30.45381269692503,0.9034191400596304
0.7670749845228148,0.04587519834991115,27.908749442972642,182.28074114049397,4634.7022790669935,6.729611929720775,14.014766069914335,0.2768819476692395,0.2482251114379978,2.031213278270016,0.5805967427502264,0.8748338698135989,0.7567689049789547,1.2195089292955001,1.0360485045236425,0.0004315503769882856,0.004826833946528192,0.00019193210570735974,0.777654970039825,4.2168496425313366e-05,0.26300939133961687,158.60210666763433,0.2251321132056757,30.5050601159304,0.9082604903729267
0.7631087726016745,0.04660445765448993,28.03691546632385,182.62423357211458,4643.478771967378,6.714360563241997,14.11406438178205,0.27773927139956445,0.2483481210923489,2.036750896244103,0.5845414386247263,0.87496220017155,0.7590044506357043,1.2116742856639824,1.02737321603712,0.00042534152984072764,0.004846125499335263,0.00019059344388042555,0.7776611586463956,1.1973393134568033e-07,0.2605289174564092,157.76888678412948,0.22323401496372447,30.38420021247347,0.9031706622877368
0.7610660758202399,0.044279747869920075,27.755971338074907,181.19706688407558,4607.266383993653,6.654806754258984,13.987382250837447,0.2774046973297883,0.24978748959331645,2.0409114053230533,0.5822124731798248,0.8784185693192,0.7580233853256819,1.2045579363814294,1.0233664216383205,0.0004214819165163761,0.004823263739282522,0.00019329361024935315,0.7785132341353508,1.6929302902688558e-05,0.26179237833339947,157.82893114343855,0.21999897629117776,30.51566185487086,0.9011307146202654
0.7619713558112193,0.04171375045253028,27.881895671038965,182.72221853924017,4666.31028813104,6.690781782226468,13.906157923160446,0.27728522270151246,0.24968386523877667,2.0294240382424205,0.5840270000892402,0.8747362173796787,0.7583714307804138,1.1978347938234946,1.0262734771177764,0.0004196186537968104,0.004811237760531994,0.0001938238232586368,0.7766128484762166,9.075542831544204e-06,0.2584050871210766,158.93739679379652,0.2183495007307733,30.58694640775475,0.8882630793457718
0.7657506198961991,0.0407573158153139,27.84590351211004,182.54940783759736,4667.165362779248,6.701113530408214,13.92006547975997,0.27640544136644335,0.24830737391809893,2.0220246599406266,0.5807405815330183,0.8828874260767374,0.7580176139312454,1.2066295639621785,1.022833421073977,0.00042263055967614203,0.00482644756226453,0.000195476306114697,0.775150258649914,6.423400081007405e-05,0.2634256715143437,160.09614494574066,0.22260404005718198,30.554729067634202,0.8906771823836789
0.7691430646856501,0.0467887873084273,27.87221436270086,182.0538547563972,4638.848350505685,6.703997593738849,13.97988766068699,0.2767030731789967,0.24637759874745171,2.0089322383513726,0.5758576845189601,0.8828794117149591,0.757857851799787,1.2069594012226472,1.022460854357154,0.0004215648516380802,0.004841066065974108,0.00019578645595867746,0.7727295787518397,4.884398278486128e-06,0.2673305255626202,160.40517298780753,0.2241148300492142,30.376331746719853,0.8853262559482621
0.7663071111592524,0.04504544393942754,27.987633025687494,181.3034100806252,4606.726253559615,6.6781333564153185,13.982860544193006,0.2781173864641876,0.24440908741567902,2.009558253911226,0.5771529007410561,0.8846529681873494,0.7645631565377877,1.2123519388574957,1.0257254724052827,0.000419594264873795,0.004864553910497111,0.00019608458142377055,0.7711666431726567,0.0001073249990029391,0.2639626091744125,160.43017299551053,0.2247505060800967,30.4606926856927,0.8877405206790775
0.7629373989594587,0.04631686994643793,27.858617355104723,181.59918679206012,4591.408736884377,6.656351636960378,13.899765083366123,0.2785168219614093,0.24342411065890268,1.9930848658275842,0.5755187038952673,0.8839475518971192,0.7521977894580671,1.216313027414549,1.029048857602416,0.0004236282967105894,0.004867016908082236,0.00019540659014387774,0.7692895902380404,9.278455521849452e-05,0.2601902523983104,160.21048639832995,0.22248205282346917,30.660255393599915,0.8973287863358033
0.7541379582015616,0.0478936382524543,27.96909005636851,181.93290954089528,4577.700115294583,6.661744970912111,13.938657549680467,0.27907454308254664,0.24299008151068036,2.005816539130173,0.5729159896250636,0.8824698253122918,0.7519002142084081,1.2185426861678752,1.031692232012425,0.0004202904276117328,0.0048273269274669685,0.0001947598929528321,0.7670470878274706,4.7884119326506546e-05,0.25629302101812784,160.3994789372542,0.22386096529195454,30.31001595977457,0.906082548535373
0.7591295757016507,0.04738491745335815,27.96224129424348,183.3127334870128,4604.995798501635,6.67411159538699,13.89616580563294,0.28166298766129166,0.24208450103839738,2.006974716661232,0.574611159085525,0.88387720230282,0.7516951016391256,1.2223658139330733,1.0308091831764665,0.0004157087394611563,0.0048228959511795455,0.00019496550939446431,0.7669301536694103,5.334784325506432e-06,0.2607490704409555,160.96645672999517,0.22477503931328607,30.108833907481742,0.906605645550536
0.7594416698598948,0.03759848830136577,27.940865129336537,182.07368980724283,4614.759055806864,6.643175243581464,13.97488942588781,0.28663823293222,0.24219439957392688,2.001936822167484,0.5765913104763774,0.8800334914026978,0.7517009269838518,1.2225058295969964,1.031846549411768,0.0004150533765663778,0.004794956921489933,0.00019575352622949564,0.7612124483493566,6.288405626468039e-07,0.26135740381177713,161.33934790431107,0.2241317823172179,29.83257613971983,0.913680378854751
0.7606453570447251,0.027915206987062992,27.917459303491572,182.10160677108863,4605.825817270977,6.711849725424817,14.07807949385913,0.28646735017792396,0.24285045204698624,2.009336436484234,0.5799491949021358,0.8788345449001717,0.7495172043021928,1.2246083026386216,1.033154362011111,0.00041629320270140295,0.004825174234782969,0.0001952143986537724,0.7643289045935743,6.661711028877227e-05,0.26619173291569415,161.79918233463877,0.2236846274806766,29.64635512964292,0.9109137942698049
0.7617253636932654,0.023418429256873454,27.912605810169097,182.47217941912643,4659.022801922745,6.72126530799144,14.13399559921802,0.28668654672762695,0.2421582920215895,2.0190280884369614,0.5756356797116732,0.880042719307766,0.7472497433738235,1.222131665043942,1.0353430404260133,0.00041952393990561383,0.00487207325464827,0.00019459144651041489,0.7645961270728878,0.0001333649271397747,0.26331168339836797,161.91923522711164,0.22262311997949907,29.560116657467827,0.9177667481087807
0.7618302604689705,0.02048067426553347,27.899071325104707,180.59886023452873,4648.346797978443,6.750460905071565,14.004616858520057,0.28710386919189596,0.24308344832462206,2.0291617174938916,0.574403545606109,0.878798517589661,0.7449618692243347,1.2227338712035114,1.0304952730335741,0.0004166118009909485,0.004879836520522222,0.00019496350603396827,0.7686475318416062,7.10700730532174e-05,0.259942534864297,162.40255732111822,0.2227867843935675,29.42998134678453,0.9122966687171958
0.7691905232297174,0.02140387668693119,27.96203660159069,182.40348553093216,4630.925291538632,6.797357849459105,14.006537564187127,0.28793099664885813,0.2419485235689841,2.028827404733424,0.5724076722605081,0.8785600621485867,0.747570649301224,1.2172176948251323,1.0292643580172436,0.000415725122457726,0.004870064516676484,0.0001953577192519067,0.7706233088560136,0.00012811712947705757,0.2657483063883154,163.26211181148815,0.2231639205741901,29.483407386919666,0.9220202050922849
0.7623430791666437,0.02393290098443844,27.902262574593173,180.46327037887136,4657.079682378413,6.774349298917276,13.966430498563641,0.28757629782269495,0.2406256866724929,2.0355513663234124,0.5736848514283635,0.8769294979269233,0.7526100366652647,1.2209593944301924,1.0218023513655163,0.00041580376397135007,0.004893084438133362,0.00019687969819932706,0.7686575030022345,4.293320099431626e-05,0.2636702592030091,163.360440814379,0.2265530206923411,29.2276975438395,0.9325584925878639
0.7634063491708829,0.019847485506108528,28.026415737348007,180.5775466010943,4672.201173483047,6.7583296704381945,13.901965480387705,0.287676277857333,0.24108434660519293,2.0473509005667374,0.572212342160012,0.8748626005251738,0.7494660902002179,1.2125117755029395,1.0160930220746416,0.0004149975954887757,0.004855750193649358,0.00019761367677374826,0.7668913840497852,1.3998553398591997e-05,0.2670322738102055,163.6997472575176,0.22564330579071748,28.663420921658552,0.9278596887561844
0.7686341961451296,0.011036157948835239,28.018834266625923,179.18016377108603,4681.450674724491,6.74702885530556,13.750591791922105,0.28944029642269686,0.2428894675805015,2.0477544004036163,0.5684099014355372,0.872791275492693,0.7447523784363597,1.215816089634859,1.001488772847154,0.00041178433853024897,0.004824531729985131,0.0001986783474874084,0.7673791256585819,5.60916302714858e-05,0.26337340635611,164.11874965985737,0.2253698893975522,28.49207968489788,0.9262994757890434
0.7657168025868436,0.013248826857607896,28.23192166101064,180.0525744771124,4682.517226433591,6.774563769577381,13.646021740917757,0.2896431178645962,0.24176638302127204,2.0492604025782954,0.5684768952336835,0.873667730899254,0.7484022676172913,1.2206285917533706,1.0091025958976365,0.0004057699592159431,0.004885881061835014,0.00019625768151424483,0.771384047532604,5.214331307756765e-05,0.26480796651601657,163.81143405577907,0.2233890938123627,28.638193279808068,0.9282777433854086
0.7642073057646946,0.007764575766875801,28.388186366074294,179.74765782132076,4693.926190562729,6.746342058305722,13.682264771950045,0.2895028224554821,0.2420532191119377,2.0391030053550105,0.5711816253867823,0.8736757493336779,0.7487667277969874,1.2283282052336548,1.0141477786076667,0.00040854255533164066,0.004919454245810567,0.00019568127333316736,0.7686855516323067,2.7869219929771877e-06,0.2614723404607537,165.33466150364183,0.22399755960770704,28.678356838251606,0.9371134953542417
0.7629611371220805,0.0033234932918663708,28.467498868152177,177.41321895605188,4678.721111302247,6.744345202634418,13.69725952532143,0.28979806354592313,0.24371157784408573,2.042641129298634,0.5691994495839521,0.874708698913402,0.7505258836727751,1.2308892495363175,1.021280835008276,0.00040998491505418657,0.004847873439765621,0.00019557325379756848,0.766992970805836,6.677836438750375e-05,0.2613783273825833,164.91329018314528,0.22298215526236648,28.654972435016276,0.9382655242283042
0.7649509555344,0.0031975214589710947,28.69633804338397,179.0025046156451,4667.259265491182,6.7348972203579995,13.618929652233964,0.29015637488942303,0.24422033209594785,2.0532677339676964,0.5710706594057668,0.8713448964090039,0.7500785983516279,1.2241916072344083,1.0301868617779582,0.00041341525100917664,0.004854880909002438,0.00019629384260676187,0.768908981441581,0.00014423684911483303,0.26157958250768293,165.432507726846,0.22375799400443372,28.628838024992906,0.9418894553196725
0.7633901851831917,0.0005813487582014588,28.608059736731448,179.1614005511592,4674.959987889289,6.680501523361667,13.695794437074978,0.29082816042036297,0.24380208012422613,2.071278007554369,0.573804570102091,0.8694020445778035,0.7489278635314021,1.215713348036736,1.0294869564347235,0.0004184524063420604,0.004878205035494313,0.00019638594954538734,0.7716315897247884,4.876359203396083e-05,0.2620048975438964,166.33120520049812,0.22414406204612036,28.4929344949141,0.9433857821042445
0.7617313377177564,0.0001099179254963361,28.703543793953862,179.3279520115699,4703.403930797501,6.628631393493921,13.570408379364578,0.2896246906807789,0.2451539144577733,2.0770958761796905,0.5734438336798909,0.8689873294042914,0.7495854180414324,1.2105992755030632,1.0246275285248112,0.0004166426064156175,0.004864093563313072,0.00019591567800075505,0.7764003280041198,3.4424480013935604e-05,0.2602366893796241,167.1194256660705,0.22490977716720423,28.349020322771178,0.9486636553446299
0.765060878805671,0.0015544853993873812,28.678545804852483,180.229711320577,4714.652734838465,6.656777349319512,13.501346109840433,0.28876133499336937,0.24432386537481743,2.0780204663362576,0.5744600250887867,0.8716889393024141,0.7498116789929522,1.2173486532985978,1.0122044777730674,0.0004135115690627166,0.0048682184832729404,0.00019490477853587005,0.7739766109018388,1.829980447222066e-06,0.26610085881427714,166.72849203642298,0.22409025985475864,28.42157847856783,0.9468027866302351
0.7637547098367717,0.0016744339474351545,28.669926308768343,179.5185187354223,4726.783072665742,6.62055759224602,13.51155474937247,0.2886633160569522,0.2429661014321793,2.0781892706032097,0.5732810673777238,0.8698068349600042,0.7551363850188861,1.216416865108138,1.0065730064814777,0.0004130020631047526,0.004882548244612719,0.00019306375986905723,0.7740234331546962,9.840795557808872e-06,0.2601276526553977,166.7800938888008,0.22368659415526113,28.45099166215749,0.9534968379019206
0.7628402542433577,0.0026297909277636345,28.63340879119129,177.72641653939206,4678.716201693524,6.643387168280622,13.440520692794502,0.289648492811771,0.24351414671123325,2.088650293121698,0.5729780411542031,0.8746320297742519,0.7567361655002289,1.2239101244219213,1.002397972489524,0.00041377592688434414,0.004837567917211012,0.00019323169062027465,0.7687941123481562,9.718874101256387e-05,0.26005115021311137,166.75468377700312,0.22342878884940467,28.516635315967903,0.9536394725524513
0.7644456194800705,0.00014695062584579041,28.601920066438023,176.38395038926717,4662.750164103718,6.672280747259821,13.422755370432581,0.2908077001218466,0.24295030346692728,2.1003196715169414,0.5819611016983934,0.8676481971483947,0.7569517962780757,1.2112740207033519,1.002131352569997,0.00041505529381490074,0.004834860200729141,0.000193707864612644,0.7626770337801153,2.1105066014179185e-05,0.26362819847773145,167.16127638947148,0.2243803614546791,28.52810524409196,0.9449032798637418
0.7650657877217525,0.0020719061554438254,28.37894210097922,176.44881979242578,4682.723088546923,6.631523104197256,13.417319533305035,0.29000319729074714,0.24347322234322058,2.0942084543668438,0.5823572774453571,0.8704740529794093,0.756319794688759,1.2072257890945162,1.0016188069179721,0.0004129856976578652,0.004854655508078939,0.00019348676592547217,0.7625514059412688,6.467879929603393e-05,0.2626705202097076,165.87593468252837,0.2252713548117774,28.674986728960814,0.9523521244773606
0.7621606719221281,0.003320081584671812,28.464227559496624,173.8154990167769,4732.397239462856,6.609312661515732,13.433147718282,0.29165848483368684,0.2425659958377502,2.084209602160137,0.5804760218935426,0.868962037278633,0.7553632219125415,1.215993829628441,1.0051767050457756,0.00041910702847329924,0.004876612406590998,0.0001930604192232278,0.7651434243531008,1.3192818038942085e-05,0.25656309117738885,165.24408081486962,0.2269307058902259,28.415033417685947,0.9580145915860688
0.7620280434763697,0.001448578834204311,28.357193756775665,174.27550596245217,4748.137314119631,6.597657422238853,13.439850811139394,0.29212773882910614,0.2434261628039692,2.1015244946227605,0.5772577806789385,0.8715100217900756,0.7495485772939854,1.2213899570263058,1.0077418995230094,0.00041941463178771547,0.004881299989555739,0.0001912115201441096,0.765220522225643,2.508238801661601e-05,0.2604986690187501,165.63863541606682,0.22533847546112395,28.161128960059447,0.9611690896761516
0.7633283542195674,0.0036289455429823437,28.42896635264886,174.34360640820194,4773.068622655997,6.584036827558765,13.542773764710777,0.29104183200371436,0.24420194907313011,2.110103400110728,0.5776725830391253,0.8720394633895676,0.7505098453462237,1.222786418354954,1.0090544173001026,0.0004185920511995762,0.004892518183878725,0.0001911568897107037,0.767214004082939,3.375914782645271e-05,0.2579595513869246,165.789950055569,0.2256213436886831,28.113990359763037,0.9581437569898171
0.7622593981417193,0.005425499578648165,28.362342619481563,175.89277241004376,4760.458880030048,6.610069212736956,13.431529874628085,0.2911302694003566,0.24381142635114147,2.1100617537497666,0.5752643045165423,0.8747110642805392,0.7529112215151147,1.2267172909020327,1.0021679539615387,0.0004201938797257364,0.004916968932980926,0.0001912722914378644,0.7701996178321292,2.5220753968010735e-05,0.25877862200152313,166.62177879288032,0.22658510466571202,27.904301963981382,0.9591174872565299
0.7579115780949516,0.0003011089702940747,28.373079616973655,175.74038175656892,4744.102754493176,6.617756240720206,13.355314646814472,0.2935679559680887,0.2436725433065533,2.121381375815582,0.5753046115064936,0.8702667761191666,0.7555192520585542,1.2211518487726822,1.000095640328177,0.00042064728522759237,0.004908129583571629,0.00019103888788405492,0.7700225801858874,5.053633077939705e-06,0.255833053762367,166.62363128064348,0.22511377742018177,27.820403842753567,0.958031137645389
0.7617866282732322,0.00024494288520332676,28.45074933120731,177.01079627843419,4744.398959691625,6.6280533108784105,13.330838125176099,0.2939737416579415,0.24455065483528932,2.140570080822204,0.5770571673434295,0.8690016558121286,0.7548832937308768,1.218741246850122,0.9961466166780014,0.00042178402891890663,0.004943620694594904,0.0001907756319969867,0.7624219103649055,3.578627903756558e-05,0.2577125462608014,167.01970366175644,0.22641697211204395,28.09489890356989,0.9549009137495604
0.7592658069880558,0.003630187548750188,28.50002652087399,178.90806254915378,4735.821984324958,6.666492171300868,13.311982290342149,0.29218513498295023,0.24520752500661264,2.1487551378559417,0.5819652176590101,0.8700974799858209,0.7504836063082224,1.215664982487346,0.9874505964224088,0.00042488512598114924,0.004942588949269384,0.00019115932708669574,0.7668062229248882,7.118030219384721e-05,0.2580578905760703,166.10050139498298,0.2254339072480346,28.003845269146716,0.9584072650510483
0.7542601652130234,0.00015563032195627623,28.529050584916472,178.26280135926115,4742.096872458578,6.654031462857899,13.256770897304179,0.29035071588075995,0.24570329755569306,2.1394894371082014,0.5819313503069033,0.872029477229843,0.7488067837780489,1.2152485301928633,0.9834928052610067,0.0004227064519673415,0.004986223503797497,0.0001922065682547262,0.7652648392209138,4.757670406539375e-05,0.258162205632847,167.2853608158096,0.22287465876554283,27.918340759399424,0.9617524629816854
0.7519677026395387,0.005108488878477333,28.585314617667326,178.3462735609996,4746.980701552911,6.67344132036694,13.432519002948519,0.2895457148013644,0.2446534686113537,2.1328277701722747,0.5837668691269375,0.8724539106869267,0.7449776390849946,1.2086975847359585,0.9791111194959077,0.000423505355409104,0.00498891727291339,0.00019277736832710378,0.763209299505428,1.565628487604488e-05,0.2558327645106952,167.6733973219354,0.22493764953329157,28.08348340342832,0.9628226444887789
0.7628915283245765,0.0061664412911721245,28.799243606563177,176.41283094018587,4784.662391788899,6.684553630831268,13.405558625629322,0.28979290337997377,0.2421928113179528,2.1331022137727085,0.5803018938415583,0.8732053709034541,0.7505835213001564,1.2022083912183845,0.9789912114019618,0.0004255516724346253,0.0049960082513260074,0.00019356209599776986,0.764063806078057,5.3972196151533856e-05,0.25596369085811543,165.8131471684404,0.22262994650061632,28.15435782119508,0.9563458994271284
0.7640716634807481,0.005920483617562721,28.771347648090956,174.961644837041,4791.074604795064,6.711449384149948,13.3533999772985,0.28861960936520104,0.2415525925736133,2.147528041445006,0.576929172915183,0.8713748892202015,0.7514923501741786,1.1995337740561156,0.9821036468477127,0.00042920393797182306,0.005012299103168494,0.0001937479986896402,0.762454092261798,3.762950958566533e-05,0.25773966020029804,163.89244838403212,0.22082901678507397,28.23989454652738,0.9619948306839708
0.7655262789702957,0.0012645226465384934,28.73674713877947,174.31638151195165,4863.609635025918,6.692422756012173,13.369515382036054,0.2875760733417239,0.24270798778338412,2.1588748223890906,0.5729135007895247,0.8733279656034004,0.7568609533289534,1.1995584910499675,0.9903848965689456,0.0004313881551869856,0.004976030030940709,0.00019475181498353623,0.7613511561376227,6.128382936101753e-05,0.2561929107345705,164.06915075637147,0.22071449072505744,28.453823834119543,0.9557927119782377
0.765198425119233,0.001007273420038961,28.929729269052483,174.82155610630366,4841.704298928957,6.681460792317893,13.368534341085072,0.28708421653741345,0.24247650035782342,2.1544640752377076,0.5706744297594739,0.8753274209283298,0.7530042328520448,1.1961161016049457,0.9887460760035347,0.0004343548402357767,0.0049541934461664015,0.00019495306600860097,0.7562182701093111,4.7191580803849625e-05,0.26081689509373035,165.71580992201015,0.22366272383755267,28.341259299170304,0.959806035131947
0.7659379948107243,0.004385776421078883,29.06542719523231,174.3737032207626,4817.791842363091,6.636952541879035,13.34459491904186,0.2852129294824441,0.24100199759515753,2.159093795805485,0.5648028761957133,0.8777712401087897,0.7549271304826559,1.1938736883918153,0.9940589470965033,0.00043118459886039144,0.004905550811386166,0.00019466171465046012,0.7552978381773833,5.39200158022469e-05,0.2602380081391088,165.9186997590298,0.22345129799066055,28.442088702791473,0.9606186397654083
0.7603739338643839,0.007605806927414716,28.845166389485378,176.02378069557457,4857.121001930562,6.615723970845632,13.49806908199164,0.2850144374105521,0.2444898097824509,2.1525077453314396,0.57196794449632,0.87933111679069,0.7543722528620154,1.1894174427198316,0.99425011491642,0.0004330155327891508,0.004858330406138868,0.000194852919791127,0.7601424569018104,3.5327748404898583e-06,0.2569067706277401,166.76709199001976,0.22225780600562423,28.533244257581963,0.949898698354841
0.7575406888039768,0.0023076020224515326,28.845642428541098,176.73579063592868,4901.45290836412,6.639792943886504,13.406110753093037,0.28531864719473954,0.24589853238617626,2.15743786331948,0.5706411668034066,0.8781997652813666,0.7544377532545009,1.1868632438448092,0.9845430150370478,0.00043374022735615664,0.0048426195716080615,0.0001938337577170996,0.7557950224116721,2.4310496464374767e-05,0.2582684006340181,166.96292938512443,0.22245878616646175,28.774111659820395,0.9483584988362451
0.7602143953427646,0.0032611641749868752,28.903741983105434,175.8477492378192,4913.085534022028,6.665699351800943,13.344406792787709,0.2883305568136715,0.24657094558771347,2.164906769802701,0.5706554796265929,0.877756065420616,0.7594745730815212,1.1900107211705473,0.9780556955045409,0.0004348247364980882,0.004835298058694075,0.0001936440966787874,0.7532074540416019,1.8476232502108275e-06,0.2609695744174059,166.31041739951633,0.22521042906259278,28.51959325043702,0.9536182614006785
0.7595514646874096,0.0060318597983428195,28.79019885405365,174.417468251065,4893.882557442195,6.6469939791551305,13.39030281856984,0.28963594286688954,0.2494869540478565,2.1727077501240513,0.5690465516778351,0.875275933310025,0.7595038799123638,1.189129716027361,0.9829112827377879,0.00043696490749233743,0.004841475382308215,0.00019360744348166314,0.7527674233397147,1.4511876703908306e-05,0.257554946818709,166.3707421784125,0.22747913739342782,28.509308886060232,0.9569827857474836
0.7574566210242186,0.0044931937346575,28.832854749334345,174.9936164283684,4870.026745119878,6.732176784495202,13.432623514272706,0.28769933824126814,0.24944497795469878,2.1770307661206902,0.5687160373506747,0.8743613187770793,0.7607515825033235,1.1878596482201123,0.9942282947037108,0.00043477458777597646,0.004846898160873247,0.00019389934334513114,0.7543098339046214,2.8853234074548288e-06,0.2580145694207547,166.98796769757925,0.22667162835306337,28.62550282227043,0.9502081079618768
0.7601148884288541,7.114538065597191e-06,28.707851244339007,175.657292124902,4875.335479627359,6.685618251594347,13.544967296927737,0.2885424837862744,0.24874229905462228,2.1669175210976928,0.5656425237686842,0.8714713229882467,0.7634258745706469,1.1825620189194397,0.9988485502760411,0.000433318796960796,0.004805449095005633,0.00019473598845272342,0.7456194683908538,5.591217852720363e-06,0.2606685741399465,166.56377766321202,0.22509910317385998,28.64402948582327,0.9499512547914997
0.7598911807488968,0.0011710608793935743,28.69691445122879,175.1458887057072,4868.409210438875,6.6483731291070285,13.444259171127333,0.28708655939809624,0.2486847274565367,2.159306654494603,0.5676206610790429,0.8734206431310529,0.7625153705873859,1.1846661238392082,1.003369196777714,0.000432624227922866,0.004866321962949609,0.0001936111636929666,0.742605612324739,2.2637100845473506e-05,0.2566025955904348,166.36161350246624,0.22540068682359493,28.96726030930619,0.9485602770701362
0.7641522357649835,0.0019111357993815922,28.722663344017757,174.40106078864122,4833.411019601306,6.676677826766503,13.286570004885409,0.284712007098025,0.24881070304311623,2.1490632446798075,0.567873317535208,0.8718477931312881,0.7628759115874406,1.1841475589509554,1.006997921666413,0.0004319410471404311,0.0048578409132835135,0.00019535512986826935,0.7433387059967813,8.737811900825509e-06,0.25984595525028503,165.65213677489274,0.2255702268172198,29.068835222797972,0.9522011590385535
0.7681436210754219,0.0010901775286349777,28.734775547024224,173.52595093679867,4829.892118041295,6.706686945462748,13.2903164340142,0.28533120639018716,0.2491574032553698,2.1522049909495684,0.5698021701471364,0.868530835335981,0.7643385443581561,1.1845451017181767,1.0020966489788974,0.0004300349577243937,0.004923459109799087,0.00019610617838030655,0.7433102264411134,6.880244091869647e-06,0.25743464899805185,166.19500081042568,0.2256367679082283,29.208201632116356,0.9441102797015447
0.7654765424701027,0.0029582855013372917,28.801373462649398,171.7760048317798,4803.411098225949,6.755324856086133,13.345632114833416,0.28706467260028395,0.2498344764138787,2.1666913968570927,0.5731409764379592,0.8696062558183264,0.7629762194989884,1.1871581510481648,0.9993331554354118,0.00042710137300729523,0.004917971794560602,0.00019595876282176025,0.7427342193920287,2.1379090821521636e-05,0.2529899539700985,166.91709754615118,0.22549855427118426,29.006354583657657,0.9375983299854062
0.7651254043247377,0.00034932377997829627,29.11973310256228,172.1636823825274,4853.858994795362,6.789772609594973,13.355443140618362,0.28468419119795285,0.25072518999744947,2.1566974871945805,0.5766178111220427,0.8708663278519714,0.7655751157797804,1.1955653797564407,1.0076894850946059,0.00042435961140847666,0.004942302779697353,0.00019501342989898375,0.7465885990966121,7.348493354590047e-06,0.2564064636117617,166.68797431771222,0.22336834553275023,28.702419990639324,0.9353703799925626
0.7592957092760131,0.0013933636850823328,29.208682683370824,173.3599071981756,4844.12895595025,6.811085064223808,13.394957938142603,0.2851609103541799,0.25121326564879864,2.1559927750049965,0.5778985794947811,0.8692833677017582,0.7643209149266602,1.1839058409278185,1.0006216344566636,0.00042565810362674107,0.004951474378278209,0.0001964727055548022,0.7467850761327284,2.0627012095171494e-05,0.2540452698800673,167.34741516933371,0.22560711708746187,28.931388107294843,0.9357001877174518
0.7663097366692282,0.002483946136329443,29.208974982222934,171.55813314428482,4860.8537266077465,6.81631738738435,13.383492082563393,0.28562072119405296,0.2528100778770718,2.1656342333138854,0.5808057424359868,0.8708040843931905,0.7703057953376974,1.1796631369910617,0.9975415148571573,0.00042596108963970775,0.004977872309210849,0.00019651176420404902,0.7462224605584571,3.3826052242663847e-05,0.2539917033695807,166.32381774088157,0.22483523349253942,29.09329840423046,0.9322833005564918
0.7659464051722232,0.0032195906243980728,29.14050587133591,170.52657560821072,4874.33168313163,6.854661940207376,13.528879384813138,0.28582789018692495,0.25498132239944293,2.160439366849411,0.5827475789210356,0.8727156765465187,0.768804052669279,1.1844800181008537,0.9969168845781584,0.0004267550379350965,0.004986577605161957,0.0001963842451185308,0.7504140570340112,2.4571735082679106e-05,0.2530898159491589,165.23225704212066,0.22368775755794584,29.083918340030504,0.9356087226448081
0.7672355075567344,0.006270919552785763,29.051762071770074,170.47842646291295,4849.353053996453,6.854739598516287,13.48492030277057,0.28338968816245874,0.25530615633858167,2.1673531725886668,0.5807872691906774,0.8667245436167356,0.7683782390684982,1.185290159409323,0.9849412610730851,0.00042683488217252054,0.00496599024715881,0.0001973841572682426,0.7509855504105619,1.2647978217407023e-05,0.25075981000729386,164.5300456929709,0.22415022671284826,29.236169524026835,0.9341061670787031
0.767158841193005,0.006575886845937631,29.179249310524156,169.64520782568385,4869.561059496424,6.845392483969813,13.477792660956657,0.28324019966178704,0.25485241481237075,2.1673237194060007,0.5820197333262137,0.8659042433282916,0.7687884501642491,1.179057115732805,0.9905296936973973,0.0004237938535693376,0.004967798424224716,0.00019658518595175775,0.7503872933971601,2.199102467245949e-05,0.2501627430153579,163.22506715755102,0.22209243827580125,29.371186555394942,0.9377338392823034
0.7701235379007431,0.00404954215456136,29.235171876699653,168.735692572142,4919.957144488533,6.833640639639488,13.541214917826203,0.28276189411736463,0.2555166352303502,2.160999834940295,0.5759214775793309,0.8628257008937007,0.7737145196639994,1.1808618040375833,0.9867313192052878,0.00042915535371972904,0.004937163100135234,0.0001950988986276495,0.7473250546002661,5.4959580142393035e-05,0.24914627587975913,163.36279341174378,0.22290573926054763,29.110403096767868,0.9335426643368588
0.7705940481136399,0.002530188819092392,29.244428649649933,168.04707334103068,4929.263632462397,6.875243536938393,13.550081786808628,0.284475415753572,0.256951601660511,2.152710764647309,0.5795815670930826,0.8668618384542951,0.773069979784931,1.1906035220214701,0.981869619754786,0.0004302224705404,0.004941165855002969,0.0001953090244596661,0.7453350803401274,5.9195341439993105e-05,0.2509026019362041,163.67278966837063,0.2236474195498096,29.185779007498653,0.9231233172771158
0.7640451085632108,0.0025659247726859246,29.399012674953955,169.67488392573648,4911.992135418537,6.862076550925312,13.520277214710303,0.28559727408628666,0.25644094677437956,2.1503566007167194,0.5791022815979274,0.8673458727678051,0.7724436388165382,1.198667766255825,0.979489983473426,0.00043060232120274857,0.004910724806848275,0.00019574570205384045,0.7447759781028261,2.7683074100182173e-05,0.24686431804877312,164.2963159372012,0.2212816540318605,28.977105408418616,0.920393548972154
0.7694892051033961,0.0025825968066208963,29.444373701554124,169.07160842971595,4973.915638891698,6.788355770075203,13.470165587504512,0.28572205985079885,0.2575379510166594,2.1448773104972068,0.5800863582408782,0.8667805145356329,0.7756048033265381,1.205399177386785,0.979019970247383,0.00043239863826799956,0.004922125094954434,0.00019579385442752189,0.7469525778546401,1.612896277715051e-06,0.25051640559354293,163.94320640955564,0.222109182738198,29.09643369426517,0.9257800676780422
0.7734503118883108,0.0011450704858404263,29.670586366008163,169.17469634727524,4958.512245040899,6.788085384843975,13.407568285710727,0.2848951122903017,0.2564634652333766,2.157559303092814,0.5831764817182946,0.8646850440854843,0.7732267615196333,1.2046908013578645,0.9784693907744106,0.00043426052605517214,0.004928295176294114,0.00019418117686080977,0.7478873515611901,2.4503536419079554e-05,0.24988875836618094,162.9383463049446,0.22216360322501377,29.036145001924904,0.9330986560714731
0.7761277664507186,0.002942814202600408,29.790426150415342,168.57711490387422,4946.844800727863,6.808460129160562,13.42289172213145,0.28562445450051727,0.2561191201205759,2.169415726238874,0.5844559160779488,0.8661691106706868,0.7755686038440666,1.1982804160504674,0.9771036341652312,0.00043382223649108,0.00490208257505183,0.00019396856947962398,0.7475301488534797,1.94871444273984e-05,0.2531369751140721,161.5848630575438,0.22102032525944673,29.074850643555536,0.9380825160546283
0.7753118404440172,0.005875729149216793,29.82051272668762,169.23005802203474,4905.838297881997,6.762154052710138,13.536796388271904,0.28479441305870906,0.25586372822034753,2.157322875519016,0.5864328619375255,0.8647494041302185,0.7800966584467708,1.2009090351767988,0.9682594564598731,0.00043111399143843754,0.004935472978985813,0.00019450609162614753,0.7504477466171736,2.4875307319846327e-05,0.25573901837475344,161.29982792903732,0.2193346365544594,29.0601288099091,0.9363995464728878
0.7692159573635291,0.009466117266492963,29.797621803026654,169.1332564487166,4925.102649194466,6.768967201908179,13.538139944808691,0.28493038422943445,0.2579833110458091,2.1711735444737625,0.5836690719359887,0.8630660317464484,0.7776591891693736,1.204264132128277,0.9682799510869758,0.0004350915476572459,0.0049812436995409935,0.00019436727261579057,0.7526631285270586,0.00010012207511015707,0.24675828323011872,160.91072501998954,0.22249090940125396,29.112582076398883,0.9327375960679651
0.7700907952128127,0.010510431594868655,29.919313671684975,167.7212061362855,4941.649233006396,6.793333986145425,13.519990512871091,0.28443668615112316,0.25740962416772417,2.163701858524739,0.5794286480917235,0.859188524370599,0.7791520907468484,1.1987177441272696,0.9616278221281452,0.0004330470568293043,0.00499477995808261,0.0001943418512707071,0.7525544447322952,5.461898041662935e-05,0.24533881597341564,161.7749196618688,0.22388636646636256,29.231640432320603,0.9360729487990375
0.7653417236684612,0.005029208343446301,29.965014800264278,167.5457032932471,4946.066354355216,6.792357796993524,13.594243985296153,0.2839360808736066,0.25701955229284135,2.16328872845377,0.5787958022082693,0.8643702248183927,0.7800334421229933,1.1932466653677676,0.9578239352996314,0.00043244572383170513,0.0049823911620509986,0.00019255860283993748,0.7550423121134927,4.1333136789576254e-05,0.24475673539723475,162.77418284904704,0.22410767022247235,29.081739235726648,0.9241461579859898
0.7635029693885113,0.006941262308987814,29.81518976708973,167.05326460626802,4960.7110575640645,6.812702266056549,13.579744593052814,0.28368729376155666,0.25736391724989216,2.1625133281588322,0.5731293944506274,0.8698052120779776,0.7797614911721304,1.1891511722892392,0.9626794546374006,0.000434891036078479,0.0049960226556222485,0.000192944876924257,0.7555197739613033,3.428380816439472e-05,0.24688030757524512,163.2884617808798,0.22430081029287147,29.10135095091429,0.9179203459935
0.7616613649427331,0.009271786944124217,29.88063255225051,168.68261264513936,4963.471898214282,6.835693747287804,13.618560435179726,0.2841576823209558,0.2564834082754997,2.142828592074932,0.5700027756103658,0.8646491063948137,0.7761865269528503,1.1838987409594142,0.9674731225146337,0.00043516487014428625,0.004997545502974772,0.00019261769123105627,0.7589332145105135,1.2272441595239712e-05,0.2414908332630711,163.10054090012983,0.22427473977195325,29.108087179772973,0.9134012537097396
0.7669049275594875,0.009481069770545997,29.908652896373052,168.33352351967886,4974.621341192425,6.811936263331159,13.64831108958201,0.2836823708636886,0.2572314498701637,2.1288989976310777,0.5700791909491836,0.8635981335585245,0.7733161471158267,1.1783059777830671,0.9686142772503747,0.00044145794284923285,0.00499698019654727,0.00019203592315955194,0.758388615023639,2.9572406896151112e-05,0.2451476660297109,163.3751007792389,0.22443787439576116,29.175075076423404,0.909997375681633
0.7675296158975523,0.0038350815275917504,29.85157261996525,169.6690008971313,4958.103175301089,6.8483399381784515,13.715553444010064,0.28384108264008806,0.2559644225581312,2.127304678811006,0.5693310307443343,0.8655624517125152,0.7681547129290571,1.1729230317574402,0.9650891036724633,0.0004412565615069944,0.005012304021091437,0.0001919446911455901,0.7582390130536933,5.026976849790879e-07,0.24603790678236534,163.89931640052234,0.2237348593971806,29.183839143625317,0.9051153737969952
0.7670723905595423,0.00447346652436361,29.916141116333204,168.9878045814509,4971.2524340829195,6.788360142787226,13.794585915655704,0.2830904882795977,0.25730201165028793,2.1148826029411394,0.570685112873737,0.8639555720044203,0.7680353519803117,1.1723113537475058,0.9714258658788658,0.0004392833655679379,0.005066029008404164,0.00019244787154476254,0.7610178881790632,2.755842717695777e-05,0.2486994157795756,163.3080172078438,0.22377519507529428,29.392247732124066,0.9024612844034675
0.7667951014630168,0.005879426524019237,29.95722493888794,168.54661660589326,4945.682480491058,6.751643551340074,13.765070966661952,0.28580401412510786,0.2574187912564329,2.1072788068288912,0.5732274326127516,0.8620342794738074,0.7640751697024837,1.1790938195147418,0.9776038862382631,0.0004392177982674982,0.004999599747118,0.00018983917042317568,0.7629303487872701,8.498204272741386e-05,0.24511792128766466,162.19403431558453,0.22325761626137988,29.600210228281753,0.9170038610171369
0.7679813089892567,0.003589607606210259,29.996509392256378,169.5831189662353,4950.253356925495,6.7765668165512665,13.825376640401661,0.2868595614825474,0.25614678885311215,2.0801125248959482,0.5727151913804925,0.8599196300899127,0.7592193854009994,1.1755302104277285,0.9786778560767103,0.00044032950579944653,0.005034318215812746,0.00019038002185317872,0.7604520115640828,9.047052050583172e-05,0.245142820727884,162.4918476839314,0.22541861383070183,29.748801172790582,0.9238571745836887
0.7724590041735288,0.00042878111365843253,29.87971728669207,168.68124932129547,4931.851210156683,6.7636562632536705,13.831998291371566,0.2853998649365222,0.2573202205910411,2.0703859014131356,0.5722656282668146,0.8577647387240664,0.7657431306236566,1.1798638464725892,0.9783450622758848,0.00044108920809373113,0.005046283982808212,0.00019019266609876135,0.7606841163068438,0.00011437235532648854,0.250438621909973,161.7024465220153,0.22544837376069282,29.54673633126567,0.9240620763312335
0.7733020253700643,0.007080710897274597,29.810798650945273,168.7186636492305,4881.989808560357,6.751033582071752,13.758536750062083,0.28885512467551827,0.2569631141747445,2.0796705350154223,0.5661763550645283,0.8595636038416544,0.7640087064311077,1.1799691211761454,0.9807482616037161,0.00044620057420543695,0.0050137944155145085,0.00018999264304337576,0.7688149224773065,3.6165514342788524e-05,0.2494291700254147,162.30668866898975,0.22414340527171595,29.61932497827789,0.9179542668627884
0.7763326469814447,0.008057183718619527,29.842879009231975,168.42295266698608,4839.987602034226,6.691560967995453,13.769131382545451,0.2869086527573699,0.2554009611495044,2.0687178891645486,0.5637533412791008,0.8572648257458134,0.7743387764047447,1.1823058921247904,0.9796313956253678,0.0004478553819148749,0.004970226155350839,0.00018970270100789906,0.7643317761084539,6.937709068401567e-06,0.250647526723973,161.33559208843178,0.22264387341040318,29.654135444484854,0.924481551354728
0.7727429850792646,0.004554690731527577,29.863881933879725,166.95235500561665,4869.347395902192,6.678881965373623,13.683965132713283,0.2851588703643123,0.25599802769831576,2.073689309572156,0.5638021484551723,0.859751709479923,0.7726130603538812,1.1839343096401809,0.9757570060680938,0.0004473543684788353,0.004992830505174904,0.00018897863188986657,0.7644189506581062,5.058962587419823e-05,0.24758407300218235,161.42999357027827,0.22228667669353516,29.529175930717074,0.9304132272384622
0.7774955538031855,0.003308284776158991,29.70846964374862,165.86577096129898,4835.29022055531,6.678599357471194,13.743306884077215,0.28688607646441006,0.2571647758957129,2.059318440226713,0.567247588986534,0.8609627807665613,0.772325473640415,1.1823125851132823,0.9789899534914918,0.000448223127952212,0.004990972617939023,0.00018861736907601994,0.7649627157262362,1.1753026559648741e-05,0.24995050017561626,161.4052780377827,0.2223347756731669,29.487942802785906,0.9282107897733927
0.7777116840277621,0.0032426379669494177,29.98734686271027,165.699106744106,4819.155486979662,6.71158238785287,13.6612378733269,0.2892996396821161,0.2563882719501572,2.0692181593008105,0.5708725595940615,0.8584686747021865,0.7707633196866828,1.1921866622928914,0.9790104664621293,0.00044923749671320226,0.004993740970291523,0.00018813633399242968,0.7644476639628626,5.625418788156884e-05,0.2504299807546735,161.220948999141,0.22270937045254674,29.538726871201273,0.939229793457837
0.7810479264118498,0.0008754667125793684,29.988192623901192,164.59881296758618,4747.624832895722,6.722739575893303,13.649062448214405,0.29006995118120005,0.25880708896100113,2.0543881523831082,0.5643308338897775,0.8573678485297278,0.7747518684003214,1.1834054237942229,0.9803954027377397,0.0004514636465604512,0.005005481614818869,0.0001895803221653358,0.7587234020068127,4.9348186417326246e-05,0.2491623831568165,161.23867237352673,0.2209787234700878,29.51985457198791,0.9471544073603441
0.7794464623574584,0.004298498694323222,29.963581092623347,164.41587712760102,4767.369979130024,6.684642104937355,13.64765987071634,0.29160596075577794,0.2578322357376779,2.070528778566786,0.566944378412035,0.86086655221552,0.7773647247745948,1.1780533487554894,0.9792841958433327,0.00045310299969731656,0.004991226757729322,0.00018873147472607852,0.7638099456659541,9.543215777975327e-05,0.2496454980695391,161.15584517836172,0.22209267406682603,29.743267016286378,0.9484684916357499
0.7791911640953836,0.0009582253084066327,29.99432934033941,163.28573930364243,4770.296183673846,6.689678948241805,13.685191840791074,0.2923544085872344,0.25782535574749693,2.0758629078905546,0.572018599325515,0.8630548895643512,0.7701000041426787,1.1845236035848605,0.9792723237455071,0.00045321274710680083,0.004953755268325883,0.00018986424670232812,0.7640373728031518,4.77321437809604e-05,0.2512370140246042,161.15453788083298,0.22120499427675228,29.764019898502557,0.9487529490148371
0.7723905111974456,0.005250013036623309,29.83949922785674,163.26938076398147,4790.984840747381,6.700593827598574,13.623264256615848,0.29386555095214906,0.25858368255044323,2.077318616508071,0.5728358624363958,0.8606391336206369,0.7681266519021595,1.1786023317503176,0.9773033656694132,0.000453253041339373,0.004966054711541928,0.0001891452883330808,0.7624217657920332,3.753585210701643e-05,0.24579947150668022,162.12119094209604,0.22203814867905863,29.506230216170742,0.9438592267963283
0.7718930469366214,0.0026285241554279176,29.82469985467063,162.8836567502553,4793.398085872862,6.727406558828227,13.621705124876407,0.29423968780861504,0.259423758830106,2.085237442844165,0.5696651651894488,0.8610949445712445,0.7705583495687061,1.1741918618778897,0.9843024325377063,0.0004520624045985543,0.004962663680494543,0.0001880521770895765,0.7563939236277808,1.5726801704234877e-07,0.24555841322066205,162.0078453488538,0.22192238221858213,29.309241302379444,0.9433499243274992
0.7763402542151743,0.00032337765061410265,29.953409376735515,162.46610805785812,4820.152168715407,6.7135684852530515,13.63006805736979,0.29262296146860156,0.2586921169571545,2.0767685011243784,0.5671012296840233,0.863434238602488,0.7737814523416334,1.169237838197876,0.9830604653120749,0.0004539411036508368,0.004930143191507236,0.00018709656777856812,0.7544883777113364,3.781333176260915e-05,0.246853774335928,161.97128271389002,0.22210171309217389,29.15117656828151,0.9477434803883822
0.7735987684664728,0.002572248780109674,29.975753077015117,163.8430942766879,4846.096164362155,6.759408180295363,13.735213925826478,0.2888813023552463,0.25655922205499776,2.0656298523750714,0.5663284567308824,0.8614916648001836,0.7740191711261009,1.1759356384983324,0.984011354528589,0.00044871179719249205,0.004891651342797058,0.00018615663571266872,0.7579112940317079,3.698710846669404e-05,0.2461179971259068,161.45128891737258,0.22076679720169243,28.93949961926111,0.9440115030444625
0.771758341332476,0.001750050352138838,29.94411674979614,163.99442894803886,4839.869315873239,6.777415747356146,13.630848441060696,0.2886694561745664,0.255673742653545,2.0750045163168385,0.5617146610034994,0.8570354735181434,0.7713631786201487,1.1754184990378442,0.9923875107301292,0.0004506770020300898,0.004880586259628947,0.00018540475117038844,0.7528717116042776,5.968947034314353e-06,0.24152717092864712,160.28135099677192,0.2185607166939789,28.83891923297435,0.9437050141436684
0.7698395050194744,0.0074585069582417795,29.957179456495464,164.34186068646198,4839.737498941409,6.804739321376793,13.597633838309882,0.29036122263517017,0.2551510652800598,2.070086384216446,0.5599243255106691,0.8553366394784055,0.7738728897911303,1.1778251507471633,0.9981053136871728,0.00045090223645948116,0.004864032477373814,0.00018413387624985708,0.7462981114965193,1.9514723086725106e-05,0.24141274351401154,160.1521197807573,0.2209546300682355,29.1258157272442,0.9529709131408286
0.7742826399642677,0.006387621438260141,29.890727562244564,163.01915754828633,4878.478992939322,6.834279779045393,13.676699242250233,0.2890485474410222,0.2550868079297223,2.087266233414634,0.5586363921476812,0.856574011483307,0.7733406948112709,1.1732569700240358,0.9966836648258105,0.0004537085693884571,0.004835232414124013,0.0001839874848366066,0.7470419184568602,5.1253188039047094e-05,0.24283805553752,159.14845304761297,0.2198930264617837,29.01996631400683,0.9564932235178858
0.7756021325745982,0.005037783333035948,29.652002198111962,164.81081734999185,4874.60978176225,6.823216953293655,13.70889891002895,0.29054736919132557,0.2575316833111668,2.0781457318046956,0.5576503897652021,0.8529938658481612,0.7679782639518375,1.162279623402398,0.989411996640053,0.00045553892525769697,0.004833374979453066,0.00018510485469669255,0.7539302476121557,2.7527698256651483e-05,0.24290060914517494,158.05125958129446,0.21889873612634533,29.14274787413977,0.9467297385339506
0.7754005597368018,0.002330620397943452,29.65608697679972,163.80662752224998,4858.184283579185,6.803143435500523,13.749161462695966,0.2903370576988056,0.25784387729463887,2.078007565854207,0.562547302870007,0.8515257935065421,0.7736593949290165,1.1632601438918455,0.9911493098108834,0.00045601943292885205,0.004803647531225436,0.00018369174897981018,0.751941832785873,2.438907926292258e-05,0.24496742452605977,157.69488643803783,0.21796197252803357,29.108688866088794,0.9494476923421882
0.778519146346983,0.006589475272822291,29.747091358843413,163.8834527543601,4843.401176563045,6.7865339956435795,13.690936071308274,0.29268895118982263,0.2574600093263822,2.0896585614907055,0.5634654288069015,0.8535789693319533,0.7754428181444668,1.1585637309419283,0.9937811531676011,0.00045647746063259104,0.004828988377160841,0.00018478913795691803,0.7540929512443776,2.968032145895511e-05,0.24660068833999066,157.92136121734973,0.21988897062375498,29.140300186132055,0.9502182822555949
0.7780193382719978,0.00912860631157042,29.81404377805272,164.25468184750554,4855.886092344496,6.753957983369807,13.61825114921017,0.2924559119905697,0.2578707785328819,2.091314873270773,0.566382630410612,0.8529674994553593,0.77498137010129,1.1527639588083016,0.9961025805801372,0.00045530591609421495,0.004820856022806442,0.00018409150854389395,0.7550509681777785,7.200624135180542e-06,0.24562191348929066,158.44411814671352,0.2208923982477477,29.283410939766025,0.9476281856705908
0.7747545705198443,0.010852097479492832,29.699454304495987,164.74817507888588,4826.393525402145,6.746240157538106,13.653294419088146,0.2926283859863546,0.25659677187062147,2.1047249652022084,0.5659485144567533,0.8540976580612498,0.7740729911198327,1.1502308576136941,0.992720541666184,0.00045422679323530054,0.004785617974141372,0.00018344765856267246,0.7565502834300495,3.021474615844562e-06,0.2426921112301093,158.7500700345559,0.21903494750220054,29.142488780462564,0.9457048681451249
0.7729631042429057,0.009555542817076448,29.87245260717073,165.01102628636397,4827.499374511222,6.721767746150372,13.462959462336702,0.2952371519118205,0.25724639217528006,2.0933768451434345,0.5642250860228842,0.8575704763771063,0.7777909211326223,1.152222917585021,0.9827779854875569,0.0004525860045367935,0.00476029444477852,0.00018195576852804204,0.7577768393448217,3.5778563925573124e-05,0.2441104578451621,159.28208314245035,0.22040973836582772,29.26001403739808,0.9449846612615779
0.7778902779023124,0.007291534254163724,29.974217713895257,165.3974777896631,4830.5766759212265,6.733392597594525,13.473739552967222,0.29339842298062735,0.2559138792466653,2.0909818455949267,0.5622461283808804,0.8587351584677541,0.7762589345882034,1.154840727285351,0.9819895990922374,0.00044727864700593836,0.004718545159626262,0.0001818651947492197,0.7581108337742596,2.727462127934186e-05,0.24850439222803442,159.80148441067416,0.2197360029821185,29.118946407699674,0.9574988860711243
0.7780630700806581,0.004536746670546059,29.84923758138732,165.99282236588462,4809.463875262122,6.737412613906152,13.479188251085546,0.2927824539193741,0.2559118806904426,2.0986993138789716,0.5568834957139526,0.8619654615632245,0.7760714019877346,1.1571207417193925,0.9837758421645554,0.00044883096894469845,0.00472257568158946,0.00018137015362439677,0.7548370577374646,3.894232399159034e-05,0.24880449444075736,160.04728969155894,0.22005975089989419,29.124283475775744,0.9623376096156014
0.781097080987657,0.0061117896562141085,29.74185637715271,164.9500476164748,4802.898466877639,6.771369327306581,13.413905476815279,0.2895359672865831,0.25654210431563523,2.0917281530656098,0.5483130246797573,0.8603033983933369,0.7718078113496393,1.1525667418328962,0.987825061449603,0.00044810595422666195,0.004701093069577632,0.00017973486513052163,0.7553117012094283,5.4076692623793695e-05,0.2484564534287181,159.75176338299224,0.22019743945625064,29.154354074782777,0.9617334547482468
0.7773137799348852,0.009250209430438172,29.8156565303885,164.56027890658652,4808.80619837448,6.772079166561883,13.290317127798225,0.2861530162140292,0.2567578624162065,2.0885780166134364,0.5461726449999684,0.8617318962100271,0.7739692488664243,1.153867835787579,1.0012599781863245,0.00044873183551393073,0.00466451560530831,0.00018025979126470902,0.7621037761065934,9.178368972007252e-05,0.24688650450858243,160.03094913651708,0.21929845556954905,29.27802147033278,0.9530102046994132
0.7739381128639382,0.012043383610780169,29.79641189120047,162.61161409533986,4811.510114632476,6.751588075525913,13.150160657230261,0.2846214072877386,0.2572023121331676,2.089827993401833,0.5449449296417608,0.8656648759228134,0.773197597201107,1.1610709552946972,1.011929902634286,0.00044887677274430286,0.004658731953455253,0.00017988692511440658,0.7641830030950005,1.1707707985042528e-05,0.24813226519301643,160.462800863203,0.22000904073533462,29.153130510568506,0.9504797714506038
0.7786179992710682,0.005000623919570009,29.886834588618658,162.86412555220844,4789.498281258285,6.752633119495973,13.098468929336727,0.28433561818596237,0.2583248064908677,2.094654591213753,0.544615106330982,0.8628630947097247,0.7722619161982994,1.164394480736151,1.005455277058179,0.0004524929969500144,0.004657748860382092,0.00017983660646997708,0.7668871353107862,6.844364827331113e-05,0.24378584690197502,161.43257922510247,0.21707239844989581,29.146914335198556,0.9496298295606039
0.7768561716229053,0.0020699854173738775,29.87155581514758,162.40806068791767,4820.010932355384,6.72221728820033,13.170790541607113,0.28755339130363733,0.2599524614879548,2.099861276575277,0.5452089453004394,0.8659299378208175,0.7774162480929314,1.1593318184829338,1.011663841859321,0.0004581638481280768,0.0046778696739685575,0.00017833651187724596,0.7655117327234527,9.80649630811e-06,0.24615479920334102,161.4408115747987,0.21625228671274735,29.0862940128668,0.9539416224585666
0.7780231838653975,0.0019014668369268903,29.887177275154254,159.5924516978517,4844.1632530375455,6.72985056315917,13.065575867367944,0.28732353145902323,0.26104948641472014,2.10592339857539,0.5419883777726039,0.8656292077248172,0.7791313585378863,1.1623437032634218,1.009782257252439,0.0004594142442816565,0.004739679073805853,0.0001784441970700431,0.7640675058962255,2.6364137246633706e-05,0.243267249239666,161.13012284493,0.21588328714551316,29.201129531240557,0.9549144197896251
0.7748204267022551,0.004986146353428032,29.93054659368264,159.23633262889277,4848.935364091474,6.736267753777399,13.03736034447481,0.2852790673546326,0.26119352262569867,2.109657660614964,0.544921071247172,0.8693378453321019,0.7805692400673356,1.156271987612193,1.0164541383837111,0.0004599530444464789,0.0047171940693863604,0.00017948364239950398,0.7645652917900311,2.4274058946801353e-05,0.24343307684714108,160.53187757068295,0.21617496631487174,29.264413383871933,0.9579351335316642
0.776598700563536,0.004132252597255862,29.88301370567669,158.7968168091906,4874.450834543845,6.755108754796903,12.952038790377529,0.2844262774986382,0.26412458969557184,2.118727733994094,0.5462985908522701,0.8692734516448496,0.782373711030955,1.1607171228838986,1.0198639760138186,0.0004604042728958527,0.00472253453507705,0.0001798468229110375,0.7626303354865974,4.115831880505221e-05,0.24159583834298487,159.9051587830219,0.21434672956813064,29.225524129840753,0.9625554366249348
0.7742637476951826,0.011118809877658132,29.929597523722745,157.46734069740214,4880.017532058662,6.767003640400633,13.035436707521791,0.2837700460914843,0.26445009551555365,2.139207807762977,0.546813235619751,0.872813525672362,0.7856580811864358,1.1566119666021977,1.0102212361332068,0.00045845795324171246,0.004715119859303583,0.00017976435924996635,0.7652590430855044,4.059484255875291e-06,0.2397940088253091,160.11604158163442,0.2135741423227454,29.0419936769191,0.962518234133442
0.7732461699641514,0.009755748475322637,29.946454723929826,158.11402114343235,4848.995419687635,6.7876377377808605,13.059854242087598,0.2818827386087112,0.2664217633961041,2.138051137252553,0.5442767587882077,0.87280935475505,0.7806362426209089,1.159233148587505,0.9988863486375065,0.0004578889830926532,0.004710544291348631,0.00018071606633583478,0.7687568399167439,9.794321854803065e-06,0.23853383791076224,159.52473352975758,0.21321551100777786,29.048729075601923,0.9669314851849635
0.7755218875491938,0.009450859865097678,29.961777982067225,157.78361136769473,4830.944457411483,6.758474914804831,13.056170767036578,0.2828840933224366,0.26627383925838494,2.140135421992846,0.5418142069759498,0.8699626537717738,0.782167120398092,1.1690219714578038,0.9908888431907096,0.00045688860291743003,0.004721641445056801,0.0001804472658339114,0.7698371619362443,2.662944560124355e-06,0.2378496498015277,159.50876435086178,0.21158924690405054,29.035782518682808,0.9689271987723235
0.7711480858587982,0.008337384031480894,29.920320069829756,158.88394926567227,4872.834520548255,6.7150367555691455,13.11648599063866,0.2840277984323447,0.26543754766582717,2.139308787715966,0.5419099978356541,0.8697549711219803,0.7827473431385288,1.1712759009293034,0.9896561819975427,0.0004557832086767172,0.0047086275014156945,0.00018032890463224956,0.772180298845377,1.4542221281449994e-05,0.2413131492301294,159.26501961372233,0.21386968733944936,28.831460518597652,0.9733552673611323
0.7736328842510698,0.010128465907763208,29.815694844871633,157.94488600069505,4891.144476410732,6.712123696647626,13.098343513190946,0.28347973477727084,0.2659730669220946,2.1281163585105136,0.5417544299332316,0.8688396608244359,0.7794259189618227,1.1805388080764565,0.9854107239219423,0.0004560207756586652,0.004725268174615369,0.00018035302792940771,0.7729824146635286,3.3845278831695606e-05,0.23697009594473553,158.56070610578206,0.21533734884275482,28.84024647690951,0.9688437439073078
