0.3031962993092454,0.07957597142710932,12.927426445847825,0.009967811916594793,0.009971460787551558,500.1797051970689,16145.207635718489,6.0142465648107395,20.067882548731426,0.39798379769021386,0.4036285717965552,0.40232213686913876,1.9985800965799247,0.6004225006738861,0.6035657277667151,0.6007684376557709,0.993232673404653,0.9891417100182448,0.0006008000961925393,0.00600975334825114,0.00019967318236601222,0.06940982135493615,0.0299211768769638,0.8075504069027347,0.005089442319332571,0.8979336593298952,8.001324644084935,3.991423696076779,198.6107208268031,0.6999317658800214,0.7036799312902606,15.043149830172398,29.880844088832458
0.3020876540663795,0.07955786316765308,12.84351448776204,0.009984437918372883,0.009964274745166238,497.42621868062923,16233.963044257942,5.998444217263968,20.193836591848786,0.3972216120612197,0.40420786642765283,0.40263496127728177,1.9836753956504576,0.5989299366575325,0.6030008066033616,0.595609463750005,1.0015002484950057,0.9902606965126435,0.000597882449718433,0.005982197040704614,0.00019934426649902698,0.06934401920495913,0.030125153058649018,0.8084300348153872,0.0026600670567667084,0.8947526955897552,8.023022328023771,3.9852163569310672,199.54490676994888,0.6919925165446968,0.706554879010873,15.042852025923528,30.033806530301252
0.301815279292801,0.07982657878261687,12.773907245864502,0.0099602611204833,0.009960326048096903,497.56565925469806,16340.201521799663,6.022091560635551,20.213265472380854,0.39619170876608123,0.4019740427788252,0.40038252613406233,1.988386675678234,0.5952952338386027,0.6052461709610708,0.5975174995204716,1.0026577600505706,0.9940809458114522,0.0005991223833606437,0.0060339017379676535,0.0001993079258783685,0.06891108268955308,0.030145192363398375,0.8007189866369234,0.0016569119505338726,0.8908778058799184,8.005481775125487,3.9618615383001563,199.7655342946532,0.6891928243089209,0.709358589399877,15.110065459675317,29.855727211860653
0.3017918158053487,0.0795742819575658,12.868950556742503,0.009931989407848816,0.009935016642279025,492.298973262942,16312.196549397182,6.025670713476115,20.152493427552365,0.39622267490888835,0.40240434523024204,0.40148823783966664,1.9945552218833038,0.5979294166163837,0.6047018259352026,0.5957825351403604,1.0001345348057606,0.9986397032932727,0.0005973653950999691,0.005996798266109597,0.00019965861283956945,0.06884440258492014,0.030021269823805853,0.8001946050724384,0.00113181178848956,0.8936825670610888,8.015260508752116,3.963626490472968,202.37634162635,0.6853001504880426,0.7065049646959167,15.017550609251122,30.02676444159154
0.3008948914453096,0.07935937300239067,12.784589180186998,0.009840047676400633,0.009890291371178864,496.3022531351825,16296.811148003271,6.022674377539679,20.09083424102346,0.39432442245289767,0.4018363410827152,0.40370369749705365,1.9960918367840887,0.5992370453936126,0.604230869840803,0.5946947814196333,0.9990907776006859,0.9939731571687188,0.0005938766471410335,0.005967850226617681,0.0001997887794767888,0.0687399254974169,0.029899594958613968,0.7987083548174981,0.0006940216818386437,0.8948095416474346,8.121769405925852,3.9728438859875705,202.08454054982928,0.6841630197524199,0.7101403294273974,14.978757432947567,30.006156207487344
0.3012223901325553,0.07969500081915226,12.880545320494068,0.00976297526513007,0.009975248804318115,496.07731399959886,16375.855578044222,5.9860864584734,20.121581835532965,0.3944883980428894,0.3990359833482806,0.4037922218370156,1.9958722040630066,0.6043737415639789,0.6038086422989521,0.5974875401652986,1.0032207576496441,0.98730511023779,0.0005952802914416889,0.005927716051024059,0.0001988662603100959,0.06861627104259012,0.030115863680644377,0.7971855323636364,0.0005198191815793936,0.8916715616285366,8.11691048231463,3.9985744290505765,202.83932662120944,0.6802419083207959,0.7116698832055695,14.890917355112979,29.877067051573043
0.3008140440179357,0.07986106858998872,12.869279775739798,0.00979833829987005,0.010043078794023802,497.12710200465006,16403.442136168047,6.031459494714273,19.98742464012803,0.3950913166680519,0.39928921175625154,0.40209851439677485,1.985741531770864,0.6048669960336263,0.6048017612266768,0.6002605501492546,0.9934402421578347,0.9916418195483723,0.0005954904302923824,0.005968405453425588,0.0001981675581762017,0.06903211918574799,0.03028404048577849,0.7972167260130532,0.00024261525146075126,0.8869670711262662,8.078460763360432,4.002825563496818,202.97471584905483,0.6871516827010025,0.7111477618984107,14.92404254698361,29.79847975195843
0.30025496722025874,0.07962252303881354,12.820663363880541,0.009797743456065577,0.010051410357453279,493.8408331594855,16351.422236979904,6.052655230752291,20.087800400596244,0.3958968768333571,0.4025362837754563,0.4006672803777138,1.9895848342165614,0.6043449349334754,0.600994033837146,0.5969101907164912,0.9929150991952337,1.0002759755079937,0.0005967856486819086,0.00592163679739208,0.0001976666044906863,0.06911882213262083,0.030520430075090713,0.7871205777450972,6.999743335838661e-05,0.8768890857139953,8.08989276160453,3.98149444927576,201.63001781880735,0.6915942157179709,0.716392019469024,15.037225488107735,29.69823726420065
0.3007366693676044,0.08035407013240334,12.864701478353735,0.009902051918893352,0.010027215639736502,490.4524785301696,16418.06615433491,6.040485602920314,20.17679769192766,0.39478265196252804,0.40039483465873144,0.40074860730382283,1.9863278439070386,0.6056426137920713,0.6047264073395348,0.6012901604663624,1.0015438841667839,1.0018138835564974,0.000599744943130518,0.005894103073505423,0.0001974767410747388,0.06951221487200965,0.030242212159157827,0.7881384988833505,4.9186892038950735e-05,0.8825466868687195,8.108242846606135,3.9379919353574255,200.8275885478857,0.6911791629301929,0.72137244825143,15.09932877576527,29.32324916069068
0.30186599946493164,0.08012401572999552,12.977427861654393,0.009989233149249335,0.01006390828770401,491.7552677776618,16503.25547410506,6.049932425200529,20.092716376253943,0.3942829157636205,0.3992595767508777,0.3995082311315581,1.9774063092331007,0.6063560595567503,0.6101963573654419,0.6019409112307967,0.9978740751621251,1.0075321506706725,0.0005996486357322558,0.005917428296470868,0.00019651482230973016,0.06938690485536292,0.030326113812743947,0.7924022159060773,0.00011786946446047187,0.8815584932333232,8.130908990409457,3.9223503243923235,201.20316947949294,0.6877466806974122,0.7225247853706452,15.025860687293685,29.38683742664706
0.2994785027859182,0.08004044294958136,12.909882013174096,0.009982187177443919,0.010133514199797944,490.8056203396184,16445.053459004535,6.069563868505952,19.935353197281778,0.3950703513545423,0.4022612529315553,0.3968166564169982,1.9802836668201877,0.6032709749239423,0.6098242543567108,0.6036501902157604,0.9969344216098964,1.014175928012966,0.0005989787857509563,0.0059467308720070776,0.0001972709728860565,0.06936528213792917,0.030454128729415397,0.7960734390205,1.5100248171924527e-05,0.8889468720965535,8.097933852481738,3.9205748633655593,200.54563833465377,0.6847853012281218,0.7231598204299492,15.063964170544178,29.49266894956312
0.2996133391899331,0.08013815923505435,12.921135012184005,0.009981048041175573,0.010159193221554815,487.9059359527406,16414.788235414115,6.06798510626799,19.755671326790118,0.39273496888976306,0.39865898668675875,0.3982267497679732,1.9675164775861496,0.6035147834483953,0.608914037324497,0.6021140449359618,0.9929913188686745,1.0063460943114264,0.000599955420907962,0.005980895063357183,0.00019568005616794909,0.06941701266849835,0.030309628000796788,0.796323058205984,8.588747775175715e-05,0.8830039953493944,8.073928310238927,3.9399225454382076,199.4447521911084,0.6780936773466757,0.7252473255456494,15.164821756318108,29.549283850525892
0.29972371787988017,0.08065390845021186,12.920384418341454,0.009934409994933596,0.010163995565526301,486.5162268689324,16456.6928973611,6.08122802779491,19.748303781502997,0.39531549135056393,0.4007592547671954,0.39769295367937063,1.947081270391321,0.6054624958353937,0.6133918716324626,0.6009547074786696,0.9907897317189251,1.0061358924985326,0.0006035458345889479,0.006018375760711714,0.00019521641942526872,0.06891659502884355,0.03047093859897239,0.7961373543765542,0.00014966725585381906,0.8879159632575009,8.061151878200208,3.9758785686565203,198.0091847131683,0.6783557149124916,0.7261240630773134,15.174695843000832,29.903059125454913
0.2980589203182136,0.08062562591707974,12.929486837636134,0.00993045373652553,0.010231727621323706,482.3270242776836,16438.71472925397,6.056223365750282,19.61708680919722,0.39295790843478634,0.39854525256622386,0.39822951869951634,1.9528847976815689,0.6072285939804121,0.6137130234218551,0.5998050015430824,0.9828698940590067,1.0052326227819557,0.0006069332633360433,0.006037210623886474,0.00019480530786675172,0.0685091086168051,0.030578034027438573,0.7898828495251877,8.258015541300499e-05,0.8928828950438298,8.134651321561737,4.016472219805372,197.8109310802662,0.6773438486492492,0.7281950811532497,15.201381806978477,29.580029774455276
0.2973211167553152,0.08032938576587506,12.99996222441817,0.009859133586261594,0.010217405845242269,479.7026066633216,16453.21882058697,6.063695304717645,19.65081430178205,0.3895672220978874,0.3968100142484184,0.3969570912676767,1.954561926574607,0.6016890183300524,0.6130803867147969,0.5962206244687639,0.9841964234034593,1.0048296769174463,0.0006061332379777304,0.005976474163459052,0.00019599301303704645,0.06849999511533626,0.03046063372204019,0.7893200015858598,0.00029835503914795233,0.9003537310947384,8.180562547807737,3.9969755103207936,196.32899893655738,0.6821519057007925,0.7230663438513639,15.229626941934418,29.35261927115133
0.299155162329596,0.08006613356118464,12.93159911061937,0.00975908498751546,0.010262568038235522,482.76752135558047,16425.82021265111,5.992859107056885,19.670300461165866,0.39130440093168745,0.3967696274395041,0.3947474705497044,1.9479554862896094,0.6053677563714345,0.6113383286774614,0.598466363749103,0.9888261291985863,0.9998088810965743,0.0006081152032996368,0.005968676711874282,0.0001961375905611931,0.0685422651369997,0.03039288286135562,0.7992943944388843,0.00020472500717885175,0.898845660287127,8.207695054992035,3.981914913018499,196.0520485944611,0.6841245806149651,0.7199256242732714,15.361697417782013,29.23362412406381
0.3002740359149658,0.08005494182860202,12.924501106922246,0.00970456537706402,0.010212612133849224,481.36273273366055,16561.836328145746,6.01529369585239,19.528746392321754,0.38964044161112465,0.39893970671026974,0.3961298543884078,1.9416006537319221,0.599396981597699,0.6114512934307892,0.6004076059725029,0.9972202562146699,0.9966723947956391,0.000605560953018772,0.005875404204974671,0.00019659563760192434,0.06849961061913211,0.030506926418942055,0.7922872704519518,0.00022815230286691446,0.8908585712762702,8.204535090986086,3.9681420998851946,194.0483558525651,0.6802781235944091,0.7158770371608585,15.421116396702764,29.34396880001629
0.30031468337212763,0.08014640589221775,12.990620077685854,0.009735385759064897,0.010215991983716083,478.39432014162935,16460.693544467656,5.9984390781935675,19.615269802406765,0.39165480477241443,0.4011820198718451,0.39741181770217177,1.9192615478913633,0.602183575838857,0.6113447149963959,0.5996339512768996,1.0026529477608657,0.9988190114007042,0.0006040890610556579,0.005867699127033347,0.00019522881044737233,0.06879232013884475,0.03045895016753311,0.7962207841657852,4.7872575374362486e-06,0.8906510759461655,8.202617484540257,3.9664866779781036,193.7938951496389,0.6871310753455951,0.71665967599961,15.373688790747435,29.286193877767506
0.3015209788823467,0.07992488172235562,12.956306898657427,0.009726371785765103,0.010256431414711229,478.16113607686617,16513.66154075279,5.961895851876678,19.590601625080918,0.3949354127852287,0.4003782753167776,0.4009046718588429,1.9214097523113316,0.6011790944624189,0.6130919957007468,0.5982600755747552,1.0047765531644086,0.9952516138662483,0.0006061840902540991,0.005838157578689325,0.0001942132857579159,0.06884703711801118,0.03014811034748938,0.7947250348512648,8.23228355795629e-06,0.8916620455892323,8.190075216607879,3.941169892196753,194.60852284127202,0.6818047487616995,0.7211985011166303,15.482070238927266,29.38906430189684
0.3025680252397003,0.07996578198456257,13.070862515483563,0.00966823065828035,0.010360797723339957,477.3988341183548,16575.817750799128,5.907146211755347,19.43029404055144,0.39330134354243446,0.3989966404718172,0.4029409731495648,1.905888508301333,0.5985665652863915,0.610152136214053,0.5984078536073352,1.0041467929207606,0.9925512190059855,0.0006089936038434893,0.005821704810220959,0.00019462390109304772,0.06931238931864579,0.03011791710049489,0.7970586668063486,7.073521523301467e-06,0.8958664547131533,8.192191589412436,3.91606687003046,194.48091461578557,0.6857692043885562,0.7171501170067864,15.55660245152703,29.436692811609777
0.301994995556239,0.07996513178432879,12.993702571625876,0.0096077185964735,0.010292807579168926,475.42694553329056,16620.697022492244,5.882209019560533,19.311382047961455,0.39218599400818277,0.3958029786588285,0.40300255614707303,1.9140403069423952,0.5957840030574345,0.6134098390582892,0.5944234561386509,1.0063869485393002,0.9972677232220936,0.00060518739250693,0.005819926508824108,0.00019405224360340948,0.06933493683201489,0.029872259061220013,0.7978345935345971,0.00012233685174648532,0.8894771925750491,8.209224846693255,3.9294578318917504,195.573984420551,0.6940960699646221,0.716622714959103,15.567794576625905,29.61395333854012
0.30233151358929067,0.07957503059090468,12.938994406196185,0.009562627022422094,0.010324436971939575,473.08755704301007,16680.23740447326,5.899521118792556,19.32901885674151,0.3879868589728913,0.3957901641529832,0.4034198669816921,1.9075325452718557,0.5922906878171882,0.6158212062809114,0.5958950574363968,1.0103670370958666,0.9956687358619035,0.000606576556670838,0.005827499282148008,0.00019436671905209975,0.06886893682072587,0.02976316194036219,0.7949273779068657,0.00011945039318959054,0.8855269876442367,8.200582541155564,3.8946432571631937,194.03894426759024,0.6906398873460922,0.716508753587825,15.688530527845177,29.690210946343605
0.29864504462529473,0.0802131133606563,12.995243596563425,0.009664661523408596,0.010281439440081754,476.3547716290128,16645.18176964878,5.856676278004221,19.27580302878495,0.38904394685737387,0.3933191925723677,0.40426314063771057,1.9039992551583864,0.5897780588998337,0.6153138994529951,0.5897271497941743,1.0107749612938939,1.0002162990842878,0.0006083609661077351,0.005820931389387474,0.00019443530430205612,0.06841839603238115,0.029507953059670043,0.7924544192831042,7.479576987687192e-05,0.8747137226217904,8.19027391119731,3.8744831609262027,194.5228232668733,0.6960335679120087,0.7157841833111244,15.679573882206919,29.839282238395175
0.29633986443805044,0.07990113822160085,12.893592741435615,0.00970071613895328,0.010324715414871927,475.67163161703377,16734.01156118842,5.8914593293908935,19.39718626189055,0.38998884974859743,0.3954653817922055,0.40603288442318497,1.9152031566705523,0.5876449736888019,0.6174923631667955,0.5914578118623607,1.011028523418685,0.9993037166539591,0.0006118288867762484,0.005814019878807291,0.00019512071789144701,0.06907055139343601,0.029556834384572277,0.7872352285487979,7.162438526341959e-05,0.8698288364775916,8.207688385720965,3.8808627004456837,194.03944443088082,0.68943334370192,0.7195749899170781,15.569824786380208,29.846771480437152
0.2948717672576958,0.07973138373404091,12.902879705319332,0.009665255567406966,0.010239455391055188,475.8589202912671,16742.02142164225,5.889310074736398,19.293826286224242,0.38716790186404865,0.39519473059120136,0.4054126601322626,1.9284283635833395,0.5853201030804435,0.6165238267679388,0.5967121842467245,1.0089756619917538,1.0053848535397196,0.0006109196773905925,0.005775737765943698,0.00019574809846448625,0.06895544469937795,0.0296348142274142,0.7807793539771989,9.205809493480159e-05,0.8601448504653816,8.278032839007826,3.8709821541772422,193.5504210006796,0.6912016660170271,0.7150679594577388,15.54674814435041,29.779917515063303
0.292236939135448,0.0801222168452037,12.910604733319252,0.009661862814212873,0.010293549790628869,472.82088305524593,16817.296831886782,5.821855720040484,19.40364898972163,0.3860406279316138,0.39692501870313446,0.40571211249136524,1.9303310064840749,0.5840551382121679,0.6193934194490349,0.5927994055115245,1.0074456187433334,1.011645586923657,0.0006098152426980204,0.005718454637835329,0.0001941499923715446,0.06875870545395417,0.02967355635653445,0.7749291208813942,7.704341125775894e-06,0.862235635805282,8.249512467665124,3.8884683131020545,193.7019665219404,0.6889323642054357,0.7141927201147636,15.628006512400303,29.853994333768117
0.29237606600770166,0.08088193548114442,12.96958242438659,0.009627495341409695,0.010389617688040448,472.69746795201837,16916.903853053467,5.8596012494656975,19.444479705878106,0.3847555135196181,0.39843647337016036,0.4049136332052971,1.920208010410827,0.5805905761480954,0.6167135960500248,0.5911790948493015,1.0148996063716489,1.016108377632319,0.000610034786164582,0.0057612965874192235,0.0001949153811663768,0.0688697187108113,0.02952588427172256,0.7693566699005148,5.0993779899409645e-05,0.8652874210554353,8.317417200237943,3.897589754600498,192.6924156834651,0.6936382471729303,0.7051226617054247,15.803778442075822,29.698513828675228
0.29258924299957617,0.08142877356311357,13.07438106274081,0.009646640620387387,0.010293669181508971,473.2609165157083,16904.322337602545,5.840230717690858,19.39625619147579,0.38282059321881223,0.3960926331861423,0.40797866481566947,1.9136098898597813,0.5799505369109115,0.6180479343030297,0.5892377971258166,1.0207704297793234,1.0287531019432052,0.0006128154420547153,0.0057477069621133265,0.00019495918531526723,0.06880422122596211,0.0295184398435981,0.7754939612563536,0.0001229896544427934,0.8709081656002091,8.315655844215412,3.907758806234617,193.31335404942752,0.6986242081993105,0.7023621581756467,15.767516752454034,29.90339234366493
0.2897616696114081,0.08148034198512032,13.070914386358156,0.00963762643993447,0.010333418032834989,473.51226193805905,16881.96906916908,5.8719639272340665,19.291878129509637,0.38041449775886216,0.3964477525393283,0.40775189011227114,1.9014915602519384,0.5789371035005064,0.6207005971014022,0.5919441980769513,1.0298961652658742,1.0287992267146446,0.0006112437797019343,0.005745993610665379,0.00019489401200099743,0.06934394223438207,0.029515008478285643,0.7654947277236374,0.0002426431484332316,0.87299502204022,8.355794764336826,3.9033148488578213,192.79579386486463,0.6965001566261146,0.7019557584469187,15.819095334927212,29.932314927717638
0.286266910197818,0.08180404679032821,13.109470436147381,0.009724073453857222,0.010321292072169742,473.719339459957,16842.762737317753,5.88134464873915,19.22703687870519,0.3795657991792596,0.39541977918880833,0.4082492324282885,1.9090627379753002,0.5755884035933264,0.6182587113154929,0.5960967419805105,1.029525888774263,1.0281635793442603,0.0006123660211248979,0.005701665731158108,0.00019613675355412504,0.0693661244838078,0.029426900232213702,0.7648977261303682,2.6259110328661457e-05,0.8712851915549588,8.354659919381813,3.8928052257772,191.41532108990833,0.700807341625818,0.7026662117825722,15.905892717271954,29.948071972901577
0.28639347449083385,0.08201402634290714,13.132012112716618,0.009752156968172374,0.010286136153701844,468.73117816462894,16733.51940985141,5.8700280064028005,19.15405824773733,0.38082380528793514,0.3978383556296114,0.4077336731274804,1.895733595149211,0.5788193260125603,0.621764217189803,0.5943343711899218,1.033497834142408,1.0154324518135696,0.0006181035525661109,0.005720624231081512,0.00019584988272610356,0.0692518204761385,0.029533134063907816,0.7620523841887639,1.0193763883746888e-05,0.8655632025744504,8.324510519370396,3.9107836691328224,191.47653944855563,0.6995137864836064,0.709100233501444,16.071182209586482,29.899643487457492
0.2873285182717061,0.08239134628237987,13.07537078856437,0.0098270343179233,0.010241210091653151,465.5783684277741,16859.538033024826,5.852576379349097,19.05826707343731,0.38146398784710567,0.3998344341441402,0.4094893292912653,1.9033654130903197,0.5820032963629654,0.6162520826251975,0.5939889944283832,1.0339067880702644,1.0208932143754048,0.0006174430533981599,0.005743304001669818,0.00019732148612583244,0.06914359342307513,0.029319491398877327,0.7598740383768037,3.610153911716733e-06,0.864623945907036,8.342091443040074,3.9011971504676755,190.1272522889104,0.7012173911735791,0.7057136531938237,16.06564777386406,29.72544570530311
0.28691839289612475,0.08224834419573049,13.126733632999215,0.009802869426665042,0.010289243182810583,464.4197710077065,16803.82729821937,5.863231802817201,19.124916156370023,0.37732142677961006,0.40015311259804126,0.4106637311363723,1.903246047336949,0.5862228399865208,0.6132021461791965,0.5995278653694502,1.033042945506279,1.0272381392394037,0.0006173777257247824,0.0057733120264459,0.00019913897031245296,0.06930003447696866,0.029131340557556954,0.7591130017165283,3.275690324160119e-05,0.8560951852919024,8.33919328061037,3.9130586284174873,190.4459440604355,0.6991891798645185,0.7019892598768495,15.926276170616514,29.644547196438996
0.2852072288314589,0.08197872399826017,13.11411270255211,0.009775038845301337,0.010349292536804696,464.3702121863582,16739.214025716265,5.916872119472907,19.32799441246079,0.3779078445097613,0.40075681596501095,0.4135220239841749,1.9126847090660122,0.5828037852310549,0.6125101460035202,0.595686255619696,1.0305343734856747,1.0282379676553446,0.0006210041271632464,0.005786028265316897,0.00019941335077767759,0.06976805204960286,0.029157026006099235,0.7593286201614391,4.199982462256025e-06,0.8597113293140951,8.280249812095919,3.9194066833798438,190.73560935035982,0.6995068194833745,0.7081507506796131,16.009816716119598,29.74096754747018
0.2831357381655524,0.08212556369564904,13.171307341202576,0.0097705598801443,0.010349033954290827,466.50199049621955,16753.68572671794,5.915075661268842,19.333469253509183,0.37889483047336747,0.40124900012351983,0.414487629521011,1.9173376301800216,0.5854117207431188,0.6188369127013206,0.5911056880065295,1.027215426961378,1.0219188699896191,0.0006184155128605021,0.005813999614623885,0.00020042134793074332,0.07013665390499386,0.02924112581139956,0.7551869498999,4.8204267938463417e-05,0.8625413104404757,8.329209974386055,3.923179224512227,189.89351546459258,0.703481602586482,0.7088347612369584,16.092929035681575,29.597698207176865
0.28199882111821106,0.08309100627675493,13.378144369425566,0.009807213762252971,0.010385770421450878,466.7611106022004,16628.215979674667,5.922058174487051,19.292966597224094,0.37728899792303844,0.40359875207456375,0.4150958736849946,1.9144271073608978,0.5890559454509315,0.6188898438099583,0.5941608150178789,1.0323440978273888,1.0124314256112488,0.0006116574193531763,0.005842840156694766,0.00020069750439319605,0.07024521814045076,0.02925519635924903,0.7584678058470253,4.091927329859903e-05,0.8608299593132528,8.280814521324,3.9270672337977515,189.68012670085588,0.7037198502950726,0.7092277723441516,16.14050840180155,29.226929634895168
0.2795437589104986,0.08272379868739764,13.34113881529128,0.009804817465790575,0.010352863755066733,464.8545460875447,16621.596912641053,5.856401818571053,19.272382428415902,0.3790138504748025,0.40375041590229493,0.41406060024958374,1.9227543414739223,0.5875953813389124,0.6206159653051662,0.5963024365090119,1.0292636989410846,1.011486664067755,0.0006084714345449101,0.0058630625311711865,0.00020302557543590405,0.07038129828955575,0.02925449062415696,0.759100245866832,3.215492132688876e-05,0.8679945547924949,8.295323150564176,3.9137010508907535,190.3489492983298,0.7039284856960154,0.7132872418254476,16.2401054526102,29.231753552576063
0.2797362781128965,0.08297031342172875,13.382234997622627,0.009837182014105014,0.0103304169477672,465.7591460263799,16643.99080762291,5.861149483194641,19.325126289121062,0.3814119546319451,0.4062994096013115,0.4139201793872133,1.941945299566752,0.5891494946461274,0.6179394269892584,0.6017858908317285,1.0260180749195649,1.0121951434026406,0.0006068087918899288,0.005797232482583079,0.00020341909175943098,0.07040816768154463,0.029074888350898914,0.7610154091381689,2.099871892285938e-05,0.8693690447308836,8.229565928627583,3.890689419191961,188.8138895671191,0.7055154176907183,0.7137552812889548,16.340179463404716,29.053872889294304
0.28008455033885044,0.08299760748547139,13.403716139353852,0.009829036009312703,0.010287692610217919,467.4796732945133,16530.682958477613,5.839198281006002,19.324505209446976,0.3799528278403549,0.4061748268369636,0.4165293905874696,1.9546729690480293,0.5877382912477247,0.6234925901717658,0.6012853025289576,1.0155708362550506,1.0199699513119878,0.0006071563465810193,0.005797797143136395,0.00020283429380537596,0.07038805491653999,0.029250705470550246,0.7648064856672948,3.6104556574862714e-06,0.8708094035151995,8.227114108690609,3.872634935234975,189.0725302709853,0.7044983897632986,0.7172281708974407,16.410860498081853,29.22503555082369
0.28004009741320585,0.0835019395528457,13.430241651216521,0.009779395689769942,0.010338371105104225,466.60485947294353,16495.84832993119,5.84414198710062,19.309864551401535,0.37727653596724914,0.4062451732410748,0.42251699551108785,1.933944951759061,0.5821113198910235,0.6224532621788876,0.6019587266329273,1.0107027408399345,1.0149627242976424,0.0006065178448407411,0.005764589006031211,0.00020347655508695837,0.06999551707857947,0.029003959000770997,0.7616756069387157,3.6648067633243514e-05,0.8739423303805748,8.255396078328866,3.8934675824190643,188.87940313985524,0.7005328806731965,0.7107293475758432,16.44689539673391,29.20365925889069
0.282735374866291,0.08346742116811567,13.37084237532402,0.009860328031712613,0.010341127001126315,462.77404132100764,16351.769524131065,5.867747674880265,19.419871372988354,0.375902459819268,0.4084803577684218,0.4197583865685498,1.926862145616325,0.5878579539257095,0.6258413567367982,0.5993759835897953,1.0112783780646317,1.0111341154497597,0.0006080115947929793,0.005775666669450132,0.00020297770515951812,0.06998069854095341,0.028982587841760443,0.7559789622832086,5.1486421897165344e-05,0.8737260716327042,8.27472599557052,3.8925301937025902,189.546062194224,0.7015006029655205,0.712411266419927,16.371310037508152,29.36726934448264
0.28452631515031745,0.083371890334634,13.471050134048339,0.009816202652896167,0.010475330298259405,464.98892281351914,16322.401279122801,5.894345081028785,19.33075156984158,0.37922867358787277,0.4091448251915949,0.41910212455287404,1.9369150586167259,0.5897420452424432,0.6281375086979126,0.5985450698732762,1.0163956251392936,1.0053847860410852,0.0006055750565078261,0.005747356806279141,0.00020327061596001216,0.06981756356217125,0.029073053019544978,0.7600192079759723,1.4086404557728003e-05,0.8811197484569713,8.304353532430017,3.8781627776445613,187.4494250694977,0.6992874414819005,0.7119314298350433,16.323824188579405,29.513834916209497
0.28528180334374575,0.08346407602328182,13.410281557395065,0.009694102322758164,0.01041132222821707,460.4959527541648,16438.1718502594,5.8960185740080115,19.47490905049009,0.3823511030817301,0.4059681061957579,0.41950010875464294,1.9461266384119567,0.5928301248957287,0.626724782900098,0.598864385215537,1.0122910778390983,0.9997474976021866,0.0006020320502726784,0.005738527412641544,0.00020238852616818708,0.06941489575088941,0.02866630695372897,0.7635634134027619,0.00019492047199026844,0.882974138432729,8.285675128447881,3.893665822782753,184.25293516545273,0.6983760909312214,0.7136964884046518,16.37825970919362,29.345948835715976
0.28639181353361026,0.08299848116220505,13.391729444508817,0.009718183774353907,0.01043761808856818,461.2623706347191,16268.234089458107,5.932226283278805,19.39468337967831,0.38307303105374835,0.4069042443193892,0.4209737188059319,1.9348276431968199,0.5950464692600079,0.6308183732773662,0.6000327726671383,1.0134407769381728,1.0009871608238028,0.0005992016851319101,0.005755974180167834,0.00020231074364212087,0.06961822893849831,0.028776390790152786,0.7623501453356812,3.607778713065398e-05,0.8729239774562592,8.319309343509671,3.896613181873739,182.52355749309967,0.6957700639630392,0.7153997695061606,16.380400533042188,29.533440161370013
0.28903848220372114,0.0827344227560941,13.340895503858775,0.00970848113324594,0.010420501690052103,457.33028267095864,16294.964298815405,5.937659254357192,19.430496914947362,0.3801718822137136,0.40696380976806196,0.4203419012580276,1.9197411915143763,0.5945759592048843,0.6336201660689195,0.5957537368989597,1.0183593950805143,1.002388615026588,0.0005937402905240461,0.0057807321074165455,0.00020315641107312738,0.06992717167905191,0.028681143924464848,0.7612017770266429,2.1318558054952226e-05,0.8642397023798,8.292109609318839,3.91398647009047,184.40081795828996,0.6983196397791185,0.713049534154218,16.306024155164657,29.569824598871183
0.2889175779409402,0.08257630297368872,13.265616510704312,0.009729028862504652,0.010419398533295186,456.1520942299375,16324.62508478273,5.973962250747024,19.54170376394957,0.3771625210328265,0.40667660092318214,0.4228152102324669,1.9158937256371396,0.5997214122139126,0.6306825728605961,0.5969435340642051,1.0139715510236857,1.0052108437967562,0.0005926086892283424,0.0057900873201409166,0.00020185132185681056,0.06922091303285857,0.028579472327020856,0.7591373249975369,0.00014964421385722066,0.8730346760557358,8.364862786766064,3.9371920053080425,183.91618474744203,0.7109596805932354,0.7171637147651773,16.27696561388777,29.80147424795462
0.2885320750134231,0.08293036775182769,13.355120828961429,0.009736134472325693,0.010389116758725898,456.40636013259723,16283.541517739171,6.021630999747226,19.297130963685117,0.3762273492521522,0.40999443432453403,0.42709026062404987,1.9186585331425696,0.5986334964989406,0.6295501043683195,0.5974434055159323,1.0109940517760352,1.006503935455614,0.0005925970167787421,0.005798552004390721,0.0002032620477334307,0.06932730429755513,0.02835972499227061,0.7601456134668214,0.0001865462995108481,0.8716120202484853,8.359781896768043,3.949126167616083,184.0509179646545,0.7059016522789234,0.7169140523913048,16.256643180315926,29.701282708666312
0.2897941388588119,0.0828213710068916,13.349443036065791,0.009756521150993177,0.01042246853135914,457.20227734632425,16274.310979023905,5.9977334650552345,19.362195757133172,0.37752200827107435,0.4086041659819679,0.4279972112359526,1.9092186591096527,0.5964482124325163,0.6354709076785092,0.5977734569614479,1.007839322082816,1.006212087090438,0.0005951561137664356,0.0058178002577020365,0.0002036394586430594,0.06900916680384701,0.028248316451851843,0.7707022393699146,0.0003138319033945677,0.8696599445628314,8.32568080622763,3.9771142309372443,183.10735096684928,0.7088651767076886,0.7233100473092992,16.218605688388717,29.720803142422124
0.2881699764173778,0.08309389754827927,13.262007218830256,0.009827441492597408,0.010380583087130765,459.1011483049436,16254.9764209758,5.989818209563642,19.24002182670101,0.37387162894336956,0.40910434120425315,0.42745404634291834,1.9007747436897577,0.5923778066427817,0.6316297719575594,0.5958624916801287,1.015827467155863,1.0085684636576808,0.0005899150094560762,0.00582129350402537,0.00020412688272428974,0.06973096938988148,0.027965770682579726,0.7677490054497516,0.00027315367614814566,0.8626746831782766,8.303535927038837,3.9630801398539535,183.54961790335827,0.7085211123840899,0.7227821203183589,16.300140588514026,29.570464566335133
0.28947606391698905,0.08320684034974608,13.304004755618667,0.009818124643879511,0.010511146192388802,459.18906962568593,16226.413974665664,6.011780046215644,19.263794485647892,0.37457993073274815,0.4118740835215352,0.42822822663242294,1.8898108078659968,0.5887444812209115,0.6356625635761228,0.5976740001393754,1.0168443637895577,1.0062672635874297,0.0005898627310485943,0.0058373170924849015,0.00020280985645030957,0.07044406550775892,0.027763288617503986,0.7686476848185937,0.0003028374646963549,0.8654285248807819,8.32166161392607,3.950707731818929,184.2565994663374,0.7105898131207162,0.7264265939814184,16.237700745960677,29.49815522079584
0.2882450300779504,0.0836511797765325,13.32664391650466,0.009875061973374422,0.010509548944591331,458.31934329441464,16338.596316465899,6.007041833368288,19.33439581558911,0.37390919347011287,0.4135257629113379,0.43022281721325945,1.895368663466953,0.5897425126302731,0.6366369726208927,0.594284616727582,1.0187738767383778,0.999242897571047,0.0005859493472344249,0.005839428189788643,0.00020342972942654966,0.07061150780609105,0.027818473888523237,0.7632634556831992,1.4423845856277714e-05,0.858054927361808,8.272174524469785,3.9691961913600684,184.83259843311933,0.7089568603159495,0.7229578072218751,16.29501947879303,29.4069942171208
0.2888196438653758,0.0837198772659473,13.332863168991528,0.009879017762744425,0.010412074189333287,457.4080330893055,16319.397588970163,5.99946143425424,19.366660303188386,0.371798565575964,0.41140023247856566,0.4271831045203229,1.8854296431254003,0.5934349145747122,0.6373127393247525,0.5963636787427167,1.0197142620164787,1.0025231936802816,0.0005892962404098976,0.005826344037474952,0.00020462659801499103,0.0708077185261407,0.027996367286359448,0.7597554477677706,4.35182205201308e-05,0.8578404125074378,8.30049828205521,3.9823956029714163,184.14919425609997,0.7080540643774936,0.7216913235537519,16.326191669752482,29.334952659422715
0.2888311300621956,0.08360273928477246,13.3130792300993,0.009863047761516834,0.010450049488711012,456.3391806346421,16173.75585798741,5.990096285612744,19.398052219306077,0.372790641002495,0.4114388182361112,0.4270238283452714,1.87894519742019,0.5914580405605206,0.6430398609737699,0.5905268261861428,1.0133732170685683,0.9935727041386667,0.0005875363294414621,0.005867433877219647,0.00020489203370575116,0.07107011896153959,0.027778023382852117,0.7536645928339557,0.00016940423804115776,0.8662015031601465,8.338495931716855,3.9999776703369725,183.14218192245565,0.7062990836392153,0.7223320304077191,16.334011345010968,29.423039221534346
0.2890423702739976,0.08373556770064935,13.267341373363138,0.009843052226323559,0.01039155588512723,456.4249013805713,16165.010733817047,5.993263313287254,19.26884361227252,0.3717744951288181,0.41551992572513236,0.42577234593307095,1.869408662803169,0.5832056066654798,0.642407613037823,0.5861227176545686,1.0043772276808458,0.9887962153480041,0.0005881829558898929,0.005834989987795859,0.00020567998186216482,0.07130451494060576,0.028097535209733616,0.7503528823088189,1.7200965361514805e-05,0.8694661473064136,8.319911754029883,4.040840614384157,180.93239337488714,0.7094766433397637,0.7263928645905255,16.42578887597294,29.328744810527855
0.2876001553946891,0.08387326687725533,13.303625738467066,0.009807000362558146,0.01040720184941102,454.0056865475144,16063.921699588293,6.002316332461015,19.268345923087733,0.3681035814481955,0.4184047396038095,0.4245748851727734,1.8637808909714557,0.5858655075710987,0.6491923896991121,0.586293252021019,1.0055246786474814,0.993879120169013,0.0005874789130234424,0.005824687646381142,0.0002051078447574634,0.07082864430789435,0.02793480418056539,0.7583039947451314,0.00016492541153104634,0.8665960067643569,8.272030819211096,4.031135542332639,180.79701472548933,0.7088140912553792,0.7265098272027566,16.336710136292652,29.316602125431515
0.2844079527063748,0.08367979499833988,13.35628129432751,0.009723057284788672,0.010397738060649182,452.753340056968,16126.823995564093,6.063627446145578,19.27003751833327,0.36601028265569197,0.41882838890357277,0.4257286389559094,1.8532393186401632,0.5799535500915343,0.6573294267013504,0.5852649404267455,1.0081018607047025,0.9915198694415017,0.000585514791581078,0.005818381219937567,0.00020488363153313243,0.0707593317473156,0.02770453319517539,0.7579526000020529,0.000421578843082253,0.8628408944129512,8.226300625570001,3.9980593294570888,181.19735551266072,0.7112750823787136,0.7284698711460843,16.460342548034394,29.48598928706396
0.28368773401041636,0.08312526667899714,13.344397291290909,0.009723793931238142,0.010374174295884525,453.6666415083562,16179.299961878274,6.05672182497307,19.059885541074284,0.3639442236617271,0.4191142049997121,0.4265128579280393,1.8515046521267287,0.5736205631496589,0.656869626734729,0.5824089491788221,1.0073036553544241,0.9930714584836585,0.0005862072059614437,0.005881359278672823,0.00020366631764250773,0.070290521767733,0.028001352204440604,0.7608000273294319,0.00035770805339761346,0.8639375109548205,8.1707328038954,3.994749105477748,180.81519315170098,0.705462217475051,0.7276802338909237,16.479568305032533,29.382379965493527
0.2841772954472685,0.08319769897339549,13.362884871972163,0.009698349681502808,0.010357977174131878,456.49554178324877,16196.93731832078,6.080019647910138,19.018087656751813,0.3609767864009607,0.41449288803494116,0.4265859054928334,1.8388256966496195,0.5765062042779584,0.656157911653261,0.5845536975560458,1.0182281513871168,0.9936682438896062,0.0005891873479338791,0.005834606448284977,0.00020134345645954623,0.07086264607768789,0.027948372789743204,0.7554330300735774,6.731702509084754e-05,0.8651635536403272,8.09446439371453,3.9976427651887314,184.00622069244332,0.7055774647586075,0.7260862150801899,16.533635013073823,29.349520598931495
0.281756250732548,0.08317541853570443,13.392093582482913,0.009729666859571441,0.010358796944925149,459.0992331616048,16274.237877708596,6.091228552652772,19.053635200420725,0.3580800317289827,0.4135492415775093,0.4294522169856246,1.8372296606181213,0.573418968534052,0.6608906916822085,0.584361377621174,1.014373532466227,0.9933882338863785,0.0005886690534251677,0.005844675988282732,0.0002012753017574777,0.07147515030516366,0.02803275957115591,0.7560210557623276,3.840900597203846e-05,0.8691820926525681,8.08452732848936,4.011915129701351,185.0785752467244,0.7060798860117842,0.7272448136883021,16.443146028398065,29.40365634930529
0.28126813294754865,0.08292277515103844,13.214530368173502,0.009703993552241283,0.010320814040665571,459.6514576519652,16176.488852671204,6.118167811656533,19.058748182582747,0.3583551527979245,0.41332611651860746,0.4278963741934989,1.855751698317906,0.5743552179143434,0.6622286982615977,0.5819805582429112,1.0218239861602751,1.0017730877132112,0.0005837488311957938,0.005811280774473516,0.00019985365123713187,0.0716910906709232,0.02789186066543445,0.7566286563593686,8.618615654541467e-05,0.8687832434858058,8.101999047737252,4.0255574963034055,183.5672610684448,0.7016429441830624,0.7270044439660706,16.618264088351598,29.472023958370368
0.2808741724359252,0.08332317416414249,13.20351624808336,0.009785773920294512,0.010361292816864456,455.6452314221919,16022.714274862194,6.128237691032622,18.983934654810565,0.3572529253965818,0.41203196413668775,0.42676990632957,1.8581341309069994,0.5778033314850431,0.6651440511796654,0.5864949737438443,1.015519099262249,1.0000003304040366,0.0005779920864030781,0.005810237726216391,0.00019852094468012085,0.0723217682249006,0.027603378007434336,0.7610072072227053,5.8220465719792695e-05,0.8659302276259604,8.097496091556662,3.986218905734185,183.22978165370074,0.7046685358405244,0.7260587102238636,16.58313440338899,29.362385868595492
0.28206856441708233,0.08382724970076448,13.159482470095412,0.009841253248333539,0.010412133613058653,452.9163682237297,16101.956986267563,6.115544062732764,18.92518522662196,0.3580388421047016,0.41020013503950864,0.4273320597176645,1.8600029722989555,0.5791171336026082,0.6630288531105386,0.5826038627400844,1.0182792476199631,1.0105375053928547,0.0005802393068194251,0.005791576951280711,0.00020027374255012024,0.0723561712863516,0.02750096031674993,0.7597453452685704,2.7336681242428907e-06,0.8704435626909032,8.049853389267504,3.9796497794251144,182.54437044741363,0.7050960672301472,0.7227790726106407,16.498409030757323,29.201877673684717
0.2820949826479534,0.08345768559219044,13.245132165693802,0.009902214419330353,0.010363226928545348,453.17193616536514,16134.959659489741,6.100702542771325,18.920904521353368,0.3571547441739579,0.41310821756577937,0.4279108171919938,1.8633027752121325,0.5783765746035767,0.6634792047680625,0.5795316739377109,1.0281598192251722,1.0012218282979997,0.0005770450784497425,0.005780528979715595,0.00019927654107064344,0.07257596995083232,0.027386400312441096,0.7570973604277138,7.988104775004311e-05,0.8777834921267279,8.061096525358495,4.002440091252026,182.3080387740446,0.7070627502230907,0.7265529026954134,16.51199719009348,29.127383580066844
0.28049813858148404,0.08427640072890889,13.321108418409422,0.009939463850486297,0.010428803821619991,455.30067101754025,16225.339458823159,6.0813233383879375,18.84634998189758,0.3536026741517043,0.41285764445151363,0.4260150722981177,1.8595285847438598,0.5728910334171384,0.6602801622285775,0.5737461904274254,1.0345840223354328,0.9995689163837251,0.0005771021552322278,0.00576638366336857,0.00019886371744862844,0.0722202840119469,0.027152241409063284,0.7553873709214037,0.00011696267791060287,0.8812051899548509,7.993842436825209,3.9928555576553113,181.74950860327243,0.7101389691510595,0.7296092817359604,16.520278488482187,29.0133323768113
0.2783941731418286,0.08442375834274714,13.275741199287364,0.009878807718470384,0.010527639919983501,457.2928155649584,16368.777980128383,6.01871526183122,18.78300294508806,0.355373572730091,0.4172020639154771,0.4300302784128278,1.8479211765762433,0.5737407521435846,0.663235453832291,0.5752067886566155,1.0346552019362534,0.9988476574717489,0.0005768577827183066,0.005771352798829321,0.00020045000027937341,0.072107760483836,0.027207949737290717,0.7510237081865131,0.00010515615319990179,0.8776587361209853,8.035655391627262,3.9872529287785996,180.6918657253054,0.714113866084481,0.7306190491794518,16.5346932303545,28.971559423945575
0.2802443034310773,0.08379011446887451,13.356065224112646,0.009949936845967476,0.010517254639328509,455.42829487319835,16400.60932108421,6.0332421112724,18.713702679662095,0.3556846609967649,0.4143480954427378,0.435234946059219,1.8418666702518454,0.573380649168325,0.6659662360341873,0.5728254501920101,1.0385456739973704,0.9989873206417127,0.0005749167448546183,0.005755286543717917,0.0002004760569373683,0.07161963847867206,0.027025210807261803,0.7468912582162195,0.0002291596542604618,0.8722658292707584,8.005269918233141,3.981214970469514,180.47762402982468,0.718854816539566,0.7267560585874092,16.524351371326244,28.83405388003986
0.28013671602530865,0.08464561276089677,13.433871215005867,0.009918564961460177,0.010459974030220375,453.7377404625476,16336.016368708975,6.052492061347519,18.77347418166024,0.356507638979787,0.4151801985105659,0.4368219412966619,1.822312398393588,0.5764984341557079,0.6656220070861504,0.5684137458548195,1.0409994027266114,0.9932685959776544,0.0005740190485033666,0.005773232323983862,0.00020025699972124627,0.07121479879034011,0.027046606900677818,0.7457435070208465,0.0001369931325355245,0.8680332592158504,7.970624671016165,3.990733259479808,181.03450121891467,0.7171358654270696,0.7253212551679838,16.63187918499857,28.909641375209148
0.2810604462836565,0.08413619912503145,13.413284942027644,0.009900878729285424,0.010531197988783835,455.42263735142956,16362.662544670105,6.044856240599335,18.880683740716666,0.3575645918828948,0.4151980183081485,0.4376374620050208,1.8364116346552026,0.5735165118775356,0.6669823040679705,0.5694118392322158,1.039432323831621,0.9915788862128859,0.0005742789095906464,0.005716962625727595,0.0002004421705142449,0.07134544669367984,0.027044615610374842,0.745135932873755,9.376523691836114e-05,0.8692182702216529,7.963642093625706,3.9819240879695217,181.61526291326,0.7123117855641531,0.7251842148094627,16.569930685119378,28.845232385012427
0.28117508279968484,0.08393727046732619,13.413797827111804,0.009921661037227003,0.010514003802085331,457.5815145324231,16265.163873472753,6.01648035404816,19.022615224969112,0.35966949842457974,0.41763845169682046,0.4352750988211347,1.8297597861619948,0.5818053680813781,0.662010400523716,0.5676814735345371,1.04505691476719,1.000774603227369,0.0005729153568392526,0.005707899748527101,0.00019982633306363083,0.07171967501303196,0.027008090216811442,0.7473502840959764,1.9787489215717326e-05,0.8645163471616987,7.982174269841979,3.9762639479773245,180.64148683423295,0.7131916349564902,0.7276224864944469,16.5139843470845,28.682335477741677
0.2791601652747658,0.08426484760944235,13.509751452226228,0.009946665027643313,0.010576590217052722,457.14769572933835,16171.32401476474,5.995853046522094,19.044546914403224,0.36005297188673124,0.4169364433096838,0.4333974090050246,1.8170557759259751,0.5781129616546304,0.6622920769133396,0.5690734418705365,1.0430027934684738,1.0034508189529951,0.0005735857861324074,0.005674520734044794,0.00019950213291082577,0.07189742811448657,0.026851884282411025,0.7474558910426313,1.1786356596405862e-05,0.8588437730200486,7.949625152994599,3.984254513007554,181.79362796634928,0.7146790590603275,0.7258689041848622,16.463074406895245,28.49409202263396
0.27708133466522544,0.08377573448464438,13.416211693923906,0.009945197774616527,0.010505962829940105,459.125982487163,16175.726832380069,5.957467391217023,19.03392142212105,0.35873546156057723,0.41333197445565906,0.43597704275851695,1.8270536787483358,0.5761559412746768,0.6599030789492388,0.5692275844821464,1.0475056552019455,0.9957029400180696,0.0005704035898585601,0.005681476640557313,0.00019889663499107635,0.07179958618037577,0.026469415898874554,0.7505328828156245,2.718856216862099e-05,0.8662146711888324,7.987750352443152,3.9822791176667423,182.71372092166533,0.7159696436442539,0.7223462023666093,16.56718109268845,28.199940035815374
0.27551468349836433,0.08352997975656183,13.45528427018957,0.00997430591146587,0.010556608582879221,459.9499492980551,16255.334387114395,5.98602911350889,18.900112054854684,0.35589251043362047,0.4112481805062776,0.439319038763046,1.8505539542867924,0.571216409391347,0.6592427303767064,0.5686082763394295,1.0474681853254528,0.9898578146140108,0.0005716305787116184,0.005708342336656134,0.00019873942764209862,0.07169223732575207,0.026298300042793966,0.7494096586277658,8.811829960531957e-05,0.8659530411340786,8.003925361018167,3.978669126359728,184.53665734426707,0.7176467241231355,0.7184873453099306,16.573654194447617,28.21162348771452
0.2762323528107594,0.08358757335956489,13.56009807067139,0.01000691119016956,0.01047844040449478,458.22561486526456,16200.669879358942,5.960547159478857,19.023264609732916,0.35375722629990247,0.4130747268681437,0.4364142202685137,1.8438144090310962,0.573417110911299,0.6593012390447957,0.5669896938012398,1.047140465842081,0.9831859799955195,0.0005708601460695764,0.005700684547138271,0.00019757453534564949,0.07190386268355123,0.026214588860833866,0.7525237642418132,0.0001876915168387943,0.8742041148495239,7.99457023669231,4.0118308845164705,184.02669696740332,0.7198856602772645,0.7274558609112587,16.478460085858377,28.361266785380444
0.2781014648541144,0.08415449611862102,13.577182867866913,0.010038978377017616,0.010365468555605696,458.808170654127,16194.358405803912,5.951406518303352,19.190939676825575,0.3545775981797978,0.4117980918272996,0.4358283881102247,1.8459640102848167,0.5726189923320694,0.6593930378894312,0.5650577938185538,1.0538836997020646,0.9861665409190444,0.0005743495860280682,0.005689141488272874,0.00019847111471083984,0.07176371843368856,0.026158840163077113,0.7473386665512919,8.591573051578227e-05,0.872578118274408,8.015889181630481,4.024393540854388,184.48619034929095,0.7196817188754668,0.72391987622259,16.53787481214106,28.57233661670788
0.27726098862154824,0.08456409297754394,13.549540990136276,0.01001479663275234,0.010377373970461068,460.52447947377857,16306.240983144458,5.9284536104840795,19.310743735759612,0.355844864399402,0.41362641644529824,0.4328121180963168,1.8417284127251647,0.576139762575621,0.6601149758296931,0.5669908626443018,1.0444950096239554,0.9857023469666948,0.0005738767321113153,0.005679913905160041,0.00019978576267090726,0.07206070584997544,0.026281491137259676,0.7504715120809555,1.1397504982193363e-05,0.8725932471236759,8.000974649272381,4.0460808865291895,184.2448335313725,0.7192784047174564,0.7279214336387252,16.551743195963027,28.58311615684943
0.28225748863787636,0.08443004336010246,13.571340152499955,0.010006438254936498,0.010386730046641347,460.5101584219924,16262.363327227768,5.934267854593669,19.146496966383793,0.3566945783490799,0.41044748283684385,0.4298427867580945,1.8477680592772125,0.5773354866650475,0.6617652312378831,0.5685761151772242,1.048887320261716,0.9875286923038088,0.0005748607594938478,0.005724797302955429,0.00020032121024032257,0.07199545458597047,0.026267591527597757,0.7444128518882036,6.527249464019493e-05,0.8710312880724562,7.962056017657983,4.0295298881822506,182.370820171709,0.7197060776040828,0.730054317672277,16.721649844279646,28.562617580458856
0.28060860109024366,0.08516263793433089,13.544144244243315,0.009982717492021613,0.010503940858076224,457.5315522621879,16339.72303314551,5.94259830127401,19.002559112888942,0.3534522047495034,0.41200537090169864,0.43046139911808157,1.8542682798196464,0.5813274160040878,0.6661606987755936,0.5706549694110045,1.0366327205858172,0.9905418867683565,0.0005761727040163105,0.005697559626060252,0.00020134559143873397,0.07192933356910479,0.026443243727199806,0.7373228660069545,7.72165821790329e-05,0.8745067908964828,8.028055315727256,4.032874235077223,182.92785342539634,0.719188743592443,0.7332499296275482,16.765642190124765,28.37759621648319
0.28156338970347833,0.08506374532350112,13.485999203428003,0.009987970769635528,0.010458390042375372,459.07340773242356,16224.443687166036,5.926541535780825,18.936244212420046,0.35406010129993537,0.4171077414019436,0.43390410669528945,1.8404139667378765,0.5792146218753385,0.6698927673072074,0.5674823556207126,1.0438293484396781,0.9980304869598637,0.0005831104836767844,0.0057352944085716055,0.00020235377589445717,0.0722087511047331,0.026361960710908412,0.7355347706253724,0.00021390761919826194,0.8732622786293981,7.98845607440654,4.032009236862843,180.56786334028345,0.7243374647596053,0.7323712025972208,16.767800940429662,28.666682345940615
0.28200174328845673,0.085620830128221,13.400074827501411,0.009951322728343799,0.010416553445913733,460.7805861212675,16245.230526490714,5.898044160874497,19.01701678943779,0.3575072925022442,0.4168777809653433,0.4341679294929716,1.8565637822699237,0.575863151853902,0.6717414491890425,0.5658729713156976,1.0542887040434386,1.002540036452545,0.0005812072403633363,0.0057663159391895015,0.00020164252119132304,0.07219290258448757,0.026205001573369597,0.7311991262594669,7.550888037091352e-05,0.8727503558726128,7.960955382097567,4.024083265477698,180.60226348977184,0.7277943026741103,0.7326990285135832,16.883624214121703,28.440149391547962
0.2809187288852033,0.08525442576407118,13.3301806897457,0.009875877321433862,0.010469227946224327,460.9191961136889,16231.640135653579,5.911262153966392,19.023979441015555,0.35288414231468535,0.41599717095983546,0.4332039341364218,1.850528854480712,0.5746827093343118,0.6711294669438657,0.5655603451037514,1.0523767727783804,0.9962114875272425,0.000578164572106837,0.0057602797527919,0.00020147637207932183,0.07259080581010138,0.02622166431493109,0.7290132095023097,4.536807045066493e-05,0.8801661354369378,7.958768820633141,4.054010483040977,181.3760515717291,0.7276510413913903,0.7231892724413004,16.86409730775874,28.105437766543883
0.2807971421662739,0.08472849983997285,13.294145722676904,0.009836622815184402,0.010376493257393813,456.06849963960263,16130.814061952642,5.887273047920173,18.87000050695892,0.3502817594943438,0.4153976455005179,0.4348617431131603,1.8431215882077598,0.5732446768423403,0.6685994767279363,0.5621000124685205,1.0518598637855232,0.9889387492702695,0.000572281899189891,0.005727441241882819,0.0002012655381020952,0.07208620586118561,0.0261515389843514,0.7308630504864042,6.345470837524248e-05,0.8821622105621558,7.977209918491113,4.0496606466783565,181.35028921641776,0.72397277530728,0.723728999006884,16.806043167238727,28.198950987189974
0.2790081182777919,0.08504993197885827,13.239784744629521,0.009945367773427216,0.010400755782983533,456.3875022543082,16114.65685193672,5.854274208193763,18.900424129327046,0.3525978737830388,0.41741098693393747,0.434269571205234,1.8263333063363774,0.57132170692182,0.6705601779978985,0.5606801028849266,1.051896315622567,0.993838217201896,0.0005755094458885978,0.005755703323217065,0.00020148519238332284,0.07218438809132258,0.02602767590836925,0.7379070864088426,0.00014080494142739054,0.8906337595287928,7.937654709602688,4.034194112590107,179.84160161944027,0.724086591053341,0.7228339397098592,16.739170927778655,28.174339382733354
0.28023205850976457,0.08481577337103083,13.237145452640831,0.010014136479194542,0.010427277310957501,456.41663172183775,16195.749287562843,5.88718749697767,19.038057682453605,0.3546516668219155,0.41734598019399927,0.4356564176844793,1.8212705162983982,0.5733878111698626,0.6746707025664924,0.5594426854564413,1.0547568124347584,0.9942348484516514,0.0005743951086770518,0.0057450975418592365,0.00020133748937305876,0.07238996627272495,0.025970488965185227,0.7376585634703234,0.0001550125303847068,0.8864837238549363,7.9507702124645165,4.039431083137508,179.25722511832433,0.7219692107305496,0.7207957248105558,16.487086508457093,28.014796432349463
0.2821909833069037,0.08498600714213264,13.141312245550866,0.0100926366256473,0.010415730612584476,452.3374702335924,16188.598292577375,5.882513878133801,18.69856090564244,0.3550402638641725,0.41878028579724746,0.4320250536691443,1.828285945819157,0.5710426890179308,0.6772431817990106,0.5552347570611135,1.0474731434880764,0.995629624378579,0.0005755825481407968,0.005708219320349885,0.00020113688865069563,0.07200394279212892,0.026167505544311312,0.7447196565802762,2.4699295918840662e-05,0.8894073528590772,7.919128073872825,4.043579885497419,178.46045270830513,0.7263289454644,0.7204162208421642,16.40850886012818,27.84233795872614
0.2810656603798506,0.08478500527109036,13.203292456806066,0.01008992848660943,0.010304322041440913,454.8022290354435,16256.583284257864,5.9034879747295586,18.85226488698749,0.35410386428448354,0.41677330172305493,0.4327109352990104,1.8308033073666679,0.5671659239017971,0.6809949644469042,0.5522515764765328,1.049335425729999,0.9973859665422196,0.000573188225676241,0.0057190000052885865,0.00020241761779250924,0.07247322782387174,0.02608265567719711,0.7421449749546155,7.422340312891915e-06,0.9006711785265474,7.913032474794064,4.00813760623921,177.47588480885588,0.7278633247909819,0.7254614819544211,16.304639083875205,27.731487231779344
0.28409131062119675,0.0851474567910678,13.220710509091978,0.010094374265370966,0.010278273836253288,454.890173282786,16275.260828402012,5.8787185712171715,18.752768602762597,0.3520679913516181,0.41743158958681803,0.4345653157477783,1.8356448680404183,0.5708388812941674,0.6813781406688717,0.5524744539680085,1.0487821826623704,1.0049328264883655,0.0005744000098521656,0.005732706229306036,0.00020160800596435088,0.07272009280832296,0.02630035064285446,0.7423474770199924,8.045097578739419e-06,0.9090610725225983,7.890761256963844,3.9871341149973976,175.69357802719125,0.7278617589980172,0.7249856062983118,16.2577365967752,27.80512138585744
0.2842706605171591,0.084920850239985,13.29042264695669,0.010129296787253042,0.010294674233100548,450.5461705866271,16251.29444409079,5.847186240342752,18.631831322560622,0.35108862300726884,0.42104119502217674,0.4340879157062759,1.8340750057391135,0.5680291418103302,0.682226859376416,0.5482399040860073,1.0404678879238098,1.0059784560567586,0.0005751065280851659,0.005725442989204299,0.00020173972794667854,0.07258511760815507,0.026033491950537762,0.739927822836686,0.00011963426786495079,0.905421487983599,7.911036661197318,3.960630874802794,174.28534989901172,0.7305647062800337,0.7276837159256415,16.20554514681377,27.666879667299504
0.2842028747241667,0.0855337455656858,13.314359715254016,0.0101731115894905,0.010398903786205786,450.8339944577572,16217.898509662888,5.842743670548168,18.53803021284425,0.3485160186252482,0.4237305115064907,0.43712575620296906,1.815927586375049,0.570861827455667,0.6860661685434182,0.5504731801969991,1.0399029443091667,0.9983632707674599,0.0005733164170663746,0.005757019008848704,0.00020125060769178262,0.07265561042685781,0.025846120470313344,0.7460128937355849,7.547444318691839e-05,0.9060024322149157,7.898873494879317,3.978759449793261,172.32031397185153,0.7337126652951564,0.7299567933382197,16.044891147866906,27.989978748517814
0.2865616259493512,0.08506619137750437,13.319617330266022,0.010216170350728646,0.010411680516941085,450.931840798006,16255.07063141528,5.869358560269754,18.43676526981105,0.3494516562230802,0.4251125482081587,0.43599658869621144,1.8216275600261644,0.5692345888931319,0.6875120295761056,0.5477589113300629,1.029701558332743,0.9924340980404713,0.0005756760646445612,0.005707712508783172,0.00020124550334399934,0.0729266212063994,0.025944082341110158,0.7516725019974744,3.0641295549430097e-06,0.9046604373757823,7.93990083372462,3.99663346021825,170.67909291791088,0.7326047387248045,0.7344624019718285,16.156495637975038,27.999165359176025
0.2873342677233897,0.0849387461148122,13.276137873324682,0.010165977207312587,0.010444105462820555,454.6464734250047,16306.55933323866,5.918517137608759,18.665558309421154,0.34605149998731677,0.42427644374884316,0.43819442581680407,1.8349931249644347,0.5660188051325823,0.6851767088588874,0.5507461928183215,1.025267134825802,1.000631514535045,0.0005736892148265973,0.005662957543396078,0.00020073628268956248,0.07273794619546134,0.026025213502298892,0.752930217980331,5.7514949359330195e-05,0.9086764520651759,7.9339443555566485,3.99537159041177,170.16950638581696,0.7366131177983041,0.7325146677819769,16.20248926042401,27.78542263248417
0.2883505048115673,0.0845591263888684,13.315320506284491,0.010113305951447467,0.010496484700839154,451.8744378727962,16219.515236482015,5.940318293971559,18.69685727593243,0.3426297036585083,0.42677790710170915,0.4379704427088506,1.8286661366604013,0.5689009815229386,0.6858968389996657,0.5443305005770391,1.0254136972775565,1.0069500976531638,0.0005757271269917882,0.005653217266644876,0.00020003459798984975,0.07256902314198649,0.025972104973982443,0.7504836679674547,0.00010774784744536594,0.9056211259063212,7.901123438457012,4.02946872834823,170.44899213812607,0.7400896154741894,0.7363976982612063,16.152946089485642,27.720896226688513
0.28926138987723127,0.08499564314298834,13.318970395273254,0.010232008682368376,0.01049625633291544,453.4877077249641,16239.586108583757,5.945305264702929,18.63204422710109,0.3430019001392929,0.4264315342780086,0.43469378458638286,1.8314232459475028,0.5710342218508936,0.6870274156439368,0.5479901628765542,1.0325894358992525,1.014369602337656,0.0005738010711232011,0.005581535035293925,0.00020013631707763748,0.07218005980562754,0.026027493056988156,0.7430695633052214,4.721549229904389e-05,0.9037196843962197,7.917074381577347,4.047460865885997,172.3333430514849,0.744075510074807,0.7375753646485967,16.2419817390675,27.82001547266221
0.2877608236209785,0.08510066484617551,13.287616385785613,0.010233432335556715,0.010487246891547978,452.216688297678,16221.241341890547,5.949924163861578,18.56022361653273,0.3438319543483478,0.4260741264195337,0.43661673539691176,1.8400795443147333,0.573857151179579,0.6901691784122033,0.552523142616191,1.023695748016024,1.01467157126785,0.0005767975806685594,0.0056262174408680905,0.0002002204457265746,0.07189085883518552,0.0260588210817626,0.7444552678602283,7.446550199356637e-05,0.8939711542325905,7.922578726284079,4.0481398746522625,169.55753510090938,0.7422227535160704,0.7444354502947857,16.175220191938482,27.619501869725788
0.2863710987268877,0.08498266429207217,13.326614668907073,0.010259794574850016,0.010489144208365742,450.4241883867934,16355.050969834809,5.929843219983927,18.641364914390962,0.3444777982799977,0.42719409714136874,0.4382153058708171,1.8309021199803945,0.5730315906343606,0.6903858997325348,0.5515191624563492,1.0337350401753105,1.0114640519538889,0.0005735883961152448,0.0056699913315816294,0.000200306718196066,0.07165485522520075,0.026148224861998588,0.7476148042906141,3.928592886059027e-05,0.8883109764495041,7.987224801237173,4.064654208182722,168.38292367880697,0.744608570928982,0.7399093025830417,16.14515757004214,27.68132739375898
0.2877355366329558,0.08461089371975661,13.409442565264822,0.010230037858128711,0.010480118077510855,453.46170038850346,16222.425682377263,5.8942814083066954,18.578155533699693,0.34229132238099047,0.4297533179849965,0.4417829168066254,1.8110818808872744,0.5718581949969002,0.6941066724637202,0.5510249081779895,1.020993437613036,1.0068932122685534,0.0005705059037617691,0.0056390830760267435,0.00020005116144423092,0.07136126590109099,0.026059053109561317,0.7474445019157345,0.00011551587074822304,0.8867683037042069,7.990249345276983,4.055164970176306,168.5192102164871,0.7476261791170938,0.7420686727966879,16.12609076832136,27.77044079378365
0.2912982924857537,0.08474428133819908,13.464625198670502,0.01021502293466108,0.010509711585205903,456.4881965877406,16201.014070945375,5.907933717340605,18.73498274951691,0.34122680198337235,0.4301329170900467,0.4410175408407804,1.810692525403545,0.5680929364639246,0.698246194576294,0.5517514018903432,1.0166390873631717,1.0032709421619679,0.000569874161802641,0.005680150482647907,0.00019785108811937242,0.07142398161713641,0.02618640214242739,0.7563149534719685,0.00018213203811523107,0.8827635588187659,7.9609021365560295,4.0479647195735815,167.5318494489413,0.7463274424317919,0.7447601861178103,16.15845427322685,28.002896291456242
0.2942195306360101,0.08512753660773176,13.46717446892366,0.01018113897472626,0.01047433929793157,455.928276109441,16332.66697941538,5.903349901464374,18.46762384727139,0.33916974065507965,0.42791993505953657,0.4443915086404228,1.828103188733966,0.5656700997543485,0.7036905928317481,0.5532745346590046,1.0154825199113222,1.0028459278005428,0.0005675112618372485,0.005710337928339797,0.00019734676778183541,0.0714826363098771,0.02593016255044308,0.7590310761624153,0.00021798395173149482,0.8810408233634731,7.996574411136459,4.049979165407605,167.45043974567756,0.7452469809730166,0.7430453437295013,16.059085358174,28.06459010144861
0.29146266728680215,0.084606023188511,13.39399964230569,0.010138899099248045,0.01053417023344435,456.9699578440606,16395.805325814028,5.896061380266017,18.53434568109177,0.3384294722688089,0.4303109090931143,0.4451669277407329,1.8249734408011171,0.5656757034792119,0.7073903352636293,0.5525084627552421,1.0264800544742885,0.9975086640062323,0.0005669238177342981,0.005667663300599957,0.00019584693496818654,0.0713948039653092,0.026021832791479148,0.7594305790876037,7.251414678388087e-05,0.8856040909288038,7.980257956691233,4.035195896731442,167.10542919950308,0.74765112783658,0.7428227356311192,16.029835351324337,28.238828059582566
0.2926065515318656,0.08374994387517015,13.35191387847702,0.010186048291851385,0.01051446276863451,456.92109614285056,16480.71893156193,5.88695810918709,18.327559019463614,0.3397634565417737,0.4288184967313605,0.4475010471206166,1.8257952041650498,0.5653184897248442,0.7081995265967811,0.5570019904349534,1.0258512043134898,0.9965799370596718,0.0005664452588698257,0.005692151552415308,0.000196126545818072,0.07159126295120773,0.025845733357965483,0.7612166909410344,0.0002519030120171282,0.8855723329813692,7.9714397043093355,4.07877015682491,165.6524742124294,0.7472172418262982,0.7482902608446788,16.071021074434768,28.218330419936812
0.2943863366753934,0.0840923278211516,13.271879805244499,0.010152784704784165,0.010472067987833199,459.2227634809871,16505.42695935655,5.890996365451961,18.378585092646713,0.33996830538593803,0.4268240506576794,0.4474469955463205,1.8312862375680494,0.565374806539178,0.7119805784310412,0.5589216107686832,1.0226368820984448,1.0002780046890187,0.0005649128239073777,0.005668205404135196,0.00019521049442903883,0.07123682761322678,0.02598793194335164,0.7579429890818603,7.331227597433249e-05,0.8765881265974085,7.9754335663161156,4.082018871871105,165.13415633285035,0.7446339976368362,0.7451441975818865,16.09859608478058,28.03450370891071
0.2953941056071049,0.08365365697493901,13.368567121335815,0.010209151762839706,0.010498544096821428,460.7736626998689,16447.027589999525,5.913123438212134,18.403111910439705,0.3393408879681529,0.42768128947786377,0.4469783074773097,1.8282133019338271,0.56624108206333,0.7097402307934519,0.5563049928391095,1.023137132995084,0.9885840046882629,0.0005652661845038388,0.005615391309028978,0.00019530961231110076,0.07152697714862673,0.026004413729149883,0.7595591785090646,7.565515973105387e-06,0.8720446245397544,7.9339113194240785,4.0760990012174965,166.237389116846,0.7455234768672221,0.7459628797196562,16.087793343588743,27.85847717186049
0.29509232394702906,0.0838422327101965,13.294230407599208,0.010188821436348236,0.010446279829330949,463.0385827463765,16307.569802734695,5.907650795074836,18.673450576146774,0.33784663806275866,0.4297817778333165,0.4493777617807949,1.8156319250114366,0.5685464280989474,0.7113297895269115,0.5571921828216302,1.0279724684847318,0.9844946547394013,0.0005654574216820786,0.005621468518394235,0.00019473266001071004,0.07160985017780044,0.02584700461338595,0.7585365014320272,0.00018694198535951082,0.8682336554930016,7.900628383905285,4.078195676731128,164.95906908704683,0.7454943099472835,0.7463115701360497,16.024674401582214,27.970162821856302
0.2938461415595629,0.0829350992942871,13.313194288611902,0.010257108242624675,0.010575318597070726,465.0897347888263,16273.48690550648,5.924801373393777,18.80698725268512,0.3396661631310412,0.42846167375918004,0.4478261310557769,1.809919589739566,0.569108544589237,0.7112926370479438,0.5595716086955462,1.0206951712210985,0.9867284959176355,0.0005653895454093924,0.005565174356952827,0.00019429605272208071,0.07204661220005988,0.025673909937962636,0.7599371298368534,0.0002751558716039638,0.8676772321983417,7.898836272594486,4.094764770884525,165.53796087832626,0.7484462597463994,0.7458369939777618,16.062407016449026,27.935054847977838
0.29219023979122877,0.08280701827626968,13.308591265837793,0.010183463536700351,0.010624062070005895,465.17190616505223,16407.68905343887,5.894379881530323,18.81467422784337,0.3376949661116839,0.42898592516629963,0.45045146246944345,1.8107791854935966,0.5678471431798142,0.7109798018519021,0.560898339573824,1.020670644833946,0.9918198293768465,0.0005671422388315948,0.0056110811658363815,0.00019322422585766968,0.07164717367360102,0.025635064453707224,0.7551929498752064,0.000190958712349613,0.8732876256083617,7.901571686611782,4.074178048961109,165.6443124412271,0.7513368787347847,0.7388287024359667,16.177803615231884,27.96766383805017
0.28981120631355367,0.08195663324695951,13.377706697434945,0.010190197741911733,0.010669915497186815,468.8667383093689,16413.013194140323,5.9054517640226285,18.73780424776611,0.33790368851106944,0.4280238324091489,0.4547984784996422,1.821115024105841,0.5737360782593434,0.712947695967491,0.5612431604949657,1.017329031748511,0.9865582716766058,0.0005686978839206069,0.005619754125354632,0.00019474026082512514,0.07126507222639818,0.025366701388059087,0.7601192048263965,0.00012009839383593428,0.8800513923786656,7.8974749768769685,4.049343988422996,164.12878585190688,0.752988551219478,0.7382216054885259,16.11784846215175,27.819834268769004
0.2908833511631352,0.08105424841326292,13.530226497607675,0.010090495605188146,0.010701357957670648,468.05185907060667,16487.285964840332,5.91351398818397,18.844986882408932,0.33685377806941064,0.42924826672747324,0.45418101486234386,1.834641212521764,0.5769028144498778,0.7098824416007026,0.5616808774131773,1.023466171198715,0.9827624176711014,0.0005723877954184535,0.005663812217415195,0.00019333488143937082,0.07102191819576445,0.025298266621032853,0.7609914885752053,0.0001353503465141152,0.878512236400252,7.8720429397114025,4.060149669768692,162.16842346807812,0.7582527125681542,0.7388063860620312,16.214450769649297,27.732227935388284
0.29120574889940376,0.0805525377105588,13.509193498921409,0.010174619525745082,0.010701384093034597,463.80175655730994,16474.461089065426,5.894516684429747,18.931365134733056,0.34037110210329824,0.43111308723205966,0.45136468586798706,1.8578106626867077,0.5748581590274574,0.718271993759981,0.5661355685585122,1.028083074572683,0.9834038289766529,0.0005733927794425198,0.005673587224799778,0.00019189142065708138,0.0706747467540943,0.025312685700595673,0.757547222019947,0.0001077302118367546,0.8798873218987004,7.845225002572241,4.021562744531259,161.9671953846723,0.7653013389262943,0.739273897849601,16.320623480562304,27.69489732940477
0.2926547498122957,0.0806500357690682,13.54606365327245,0.010198128721854232,0.010636675830286454,465.14076893412476,16486.20092191351,5.89681221930494,18.693733338268345,0.34150484515268215,0.43313942037880476,0.45330372536233654,1.869978819018603,0.5772641185166802,0.7143500331181941,0.5661318768915111,1.0320732650806554,0.9821796558144327,0.0005757358130092289,0.005663060154320515,0.00019243152810453053,0.07117678372987273,0.025276784191214065,0.764325187261022,9.051865440504314e-05,0.8762829028785999,7.81823351950755,4.077464292005514,161.56068145265388,0.7633577884962716,0.7384231751358854,16.396124007341815,27.68754430449238
0.29389581172795937,0.0807013924251146,13.485784342373686,0.010268552065576544,0.01063652800392618,465.6145427789566,16481.146298777654,5.849761288961292,18.70878691198735,0.3434282340469385,0.4342451145516117,0.45344529089918867,1.8613031544510055,0.5734235705039372,0.7181597306265063,0.5690568948833096,1.0280899949867726,0.9866439671059772,0.0005730057206211283,0.00560313687867543,0.00019340198702016422,0.07107504839488671,0.02555015196046333,0.764061841209998,5.1717882609915905e-06,0.8689238036683695,7.759903870312648,4.058262542564634,161.49558931577698,0.7657203802861391,0.7350128243600493,16.439041894108637,27.802382772055232
0.2929300803658053,0.0811638028480605,13.412081709041216,0.010264159061080401,0.010601409016072287,462.59072447233916,16671.50997721413,5.861262373621734,18.792458594895173,0.34383187366520973,0.43705108105699564,0.4533597194675811,1.841592765788884,0.5778720847030208,0.7195169571872438,0.568617400045799,1.0330835900924964,0.9771508671410373,0.0005707329920682417,0.005650072940784654,0.00019333649338679082,0.07160497809801018,0.02562879325646693,0.7628689525374404,0.00010632692332027855,0.8668226939566702,7.689204803347712,4.048687343293595,158.90790759551848,0.7665066542075651,0.7382420382288167,16.521610649025153,27.699047107158613
0.29443497072429403,0.08146345811879174,13.470205069799901,0.01031103085172104,0.010543482226657125,459.0987134070296,16710.333992186355,5.864069838183013,18.90915759849974,0.3452234046794686,0.43525364665737654,0.4529014333370696,1.8515291195066181,0.5776387292401898,0.7237495703875576,0.565706200004384,1.0346720376121727,0.9736184401746814,0.0005730324965560506,0.0056686493125019536,0.00019402803368863766,0.0711262402484978,0.02540708527837018,0.7611977180277414,4.329409149674686e-05,0.8647674773692388,7.775140549144556,3.988743780015072,159.2140067819774,0.7623924876389401,0.7392163464004898,16.679906070962286,27.718885105442407
0.2939591184330193,0.08171352121786103,13.49023922945289,0.010326772401672176,0.010496920239255731,461.09065759614725,16855.641777473247,5.86755134225788,19.104337192376292,0.34434791490347033,0.43596722715846903,0.4552223552350529,1.8586545428594825,0.5799775661657585,0.7242856420775879,0.5650358369492057,1.0326255883045206,0.9767958275567336,0.0005694210585393218,0.005678974721711082,0.0001929532530400595,0.07105227900458924,0.025223720885390332,0.7523244295891853,4.56217270485437e-05,0.867845086261642,7.718016937594402,3.968717822560282,161.41608381764732,0.7631437697348824,0.7385095826071875,16.775844229121034,27.440940133099396
0.2927223691844998,0.08043567487970145,13.547735274532078,0.010277761782866053,0.010527569497540523,468.3885301869602,16927.78102350432,5.848674475210568,19.158202745193147,0.3443574417321951,0.435968486118288,0.45493962704765956,1.868088960633097,0.5802268711658731,0.7230633115504608,0.5644203889636665,1.0324379813950082,0.9803554315743339,0.0005718958817719386,0.005713585126964852,0.00019150146105877488,0.07064255715817774,0.02539437839865284,0.7529981768771647,2.060939495436315e-05,0.8740680324405734,7.699715618191317,3.950402628955616,161.29861063395214,0.7569073973471279,0.7414116225218917,16.724066273073394,27.41703434435154
0.2940379100344013,0.07987379384255042,13.524775411669193,0.010255198597442687,0.010507890957778473,465.43940708930336,16966.86529858459,5.865040158253187,19.37656197951522,0.34568128214533733,0.43402117793311557,0.45528550504999954,1.8657027333231713,0.5819725470989529,0.7260118117337909,0.5648642931215767,1.034321597002421,0.9778992328007762,0.0005753528308845448,0.005647573093683476,0.0001904975698276816,0.07108152540643187,0.025512668989520617,0.7481755495309971,1.7213378718373833e-06,0.8687495315756061,7.702849107979611,3.961296052500121,160.10090737380958,0.7599573624987802,0.7408016841795648,16.638243807165278,27.277772166084773
0.2960436156233193,0.07976810684091491,13.425942801430832,0.010255533319597788,0.01051974564991178,468.98723453878205,16983.839205975102,5.890204459392027,19.399664329039577,0.34508537476204776,0.4295688497512516,0.45690116639668477,1.8747782031584062,0.5802459747134046,0.7259149813088135,0.5581429377529281,1.0418072948389405,0.9808828761902169,0.0005741353597371928,0.005646642772445569,0.00019133722020130904,0.07069402170727991,0.025398484622438964,0.7524770552406168,1.3743729006257302e-06,0.8700280208078862,7.691167539191329,3.948141856710341,159.01844349038097,0.7619444708610741,0.7414709179234363,16.57362278978908,27.103402512943635
0.29566509550677367,0.07986630432564518,13.337897354688332,0.010269408714195167,0.010476422290369925,469.2071062897825,16883.55164241105,5.85554718228185,19.50447536843355,0.3414802795782045,0.4269038149368523,0.4596178701432969,1.891127181323108,0.5805276094912969,0.7288912765336537,0.5603402394597937,1.0402794937293607,0.9861915050402983,0.00057459346197768,0.0056656137039591764,0.00018931219543919756,0.0708167320507699,0.02503638662936615,0.751377990080665,0.0002714059360449406,0.8642071471111863,7.710216765255655,3.9544168259673924,157.2635617223423,0.7649925462831589,0.7408039884310337,16.612644875633706,27.107188129460656
0.2938734878544359,0.07965422948520276,13.36040226850412,0.010166520654296548,0.01049639488047756,467.94989014787916,17006.75623091637,5.883557267405131,19.383792137229733,0.33683959344486725,0.4278081525688256,0.457545041514517,1.8888167867686854,0.5782532106535271,0.7313155236363577,0.5581987366849177,1.0351968682606927,0.9944087007677788,0.0005748882325042338,0.005688531038076574,0.0001874153845304066,0.07146573241592673,0.02501972359154129,0.7545819984682706,0.0002668565498433539,0.8627880846541471,7.732855516312144,3.929615113241868,159.00736352645217,0.767053844545959,0.7419926891149735,16.56532665798648,27.054916269638568
0.29164396704347406,0.0800898216152282,13.252075753215488,0.010148865360155574,0.010433558057035955,470.0819070787889,17102.49673085993,5.892420480336435,19.470350892051233,0.3374902595011085,0.4306967249148142,0.45850290253383863,1.8925005014870662,0.58096466825994,0.7319788593623617,0.5573711896654012,1.0372568920727094,0.9965372186111273,0.0005753268454043916,0.005678496021807328,0.00018758543916377315,0.07120780177890182,0.024938636536260102,0.7586897151669859,0.00018400272390806422,0.8716349531877595,7.712403476474738,3.8866113797581456,160.90537236884703,0.7682816872142719,0.7429948629900381,16.49502764981089,26.982804146551953
0.2916579793761271,0.07981168923054567,13.24825736835207,0.010148787910798101,0.010446973080257108,469.68953329011646,17046.655226244493,5.937999534627371,19.48044045186529,0.33859499795716314,0.43049080573739607,0.45737434158448625,1.8915591105225924,0.5786697432614524,0.7330945975813119,0.5555984902059932,1.0412669132691,1.002002129396797,0.0005756377203884736,0.005610014298426128,0.00018789653339402635,0.07052234414315632,0.024929476202160596,0.7573108685548146,1.1567335258043176e-05,0.8690772286949923,7.733883100913931,3.863902333754959,160.3805935449149,0.7621529505303459,0.7420359076260717,16.542489820628315,26.9398284138403
0.29279970686652185,0.07961123656586183,13.254800933462164,0.010090758568695471,0.01045114006476293,468.15380408383567,17111.726339127592,5.9082116618875515,19.570659265149228,0.3378643872125768,0.4314736937805761,0.4563103912153962,1.8788328498502467,0.5814180090131175,0.7343602247152373,0.5593243554181438,1.0466932340467132,1.0008202947358438,0.0005751437548607644,0.005610134508024587,0.00018806606004092812,0.07073443357392067,0.024926136386665472,0.7568883586158606,9.043092444616806e-06,0.8666794074472262,7.791651662656488,3.8806893731338468,160.03739194069385,0.7651236310202727,0.7448848795241333,16.449036789150163,26.968765383144582
0.290731604271239,0.07965744926293596,13.158661937072441,0.01012492400218028,0.010532149293867667,463.8045863586025,17042.691369365268,5.852248180362825,19.636028115655606,0.33396273038935276,0.4313672311171497,0.45652529274757575,1.8854476451088982,0.5829937355944056,0.7324528810989637,0.5590554353289698,1.046012454208741,1.003768566188438,0.0005782602286998504,0.005627461551774509,0.00018743886606204663,0.0705699674893566,0.024848996066893187,0.760199788322617,2.2323025363680326e-05,0.871999024212445,7.790599597667149,3.877474903232257,161.5948057310391,0.7693580629266392,0.7426012613175893,16.500488301686165,26.885993864222492
0.28830306285413726,0.07927315435610988,13.177074212304705,0.010097828593566581,0.010593796272351503,463.84411350613425,17224.073141854373,5.84621118427554,19.5030255385804,0.33333381207887824,0.42841376007060133,0.4519893491327503,1.8920189906287015,0.5818330327137308,0.734718691353593,0.5654164681264028,1.0412966175996616,1.008739745290041,0.000581664435977786,0.005587246402278977,0.0001903816047012625,0.07105180398829954,0.024834995106996365,0.7557203521764657,7.494958785285543e-05,0.8680578525491974,7.786470370745402,3.862977756238485,162.86502303647356,0.7692015016534637,0.7432420164768835,16.484862448496582,26.869622647487954
0.29011003576312067,0.07949550667935265,13.183446004506829,0.010073503284598911,0.010592407824135456,467.87385146303615,17242.897401134996,5.859765036780645,19.503859950020942,0.3325045716476365,0.42887287525922924,0.4525492744936641,1.904582976352055,0.5897841871248756,0.7362361067142887,0.5698943137681702,1.0511766417585684,1.0124477977465673,0.000585718011214442,0.005627185315686593,0.00018989363953735575,0.07157757587752446,0.024948364645327223,0.7579871987741185,5.752268746823374e-06,0.8596167059546297,7.826366780384025,3.861908108786065,162.17755190093948,0.768596224801151,0.739633482947385,16.432151843724462,26.857818967435975
0.2910236762431916,0.0789736194612169,13.212660944092733,0.010146922569586046,0.010521376148086514,467.4392696724388,17166.198536398504,5.839725700110194,19.521902183199867,0.33242941417168204,0.4329839834357755,0.4518831002140542,1.9122078922434416,0.591686874095067,0.7387006318161825,0.5701887057698217,1.0486032404615537,1.011358418383242,0.0005783117766286072,0.005654291037805089,0.00019113067545484434,0.0715873674614315,0.024978460460655157,0.7488287065335233,4.0057023481462054e-05,0.8577817929354201,7.882420313984473,3.864615710515614,162.82743112584552,0.7747758012116955,0.741009527673072,16.411015998897717,27.01199777227557
0.2900003366600656,0.07940512364789777,13.270346039434434,0.010106627273705274,0.010497644545985502,467.8762998331526,17228.977590387825,5.840699874406916,19.492739537670655,0.3322519267933323,0.43913623015206377,0.45342896544904476,1.9164470687332202,0.5949213812211225,0.7399289769355811,0.5723356716836201,1.0539879320285717,1.0126250049556222,0.0005787863777838403,0.005627077657116474,0.0001926749983038829,0.07248227418267486,0.025055839674442675,0.7589489343436004,8.209793351403753e-05,0.8538356997617914,7.870494755297648,3.8852766019785707,161.10652375723248,0.7753695219497666,0.744448314018249,16.35448738438655,27.159679459778125
0.2899705364615486,0.07928233375708117,13.272679744552763,0.010140873555296952,0.010547599858511711,467.5580899734538,17228.74063087865,5.83156235217176,19.531945553112156,0.32974511953760155,0.43859219488028567,0.45179348060720537,1.9273661742596788,0.5940816876743915,0.7431164587047416,0.573778276459907,1.047951789509536,1.0077233318225076,0.0005817763182308294,0.005591673618074676,0.00019284672260040363,0.07269516383205757,0.025057837131907987,0.7589190796553639,0.00012852952537543354,0.862612358167082,7.853447313343449,3.8824410031368703,160.30031793942797,0.7772479399712818,0.7463894000954296,16.365422701115452,27.26431393385433
0.29041085734696215,0.0796289743619988,13.27435679521347,0.010176794916066618,0.010583635551364934,464.43546616953745,17188.58206512729,5.8977412677072,19.620720330258923,0.33171535174599537,0.43749241862553867,0.4547334765096644,1.925288797724492,0.588637036943389,0.7422428611199008,0.5798398452529822,1.0522551062441128,1.0034622195559122,0.0005832102618720264,0.005644066179934302,0.00019412324564611555,0.07295333583401925,0.02508287505782382,0.7567129294621401,0.00014672705432755367,0.8612479215719787,7.830227440783026,3.863769417369664,159.9956068871416,0.7746839959318095,0.7444625253823369,16.449766749130045,27.209169598679875
0.28929313682470165,0.07953861734159491,13.276560168722899,0.010115441194367164,0.01055364586412002,464.54354822775315,17224.20528695732,5.938464257034307,19.642252872808196,0.3305020340021687,0.43967248784411866,0.45739870617352224,1.9231730532135942,0.5842103696700608,0.7438628012540786,0.5827820090294287,1.051715928000683,1.008652082052661,0.0005840133352450138,0.0055831581318435755,0.0001931370242837038,0.07350352131661932,0.024933523382244926,0.7568448965533445,1.9859852754336573e-05,0.8646378164471813,7.857702943398717,3.8327430874439257,160.1484907078346,0.7785214657549856,0.7419537988383651,16.525959650693512,27.410986731867926
0.28964270396207603,0.0789471839052221,13.241085293143357,0.010135745561745516,0.010515691878575557,467.48252842361416,17205.066097216113,5.906668732137486,19.59455716796346,0.3303846158652883,0.4424648827847473,0.45152806314798155,1.9374971828036525,0.5782970953329317,0.7465278593792257,0.5849977429496747,1.0508887499746473,1.0091409048971143,0.0005822880858466706,0.005637601379247824,0.00019359208778401966,0.07337631924356021,0.024873184963289965,0.7480709854599449,3.874356626682968e-06,0.8706250085936506,7.814006824431066,3.8514161915043776,158.49577724038014,0.7777600975932815,0.7369310696922203,16.521715164115687,27.339032333351785
0.2880115429002833,0.07871312957607506,13.248558970551427,0.010168353944454922,0.010590485214872162,465.6732973258377,17165.355206207434,5.933041286400577,19.447813429942435,0.3326574427210254,0.4433290748871535,0.4524788517909425,1.9337640812177614,0.580088820861425,0.7496250507418003,0.5838904131547802,1.0588297787224787,1.0072283306916243,0.0005838236661981548,0.005614432272110848,0.00019263849850296552,0.0732871408862277,0.024927933185595996,0.7467317839928571,1.630210933308237e-05,0.8707339711640623,7.863540420782182,3.8554087970709716,156.57726111338,0.7830373047272863,0.7326272869721058,16.675028737581695,27.325556248131438
0.2883559725926495,0.07900283043093644,13.255291743307009,0.010069536746998845,0.010644466193149566,468.29482558487405,17053.999184958717,5.96951316203284,19.367136351343262,0.33005140882267836,0.4430051900203852,0.45296707598250674,1.9103643259753427,0.5808995237001102,0.7508619341685987,0.5811665442556627,1.0531394312231457,1.0038433406512741,0.0005848732875340634,0.005596151659919784,0.00019216822254702702,0.07360103257271236,0.025107078434872435,0.7385986167857981,0.00021690856197134926,0.8639175112432941,7.837118874596031,3.8987367175670133,154.39117834429675,0.7795838660579367,0.7234513301501462,16.760766227809082,27.282785320769474
0.28746212444645486,0.07914908825210494,13.278145889391196,0.010126372737203036,0.0106291933220329,463.598199015967,17099.433407568988,5.983981732421306,19.46852849309441,0.3271530587713857,0.4436967754377847,0.4535977453894129,1.891523323525957,0.5796265598070512,0.7487918475061754,0.582521831451629,1.061783078856237,1.007732750362885,0.0005834283818780852,0.005584091960560223,0.00019065591279192996,0.07406351076169648,0.025167321212251213,0.7441148736384329,2.4491046263134484e-05,0.8661586507476463,7.8649102810519995,3.8977307250595508,155.73877749491248,0.7757264933605148,0.7207825733064116,16.829925445514085,27.165163609149243
0.2884810241301175,0.07845562304812945,13.276996458536651,0.01012786082660058,0.01058728040582045,465.0183707295533,17039.56662577551,6.0373959278931215,19.38357626177848,0.3257820531440152,0.4446092047113221,0.4528643970074972,1.895909147121083,0.5821084999684849,0.7500599146109382,0.5828580974785531,1.0757005026214066,1.0051134071713028,0.0005854299506475888,0.005624893947546338,0.00019227861754995,0.07375675488477951,0.025020795043013442,0.7383346500884665,0.00016579437218072404,0.8723454846487659,7.858536457551166,3.928653989643392,155.14237296169551,0.7732403434118412,0.7172639704153213,16.826446762209795,27.153071367423248
0.29021055207947594,0.07778277770767766,13.125857953954803,0.010175034536063549,0.010631789034952299,465.9153811509474,17028.10302266982,6.043643609931243,19.336785801301204,0.3252412222006286,0.44481318619166005,0.4546967349792034,1.9059164575127405,0.5837731066382809,0.7509484051621284,0.5834550032494649,1.0697410518884105,1.0045480863377239,0.0005821555588756655,0.005594882811461425,0.00019153692617423124,0.07384832670661887,0.025023237477698843,0.7368594438637428,5.895891818926366e-05,0.8749140674087132,7.855811104797089,3.9521930593687644,155.77363692608643,0.7753820588118221,0.7141055458134878,16.788967496185023,27.120978889101153
0.29032088778031745,0.07789146425629094,13.191941898420065,0.010218487847202565,0.010638233321736298,468.0155436325247,17088.58329513188,6.087619085448334,19.361517354450665,0.3258156314106328,0.4455885785060221,0.45345848696884344,1.9155483533807152,0.5818179830558633,0.7594118229376496,0.5946339819987624,1.0763462265526222,0.9973626744386868,0.0005814919750238334,0.005609141143994452,0.0001912941023229716,0.0739542801687598,0.025106061629124547,0.7388832665239832,0.00018922812885694958,0.8774087113707671,7.844791352990085,3.959532207918864,153.36641808983777,0.7736540044499071,0.7077525143363068,16.830412839810727,26.93165752158058
0.290215577765077,0.07762153520390938,13.19558266362313,0.010204869669214519,0.010624269811464249,467.2148552405315,17027.628163369885,6.032564158431512,19.441860575606874,0.3284299419054164,0.4478594241093297,0.45510322956190113,1.9092329498231964,0.583056500558308,0.7603421357903242,0.5961988354644558,1.0733027583388095,0.9943158084774565,0.0005790440964575504,0.005620002424945464,0.00019174654212184944,0.07469969964795212,0.025175905949446648,0.7392268607618914,9.380448714264487e-05,0.8758601244202784,7.881070513816873,3.952872758732172,152.89695056433231,0.7752243585435165,0.7078823069010948,16.849724517615332,26.970160850766927
0.2903769290170327,0.07745536977042482,13.222961037376809,0.010225936092938611,0.010627776463823561,470.0157054494553,16978.27106665863,6.040504477488571,19.49551132351801,0.3335267504320136,0.45009297258669523,0.4553292349786321,1.9173973894377196,0.5857075897232972,0.7591009592737522,0.5996202659079996,1.0816519850159088,1.0039023768141655,0.0005758775009586149,0.0055915438913800184,0.00019309811872837248,0.0745317499746771,0.025078919557130885,0.7432806032597543,0.0001347987170890395,0.8734448115161516,7.784178527967265,3.970969464689554,150.692324544039,0.7758656123401323,0.7042074081848699,16.923422575975028,26.80649132964985
0.29202368031905074,0.0774382428035797,13.157433545389917,0.010300021063192591,0.010646616775688376,467.2939062241137,16940.031609072223,6.018339734411749,19.665116592165585,0.3321963715190514,0.44838421058575306,0.4561310877101716,1.924166383056886,0.5852315833878033,0.7632256989394649,0.5984744252051892,1.083045201912247,1.0060994780991586,0.0005793566593918487,0.0055810494299252745,0.000192605125011948,0.07495985188994812,0.02519551430568487,0.7510809584620433,3.7951200350289e-05,0.8770609137333483,7.77416669969616,3.9862099670321176,149.47557103212918,0.7764085303356882,0.6946684210451806,16.966596285588135,26.48401715690485
0.2941073658025316,0.07742119140483869,13.150633738557923,0.01036945631621783,0.010737811174547716,466.8101720736647,16918.84601031169,5.981830669593617,19.79450993179962,0.33250244706738585,0.44556080846467283,0.45533472537554137,1.9151668102647688,0.5867465762527324,0.7637660525412189,0.5954808325379656,1.0830241683315929,0.9980028404289314,0.0005804561768825576,0.005616380639506716,0.00019241614904267858,0.0746365549655308,0.024988740819639775,0.7525967588849564,4.823646063233063e-05,0.8759755510564352,7.818096562165888,3.993693839790565,149.5740389411312,0.7786491322215554,0.6942193429395257,16.98625397170257,26.337484923694504
0.29402901629038297,0.07669182427033067,13.141803077180562,0.01044476195025904,0.01084621353413576,469.68354884361145,16901.90006746061,5.9661927701038175,19.915457635496413,0.3338416570071482,0.4408305576018589,0.45418690157953534,1.9201721860620709,0.5850637887972776,0.7669926365114104,0.5942108582486407,1.0894087251278894,0.9924025617596529,0.0005801700999427481,0.0056509234792097565,0.00019192552633045734,0.07466952155852924,0.024910753391948804,0.7551997820769881,3.807034874757326e-05,0.8800577389917733,7.836038920157582,3.9761640871647774,149.8499120463687,0.7757050235540206,0.6970637711369807,16.97843630408973,26.22645349364345
0.2937986051852967,0.0757941491216742,13.037176461337456,0.01052028252359408,0.01094454422088411,468.9020613176004,16940.312602009035,5.923160841463527,19.931403661251558,0.33544936761839694,0.43921274878320987,0.4543752027366719,1.912418579987577,0.5886146498834898,0.7726192734908055,0.5946944928237842,1.0912594809049234,0.9948989116881457,0.0005777261758117443,0.005635177904696002,0.00018952312955211538,0.07483704470752903,0.02461163638458086,0.7565065400313667,0.00012984897953780057,0.8789527564273237,7.840519138958524,3.993882258223345,149.45471695947785,0.7765043754938085,0.6988988637479627,17.06555640854213,26.335383841573783
0.2911193746744745,0.07576487464659208,12.989709129074948,0.010560943645070927,0.011007831070521017,468.6227577805686,16957.876906708094,5.894656015032992,19.982892237454042,0.3346177129023585,0.44012096991114974,0.4533995320189325,1.919171954412773,0.58333713528673,0.7708525520027533,0.5955330626191502,1.0941992247868748,0.993325284103471,0.0005751099013003299,0.005644792617010628,0.00018981618877137314,0.07418965915506408,0.024303217803817202,0.7524399338508244,0.0001970291130647158,0.8784645600300098,7.8204995784022175,3.9872282863323454,149.57169086769213,0.7742738539315155,0.7000502755733086,17.0068137810879,26.330850168435582
0.2922141899710488,0.07422128687738679,13.001808721548063,0.01050109130789149,0.011010290330980351,466.1624690474262,16883.863876422616,5.9252440406541345,19.991454220682165,0.33506554954754425,0.44061758786548283,0.45379509586970024,1.9202026456155206,0.5757720434626684,0.773339052151589,0.5974337827319013,1.1032812904497886,0.9959000317117458,0.0005738502121867845,0.005700854101535988,0.00019154519148730775,0.07375534004942144,0.024276599604570702,0.7550691459650445,0.00031348954500040913,0.8788540515602622,7.796207517601701,4.007851099689283,148.42642041316063,0.7758073862490771,0.6973983324528343,17.009480963869972,26.0741067772675
0.29420331415055806,0.07421757015331829,12.991764227563335,0.01041789950572664,0.011043585039578042,468.8310867211493,16927.402337931537,5.9556181892457065,19.888447958722036,0.33554170882012485,0.4403516196038543,0.4549320581876781,1.9298028079481329,0.5775439269409474,0.7747368953090115,0.596509609690623,1.1054510969080509,0.9918485153838359,0.0005715140131969702,0.005653658033970559,0.00019095879746457704,0.0734533233040924,0.024262613005087186,0.7594160462392163,0.0002763322928857909,0.8784018370053476,7.822151757756714,4.010394254974479,147.5759477606788,0.7718533172104682,0.6956391080244793,17.13594591299908,25.968717266501024
0.29427065514630224,0.0739076833257584,13.080128033928515,0.010467632112334866,0.011039194431130125,474.507722147285,17002.782861146377,5.976515050745523,19.796823420357285,0.3349304364194396,0.44292168434276846,0.4594271697186835,1.9357046383695735,0.57866257422909,0.7775169161369115,0.6015179694359172,1.0999893740182842,1.0030844238651972,0.0005699460084148321,0.00562159604235299,0.00019282905655324957,0.07354619177892936,0.02422461941797787,0.7654641871385761,0.00013849868314004668,0.8809241918500083,7.814688502292834,4.02530195371136,149.7629037928125,0.7722421845376966,0.6943917091994808,17.14646204755722,25.992160113212375
0.2939255190749714,0.07386022523035678,13.025846377867309,0.010449496819073149,0.011057781314419968,479.8684725382343,16946.877648179125,5.976157670389422,19.62802608739612,0.33561673934048203,0.4411036008117493,0.4600118426687704,1.9354734746580846,0.5797864578897393,0.778326058232431,0.6007208281599741,1.097278357120381,1.0029552568948386,0.0005773565051583532,0.005620825605353454,0.0001925207117369015,0.0732040356844811,0.024177799556354164,0.7643588520616454,0.00019796697120018445,0.8867679155086159,7.829129157754669,4.020051845923872,149.29662573572554,0.7667122869771557,0.6918365959448888,17.1104936047929,26.068274284689252
0.29361778143326756,0.07360472423286699,13.10845778058985,0.010517065923564233,0.011093297691918226,481.321219451698,16831.484610630414,5.948755056799377,19.577606636792304,0.33265821618820085,0.44234687625026264,0.46219543742180225,1.9331061530626406,0.5804077360561353,0.7820367699936773,0.6014945990967183,1.092475914854404,1.0066819468233785,0.0005748234993380337,0.005630913928065255,0.0001931693590866514,0.07342548939348106,0.024287494342976126,0.7614172965677295,0.0001399790818576512,0.8875518106347122,7.782904697892625,4.013923779543682,149.5978801984451,0.7670061519159559,0.6961764984483446,17.11483804458312,26.05194681645741
0.2948399634260863,0.07301902025838562,13.077097987076666,0.010503704728583776,0.011051169993590843,479.03321747797247,16791.889671870027,5.996529998081169,19.565447621996285,0.32966779761334053,0.44024860634275476,0.4607079456169781,1.94952433663379,0.5824595155276937,0.7827393376097184,0.6025646515909483,1.0960844285301536,1.0104667319381788,0.0005717026332994455,0.005663304776128389,0.00019443510981699113,0.07308705418925311,0.023957205586387226,0.7629031069264147,0.00024120899841044126,0.8839991868057696,7.875265656502922,3.9754916310870425,148.75339050944993,0.7650156207713481,0.6964816204198817,17.085740978992916,25.92864620268346
0.29580431990979833,0.07263821723221382,13.098943377469524,0.010583128934880887,0.010962546333721864,478.7892737802688,16771.049108258536,6.029979765900436,19.53249652699259,0.3304668694208559,0.4424447419742974,0.46046730453026097,1.9607120504990538,0.5811147870962845,0.7814941491878425,0.6025253375916747,1.0883074545940745,1.0197596217393758,0.0005716719139659838,0.005707396631921047,0.00019475516912533826,0.0738104228278652,0.0240553346472064,0.7649594994057352,0.0003082601569387597,0.8779229844941319,7.818087502513549,3.984993812769606,146.4331160418434,0.7663134617799341,0.6964139890904977,17.280112165012273,25.60364615553347
0.29889869884517667,0.07277958104739278,13.145461624521039,0.010610491771181526,0.010943316844472036,480.8927573485026,16734.22589269083,6.039335049758149,19.363070477569106,0.33116916476362696,0.4429599965065981,0.45985792069688497,1.9564959333512828,0.5847933434412069,0.7799962315061695,0.6069300610076178,1.0866813753114404,1.0221930771276821,0.0005740718051047972,0.005741588858699565,0.00019621318050503872,0.07379968718717572,0.02400752886468978,0.7634534292329843,0.00020516293046890456,0.8791593111819551,7.849953533952791,3.981106483753351,146.46960193745247,0.7683750316335265,0.6938310707266332,17.353541406452262,25.564042088220393
0.2978638240069609,0.073254376791459,13.17262395766287,0.010510722917972191,0.010910208419356688,481.942013306046,16672.09248522157,6.056193257288082,19.409206193431874,0.3304791479970878,0.4399697946576799,0.4592130411707198,1.9612329031253775,0.5829168673774686,0.7786474704320024,0.6100256768688733,1.0847664904120786,1.017866597025891,0.0005845159819874434,0.005740947790788484,0.00019442816147790097,0.07351331420656385,0.02390900187364798,0.7686526478633849,6.572152866539887e-05,0.8748169975002957,7.858867858702931,3.9893095691710907,148.14671525670707,0.7726078462347223,0.6923755532009278,17.3048075528168,25.352236517452738
0.29780858218508705,0.07392326546742639,13.157615559135438,0.010579394411544478,0.010861973877526987,480.73141638714867,16763.99389716306,6.0799871791891436,19.35179464817465,0.331087065245813,0.43680631219857075,0.4578704478366774,1.9399081523373178,0.5884152697522836,0.7795157639785049,0.606115531036117,1.0830221984276704,1.020264465507048,0.0005869639127604961,0.005793110402487031,0.00019621738954490108,0.07348219582696627,0.02390424058027068,0.7746145671545854,0.00026789374617714433,0.8644845448970159,7.838492681619295,4.000450195638048,148.56415410534652,0.7668594316252175,0.6883953319899009,17.356265974501774,25.510050761099915
0.2954584194857594,0.07441515346781849,13.16168267348915,0.010629306621161969,0.01082976462793581,481.5095367936242,16862.52631585983,6.093548184507173,19.294557305596754,0.3321091880802971,0.4334974410572492,0.45888929829525005,1.947868028948809,0.5862874646932503,0.778888091132793,0.607657868241113,1.0857616945439836,1.0108061234735353,0.0005932184065229162,0.005741514746740141,0.00019650889769705102,0.07384503149477906,0.023641629523202395,0.7798776433600454,0.00024349960643853195,0.861539357979453,7.797515775148131,4.012934253525046,149.40246330531366,0.7684352625974231,0.688775288315231,17.366808541651896,25.664099421398586
0.290556198667847,0.07369162453199683,13.125175292357506,0.010618935391824532,0.010761985654907286,485.6462183558952,16827.354242313624,6.079974713586213,19.152840297686698,0.33333268145837824,0.4355082769949085,0.4590414904726176,1.9309567155920604,0.5871858973839086,0.7812296943995359,0.6062423867866407,1.0878124932012594,1.0145718809287791,0.0005974890588031892,0.0057640247613813065,0.00019569079108767856,0.07467880139143836,0.023733422039452348,0.782509029422704,0.00023214425866094392,0.8588518261536571,7.816102678332235,4.010774921337383,149.26671697925096,0.7619401560925064,0.690123785667559,17.40694032750462,25.662632187533145
0.2889225631747896,0.07370102739163004,13.135331060460086,0.010577325825609461,0.010786397269499424,480.2216133422789,16742.247623303585,6.052548684204533,19.265981361846823,0.33461908577182004,0.43699492987641686,0.4572346922831426,1.9161534513099212,0.586927600576296,0.7788327115997004,0.6095151629450711,1.0913881700811063,1.0215083564909706,0.000595708961488058,0.005805599053750574,0.00019464721921872352,0.07475160222546892,0.023680994595649027,0.77532919674608,0.00011357502286439057,0.856283543656324,7.862800921566278,4.007142675162129,150.06935962545543,0.7538546385780384,0.6868131555256818,17.45646307788475,26.0051664624199
0.28583897731384145,0.07365656632045935,13.039325740343896,0.010605951460361392,0.010860048928711676,477.79088289716736,16714.221643858367,6.064928755592655,19.215492558929817,0.33501744478502443,0.4370500680379107,0.45949960183779914,1.9192475401846907,0.583559166546355,0.7885076557441631,0.6108273116532412,1.0874841046640458,1.0271195132680286,0.0005945120284756044,0.005825526427874125,0.0001934750997760269,0.07486655303287616,0.02365428775837321,0.7745712804044962,0.00024733624479726505,0.8600485484263338,7.857885479475964,3.9782255795943144,151.27927751764082,0.7539845054174424,0.6889457952116727,17.517670101677513,26.203780680155404
0.28822160951008263,0.07395391243826016,13.126135738114005,0.010619296517383612,0.010873925451324035,476.84709204703876,16775.492126798177,6.083866527855469,19.429040637649628,0.332105847008234,0.434212213468141,0.4577584153962144,1.9200679114593104,0.581833599667654,0.7881211244793662,0.6106533781948649,1.0882409680081029,1.0324913080619582,0.0005955611329077561,0.005826160321977025,0.00019258178588845177,0.07512126036526405,0.023653531987480075,0.7723685258314574,0.00021656315431393887,0.8513117595301478,7.841896416057549,3.984609045992073,151.90717627621794,0.7472111347398325,0.686440083828247,17.497633158589668,26.220883847370104
0.2875334241178996,0.07379318740751704,13.115339564075471,0.01061899136447822,0.010824037180095579,475.2432554314394,16750.369282330183,6.076192523558772,19.54714895541645,0.331835678948881,0.4358626560803172,0.4558286634561157,1.9243137568110535,0.5790949730086937,0.7874384793659952,0.607275177313323,1.086641486415216,1.031658447854714,0.0006004423442743403,0.005807202023118693,0.00019031029069848228,0.07500472106057056,0.023568950784452224,0.7713277295176287,0.0001963879016897907,0.8487745105080519,7.843568496764132,3.993779995810773,152.78966030847576,0.7488363726662366,0.6852472118223032,17.48565930499496,25.99597716811897
0.28553716899302023,0.07346175124451727,13.059109043200829,0.010650663336722007,0.010830319852951395,475.9354767455543,16725.61309983603,6.048994140574505,19.58666910231104,0.33046590125693004,0.4374636604329096,0.45746539955454574,1.9304265378835472,0.577184810623042,0.7869451091019491,0.6056671574410415,1.0834835904134745,1.0316871830607863,0.000603138379118433,0.0058098405906385105,0.00019046512135130993,0.07479991122534195,0.023468178969777865,0.7681080303736288,0.00011232370945930264,0.8500729052739653,7.783560510429613,3.9820762713093836,154.03808750176668,0.7493195861509322,0.686135604962165,17.51903917535737,25.85936937379897
0.2839958839070924,0.07382653099889962,13.058187668391644,0.010607966080729581,0.010822913857618036,477.01269198045276,16708.09913659572,6.021930490754632,19.688240197961413,0.3317200413425045,0.4365672721977893,0.4591766028408437,1.9291730271868746,0.5785520893290589,0.7895251370892915,0.60375737521023,1.0832457041124044,1.0323068889141538,0.0006024414600790867,0.005835959065913461,0.00019043139981537744,0.07520124898939068,0.023614392903286777,0.7690517389080959,0.00029182406470600964,0.851099802521946,7.756893332925457,3.9621717406502466,153.70524151857936,0.7534351096646704,0.6898300826865968,17.56764509863793,26.08811425588615
0.2833219818815318,0.07340135986463164,13.038654113495378,0.010639019393327549,0.010824219972973639,476.38937264948424,16755.044496203598,6.041942129428586,19.495118041615264,0.33051965285910134,0.4361127363396897,0.4601821324149889,1.932725027338661,0.5809434618698723,0.7887167816146383,0.5996733608459208,1.093115547556306,1.024866027164159,0.0006074268417188725,0.005862464173797519,0.00019029884117864907,0.0750758716345155,0.02357167140041778,0.7727901997353529,0.00034486210340229186,0.8529349447771114,7.780973831287133,4.002262474416674,153.01754770011115,0.7551302749120692,0.6896336626908315,17.612821416365943,26.1888322762236
0.2859524566253392,0.07289047465610082,13.003846526266726,0.010600209478742522,0.01087078111409299,478.9216630258388,16874.706320746318,6.060685722220602,19.610328034072108,0.33065775298061145,0.4342106632074071,0.4586535782875548,1.9297193531732784,0.5799221134284237,0.7890291246133837,0.6042068854549498,1.0942049960054179,1.0230040170751598,0.0006029472809726178,0.005878756725161216,0.00018974851366020156,0.07574799558371545,0.02375872959336854,0.771868994841308,0.0002922588828654805,0.8615355449341603,7.748219891063383,4.008244391981691,151.91558572474025,0.7547521901886034,0.6858800157952945,17.57834123725119,26.16847033684583
0.2865440426126662,0.07307074385717505,12.904151418684137,0.010544714715428135,0.010878200160194855,480.352469872601,17010.4166420939,6.084940283076023,19.443483578549593,0.3305856633018024,0.432543766480363,0.45713986587211736,1.9264642423633027,0.5827310052828585,0.7883592078685199,0.6068839828193102,1.0943834738967964,1.028911193257393,0.000607722243842154,0.005901381819497089,0.00019030390486792994,0.07603131782317482,0.02362421233760817,0.773432165236942,0.00031050068929773826,0.86591517132026,7.6926665394546605,4.003782717380624,153.80655945337082,0.7578951532691437,0.6831292808656935,17.537557855850597,26.024358697709648
0.2886855209811573,0.0728295628708058,12.907041572676727,0.010595979542670584,0.010887209812038605,481.19749714748235,16905.334136527665,6.125131554691276,19.449253751985506,0.3322702547401452,0.4332332401199212,0.45551652765196765,1.922832765625257,0.5869749327952655,0.7862396509008222,0.6062277537134205,1.0923760579295811,1.026588299903476,0.0006069897673809273,0.005938223334386823,0.00019071713653959582,0.07583348044177772,0.02366204609588622,0.7799415527425645,0.00016788595614412478,0.8684812750527572,7.653627201383779,3.981003190514551,153.5519983455983,0.7583500005509256,0.6800774393477798,17.612217094103478,26.121856993234466
0.28959123132846104,0.07300106136073944,12.980647435733053,0.010583049370303426,0.010925916871138697,480.20134113521175,16688.3594022244,6.143918974629337,19.319406879075288,0.3302415049814551,0.43322297929209447,0.4577555175665815,1.9225764970521189,0.5867925564758422,0.7840190287174005,0.6059372412119902,1.1000985163791615,1.0272105754409637,0.0006075265951029276,0.005934560167957467,0.00018835492909079543,0.07571737139511112,0.023702259811770564,0.7837427469015991,0.00011939720590734628,0.8696922075196613,7.623041147593298,3.9813456242422216,152.96856670886785,0.7614369912651612,0.6732520158302897,17.58048437023465,26.09789095788603
0.29053375245483537,0.07339654101495251,12.975616597819082,0.010509534611666921,0.010998468046981735,479.9159288541077,16577.298974121786,6.127769623944366,19.318815021614103,0.33091337731149245,0.4360744068446117,0.45674211315014157,1.9243909935201164,0.588462396362192,0.785103895260894,0.6067819723335236,1.1030625489326762,1.027369146727325,0.0006036795544494852,0.005899342695291975,0.00018888543308862827,0.0757638341991459,0.023915536125875363,0.7860228891614539,0.00024179972559335022,0.87709404738732,7.652589588228065,3.9944096291488105,151.52000588215802,0.7614951806080619,0.6747147268026922,17.5792300345601,26.10221423553234
0.28999035056231703,0.07361743656960619,12.916235097923412,0.010513765436015196,0.010939885406215153,484.2221580238694,16572.496148672693,6.158648398859155,19.313975355415927,0.33322615985424975,0.43652643607953107,0.4596973698034588,1.9279640995758094,0.5854023903042912,0.7805652982763039,0.6067882037220693,1.104505210655144,1.0282258600323069,0.0006015565659561116,0.005917458040424929,0.00018844405898850444,0.07558212391560645,0.023774821984373543,0.7868628112066031,0.00020892211478040106,0.8754499333819775,7.589519719081181,3.96940427871197,150.89082262622952,0.7553494224612524,0.6698514940699483,17.614643153748492,25.95934412958023
0.29137654401735014,0.07340374811152273,12.822979396925426,0.01053184488099713,0.010926545949289032,484.01071979165005,16479.865118722308,6.136341782105336,19.387033433447723,0.33288372210196265,0.4357811177107097,0.45879946794134435,1.93714734589275,0.5814602004238775,0.7848364407844692,0.6029562953292016,1.1045979408309756,1.031104304469974,0.0006026985255614991,0.005975312918147721,0.00018847632434035322,0.07532093115912043,0.023906143633589467,0.7807764947913315,9.706482664117697e-05,0.8831094061779866,7.543093713205718,3.9863159154488756,151.9871536334226,0.754200868654317,0.6653504396873096,17.653408656694697,25.954237936660405
0.290512185068127,0.07364526213037666,12.75031340669913,0.01046405040416748,0.010946580610456575,486.8543254264563,16548.187688571914,6.1291197262633315,19.296801468587482,0.33674355706361386,0.43780768883835147,0.4582344691238935,1.9284729721551033,0.5839484796478295,0.7879777341120577,0.6026666832451836,1.1062974184270102,1.0330890420686711,0.0006000458975623115,0.005992535937859315,0.00018935034514543276,0.07540725255203555,0.02423968129360676,0.7819962770817575,7.052438848065798e-05,0.8876157501472349,7.566602316647903,3.984511805269529,151.29086123143418,0.7559095527319327,0.6648301277691018,17.76657857171933,26.256282099801673
0.29272370677503123,0.0735684510436195,12.65467615053313,0.01045117483824826,0.010971101817574951,486.6194743378693,16585.039470730517,6.115299371228981,19.366075046640347,0.3385598142049015,0.43396024205672384,0.4586217068608298,1.919463101276048,0.5827909859252604,0.7881308901711782,0.601269290965251,1.1087776686809345,1.035709853162626,0.0006032923953988285,0.005999226261570416,0.00019028474453105582,0.07565219004674512,0.02426912357310189,0.7751553481144202,1.4551452076646222e-05,0.8868961655430269,7.457300747203762,3.9590816212409843,151.82820275179478,0.7564570239980734,0.6645334210061344,17.6734985304807,26.350157952706923
0.2913137736823389,0.07333822547236153,12.682278981166423,0.01047081774244199,0.011030965427406773,483.56216437487666,16586.40944821271,6.118258701293002,19.369573247872456,0.3374796970631113,0.43267905609540697,0.4582947428674929,1.9315359972888309,0.5820650140322728,0.792449279029335,0.6080616319991119,1.10980527899275,1.0368431171251835,0.0006061451157266927,0.005994803540993359,0.00019093722835843429,0.0760081097054219,0.024300209156165962,0.7775233904938097,0.00016452970431255913,0.8820172350718601,7.481262867901541,3.9538748684483953,151.07424818287183,0.756323618188684,0.6692373395651713,17.66772820950693,26.109882305922316
0.2906642243234246,0.07394485056925619,12.700566671705376,0.010440022330778157,0.01096486329623938,484.78507636299184,16562.45412290884,6.140873522163596,19.162086289443888,0.33459904692307585,0.4317639895481648,0.45774967155026297,1.9406982410554354,0.577653182706952,0.7949305575979119,0.6029469050230157,1.1184894904241807,1.039949484534824,0.000605386263491613,0.0059626432222808536,0.00019039434123105636,0.07632541698501695,0.024412691844425283,0.7829372348525617,8.922481260924237e-05,0.8715857488240275,7.600351073074562,3.937418458117442,151.27768634617755,0.7550557074208437,0.6691306331001797,17.685961960589058,26.118242678739076
0.2908721138133477,0.07320943306610907,12.753949889763003,0.010439250485602103,0.011069601708655641,486.9661176153338,16612.62341396388,6.130981799490274,19.154999856939554,0.33232710865823073,0.4293515550103719,0.4554112452896314,1.9287098005934766,0.5810751628548013,0.7938925650913562,0.603491869233932,1.1150591305517576,1.0321371119439653,0.0006019512612914766,0.005956804452227494,0.00019065567052587264,0.07680082119952578,0.02441204996277553,0.7850890379083325,5.778841610171214e-05,0.8669155377993139,7.528207405913088,3.9256334871745384,153.3241173297539,0.7544776443538699,0.6671856673079941,17.566477194838882,25.790519557501963
0.2929605419469663,0.07326018086510022,12.752863609591364,0.010517189315739205,0.011134620365930515,488.6973621151587,16478.672434067274,6.121634778916133,19.203830977591046,0.3286113327432736,0.43236952539664114,0.45437068051947,1.930282612659248,0.5819402246861428,0.7925007868206743,0.6078818794913886,1.111628804497866,1.0313127859739917,0.0006015307936370831,0.005983418204606465,0.0001914958998663104,0.0768572554465478,0.02445987797904534,0.7812362184675696,0.00010552745690645349,0.8643753130676346,7.52098422354631,3.941493269963387,152.3840291652338,0.7570685958256931,0.6693539275279262,17.536423679226267,25.739237785304212
0.2930240524483242,0.0729723912379738,12.740271888551641,0.01053710367783934,0.01114194823297735,485.69611779748055,16592.326853945135,6.126799689980125,19.00932707635811,0.3282914693089608,0.4319302622875895,0.4544619639709975,1.9343361119202074,0.5841066313126813,0.7979189377522667,0.6067519540354721,1.1046709182782481,1.0258288409667715,0.0006029878122265417,0.005989418779238591,0.00019252788240218123,0.07702477384994123,0.02446998955651718,0.7792643609762689,0.00010262214064253369,0.869464461546694,7.522123244279685,3.9490557520378657,152.85120811477034,0.7615810586183263,0.670568864119129,17.716147752114168,25.91162576320071
0.2941004491808353,0.0727022687766217,12.742758997310697,0.01052654150029006,0.011169339051758159,484.90235268171807,16503.07716392837,6.1692697979597195,19.07913655272733,0.327583446329629,0.43266676742891047,0.45488855426266445,1.924867728993257,0.5817948589678554,0.7986303195228315,0.6120817940861961,1.0998803903469994,1.0256942770889563,0.0006071758779562904,0.005999198296377037,0.00019333318350870128,0.07725820786195274,0.024484979943463474,0.7808364151609882,7.716287812735567e-05,0.8697982353797834,7.454357224548593,3.9094738757423686,151.34238612061387,0.7573940073300344,0.6726295695990441,17.664432836427473,25.606161624109582
0.29528886116523184,0.07308270533947987,12.731333904139307,0.010527809425404636,0.011155623364822691,482.3146917860128,16504.040004573377,6.174613069188153,19.02989572037089,0.32604230170202686,0.4326325087973306,0.4532556831383605,1.921972862884224,0.5795297364623243,0.7968012992616232,0.6078557498546991,1.1053844253717298,1.0383294057992494,0.0006088715574800923,0.005974450658420859,0.000193288552061216,0.07736684277206944,0.024537674693069077,0.7812853049841384,8.218834606871578e-05,0.8720854776545741,7.503006127848107,3.893354258599757,150.48547686715327,0.7550712152067872,0.6724288600126516,17.697944431582425,25.513423916131607
0.29511698856036417,0.07284223626025334,12.784054130925526,0.010532204303509797,0.011257259594115552,478.77675973695943,16544.419058543644,6.205049655116779,19.010537568113484,0.3266207544886439,0.4335910158071989,0.45498773466026887,1.9154795738666666,0.5811794215109248,0.7978204652165787,0.6078481143492817,1.110761085174982,1.0363356449677645,0.0006108654569591877,0.005934621699711235,0.0001938597554537892,0.07803138037085784,0.02446597078339575,0.7775753942426503,0.0003383941881488098,0.8762495180464268,7.48672561010398,3.9205525541337294,150.391934441181,0.7591923502725085,0.6777178697324712,17.705024512837365,25.783290716911814
0.29495721024923155,0.0728781985530486,12.92510385345844,0.010547910456953344,0.011158501819576339,483.9437250893474,16610.321320209187,6.204236061796613,19.042811119274113,0.32592904917292836,0.44066967662762146,0.45799389453301326,1.9224148368705163,0.582798418956386,0.7946164495195329,0.6027885483703289,1.1197198025806443,1.0424973829966488,0.0006100084790471584,0.005924301666088997,0.0001960814345748574,0.07817020226745498,0.024468223698151076,0.7834691985682056,0.0002603295128650917,0.8833304564531144,7.523048318007148,3.8904517555053335,149.2253076520022,0.7612810718201956,0.6727169129663085,17.694450766763598,25.780438310769505
0.295534128908937,0.07230386810064515,12.90785248761624,0.0105568690232616,0.011209068902428737,482.6026643751551,16692.16695037299,6.135352240185501,19.02469768213265,0.32247406930005545,0.43876104618839284,0.4593225380310237,1.9333438625913644,0.5850371419167679,0.7940321555360997,0.6006394186906121,1.1184298526816003,1.0410004309195053,0.0006125813390323654,0.005918010077104617,0.00019607700107899587,0.07775498727084731,0.024598671286364653,0.7878760769765236,0.0002974022002609587,0.8775983483372568,7.540507375881673,3.8633906511208465,150.04608062414442,0.7594337264690667,0.6717910345410321,17.58441844759276,25.965739862466336
0.2997313891184376,0.07260880922029336,12.916793998301218,0.01063495419699324,0.011235413798811312,476.68033737840346,16658.527611828602,6.1415261519008775,18.95392849424714,0.32337101995145173,0.4347878778092966,0.46109254621197987,1.9224726461998882,0.5892358368065186,0.7871229057837277,0.6038718669735816,1.1159106598432773,1.0355565267084417,0.0006104168730440914,0.0059332820746324485,0.00019693274354825493,0.07830643011317084,0.02440485036319295,0.7931191709182339,0.00020160662401367326,0.878075476654115,7.566813794452531,3.8828501387547987,149.70353308298576,0.7557505418828316,0.6691416512623768,17.713271171460057,26.063741838865088
0.30125833139127034,0.07185207407916198,12.931766962388476,0.010634556904403009,0.011226633144791493,475.420413782689,16634.4232569072,6.105111310422893,18.971965306194114,0.3217532458780816,0.43428094118751165,0.4609325723110781,1.9191858979651746,0.5868608623692283,0.786396901192056,0.6102709757768456,1.1217789643769478,1.0323773939801721,0.0006074260872107922,0.005956374422409378,0.0001962859212697263,0.07755791847356076,0.024568721592104503,0.7948336674293139,0.00019416949589035515,0.8762728964656848,7.558001328979375,3.874068547057133,150.68658044386825,0.7562285415776638,0.6736183497668596,17.744569805105684,26.080217883416758
0.301456728998915,0.07133440014772807,12.99245857056452,0.010603587872142184,0.011128314165961406,478.9666376809402,16650.383999153848,6.103180472541117,18.815346991052998,0.3181417243893851,0.4355964563791457,0.4628875645140993,1.930444342362874,0.5892247311475564,0.7826546234978671,0.6090933931413198,1.1122572450180663,1.0290934012531667,0.0006097880396534225,0.005935773054349508,0.00019577710484639958,0.07794692880232715,0.024644501878586987,0.7992250019968175,0.0001420062487953731,0.8802586902550583,7.527781814012262,3.8653112676197856,149.35997844492252,0.7569525882355602,0.6703142646925248,17.65611412824546,26.03183671132614
0.3027745971913148,0.0709996131856608,13.036086673395525,0.01060122966669919,0.01110880466825802,479.5220955583608,16676.749378317523,6.0952480461623555,18.68750689357906,0.31756391330184996,0.43709021044501084,0.460919803308346,1.9341927417457236,0.590955966923872,0.7814843823604378,0.6101527421291842,1.1132879083559086,1.0319585144447472,0.0006172786182030086,0.005925799072665939,0.00019586911721683673,0.07787150670839223,0.02473471131265642,0.8002312733091332,0.00013984884034439396,0.880081761690514,7.476808875915579,3.878862432170486,149.49550848992666,0.7623263218121062,0.6699481976575565,17.570695706876478,26.00410818481086
0.3018896449161784,0.07148376280071113,13.070135258070565,0.010647361518529155,0.011156011450613153,476.64786442772987,16708.990406646597,6.071692100226102,18.736871350323074,0.3163797171439623,0.4395419263381014,0.4585108474446132,1.9180166495617954,0.5899337540776645,0.7832209545629484,0.6097210205470565,1.1151125547953615,1.0362306643943162,0.0006183252548100441,0.005953508592951966,0.00019655955322263365,0.07768816264781084,0.024362162398971175,0.7983422589861285,4.62387113047203e-05,0.885696541118432,7.521801385626218,3.8622515623209828,151.3900680871627,0.7592599741130269,0.6691236290076277,17.556425165429594,25.8482505692746
0.3022871073626379,0.07079064023877361,13.070765167595075,0.010626187172904084,0.011180688037019285,471.97396588526834,16717.69999870589,6.079050832034595,18.721489908272456,0.3140370971480399,0.43840977443348644,0.45600157232678085,1.9163226095318715,0.5911250543271167,0.7783308958067706,0.6109750626528567,1.1107391669520859,1.0356096035314628,0.0006187948905655152,0.005932894634373558,0.00019492552768589483,0.07742078903682958,0.024167438867389986,0.8029700429396913,0.00014636833341023686,0.882275611506509,7.584272235815065,3.889993931628498,152.23102979590965,0.763814094922943,0.6686258766780554,17.615560540604246,25.831463879931825
0.3037347037059647,0.0714704493062811,12.964374551972417,0.01061422249613357,0.01119171350668229,469.35277787761146,16795.41994281749,6.0233485235591315,18.815289592025685,0.31092516171203255,0.44057053264658874,0.4558405342773958,1.9092138337900906,0.5965171404434376,0.7773192889839494,0.6157204321078086,1.115813633405213,1.0341871916587155,0.000617895391965445,0.005926140835433658,0.00019380377799137772,0.07691627861405022,0.023880168008633178,0.7993704302615925,0.00018427107383771132,0.8843057724860521,7.56490024400325,3.8416397824869137,150.71460085627768,0.7613609297342786,0.6654062277069709,17.46452295382826,25.90159207832128
0.3033483427947091,0.0719113142071289,13.044883563535237,0.010602378157828853,0.011260853064325114,470.2935401478595,16764.836612470084,6.026620499413877,18.856833779798286,0.3133607236640106,0.4419239062066964,0.45485233226919386,1.9248456245827998,0.5908928827233498,0.7792624961813028,0.6169005696660509,1.118557110130952,1.041209089338376,0.0006164154291220064,0.0059471227185085756,0.00019407539628652778,0.07729392621861444,0.024065736406380895,0.8057723484167151,0.0001973729822557723,0.8828861725901195,7.548044793722375,3.86711830464832,149.56414123987273,0.7573289723772566,0.6693442755229033,17.38177352713184,25.629566308352477
0.30289478795179686,0.07172115668779999,12.987502129371348,0.010587897548611924,0.011300985372022185,468.49394577617045,16635.810372544183,6.03058778072287,18.822267283193884,0.31276553978464816,0.44075791740750553,0.45437919208443045,1.9204661521080932,0.5891340377532821,0.7823147619477852,0.6158968074185049,1.1287023620792107,1.0404149356751144,0.0006151046558489447,0.005950438293836246,0.0001942633048746337,0.07785500352076756,0.02404483077413634,0.8071068373321392,2.7358451067686164e-05,0.887950518241257,7.50787872830276,3.8760093870634766,152.63590904999353,0.7548832933834804,0.6677035239861152,17.364805190686997,25.764914252097544
0.3021724505634806,0.0713016684574954,12.994030142781709,0.010576496353928403,0.011410958521974648,468.10229210517275,16729.328251512157,6.029772301658344,18.957674948423225,0.31013258466864063,0.4414936653411196,0.45324958290701367,1.8920612111865525,0.589048174757043,0.7824695164064768,0.616767238626584,1.1310293651185113,1.0368551730087339,0.0006171834175419678,0.005917662369636324,0.0001934762985052495,0.07787355776550743,0.024261498317984045,0.8100772299810899,2.8216103000833925e-05,0.8820315708885197,7.443671298897311,3.8565152059208865,151.90075156484951,0.7580491551574848,0.668419606273637,17.423415268275644,25.566223432100138
0.30121167549216865,0.07159950121986441,13.041624035758648,0.010626993839335838,0.011422053906561752,468.42043830688937,16697.416143337552,6.00746663731475,18.935158682632224,0.31074678421616947,0.44124320233569736,0.4502972256440275,1.8952644492687893,0.5898619231073046,0.7834413849650628,0.6181156647820623,1.1189060195443787,1.0263976573516123,0.0006154356867805055,0.005895284517251193,0.00019432887005640622,0.07739221743426448,0.024294710788309616,0.8049661880000286,3.0854053829197515e-05,0.8821085006278282,7.377121234059064,3.8445226111877413,153.4058668322089,0.7581268125826314,0.672658857326052,17.517605237677767,25.702546490184993
0.300732779872508,0.07175405347981403,12.912293081009883,0.010691479359390146,0.011408164827153046,469.5638926851559,16670.28713567728,6.039045051741863,18.912213858841447,0.31022796998910857,0.44038714136423784,0.45208023766533273,1.8891127945875406,0.589997216952189,0.7820536136017189,0.6220881135163768,1.1106004105435385,1.0278861203700096,0.0006181256579796772,0.005875958815917161,0.00019353834748784318,0.07749873482329923,0.02408186120105321,0.8060229939826241,0.0003641357201753187,0.8843803633155433,7.403427669597156,3.8536964284311765,153.47011712487156,0.7616974629293032,0.6762448877687339,17.561330794745892,25.66340512455917
0.30161151184547885,0.0726300378352621,12.905824175009808,0.010715500035462304,0.011316436201801231,463.8775993292613,16634.497118051306,6.0423953979107505,18.965423449292537,0.30957414823517554,0.4428325204337838,0.4521452371348595,1.886620210967977,0.5871064939963668,0.7820586740761485,0.6180883307426843,1.1051988456988755,1.029292509950556,0.000617758303547706,0.005927100051620041,0.00019526639461426096,0.07721830286143451,0.02387882230082911,0.811414127633515,0.00020575177242123798,0.8786119421610339,7.3889324317219724,3.877365659712929,153.5993799100429,0.7614854857449721,0.675144586342207,17.69476450438428,25.714747697602757
0.30155810868602473,0.07295663252500342,12.893194784683677,0.010747088548459259,0.011279413664781947,465.18715182608526,16698.187318773,6.039062876841103,18.916851182392435,0.31039229007677666,0.4431121068052909,0.45030031393836817,1.8896388399258304,0.5868715484405731,0.7847731794656868,0.6191026804335735,1.103705880482485,1.0394133650762432,0.0006172861066746736,0.0059290909076990354,0.00019422985339100738,0.0771143021504056,0.023980326402745146,0.8107157440608089,0.00013838532362288433,0.8855156868067685,7.404567601733409,3.8887914218257515,153.46417537634716,0.7651002513750456,0.6720048627315488,17.637465141700858,25.774789483468275
0.30430905285342086,0.07318888772233943,12.926346108995109,0.010771392656475656,0.011216965032925859,464.7852097977733,16720.23881101986,6.03181444084279,19.04794973057657,0.3099857450764481,0.44132475611361877,0.4464477685523496,1.9021563055869752,0.5886031245055724,0.7899603779264612,0.6205970566898034,1.1076928219824085,1.0406572598526933,0.0006200681855280982,0.005942532567324824,0.00019570747952717712,0.07673047490524283,0.02392867806251324,0.8042468861849186,0.0002851547847258514,0.8809756973759629,7.382205821804816,3.902906845822236,153.66610593315625,0.7607381322655068,0.6688920821627191,17.587602185260412,26.000055873609096
0.3035061074931015,0.07219567421035075,12.882746498438262,0.01078680298174589,0.01125909793754608,465.1745774895875,16835.985155787897,6.042067568480083,19.13152412807811,0.30680677720447774,0.44170744364583436,0.44706812535633855,1.8919614036126995,0.5915619342025978,0.786394585949026,0.6183146927800803,1.0970831174339741,1.0369210792193946,0.0006249592638274205,0.005913510920201887,0.00019384820498374294,0.07683812454631746,0.023962789056223455,0.8064683085328292,0.00017438941009712857,0.8794263352011292,7.419505746361381,3.9241317081911955,155.27615207648654,0.7656007899647302,0.6684788278628002,17.573150860965992,26.025169778028747
0.30594241597915145,0.07285395987743191,12.927621095092936,0.010721444918938847,0.01131548917837535,466.3906275400638,16873.31756058183,6.061679317253674,19.01995497279181,0.30505876279389366,0.4433393616778104,0.4465473766863137,1.8846439121299308,0.5941688512339518,0.7816617632268275,0.6200970419850962,1.0987210363613213,1.0395844501117448,0.0006248718690675507,0.005953955154782844,0.0001936467427528453,0.07705151030343464,0.023878909149184138,0.8118755994905978,0.00018033940585699803,0.8886641773911018,7.448528154078048,3.929415949259795,155.9589125942054,0.7633758988727803,0.6672903347023896,17.661791182327438,26.09769529946538
0.30488854581581365,0.07292875329641577,12.805328419012461,0.010694604430949713,0.011356020732904601,465.2497659247295,16955.75051804099,6.070930392680569,18.989324816088992,0.30573027887732185,0.4408909620670307,0.4459568129660656,1.8863004726903294,0.5962090467600554,0.7867185544638668,0.6225930136610437,1.0929206785113343,1.0349457564675824,0.0006284371306477991,0.0059512735001733584,0.0001934453073624978,0.07707798388909684,0.024083497062137357,0.8087650053733777,4.6122669885138845e-05,0.8906979736571901,7.464948255285,3.9292661886243345,156.3089852808497,0.7645196296670757,0.6695500624391857,17.64833898241029,26.285085097812146
0.30420991716964263,0.0730256045275385,12.810739881223768,0.01071253116238922,0.011395896036237413,464.64799358781755,17037.981288020117,6.054356320394354,18.935835223684673,0.30584984140121907,0.43940807084040656,0.44285248141033656,1.8680032068016048,0.6029763713510371,0.7938107763176586,0.6253262045173923,1.094137442874277,1.0335020326158668,0.0006301898343356226,0.005942614726445532,0.00019339052227402634,0.0772722064475493,0.024142417178610105,0.8062872133566709,6.370624994002346e-05,0.9015023897418529,7.513912524491468,3.9316601993615508,156.84595397184765,0.7649065868762717,0.6688805426054248,17.53560567182493,26.180176691029008
0.30414382256999556,0.07222104307965761,12.618055755927168,0.010678982217849063,0.011411449626914755,462.8168417152483,17035.716518392313,6.067526266441951,18.800531819082504,0.3059627775486748,0.4366752886828311,0.44379777543027416,1.864934387979141,0.603005094354091,0.7906518517864998,0.6229487920987029,1.0860898619499395,1.0291253803170386,0.0006263734568860484,0.005935630193965599,0.00019323655660991886,0.07709826406237183,0.024258416230580487,0.8018674792365571,0.00025159749438144295,0.9007622550181592,7.429806676199636,3.913073764405995,156.4035122301228,0.7623475091616633,0.6613472115662791,17.48285611456025,26.296840247211826
0.3039117224148318,0.07134343453647056,12.658562667997218,0.010716649750024721,0.011453693828961966,458.130031947612,17065.71244476353,6.123725892067233,18.887481850954227,0.30621132878171703,0.437410186480237,0.444452531543491,1.8692401343655813,0.5989164799937278,0.7854888780861631,0.6254433449002614,1.0837716672097832,1.0231838552465977,0.0006239167942419533,0.005876268169784183,0.00019339035721340457,0.07718560479694322,0.02422022037652895,0.8057670877150349,7.672892709941121e-05,0.8987236616534167,7.464842570161395,3.9093369174934396,157.84617691068567,0.7619075488436963,0.6564196148795824,17.61281051971689,26.30021377004759
0.3036552572080007,0.07087768519716993,12.643598163628786,0.010767523609370439,0.011446501325858269,454.03350919347514,17108.583790572422,6.139193431405227,18.930869336220596,0.30406608709188976,0.43486790318214313,0.4470082827458613,1.8648225313353948,0.603240730779152,0.7904419792190778,0.6310016426714401,1.0876050453627284,1.013253212883531,0.0006205625000693058,0.005931292077739587,0.00019451957266902552,0.07720456262144657,0.024168658636840354,0.8092913469087565,0.00020935497721278316,0.8933898822364049,7.548784624519267,3.8994481204620812,156.74350857527125,0.7639049737210374,0.6561560925828405,17.543313549234497,26.268257536189402
0.30125808912619856,0.07092458894959781,12.591047222038942,0.010720409939330282,0.01143002892865055,452.2621513383513,17065.584631615813,6.159160104786535,19.020289381233074,0.30323017583308975,0.43158981045496997,0.4474885619863261,1.8708602094648898,0.6068995535746433,0.7929783925155743,0.6289720726437014,1.0846478864551063,1.0133399160947973,0.0006147442579851161,0.0059766585526189854,0.00019416753125654196,0.07750005467753648,0.024347444119194473,0.8071855123985329,0.0001168065056543056,0.891834839041887,7.471793575877503,3.892553146238632,156.59585663532488,0.7675364967096414,0.6477308057535986,17.489042318637026,26.393613766291374
0.2997371309492097,0.07091976925070176,12.645586836344833,0.0105908821491645,0.011319071697410312,449.79757243298474,17111.00270420787,6.15407490571094,18.986112459675454,0.30414570335349095,0.43450877734830595,0.44746157321514396,1.882496722158942,0.6112656475137827,0.7893570401768354,0.6271137521537029,1.0792158351679972,1.0105768833341218,0.0006152886581471499,0.005979615804806978,0.00019171214167816122,0.07762291529182919,0.02433780036877469,0.8131750993312716,0.0001026723951051551,0.9007485839675267,7.425010519719037,3.881845861754678,155.42617844755694,0.7697191310511196,0.6547031368236028,17.354987408048846,26.348952204836362
0.2997272837311775,0.07051310236912911,12.602851276209304,0.010567104647401404,0.011260594266346005,451.80741531249885,17106.74012198715,6.174369295533994,19.081048626974983,0.3050222466489007,0.4386275971137993,0.4500993314872085,1.8863850250209915,0.6118583927231538,0.7897197110587487,0.6261668097250539,1.0708938136012627,1.0150581364486484,0.0006178636724529845,0.005992366405666448,0.00019174946315678483,0.0774617887557768,0.02431790234645634,0.8095508753724822,7.173477319649387e-05,0.9012577927732915,7.472834071532046,3.88501803744844,156.30678926895462,0.7650734255940592,0.6520940193359879,17.45937428138503,26.59149386565082
0.2986944470712901,0.070481487102817,12.547808916170759,0.010632955734144576,0.011310983129397646,451.6474760128826,17060.300082092515,6.160292580085126,18.920385661129636,0.30473876225448726,0.4399334111772535,0.4525318766497667,1.8993395825363637,0.6095426443247525,0.7865572299425794,0.6252152566273055,1.0686834362014865,1.0242466621777937,0.000615130630176142,0.005950981801356628,0.00019088263913237392,0.07722254089058254,0.024477665220535995,0.8151023236210543,8.02010041129608e-05,0.8962665285247249,7.3920131662370885,3.871194754690665,156.96163922493895,0.7689646805253127,0.6497505638286591,17.383806813531777,26.490907559242313
0.29755782106931783,0.07090034815587012,12.641711188428603,0.010598021261912713,0.011383822115547126,444.36297872603944,17121.484756014328,6.128900403966406,18.953715486603958,0.30251075047220227,0.43987270533479855,0.4507686881538198,1.8948133546148083,0.6077914981618425,0.7884435031944176,0.6245324395438616,1.0767579332475972,1.0215107135606145,0.0006118599949393702,0.005923650606103313,0.000191104642550169,0.07737083303224525,0.024495795895850034,0.8159289400667186,3.0243991587506713e-05,0.8903021522915523,7.422364266586794,3.8603448043404947,155.51680500656758,0.7644270541292489,0.6492603695761555,17.427629551261823,26.60334078569124
0.2996025535068424,0.07096190796331903,12.682284082328788,0.010552240087030108,0.011329979803878435,443.2835074298882,17170.18923302242,6.143250341874856,19.135282256849067,0.30427102112232646,0.4383289099360822,0.4510186448466055,1.8843729987799673,0.6054248922291922,0.7905898683421739,0.6248812486666264,1.0845499650806099,1.0301520238364914,0.0006156911545161433,0.005888251801368527,0.00019152767503497942,0.07762333369664803,0.024456698399993395,0.8147759845947098,4.863225903648186e-05,0.8883241923417112,7.439218330695913,3.881515497234369,156.9365378893112,0.7681049726256269,0.6407898697790412,17.377479246287997,26.669660191815584
0.30026595471465123,0.07134992586297592,12.648124048075243,0.010595441608066403,0.011362008046967092,442.1523028680209,17161.82795805164,6.1431389972558685,19.17614226591362,0.3058398896236968,0.43877615054660934,0.4516927542061677,1.8762339400524108,0.6062032610523679,0.7958734836818631,0.6249576616386981,1.0839805942160983,1.0312896478780773,0.0006185579787863793,0.00589052774777281,0.00019166608657132962,0.07796018714875216,0.024437871663137996,0.8283941145755369,0.00010991116384487873,0.8820909742552792,7.439929023729377,3.8796896549319353,156.8730662749815,0.760405847729791,0.636127879731924,17.444503790956038,26.481930213437874
0.299983767794854,0.07047102032474954,12.665655035025283,0.010538496705762793,0.011350059496441994,443.16896960725717,17183.52032171257,6.156108561822474,19.17097628213445,0.3119274851721994,0.4389309248698546,0.4543317826958804,1.8848915175624588,0.6024595213423621,0.7937433392255554,0.6284703149191582,1.086406162705376,1.0355449306192996,0.0006172550988269319,0.005872658925757736,0.00019086955159049917,0.07759015542138466,0.024414348274099294,0.8298553739607619,3.156144670800051e-05,0.8798826931312724,7.388985572141143,3.8956203215812675,157.01975060033112,0.7632359827338033,0.6358927933793178,17.393083574480787,26.297669151720147
0.29846614760964296,0.07052742538116136,12.617014111425963,0.010561672910277658,0.01121283275894683,440.5013813449598,17246.731423586643,6.181202124361153,19.236390453245544,0.31040757747269576,0.44284719789038995,0.4519219586954891,1.8732899661743487,0.6024630504049286,0.7928347357475191,0.6278663383291364,1.0790827589404441,1.0362688911717004,0.0006218321329743398,0.0058892648522983065,0.0001915430713508457,0.07803975982837326,0.0244119376006918,0.8262524902308984,7.144139529962377e-06,0.8778136105499937,7.39494445343634,3.901199166478621,156.05182915663656,0.7643994045063428,0.6394630506606843,17.32827206950968,26.017570341371236
0.29740860423011134,0.07054210392602245,12.64136736639473,0.01050323911879962,0.011250035957344865,440.3776898091474,17220.219377737536,6.271132992981674,19.191923267105,0.3095207861298771,0.44160748675954975,0.453794127045831,1.8791620501428303,0.6012540869250544,0.7965549997248634,0.626049443213947,1.0727522429523226,1.0367108627350017,0.0006213024177876923,0.005847289819956969,0.0001915827931936621,0.07772510213865766,0.024517489744562426,0.8296728833784767,3.9998012592189565e-05,0.8692543722349463,7.414780923867707,3.8906019660939464,155.58927419083042,0.768028515107869,0.6413974923667475,17.15782671177447,26.0857267406867
0.29830553390770687,0.0701811995678571,12.572578606945939,0.010475990461187058,0.011242068125114413,436.614593757587,17373.093118654182,6.31940139582947,19.250052695020504,0.30813200936085416,0.43839270591650886,0.45772116117772405,1.8805580390424872,0.6001625520790719,0.7948778448296833,0.6258340972572242,1.07627579779445,1.037993649731291,0.000621009826608864,0.00588307275582031,0.00019175810615644503,0.07820261322226708,0.024527638465654582,0.8248625312442993,7.429854853370705e-05,0.8681366655437084,7.445773403616993,3.868473308384357,153.9305130137561,0.7713226489176044,0.6343992432721142,17.091180905135424,25.93739556657341
0.29931481371756685,0.06978083672629097,12.566600373509354,0.010467733283842984,0.011154904857889189,436.7968222895276,17406.361256877644,6.297632235414755,19.221574135718875,0.3079949108968484,0.4386846401042487,0.45742350246066327,1.8715924971053313,0.5983645597057818,0.7965650603430096,0.6220194922893749,1.0740357985936693,1.0376686277768818,0.0006232923038696491,0.005904540826774303,0.00019324475239405404,0.07856759092639141,0.024384821431262912,0.826089815897254,5.6203750077270535e-05,0.8722938870372743,7.456962315463637,3.9000361254415803,154.31756864858707,0.7686593327661987,0.6335889671960707,17.012907516924297,26.33778276744385
0.3026693411872536,0.07052660592675689,12.587660694240896,0.01050182030165376,0.011103760279269046,435.7213236772373,17512.836892619438,6.299465276349683,19.18168693533953,0.30494796845004896,0.43788105668658894,0.45512294636359224,1.8983951625784052,0.6001032095328533,0.7994003213029596,0.6230521527212945,1.070799751872583,1.0394915669658487,0.0006196204947699439,0.005919652298466161,0.00019224279764471785,0.07803767845104238,0.02461405059150032,0.8239987672793911,4.699373763811631e-05,0.8723584855619176,7.506462019889599,3.9046705681767238,153.7146502451286,0.7685314444989876,0.6369978761778838,17.058648417653767,26.44626733153781
0.30455822301104757,0.07007932258333603,12.535215551750953,0.010491296211996567,0.011127676356997022,438.0752901533433,17535.835362305315,6.310929272486312,19.300430044492895,0.3020952177522224,0.4369168043490519,0.45553565200255974,1.8948340903538918,0.5982159478785981,0.7935980333400623,0.6265385681489971,1.0691756485117043,1.042997478846206,0.0006201624096780047,0.005918833091171732,0.00018947043134352287,0.0778929375396338,0.024721688252124195,0.8310058463171596,3.91328821612702e-05,0.8791102259438826,7.487357439451042,3.89432094036386,152.8937088220581,0.767243145084266,0.6401027317815161,17.173808220566293,26.526304513140847
0.30406201979275693,0.07083976359011838,12.449960646414768,0.010445821981091672,0.011139316650288607,437.1969058862699,17546.647777977883,6.32775103732194,19.277584069368093,0.3027374589806224,0.4386600783315828,0.4578691192531742,1.901075026803822,0.5990053132123558,0.7956806872381122,0.6297239193785278,1.0758411967667219,1.0460212404160785,0.0006198772160068828,0.005910330887290274,0.0001887274434386112,0.077894057214741,0.024408392302822077,0.8326485726150399,3.707703884477623e-05,0.8736875659367639,7.562731818403869,3.8798273318059002,152.73157528425654,0.7653891914310674,0.6416496835458927,17.369067991204208,26.499850846071368
0.3030220707281332,0.07078866337932416,12.431122945580116,0.010504816352837829,0.011091725970138699,436.4140818355521,17542.538783724536,6.30710861296283,19.385053315143022,0.30616913224912234,0.4365985325851269,0.45865479492259276,1.916540810120274,0.599826486911186,0.7974591842886454,0.6304989905532379,1.0756341608193303,1.0553008652488636,0.0006195668531010733,0.0059120568024491164,0.000187824949365695,0.07822096227598793,0.024373410756424428,0.828732970272747,0.0001667397871586002,0.8715206015034908,7.520757122540255,3.873223131706365,151.6703212310659,0.7655435610798937,0.643375669726765,17.37727695225157,26.43185015835172
0.3020165327458816,0.0703772011608439,12.485434986074607,0.010526145268967516,0.011150831910599228,442.1124847637058,17530.742573464315,6.291932702255602,19.263802340520556,0.30378133776621086,0.43588557237832065,0.45736341202432224,1.8994860903181798,0.5991846540736747,0.7950901734471368,0.6317774281778927,1.0742820698783195,1.0511101567783898,0.0006209540888098542,0.005920441257896388,0.00018897932765310388,0.07808307519059408,0.024547500965816635,0.8243063279845513,7.50363533339675e-05,0.8719595162289623,7.52718436521307,3.874161405925478,152.02237539828533,0.7675592253086263,0.6405178831021416,17.247513522141983,26.24315315674543
0.30311260935981715,0.0705341302051415,12.344590886311822,0.010612714302755248,0.011124749557096211,446.94952178460187,17567.533000938114,6.321315634068652,19.376873343859017,0.30217124028810455,0.437694508732846,0.459676957026113,1.8946711803687288,0.6016579606330756,0.7925604311649862,0.6281572136280154,1.0689777255992807,1.0378743778047932,0.0006236321674517424,0.005907929663062969,0.00018926182355959953,0.07783338355332285,0.024620362629033183,0.8215565132135757,3.146828347818015e-05,0.8728597230469947,7.583497294476094,3.895697759216366,150.66501087093613,0.7674961148080374,0.6394495569007665,17.137342004467264,26.281318844676097
0.3019515018136189,0.0704901318950154,12.22635440350466,0.010583478193001303,0.011175884665637193,444.9434802253164,17574.23995849553,6.29022737612795,19.420869844906036,0.3013713013680479,0.43305326301773833,0.45897770874662286,1.8896979651189976,0.5931824767375375,0.7934532134060108,0.6341677845460092,1.062780793623971,1.0383532455990871,0.0006247679357664678,0.005915091934582309,0.00018783351988429787,0.07828651776944515,0.024623428099156464,0.8105498843226577,4.179113001291284e-05,0.8836228625940941,7.517050575715215,3.901415349828194,151.41610296761195,0.770768136294801,0.6386240283401239,17.206576830906506,26.160300160945273
0.304287813097296,0.07075388336805857,12.271832701220273,0.01058294243269563,0.011211309800607078,443.49722204852895,17537.31246739477,6.310695412993157,19.35220249471615,0.3010560575419377,0.43294521067192526,0.4550619967523093,1.9022879227279659,0.5942590109829186,0.791575038098009,0.6329259046908511,1.070519971074404,1.0404982767869069,0.0006256676328581403,0.005911157686999672,0.00018724207284563627,0.07837853759494072,0.024560206228791858,0.8113754509910733,2.557908187172426e-05,0.8828053982145194,7.485483419304011,3.938450969718262,152.961152823457,0.7719552901378641,0.6395924465798664,17.105473711441906,26.353814753905567
0.30318322173758383,0.07075891692047113,12.25125735623239,0.01050470417690302,0.011195465831024412,441.15000538158444,17491.861631743865,6.292774441920698,19.200845100237448,0.3053786805037082,0.4364600389187882,0.45524927360456807,1.9049539266150968,0.5986277397202311,0.7938427773151474,0.6341539800102839,1.073437832977744,1.0488316175141765,0.0006253791567940194,0.0059206188973358895,0.00018747570554107147,0.07885125598490943,0.0246286465642286,0.8157377680177346,7.59868207593875e-06,0.8791919693554537,7.483577013468807,3.941025556481908,154.42160382268008,0.7701578859602393,0.6343578521215484,17.11751260467584,26.340657503988417
0.3036781020629664,0.06996248040079038,12.205978045689216,0.01050765833792784,0.011196439984491232,440.607153973179,17448.44209147665,6.277879545761642,19.347904411051164,0.30243337073019483,0.4358815478141395,0.4544049258445566,1.899300510876378,0.5974776328364239,0.799083670257306,0.640119741302692,1.074607262167341,1.0382685295468157,0.0006257508838673699,0.005955873683707967,0.00018694715824597906,0.0793744929177258,0.024462802000761265,0.8144455206685854,5.39343273703166e-05,0.8845906810734363,7.511296207391122,3.9633466802900563,154.51360803414846,0.7688022284252197,0.6336926525247406,17.197123382975267,26.274981704310218
0.30418298998363086,0.07027363024724603,12.237016689268367,0.010532363695264845,0.011166623296364418,441.49757193967895,17355.645841054844,6.31294201113515,19.370479073150392,0.30416684078788797,0.43786689908969784,0.4527478090580055,1.8957179283246592,0.6040503622033976,0.7969166683635633,0.6442822236664059,1.0783678315081855,1.03635538356887,0.0006277940523866135,0.006006037799625572,0.0001862820413646642,0.07929296009702999,0.024388506526428554,0.8136271513302781,4.2473046726907105e-06,0.8870348372051919,7.499644816786423,3.9532278772605114,154.4911643619167,0.766704798509017,0.636603107965905,17.20649252434974,26.487005977004177
0.30444579565714297,0.07020034634858012,12.159173468646953,0.01056556326489763,0.01121073154557614,437.6817252535598,17313.10616552665,6.305908888607578,19.22426370861947,0.29855472864102567,0.4357689188724469,0.45005001781252857,1.9015287182082055,0.6014163522168086,0.7966482149388316,0.6406758565239431,1.0745102064847705,1.0331640418327472,0.0006311036567211306,0.0060276838179973025,0.0001854428461664072,0.07960991997991544,0.02447759672487375,0.8172025962509256,4.141720128764431e-05,0.8838643541063916,7.429760541684993,3.9372930126050636,154.1306663102857,0.7626451221757444,0.6338908631894533,17.171861355108184,26.477061802064775
0.3037892758360125,0.07054013780440363,12.20223056163495,0.010615472563477217,0.011120484233117995,433.1969983940444,17408.180552587586,6.282635279810342,19.260220959200513,0.3000318268009378,0.4348541345912223,0.4477411864247925,1.878468588583981,0.6024929026633932,0.7935171424359638,0.6434373499068697,1.0756978122806231,1.0331955105827155,0.0006302540671826637,0.006090896249110151,0.00018634837764979907,0.07893051737181672,0.024451599972744032,0.8165096977367947,0.00011813790021609914,0.8859051257211007,7.432306883334349,3.949302455035623,154.3408190913701,0.7671243883005849,0.6390675526602332,17.158729183844773,26.66494300030416
0.30605260871938295,0.07045823203557686,12.178904098143187,0.010609538585918116,0.011074476643956386,435.61782638336666,17415.805316585345,6.234482034229769,19.454620331591,0.3007999878962679,0.43411327214689494,0.44716286474479555,1.8705005680445195,0.6005454649938745,0.793587334481489,0.6498412997576357,1.0756516176119504,1.029852079986031,0.0006287499794036226,0.006069811524504904,0.00018544602140112683,0.07851272760625265,0.024327779882217865,0.8147257830749138,8.681434674283557e-05,0.8862993391194092,7.430592398566298,3.9496682881672402,153.9519413578319,0.7709252066864881,0.6436377603078929,17.183889087505687,26.621300979145786
0.30462450496392,0.0701438559731205,12.128293364997688,0.01064360047928356,0.011079356239853512,432.54213117366135,17448.012038817844,6.2898475470310515,19.51681858895691,0.30360960416933536,0.43418839549014093,0.44691299012448543,1.8688097059994924,0.6014444390256634,0.7978565595242589,0.6511891712532865,1.0641322661877943,1.030679481271628,0.0006319059115218058,0.006071577732084044,0.00018470210494646766,0.07881083605460493,0.02434266328978153,0.8158238239013239,0.00015605957663975255,0.8891347958004566,7.450854253818023,3.9485289360143776,152.61448607350908,0.7688372191383575,0.6458969910720629,17.282719463581067,26.697999163502736
0.30427276151690996,0.06983071366156655,12.120462533980183,0.01069040449062203,0.011107690151789123,432.43637202683226,17413.037421846948,6.280703240948774,19.60840140975932,0.30290436896022993,0.4306886033086406,0.44300992446733134,1.869018753097614,0.6024852034330268,0.7984647920814468,0.6518481037552297,1.0535666535230839,1.0385994453492806,0.0006342435436144489,0.0061345514861685605,0.00018498831142143736,0.07885018273012818,0.024470069023653514,0.81161075231078,3.2481050883723236e-05,0.8843530340704083,7.446919937357144,3.980233899386916,153.28617184666942,0.7678457879444004,0.6472864632243052,17.222053853122656,26.848876261956086
0.30658299319687204,0.06972906159400032,12.20729835329811,0.010689199364080785,0.011150510258312617,429.6045283982183,17431.662599289964,6.257121608140493,19.59654423813835,0.29977189867295356,0.4296559038789747,0.44272613479365264,1.8586155055957345,0.602948827107686,0.7987456621961894,0.6572042548399973,1.0508506606199428,1.045644066386495,0.000636744305287424,0.0061972654152837375,0.00018240967238928042,0.07890872062290505,0.02444729370357682,0.8101966057940971,4.816351105367107e-05,0.8819353787002491,7.475928679591174,3.969439979101043,151.83216284704352,0.7684444702429242,0.6417053002776729,17.30933544861417,26.821271491566566
0.30843224745770625,0.06945455597090534,12.234790779203133,0.010617038351142492,0.011104156441609232,429.3243933630582,17367.060281673203,6.243604146009746,19.536136251447996,0.29775566674240617,0.42802638759688855,0.4390133521921127,1.8579643674246005,0.6055842205889614,0.8005232479175105,0.6542273444024661,1.0601185083143236,1.0477589990821015,0.0006399617000287904,0.006228473038026578,0.00018118373987467714,0.07959153823005075,0.024591295537074266,0.81005116985671,0.0003025602498558046,0.8769558467547229,7.468000358481659,4.014224012746503,152.23590879384912,0.763682747810235,0.6412517552326905,17.320817383248446,26.777893233757528
0.308129376278072,0.06952230085981465,12.190052177755978,0.010629109942402513,0.011169663079322135,429.51169371080664,17574.13408622889,6.22397485382501,19.72056238882094,0.2959066936366049,0.43020996015344126,0.439465579226689,1.8502136663981137,0.6114053461706809,0.8042692213583019,0.6561610855421366,1.0575975321225677,1.0440347329761668,0.0006404164047110049,0.006191753198600303,0.0001810391266311759,0.08013420986685814,0.02447834411965377,0.8029456186957911,0.00030243971712503356,0.8789287570404167,7.491017959286328,4.008669143122008,153.82825907137436,0.7579649062191908,0.6417871488417674,17.253058307996916,26.758653122679444
0.30698275444263046,0.06974094386752462,12.189611056484521,0.010606417089227237,0.011187561537144945,426.90042969803295,17550.08868100604,6.257741388235623,19.71716352825004,0.29510797147399775,0.4298013139744254,0.44299153448045214,1.846012695837165,0.6105326269511059,0.8023289633824003,0.6562822604607184,1.0633628696020132,1.0417946264989253,0.0006407979962887545,0.006211240357399291,0.00018006442928668068,0.07926455613857483,0.024455046303725452,0.8091516771964838,0.00013314122659786377,0.8789520626863925,7.549632806028595,3.9992339807328734,153.39565101530286,0.7557730386270884,0.6471013992712847,17.304209537084656,26.610584831910227
0.3048724437123878,0.06942453925451743,12.145126985968302,0.0105796011832166,0.011273833702880948,424.1870836178981,17622.958279957857,6.298509769575735,19.78693404515961,0.2961271767894933,0.42888193003750485,0.44535138590704815,1.843480876926958,0.6052207784308171,0.8047629228656705,0.6588907370002707,1.072191352679445,1.0381064226322638,0.0006431244225236366,0.006269271553870958,0.00018117549830026395,0.0798041282817051,0.024494882488792852,0.8057723378690433,0.0001421716977672555,0.8859111975944293,7.54267040882129,4.015944791807471,153.536267647794,0.7460871475903573,0.6449570071905744,17.394919262150303,26.40481255045125
0.30655265019061684,0.06908675109165965,12.070169870548682,0.010551407380630958,0.011199639275121725,424.57758883737847,17656.36381743366,6.288696897269352,19.899644921264947,0.29591977047724116,0.42940872218431847,0.4474267426630012,1.8331044926734914,0.6044225180061915,0.8006321521886056,0.6542725801905991,1.0677508861844665,1.0419748525331878,0.0006385573698414642,0.006229198938817434,0.00018176104094890305,0.07998370889877064,0.02462376736019031,0.8060725880465325,7.274889891058952e-05,0.8840982055588672,7.50152155065958,3.9984217628832885,153.8572752276152,0.751706403549017,0.6471831969320698,17.534759067329215,26.109811665029948
0.30716696166354945,0.06873482274187413,12.127966730891904,0.010620997746280841,0.011119983670379804,422.5959828239657,17820.31685215124,6.257355353839272,19.930969842180865,0.2957501467207466,0.4264456329228172,0.44768462169512074,1.8252227779326387,0.6046622580601375,0.803421702374581,0.6564087015763427,1.0686937310055744,1.0407337949349444,0.0006412667474133986,0.0062808916341220876,0.00018198319416026386,0.07963816470522975,0.02468709207444948,0.8094995221705859,0.00012502037962758576,0.8847616722821664,7.549531985844118,3.9536505736576597,152.83495231956192,0.7545661935450517,0.6489026760786083,17.524990939437654,25.99527950760781
0.30819869045219284,0.06848261585815782,12.124788684550587,0.010676415712044163,0.011207244371191095,421.68712905927816,17836.417734749204,6.265064028696023,20.0688997092312,0.2950204997657415,0.42602759340812907,0.44639757408937786,1.8200465110388573,0.6047451056647676,0.8063277677488458,0.6585534305693311,1.0724791918913215,1.0435396457398463,0.000642852650933638,0.006277441406207173,0.00018147343202317865,0.07903336810877223,0.024717718054568672,0.8144717398345709,0.0001249239537112456,0.8803297862982392,7.5739976122830575,3.9586796575421657,153.8519505451554,0.7531634181742801,0.641235683474626,17.46941659009745,25.999558046355027
0.30730007602460363,0.06868510207310119,12.204716457219938,0.010707757501452772,0.011240287493264504,420.9000416633835,17745.104987953328,6.266255980177281,19.961817985420502,0.296358837937672,0.42861737897194807,0.444995895339364,1.816933268967668,0.6032343506365921,0.811135391388164,0.6607612493098138,1.0826845205887767,1.0403976554475163,0.0006438569362534595,0.006270351176424844,0.0001823165536552812,0.07858287283691243,0.024898052542867408,0.8184476050917914,8.230843488751612e-05,0.8831649232102835,7.5343292957186065,3.975357223920868,154.09513681775934,0.759776656722697,0.6370774979037361,17.599797728380146,25.726468546810498
0.30783728022848206,0.06806545802888199,12.097807780580638,0.010739222555905382,0.011212212914339664,415.45590294040244,17805.645780862324,6.2522142874609985,20.026495152727193,0.2942891477442928,0.4283677723196793,0.44439852410759306,1.82797602765558,0.6041154483196706,0.8128236786192415,0.6580764673642453,1.0791948791341632,1.0472295761227586,0.0006451469521859789,0.0062513363393528875,0.0001809372079795386,0.07831603542075077,0.024984875658141247,0.8213507966720263,0.00018234851338209222,0.8824077873499602,7.504856834222012,3.9585915390289994,154.1226215106575,0.758018022846443,0.6331161128699718,17.67705343314487,25.619601425485577
0.3091139491550309,0.06880811475086639,12.0789614683988,0.01069252572000126,0.01122660475488534,415.70433833680744,17875.485404120747,6.278612892049334,20.0038393804959,0.29138436840707194,0.4257865401457968,0.44371668564942407,1.8358017459821905,0.6034628412929036,0.8123634787745585,0.6596926958394679,1.0761999280797305,1.048892057050307,0.0006425830971271774,0.006283779413632602,0.00018150507597975031,0.07826930886969205,0.02504299725599669,0.821816318085221,0.00010265825479261709,0.8818228780780847,7.547822757001209,3.946555773717097,154.1961235280872,0.7643704070692554,0.6326580837350678,17.732176150703264,25.649341985433782
0.30722254087040207,0.06833768509330819,12.085562411212571,0.010757740870880708,0.011299474785436085,415.89075985017064,17983.715057016692,6.2741944092720505,19.898053163362597,0.2921074760110692,0.4276193184192045,0.44539307373107007,1.8402460656989066,0.6012401319863137,0.8078168803018556,0.659755765096553,1.0777264337906662,1.0467165253659947,0.0006475088197052978,0.006289294039891542,0.00018058377593816396,0.07817333647717381,0.025158573976901882,0.819940834781931,2.304815988725361e-05,0.8820343273680951,7.518948439972898,3.9323265706280903,153.54349562386787,0.764650904774115,0.6312441976545219,17.78241335555495,25.682108233916175
0.309149095684146,0.06840912208350756,12.162255775550733,0.010783641176135358,0.011289023954817247,414.32419957935264,18004.592057861842,6.2592230837640805,19.870381255773143,0.29421912215322005,0.42719443128217055,0.4463956430705368,1.8024676830768467,0.5991937200845434,0.8071828178502629,0.6602471737774794,1.0814756379533743,1.0445290716903795,0.0006464386633671745,0.006297592775968945,0.00018044526010141564,0.07831559812382313,0.025119900297896233,0.8193246717693434,0.00010981924865464385,0.8831818075572567,7.466449618682998,3.9511318919761926,153.6330811209133,0.7680798663694796,0.6335516752499799,17.80719984979334,25.5871820250952
0.3114482630805903,0.06897667610353493,12.180997827191106,0.010868693660564614,0.011346867401330016,419.19816378635875,18098.87845677195,6.255113192008191,19.84339155021681,0.2938297300321012,0.42564837556918705,0.44422604250270226,1.8035661791245508,0.597119721999463,0.8044928223573842,0.655395026065543,1.0838725129779154,1.0424061454213396,0.0006475981324935304,0.00632161348488255,0.00017994383039638266,0.07844448663480835,0.0252818879259502,0.8174150711378515,3.5453284834207856e-05,0.8815242133029566,7.473212412296218,3.974212255978441,152.69454863335645,0.7628499059110415,0.6369146667921329,17.769734945669278,25.34579785476143
0.31044383374003914,0.06892029622308686,12.164583138010196,0.010843211117253585,0.011406568320210099,423.0930223640525,18138.484220594226,6.267693327931462,19.957274532264428,0.2900969452787827,0.42656307489762557,0.448892594886667,1.8022289196103654,0.5897561052361534,0.7987213013956377,0.6552838880345565,1.0862393682964504,1.048654538439424,0.0006456225525678118,0.006309472628447984,0.00018132370271415049,0.07881096737279054,0.025264502065152374,0.8215670079580306,4.0472127629703675e-05,0.8756116052290946,7.476787141848053,3.9654611853370607,152.0723742600045,0.7629889180090651,0.6341445582387859,17.684142947966517,25.533290731262564
0.3079409399997727,0.0697300510688614,12.224348646747139,0.01077438465833445,0.011389851644689303,418.7057796922568,18173.5627998636,6.213310355201177,20.104409992100724,0.2876564432109601,0.426665671234682,0.45013513088379137,1.8039346183905853,0.5902988741412389,0.8039062917219997,0.6522470028644167,1.0866534431396477,1.058191787269634,0.0006430546930546555,0.006311448426647275,0.0001827234722653414,0.07923690023684853,0.02516528818297616,0.821193627170662,4.559776127922061e-05,0.874196158339895,7.416351057131831,3.980086830831611,152.85286704226664,0.7572679863976903,0.6327652308134318,17.692489058812786,25.74462100702546
0.30983921270171966,0.06942101369732309,12.074196691392135,0.010811543118520735,0.011333401469130141,419.9526703216942,18176.035139780146,6.193609174068193,20.025794832211737,0.28574983087280836,0.4249568299917607,0.45268699573527516,1.7959156084152874,0.5871073775234369,0.8045106863839409,0.6518684560845772,1.0906697799513752,1.0623448141962764,0.000642994210511425,0.006325796050978281,0.00018218378244178686,0.07961062183024803,0.02515508988758865,0.8184807274352303,0.0001083433539826503,0.8764163276290451,7.416136887783813,3.9811242811401444,153.50061482227514,0.751709737878703,0.6315803719664191,17.71448416201679,25.810470479682998
0.3077677971008638,0.06991972128511441,12.102680559424563,0.01088036397008482,0.01135011143939721,420.87890256938056,18105.978609832448,6.222986159993489,19.866646936531097,0.28519415445512436,0.4257820229740747,0.4563235024311926,1.8228982344215652,0.5884302411845491,0.8055731354556954,0.6532864599266319,1.086163251303796,1.06867935301975,0.0006445881940824669,0.006343179695243374,0.00018196671697621468,0.0793374865367705,0.025343074049472822,0.8189541743825935,8.490072776864373e-05,0.8763414538402202,7.405471377970392,3.9734428486104,151.99197128467446,0.7565035905808078,0.6282146108607725,17.78899351706812,25.85067791980283
0.3097895232190097,0.07000318832927847,12.06536691305389,0.010840609370067592,0.011322969139565342,423.4095028220687,18085.142107461346,6.190357656106783,19.91316655017601,0.2846788867795812,0.4260835088272712,0.45652572838481764,1.8422288975196577,0.591688091731667,0.8052169745267321,0.6492239271805332,1.0880591253037788,1.07541962739342,0.0006470855851691143,0.006356962122402321,0.0001823855973334228,0.07998107306162519,0.025258725430036058,0.8209180241030472,8.16332319365047e-05,0.8792638399113942,7.3980262573895486,3.9731283084259448,152.63506608101918,0.7511317276595397,0.6290749412020983,17.790179473304057,26.05585111859397
0.3089687542531055,0.06961422837825686,11.984989651017793,0.010809154837038218,0.011352490018001052,422.2124439900523,18174.969528414225,6.236019616333095,19.877192466869598,0.2827297403947249,0.426753262794117,0.45716036989941955,1.8362558612242712,0.5939321455598383,0.807567945851787,0.6504332798397991,1.0905782359951268,1.0755974529494314,0.0006478644298280888,0.006350973743973115,0.00018142480927399113,0.0801001430194782,0.02531172694007018,0.8276896960636336,2.6985433938679992e-05,0.8829910567045709,7.392814756097206,3.9901953169599893,152.1141377052005,0.7544434799021214,0.6321882952843344,17.791313605428673,26.339264431784542
0.3117500819053558,0.07012415772376783,11.97745192732231,0.010793064113808303,0.011363768822593986,423.64932985108913,18191.343948143003,6.2498248631180155,19.889600754840323,0.2839374644701666,0.42582108243967387,0.46216893754780164,1.8447424101926824,0.5959265525447822,0.8075409173257873,0.6481097729697696,1.0894349603899594,1.0709942593751942,0.0006464140321374066,0.006320434115629263,0.0001790737010095925,0.08005172770828513,0.025444078264879016,0.8277045432863117,7.79105902225691e-05,0.8846909461001012,7.411112558629651,3.9723271437227234,151.7974311663395,0.7541784188353959,0.6322943498605176,17.67952631883938,26.29146281377352
0.3142530457908056,0.06960960597155476,11.90639425371473,0.0108300466132107,0.011416431177081878,428.8345540643765,18172.63637855891,6.252757082152956,19.829835653891354,0.2839805653931993,0.42422281817627183,0.4571265742518937,1.846866416498025,0.5992139091501695,0.8122165381002984,0.6504531836690096,1.085216934570288,1.0697990207648058,0.0006471100150465788,0.006281330257993427,0.000178017752847611,0.07973904940757481,0.025424299174670414,0.8345724375044553,5.161595857823876e-05,0.8808993579692107,7.474898641202267,3.984070469175202,153.0168003251995,0.7552391687797002,0.6358162037549148,17.653515568642923,26.216748244122677
0.31425647481140717,0.0695544238292085,11.942522483602954,0.010872336358671,0.011364397509569626,428.8840217504978,18115.78945662584,6.209316740971114,19.871959524870245,0.28461432866443576,0.4284326823727522,0.4566218543628948,1.8314982429758728,0.6024207256720412,0.8077136620536803,0.6507659254575,1.0876891403847664,1.0615472495849538,0.0006447443798804091,0.006322027545288677,0.00017925942987436408,0.07958358555483641,0.025418567943004372,0.8396161390015553,5.389601433835257e-05,0.8829357884262825,7.462356829317068,3.9905132811670514,152.81487777661982,0.7567920753995444,0.6390166163564877,17.64405039756173,26.19180664199527
0.31397977887622774,0.06874524844980856,11.962351850683573,0.01081506876422568,0.011348844163448795,428.3480243230706,18111.11504286041,6.173954866392206,20.003780693474717,0.28636388426191023,0.43137046396978945,0.45535277914866956,1.8464378588633998,0.6046256972974524,0.8092728367401837,0.6441273674634453,1.0837656477957738,1.0497592332332797,0.0006456576747456369,0.006335824617571145,0.00017989376936953166,0.07930280339392932,0.025360226784346303,0.836627161062545,3.4992356746093203e-05,0.8874364406021182,7.397837433302737,3.978037097564191,152.82849618209093,0.7529715353946818,0.636716881736741,17.698728981973368,26.188448821460415
0.3139444771100134,0.06860338854389657,11.965823868357255,0.01077319206845229,0.01130760258238608,437.03599156890823,18103.492723308682,6.181463004326938,19.999028748882964,0.28307536425615937,0.4301979479514175,0.4554868943402559,1.848334531381676,0.6013099287057495,0.8033159673311663,0.6445453907238011,1.0899587280673146,1.0464348591945358,0.0006475676778370375,0.006301456057399745,0.00018026790108716293,0.07943420229656976,0.025401963150596594,0.8425377894681704,4.0805193164243945e-05,0.8895197645651852,7.440594722952754,4.004379727007977,152.90658686146307,0.7576542591560174,0.641849570360206,17.641491035923924,26.080203422387978
0.31388256938404835,0.06903763787862041,12.000972980645072,0.010752112568257494,0.011315120300786803,438.00156111620265,18165.082659955402,6.201087949970564,20.182727112914137,0.2850192067309605,0.4301609911850121,0.456800216520561,1.8569651988251799,0.6008300792915581,0.8033182744836314,0.6461408503001665,1.0955355831146276,1.0524785763385462,0.0006497531876520455,0.006273242236068387,0.00017810580781987847,0.0792342935078089,0.025392680980811457,0.8472409285950627,3.931510571136894e-05,0.8837890209253797,7.465581650799196,4.026426428463436,152.29005101464864,0.7582961360359537,0.6405182893842412,17.59088801292311,25.878001128528883
0.31324486851296235,0.06876364599642559,12.002385809289288,0.010753391681979191,0.01124996545966,439.5053043748762,18153.742882489405,6.159849788216372,20.04192971294887,0.28216300193896754,0.4334011989068903,0.45898340587196407,1.8657715279244913,0.6049277590245785,0.8029476476014776,0.648002716785125,1.1025498044345894,1.0542958212614828,0.0006532917858243145,0.006266753171963436,0.00017974045304576075,0.07984523684601634,0.02528655339855877,0.844495711178532,6.614308254781291e-05,0.8851143006787248,7.450891879049901,4.033817835882742,152.45070517363447,0.7536988543250146,0.6363492545240812,17.598036639420087,25.833383888972108
0.3150162319294368,0.06876568432807456,12.03504641360552,0.010672187109372195,0.011173470740916526,433.3620955416357,18256.41668880042,6.189289271651267,19.974790837158505,0.28151079557426706,0.43405902281388364,0.459184506052217,1.8753144846334044,0.606014294346938,0.803591482464457,0.6473471821941734,1.0952113595091293,1.0582690479359385,0.0006579435480787339,0.006301606613340156,0.00017986542150051353,0.07918990689476293,0.025464557227416623,0.8516453257859381,3.721390895381572e-05,0.8856346366612778,7.441353167257415,4.035130569203677,153.00003135890466,0.7546197342743596,0.6426507582100014,17.545321886632443,26.12277578443736
0.3134132504019669,0.0679986822816326,12.012052321305465,0.010736542666455882,0.011209826092725434,433.06717331759165,18302.091909145583,6.231253500529477,19.852685282465888,0.2847660270730614,0.4335780339116535,0.4566531228702776,1.8687152944153667,0.60776120316436,0.8017196393814768,0.6478328907298869,1.0990976515527309,1.0488557954772764,0.0006588798621569049,0.006285985327660995,0.00018073502294258512,0.07918368527981377,0.02545320481593679,0.847302380110841,9.043890850455958e-05,0.8797150628452257,7.36357823925552,4.05334581768778,152.83333420509402,0.7579689303607722,0.6532333269843745,17.57231928374439,26.37025841736901
0.3144633213437216,0.0678108418160963,11.95088067942857,0.010723966541945858,0.011219489015283014,433.393112903941,18363.989050438286,6.265737479820926,19.810757054135813,0.2823244344577998,0.43529211585807814,0.45506660649801145,1.8522381687349898,0.607015152241292,0.7960950693128096,0.6493504712023386,1.0862297167942383,1.0502578723989915,0.0006600147080559473,0.006274305705136268,0.00018071500411313853,0.0787361133516148,0.025551051973633835,0.8443792705709299,5.736541260994056e-05,0.8758787130778166,7.383409894805799,4.038114892611279,151.82197734043007,0.7541614750779169,0.6561252688826446,17.54781638681523,26.38286123724219
0.31297438159720414,0.06758746499981735,12.025101112744931,0.010823643441639505,0.011149974483440793,433.7237721747692,18341.304263899954,6.228890277332123,19.749394853416106,0.2853728895452964,0.4368563604649717,0.45456761187978406,1.863892096009078,0.6063315483289106,0.7962966151259921,0.6471066685037388,1.086221322589838,1.0460604949140846,0.0006596480889962268,0.006265448176288341,0.0001800123989392249,0.07854234720602937,0.025342286128232874,0.8439701125910423,3.246391559916363e-05,0.8783153323038485,7.391939619614284,4.006874502248867,151.1367492990194,0.7535698265118393,0.6536223185693343,17.55835675142884,26.285453347299235
0.3152096594991787,0.06758117570739097,12.081779411265524,0.010837903686019924,0.011156094985767164,433.4590660062378,18359.284684036236,6.227434428989322,19.83638020888996,0.2840875218375691,0.4372834198442796,0.4521796676480502,1.853854936417716,0.6088944914726784,0.7961950355018297,0.6426373903361908,1.0867363725333674,1.0569096367303168,0.0006624621430785688,0.006291520977755977,0.0001802611525094144,0.07853939858795977,0.025138793590350282,0.844768265689317,0.00013913218610380845,0.874765108200536,7.350026003632003,4.006175576717978,152.26077622417287,0.7537590113959887,0.6513594047341323,17.563845992419687,26.409307537064127
0.31860627855388995,0.06644657997305041,12.086525503144523,0.010865655926551776,0.011012945834309585,435.7754629426221,18363.585736208883,6.14679287631295,19.981041025424904,0.28287597817645965,0.4377390727545695,0.45608341269591096,1.8394533439149363,0.6031407498661804,0.7970517569878219,0.6402021881724943,1.0820162545727614,1.0625167540007405,0.0006642351116133185,0.006261796544279467,0.00017981938345906404,0.07776611949654164,0.02522468744442514,0.8509578573216788,0.00013630028268410985,0.8818065430251864,7.320655533581816,4.005753074791869,151.01920900430466,0.7560493467140815,0.6501460739526834,17.55995479213618,26.611544033659047
0.31765360654049085,0.06655749040721669,12.023053711330503,0.010887012917538748,0.010971751176656266,434.75256424336,18391.52187826018,6.137695832752504,20.060949637183978,0.2830169910163509,0.4345213354386693,0.45580572502986977,1.8489373491242547,0.5989855855043186,0.7989222007470851,0.6337265137842322,1.080719561577488,1.0593235107266747,0.0006652864210589609,0.006230451422272236,0.00018129384117463961,0.07773380811685843,0.025490456670150798,0.8458818319687198,6.179361933759871e-05,0.8866736635632252,7.287277879898536,3.989890803181014,150.67232065491416,0.7600565210083886,0.6550993558329297,17.495012948632425,26.704866574460816
0.31931857431537325,0.06673089213460774,12.076399798398963,0.010897130598547983,0.011056376426759273,435.72261915389333,18420.318533641534,6.116570688607391,20.088326439991512,0.2841485350315592,0.43275550331899787,0.45346136890468103,1.8590449976945809,0.5983079432989931,0.7978438186491731,0.6369175947637681,1.0768494783181801,1.0668029528641911,0.0006673088957900351,0.0062352111158099095,0.00017958179206258422,0.07842097396376824,0.025262166687888415,0.851254851126806,0.0002954483622378693,0.8750022227778917,7.293968625771381,4.013649529946353,149.4555698114794,0.755996087707555,0.6537183866258304,17.51622295827909,26.418347776189535
0.3202048786455647,0.06662230783684832,11.973498141492591,0.010893291383513653,0.011063521510822983,435.77129058078555,18474.21340146322,6.135525197705314,20.00017509967762,0.2828299834176878,0.43429737495317194,0.45075165702779446,1.858330176222588,0.5957320366607471,0.7941336250857813,0.635707695919089,1.0774167542446689,1.0657724841563092,0.0006650386333050909,0.006174466662683736,0.0001794897476629392,0.07884462520112409,0.02509530841978341,0.8521394853195975,0.00031006806619358364,0.8813697847515541,7.306474044239718,3.996674037256141,148.71192988048296,0.7604748128635572,0.6563360078960612,17.493351034466407,26.517369843397333
0.3180515489850662,0.06630687600688281,11.940516071705785,0.010895290631900242,0.011110387392454232,436.796267698813,18449.278673821336,6.141433587477737,19.99505761670921,0.2838836360953415,0.43788919995438574,0.4524336621731897,1.8839529294858588,0.5964142377341968,0.7938790316975508,0.6373636867670914,1.0769434009007435,1.063258565746448,0.0006675148828362242,0.0061791526705196505,0.00017939865739282132,0.07870759172359176,0.0252426185192585,0.8495445036299353,0.0001389209569628588,0.8815414058188105,7.3834646322306225,4.019265861773519,148.13501071713904,0.7611382824709526,0.6584931853255495,17.441582787628484,26.384880704614833
0.31898489425558524,0.06671480033071468,11.936027386626273,0.010939469964280168,0.011057988873981227,437.75413002967684,18358.550991647448,6.112580967551813,19.901409381686545,0.2864910196627436,0.43975430694645906,0.4524912312836247,1.8713607003085504,0.5913387779085967,0.7963224031198729,0.6408862372969917,1.075258243642444,1.0675013116935255,0.0006671776476698219,0.006194454618295104,0.00018003233466104866,0.07900105545062527,0.02507539884478211,0.8521491420568532,0.00036514928378037203,0.8814143117490225,7.401676284906834,4.020054738639621,148.56374024105503,0.7659218144358876,0.6590433323962873,17.397103077449987,26.220582432732858
0.3177569743904914,0.06579668256674624,11.896531947648961,0.010935086954049334,0.011064491254100157,436.52361192116837,18364.683427483724,6.1050885199152765,19.789905650368368,0.2861850775468075,0.441716950932013,0.45330648272072344,1.8772074044731877,0.5889087722664736,0.7973815435522865,0.6399314289286189,1.0720201326046037,1.06760081034384,0.0006686953152350422,0.006201234271754519,0.00018064557678899886,0.07948318220844927,0.02528168530968125,0.8574544504022615,0.00022780386408485337,0.8785156688462262,7.4748831388805215,4.061741468180118,148.62431700446908,0.7624575785704688,0.6549642653250265,17.381235866967618,26.141805441750137
0.3157829758400821,0.06529713688398583,11.95518650006167,0.01087869903146361,0.011054313573005264,435.1572841356386,18333.01263112856,6.088725708584005,19.746402882048024,0.28521212737994456,0.4391546051291028,0.45394083325704276,1.8792828923724871,0.591135946216048,0.7934458547653621,0.6319277824362954,1.0706164044619906,1.064464088512994,0.000663733171374326,0.0061024333186444945,0.0001821057613714599,0.07981056433300705,0.025205779554392443,0.8568091809182999,0.00030121532036563606,0.877401389596367,7.483962566845019,4.0285841454968905,149.08042170134928,0.7604231307002556,0.6529958302310438,17.33803392103647,26.36091330644488
0.31493091645198984,0.0660147750998219,11.953233995481726,0.010879589473657192,0.011083551935269446,437.22642440674474,18336.98850088412,6.108012139121462,19.835425091574653,0.28700693336490274,0.44107935728029046,0.45233497508806747,1.8869983890750621,0.5921211962587345,0.7898595879185211,0.6292421419081153,1.06781002966243,1.0627187774664675,0.0006629343063253869,0.0060645770537701696,0.00018146087843679256,0.0794223111174909,0.025197193559102035,0.8530723477996963,0.00012174500554949628,0.8734046157621816,7.47956376839751,4.04010284426618,148.59661641802018,0.7595238421275101,0.6526027386779604,17.282878733839702,26.497876831995566
0.3155903710471248,0.06610885044074216,11.985384686779033,0.010973976913163302,0.011103114052200876,441.26631752407394,18298.546664086087,6.11283728716878,19.952956922084443,0.2861131234107,0.44220308704897243,0.4535442735472166,1.865536492583657,0.5976083305798454,0.7850484092974713,0.6263434145975741,1.0664797851395509,1.0644674639976992,0.0006678903265187964,0.005990617841300391,0.000179614334872139,0.07869794823369604,0.025284626825566495,0.8529965555640415,5.9481533703328434e-05,0.8765444623254613,7.543288739224005,4.046722379863748,149.07676373206934,0.7602438967291113,0.6554861582726628,17.401342854626577,26.41631663831741
0.31729710270679573,0.06671644385434349,12.00680585109895,0.010908157096157545,0.011113340392130445,437.69056568419035,18374.034841050936,6.071580911870192,19.904038574910057,0.2853575439331838,0.4428508493189804,0.45493920902752255,1.857233900411003,0.5914488139223295,0.7885318509436079,0.6237212214844776,1.058443335285206,1.0620865617189446,0.0006653752885487604,0.0059571875194210045,0.0001777198962833853,0.07832111791658516,0.02532447492879468,0.8528476469428559,6.457823308116237e-05,0.8825794543669725,7.5483681722518075,4.07820715135397,150.1916729333418,0.7564964359138254,0.6569998852852886,17.449692041277377,26.413305854370822
0.31906728325658834,0.0662621261652601,12.02173560706762,0.010890236089594456,0.011078660390706839,436.7994706661967,18523.80937348567,6.051058353267478,19.960849963986277,0.28704220901824146,0.44353463308273183,0.45799296954470353,1.8635879328972125,0.5910229040480399,0.7894810940951359,0.6209595115875841,1.0519610915124353,1.0454439356365655,0.000660206965734897,0.005916536155343215,0.00017692409731336122,0.07799275942154565,0.02527447027248394,0.8479903271707112,6.587852826585659e-05,0.8841293181668356,7.5333783832647745,4.113027014675427,149.91854937857943,0.7581211572819728,0.6561000207600088,17.590012643378383,26.302831141318283
0.3176734332561272,0.06538143936597833,11.948060306991287,0.010860407228003667,0.011069027001819696,436.227249558901,18536.648581391408,6.082554432380512,20.00481276062991,0.288981303643852,0.44257575421200895,0.4590694236325823,1.8518245852276682,0.5957257676119914,0.7902180268522325,0.6224210409610881,1.050667739857722,1.0534977975518722,0.0006599897350122503,0.005939693931146878,0.00017587409275777498,0.07790900512325376,0.025345591600609823,0.8448257481321257,6.509975721074366e-05,0.8880945904619797,7.462253336825392,4.0960789830574384,149.37084260831725,0.757028154606412,0.6530620390390773,17.539062137907177,26.460464897372617
0.3179498277241482,0.06555839166947384,11.94939850755271,0.010953600953921283,0.0110950354205044,434.80229965086477,18451.343248828274,6.064537850596727,20.05479945421261,0.2903550205152699,0.44358546009054284,0.4585143611043904,1.8429635250651608,0.5966661094833553,0.7889020282759565,0.6236490739211513,1.0552661007868902,1.0531229118817185,0.0006566680577089494,0.005970066261850126,0.000175238967032828,0.07781582688775976,0.025342473239080083,0.8459807046012038,7.516181970855622e-05,0.8865147148305529,7.389315281887922,4.072791834966247,150.20380298620898,0.7542984738207993,0.6467656481688775,17.640657295742123,26.605780241311045
0.3169858665299022,0.06502214849169248,12.016002320495554,0.011006552474876133,0.011046801593830938,433.8472754563902,18453.0073392732,6.05378976682765,20.048224588976755,0.2918985414481395,0.4414662397036859,0.45724739750272564,1.8585534613478458,0.5965895507336924,0.7924989005243441,0.6215927864982872,1.052540334493247,1.0493222523910752,0.0006534608410036221,0.005949411034201328,0.0001742308190119059,0.0783853827019895,0.02531586058837778,0.8481351794269123,9.147958976989241e-05,0.8838958295320966,7.420788824057369,4.071570438944824,150.00543288612604,0.7524762998876776,0.6498224125498114,17.633292932410527,26.46952445422373
0.315291439040215,0.06489375046002464,12.041432131347472,0.011091999918812859,0.011052715288010715,431.1961414837279,18492.48861195288,6.054748946364778,20.117968836385128,0.29249282685428424,0.4371971836022301,0.4579056451771741,1.880539561470321,0.595167393459521,0.7907234862184284,0.6207235284226328,1.0598477392476973,1.0546002014573308,0.0006493149948680538,0.005980941407234622,0.00017541247414815095,0.07852963585019127,0.025407138411128447,0.858301590417807,5.879071407136608e-07,0.8931229857833821,7.349097815041264,4.047480508132483,150.4848736008472,0.7512903155269935,0.6594572136240884,17.576583874439233,26.586845158241378
0.3158479798186979,0.06493860460764721,11.934788026531235,0.01101477342154375,0.010997993525114628,428.7877664455732,18464.98855943651,6.060628458753997,19.98728210484681,0.29063501135982117,0.43694713633042626,0.45583773514533144,1.8874394803266883,0.597909794881957,0.7867637935806232,0.6221861184667686,1.0585107704949308,1.0503319729417018,0.000651519295888997,0.005976963060918992,0.00017498564717686088,0.07864607847200891,0.025280016113025213,0.8574144917941676,1.643659852357796e-06,0.8985056015559005,7.3722532935564224,4.067872264969457,148.9161430778976,0.7518004222540804,0.6605799046416385,17.569519827660027,26.696530820861774
0.3159461346067102,0.06463482569294156,11.934564154479641,0.01102194426518781,0.011040592595821387,426.33317134452057,18454.97806765983,6.083215495063031,19.96149567326498,0.29076745324488207,0.4384147676124457,0.45816133429346323,1.88023074175635,0.5985728306993253,0.7917093388359059,0.6205743211961333,1.0549568026258602,1.0488990006186318,0.0006443269816279074,0.005959277335074604,0.0001751727192150757,0.07892074616369113,0.02541707775023612,0.8568883272271394,0.00012111923196147541,0.891520177824425,7.401969445966393,4.033461711009993,147.69233881845167,0.7496367987454272,0.6620966663996105,17.565828950501828,26.902496058144123
0.31903794968289106,0.06378863893156547,11.92839893818724,0.0109453028258082,0.010994306654839636,425.20618942045485,18471.468665398635,6.051187564241826,20.03437750168426,0.2922741528908998,0.4369479117021744,0.4598695622051149,1.8973694949252726,0.6018784107759995,0.794279995641878,0.6208244900186409,1.0621237481617942,1.0472663691699569,0.0006476550224057812,0.0059655502870187595,0.00017556451246576073,0.07919512407753697,0.02534692982912767,0.8552554157946307,3.788721152827382e-05,0.8906876541492001,7.368682684712663,4.013072163015373,148.69183288047358,0.7526262599107001,0.6630448246564488,17.58579781321225,27.09555524246924
0.31859307229998396,0.0634647580553395,11.834635152998942,0.010940852729761716,0.010973323539963057,426.83586537133846,18677.55208150297,6.039972158682662,19.882523200015164,0.2936928088506002,0.43690622691813547,0.4602314845933352,1.898039388106149,0.6004996104746472,0.7923638861068931,0.6198885251424257,1.0671363144718422,1.0479195405576691,0.000640655227302087,0.00598633820444949,0.00017430754152188808,0.0790153898804274,0.025234550038732945,0.854318774040054,8.345661106891646e-05,0.8957179027600382,7.3555438047934025,3.996651806445515,149.35349832670002,0.754545699375772,0.6628836245011376,17.590163912360513,27.413044917065054
0.31931998035652054,0.06349694658330385,11.73482624008222,0.010958738529424679,0.010994865187818496,422.6970414602446,18699.169013436935,6.0500231724266955,19.93055804023061,0.29426732376592657,0.43611798899027077,0.4612292044050561,1.9001346742510103,0.6030766085090714,0.7892098005982463,0.6160827772938302,1.0637962122878502,1.0461209513480039,0.0006430138006313673,0.005974590285605142,0.00017253686327328534,0.08009431162632763,0.025102386764749317,0.8579548717195449,0.00014873201104945397,0.8998380893611448,7.363310061743599,3.977016632318295,147.74246374597354,0.7497329878844929,0.6664606331594758,17.532071629269826,27.249792671369754
0.31845687439237863,0.06356559092758127,11.668774406247836,0.010996045851496643,0.01099023858021296,423.19597781924926,18545.34986217588,6.002061609679053,19.85105200494744,0.29172701317406907,0.4356268052948366,0.4595949969088488,1.8968983248311706,0.6051425699363296,0.7931548118433636,0.6165220299148363,1.063295982073019,1.0464806128592152,0.0006410366141232217,0.00599663275936381,0.00017160913384190853,0.07991418848905474,0.02517805967653423,0.8584169800717023,0.00014886636138493453,0.8934745998374524,7.357418863718625,3.9559955757413054,149.63255318113335,0.751402642728742,0.6675398665141185,17.60138702056164,27.090341739323442
0.3185208504357939,0.06242620734270817,11.641040082897753,0.01103978217393637,0.010891608983724993,423.7761809001214,18647.276107566006,6.035673610864768,19.773107262558664,0.2886484705941194,0.4384711869648411,0.4589933338993566,1.9013117008219516,0.6038225104465192,0.7949239983185937,0.614177907068933,1.0641611465771026,1.0579823961804964,0.0006426839997728139,0.005956967422276244,0.00017081848708635206,0.07970553550972018,0.025464991630741222,0.8550867661769124,1.8523309233253938e-05,0.8906511816951723,7.377693255903039,3.9611986531854697,148.01917042266183,0.7529138031311896,0.6631499758820751,17.530531673012845,26.977057976134247
0.31907460381567504,0.06165202886184474,11.58953625934798,0.011073120535611424,0.010853648810644247,422.17247152693625,18658.846280808055,6.067483056070331,19.85087229974548,0.28569990804522105,0.4357393039041483,0.45779367580738606,1.8967982707430158,0.6064298981656331,0.7940287636095201,0.6134416804849226,1.0677756090740067,1.0548881573126079,0.0006411026961830307,0.005972897166688616,0.0001724101839143056,0.0801543302220952,0.025478535004032216,0.8517959587640755,3.8274325578697045e-05,0.8927394525122705,7.434423138003374,3.965779641269432,148.74400629524592,0.7528262568162828,0.6647523748797952,17.5332942752183,27.187410687265984
0.32225201684938337,0.06184110812601757,11.5763298127479,0.01101841436275787,0.010869660888162986,419.338234578065,18736.12523471868,6.054117472481713,19.835918466902854,0.2873826771034891,0.43801586026521094,0.4570280779510053,1.9177256157608729,0.6046614181878746,0.7973646637087353,0.615165350541299,1.0773251836033266,1.050329252131555,0.0006406841883572773,0.005943004187436459,0.00017456005851547378,0.08007266816670633,0.02522723091627089,0.8494086161536699,0.00016561317767514578,0.8866356084182206,7.511306161433433,3.952233490094762,150.2388892590606,0.7559872016453126,0.6678945762801121,17.668447279543024,27.244115304681685
0.32083020656071926,0.06137569814517654,11.64583890648998,0.011083133586276342,0.01090007159805901,419.603435570688,18741.999966759086,6.050806450624952,19.923302796144288,0.2906182396380164,0.4389391506043486,0.4571675070245681,1.9289686017722103,0.6036939740555506,0.7964065418565566,0.6152309736584909,1.071087437071146,1.0477131433335862,0.0006373060871288483,0.005955927801427542,0.00017486348574129645,0.08048577845795325,0.025235203390657365,0.8525478410851498,0.00016706672571883716,0.8889539523364243,7.422818204394328,3.9468165919764306,150.2357141733889,0.7537361007315296,0.6660428318846038,17.708217980299963,27.222388862400976
0.32241685743725923,0.06136387363027321,11.627499005084232,0.011090107410110892,0.010886227313004152,418.70512549176755,18756.232362176062,6.095871865530176,19.74228408157128,0.2908539889098029,0.43936832020698396,0.45493414144583294,1.9278593708877239,0.6042662129836458,0.7990621507959187,0.6167542010829635,1.067199442130645,1.0398208188515476,0.0006400977466316513,0.005946034380237781,0.00017403644907278457,0.08037127442145259,0.02531481324441536,0.8496256686482732,1.4794021507135585e-05,0.8843447447461104,7.420153443473314,3.9699034851233135,151.83644381424224,0.755847988540412,0.6615040370213506,17.65221012948322,27.421832782139937
0.3242562471338061,0.06162263405030797,11.570540170640674,0.01094323489177731,0.010822045520400982,416.1919491944417,18816.18013602359,6.0936278941595114,19.636836574757854,0.2965075506090026,0.43566943904098276,0.4544507171114432,1.9442089234732123,0.599589713269544,0.8005637819604543,0.6166824560276745,1.0661041606504433,1.0388435815697077,0.0006420621313715729,0.005913963945453761,0.00017579063001895744,0.08033734167889371,0.025256800737364738,0.8534226152913817,1.3680434418995207e-05,0.8867663362546876,7.493575351093778,4.007666178318623,152.2709029871225,0.749652730455752,0.667414728271366,17.57006287077562,27.419692560619943
0.3226087633864271,0.061569410913879984,11.481682455349372,0.010884049628181881,0.010819744057220675,419.2203395020682,18808.365834621916,6.077215981431059,19.81579875659712,0.2942148908539759,0.4370468342529286,0.45518483805160365,1.9414738142720123,0.6002521394847959,0.7997870395304834,0.6173978965442377,1.062326628753755,1.035783949425372,0.0006417693177180731,0.005899229436899347,0.00017701618273585146,0.0803807458300909,0.02505369724983573,0.8455986369328928,0.000157287161085728,0.8865388513635211,7.450841240305179,4.025261877056258,152.88734653750106,0.7468612524437813,0.6591265140783472,17.4877855076102,27.54487466492516
0.32197642225023043,0.06128378786925284,11.487240561026356,0.010943455834306753,0.010852608254843504,421.07411300640587,18730.84525959463,6.076709027000796,20.059034625244397,0.2926405619291932,0.43682414937685166,0.4576535722372886,1.9626047527191801,0.5964921571170775,0.8032776268159856,0.6194513056411864,1.0558933348259396,1.0464146572188073,0.0006387515413966264,0.005881954481993169,0.00017795014757256597,0.08080387470952247,0.02510067690297378,0.845279488128086,2.7147782507511603e-05,0.8864865154842905,7.464925420669469,3.9916249232808623,152.40758891781198,0.7427580880704214,0.662607502180812,17.562658757764197,27.483366913459836
0.3200359462179177,0.06110913159288548,11.399235302956892,0.01103582142766125,0.010808235476182728,426.9256060465291,18710.83583372377,6.037114963525251,20.01344245458061,0.2933136734833524,0.4378578556534259,0.4585363250323361,1.9631063036395484,0.5933440201051533,0.7985735832781024,0.6224828241675421,1.0532571211892807,1.0471951241661641,0.0006419592159342133,0.005917942852398731,0.000177386667932494,0.08058600311380648,0.02515186244852915,0.8510635124228086,4.990668082979053e-05,0.896517942551994,7.492083832109541,4.002647206960951,152.57568595821223,0.743314599667571,0.6571717580382127,17.468412599734812,27.34659677537067
0.3208789575215584,0.06050656631760268,11.40208880404064,0.011009075493733108,0.010776525026445286,425.9586787498965,18656.89650174246,6.057057001481598,20.22630167306113,0.29623117484006484,0.4405438326526971,0.4607468594388138,1.9789926601810601,0.5862520527759428,0.7977479853036414,0.6247488065321051,1.0587157126153417,1.0453995361609805,0.0006413964253641341,0.005950022688343528,0.0001769574602229331,0.080203272721805,0.025162971227158493,0.8494150187565014,1.1949380763027475e-05,0.8969528386171254,7.484079676574682,4.0466150315802745,151.65065344019985,0.7416012289545743,0.6591741564029803,17.42085320474573,27.46691196965975
0.32185983971748083,0.05994043735572486,11.420021119012565,0.010981361003872463,0.010804271292954117,427.1549163148982,18612.096927110524,6.010017399704663,20.115344334636294,0.2972859172549489,0.4403859729002683,0.46034201111157785,1.9693270906288018,0.5898792924578745,0.8009790765522955,0.623247842404479,1.0598988645483725,1.0515323466069724,0.0006380985178863169,0.00588763757381537,0.00017490613105550654,0.080658089943938,0.025242212234832497,0.8518196964483449,5.7411072060057414e-05,0.8910916069221643,7.48329493553872,4.03804654118298,150.85525965392836,0.7364782808728483,0.663883008772242,17.345385819193158,27.495419305671383
0.321621276340747,0.06017564673396029,11.398014028528118,0.010983357914431007,0.010795568948040358,427.25505923057887,18666.13293401567,6.004936922203455,20.059962677435372,0.29546114831529946,0.44190471475066867,0.4574154298792508,1.9613407757146721,0.584847126295383,0.8015651068063433,0.6239509234883741,1.0640374588785853,1.0458910292357766,0.0006398690547085699,0.0058350132725645066,0.00017462340173456708,0.08020278012732024,0.025115359114298998,0.8534086763395919,0.0002163010817443046,0.8894904607854093,7.562411874986631,4.02219827664091,149.74999395011974,0.7347215856046332,0.6636815319113616,17.365370334274772,27.508786243575578
0.32022353111500457,0.060056595984160965,11.38784665704917,0.010903799087852337,0.010823666535189378,426.9318365565146,18693.20494793622,5.977465555898679,20.186606680977615,0.2967640454800982,0.44240856786331706,0.4540343156675214,1.9580696866766272,0.5893357432205669,0.8032048037942826,0.6225824926988976,1.0584400045749485,1.0525666691719153,0.0006390900125050788,0.005830312892181382,0.00017492602741122569,0.08033846228623744,0.02527227804505802,0.8511178768237124,4.315823757562829e-06,0.8875746572525248,7.545593398519749,4.020103004407427,149.92516621563698,0.733386960046548,0.6602076004412702,17.257924781931063,27.49287736249982
0.32343753754523547,0.058998007216768476,11.461506928545399,0.010891772113059554,0.010865749239718957,428.5537684251226,18637.572915310404,5.953462669756911,20.05595228378351,0.29579538406821954,0.4432895229366313,0.4527637456051019,1.9388577524606858,0.5925713706523741,0.8023827047745457,0.6224679667432255,1.0534793131583855,1.0588577565684907,0.0006424331186578049,0.005764086768610566,0.00017571141088446225,0.08044029807209137,0.025484026659312025,0.8608241206582932,2.3078326258053585e-05,0.8808219571543888,7.581291392779591,4.007015577717326,150.1127190467851,0.7345667582749438,0.6609009728728145,17.267568060650753,27.39418640786228
0.3244029050274783,0.05832729439040737,11.571990170722648,0.010781609212546405,0.010877570866290187,429.4266941526749,18609.93207545318,5.973227736021878,20.11563742606519,0.2986817460532848,0.44852081946454625,0.45196981303665723,1.9156808796393527,0.5879707323410772,0.8014555595926451,0.6240681678740966,1.0549334576826916,1.0630528566135802,0.0006437325767895675,0.005777213843037226,0.00017499839851711107,0.08028562897733056,0.025348018686506078,0.8578428126751967,4.2977282066205386e-05,0.8902722881173691,7.613817437085715,3.992733005700457,152.11716411268182,0.7357829657800911,0.664454733986115,17.32866260472122,27.448646233757508
0.3246737541449137,0.05820800050604419,11.50523043837706,0.01082599153841202,0.010828209068587098,431.2052322016013,18657.90846986934,6.016452385457675,20.22186104619002,0.301238531031266,0.4470971635887733,0.45522062778645117,1.8953407229343595,0.5861467739414619,0.8036057432126448,0.6224119163835258,1.0476978204092773,1.0643951628040447,0.0006512543239488327,0.005835717895209117,0.00017514244805604768,0.08005710442824233,0.025336070102028707,0.8586307836481517,5.510347738375241e-05,0.8851408487756528,7.577119165154783,3.9739219298528172,150.94483672290966,0.7295203922041551,0.6645588830009524,17.457560335657853,27.377061147644923
0.323809894511059,0.058139363614293185,11.538869171246288,0.010826301289450299,0.010866186422818062,429.9045626691926,18705.19011215526,5.942783055553955,20.389076529856037,0.3012805224519296,0.4444735634378456,0.4525240546917279,1.8893810953454444,0.5853949604320365,0.8037610677803801,0.6235232912144556,1.0505051412663289,1.0693202535996058,0.0006506455175717385,0.0058482323681673335,0.00017367835763120316,0.08016167985159141,0.025256725394508524,0.851759192545764,0.00012835895196884752,0.8788646274457446,7.604423499901248,3.9583842110119942,150.90051393637185,0.7274157674938759,0.6635417906917869,17.44617463613175,27.378072185203923
0.32714677319740043,0.05810955871236307,11.5146197364808,0.010831016370317456,0.01091322244859494,431.909725097576,18994.207324167663,5.935826955014627,20.387959181613944,0.29643589812658766,0.44537860440845606,0.45604744580511786,1.9019061592908508,0.5851832341075103,0.8064293203465959,0.6288819329912818,1.0588224919061258,1.0615591338107893,0.000651141030026289,0.005828005121967226,0.00017467160241938144,0.07977761523408866,0.025135401940869363,0.8521743614138839,9.506256642233656e-05,0.8740647305019557,7.6248136056855795,3.9553534214002006,151.37368434177486,0.7278434117088906,0.662839041599792,17.446252183001395,27.27505249652889
0.3280932700447109,0.057442849016251706,11.518919165011251,0.010782540679653034,0.010925370424065887,430.5961627567655,19008.98050017693,5.962347220515665,20.251746279249197,0.2942199304017915,0.44516381079016387,0.45565233135561967,1.9019883779060047,0.5869011287195239,0.8045713680553102,0.6317493484973195,1.06242715024496,1.0668623625266898,0.0006436545605060149,0.005839029954998669,0.00017483752864476843,0.07995277864633668,0.025166714922391198,0.8542175404840384,0.00010978940063926413,0.8790572435331999,7.657377297283518,3.972769674951747,151.16096171848392,0.7224385869005868,0.6641470024190659,17.437353538426848,27.24814003948844
0.3252199219142348,0.057280630333142166,11.408688919501097,0.010795473215392053,0.010960870436612414,431.1009937137175,19071.094313896385,6.002203891894548,20.197246817598433,0.29606591800223947,0.44478401196353734,0.4532624260818211,1.8827564919477457,0.5864216486718962,0.8042527137577462,0.6308916383533515,1.059494700707986,1.073471502589468,0.0006435313581035468,0.005821493472005851,0.00017495329529361854,0.0799577207065526,0.025100711233003902,0.8512339407813891,8.492247614196323e-05,0.8810865468052406,7.717628705796674,3.9665859447950904,150.98476326497342,0.717196545828263,0.6679787734381162,17.548522089027635,27.17080384456088
0.3255450147441234,0.057299197705946874,11.34386272504808,0.010837245020489944,0.010954628055992855,431.7713001845903,19029.185114025848,6.072212871283183,20.302331568478458,0.29912023033114243,0.4438990586712374,0.45704552254668196,1.9061663772208592,0.5875250947505732,0.8026010223927107,0.6261285113036736,1.0631448272194515,1.071439990272098,0.0006427189751286673,0.005815705898586097,0.00017438099165993892,0.07993469992266101,0.025092996988042092,0.8513265189318934,4.734323327964744e-05,0.8768340850025705,7.684200737895593,3.958301284236412,152.60614191234237,0.7154279877687054,0.6682270600662172,17.600024861231958,27.08255020535848
