0.2817981967140282,0.06028376075097302,12.02748557395647,0.009958422581169867,0.009777786364279825,485.4653833416581,14396.96341472667,4.795097497161837,21.537583149602074,0.32552624145598263,0.412616363148521,0.35512655387337483,1.9861676863241673,0.5825248828697777,0.8525067637131339,0.5399352863554471,1.0249000041257292,0.8627198008902697,0.0006712540055874282,0.0062238252540516145,0.00020297058671634499,0.06114996634315879,0.02972956314775862,0.7505109465377936,0.00011690618529448431,0.9518184770599777,6.9557098819108205,4.3865781136109065,145.72599908400042,0.672672905886202,0.7046424095082823,19.15695268234705,33.61308056651773
0.2799513370908203,0.06017667042001057,12.043770504612304,0.010045259044129827,0.009735121966944297,484.0648461875334,14529.774584703548,4.7881947778865985,21.37321026729547,0.32734539996727974,0.41315333649751496,0.3519249961747232,1.985288600158579,0.5792280194281194,0.8513960922546773,0.5390538197222148,1.0292777922071397,0.8615180458420035,0.0006685434805939223,0.006216205636175677,0.00020255607680278172,0.06102086166618207,0.02961113091217449,0.7483575390813657,3.3095170049715554e-05,0.9552028298892942,6.9514029114180085,4.373731645017695,146.45123606529842,0.6692349617017113,0.7057500281710669,19.107865916784295,33.51815776446452
0.27809664419832636,0.060466270478795256,12.163239653047603,0.010029600263753331,0.009753235641098205,487.12620815560683,14581.507387902706,4.779873991542003,21.309588172265034,0.3284127571632639,0.4138949507272289,0.3528534560332595,1.98100418374391,0.5819288970590621,0.84865359982251,0.5431881515171988,1.0340242144200926,0.8535281004978834,0.0006647791795123718,0.0062157473927824175,0.00020348606500406326,0.061317603241006734,0.029651350566365094,0.7445872068684573,3.8453862658864094e-05,0.955396982723417,7.004815045251926,4.3805683618013465,144.94672524500615,0.6721032513978276,0.7037720072162393,19.108559577141335,33.190775445167745
0.27811540384169764,0.060687556707666054,12.108707397632298,0.010062573676984758,0.009684218619188587,490.7600177696216,14577.011487816775,4.798020377029442,21.3126282182605,0.32987818670504304,0.4139822710127257,0.35240210767491487,1.978999855055695,0.5784647467990164,0.8463271880055234,0.5417805362717876,1.0219324019044578,0.8545729948414967,0.0006671057837978861,0.00620030044215825,0.00020289556856813601,0.06148273052069778,0.029983196155412905,0.7490002526978216,1.967884488498022e-05,0.9480297954913574,7.024655918111485,4.416682016122526,144.5152652759366,0.6744612348458718,0.7050300160881058,19.084445695269086,33.155638165282404
0.2776571273236139,0.06083359578728043,12.179805087243162,0.010087266642337292,0.00965543896291651,493.3835083308896,14737.496739373237,4.810724900827968,21.426147053320154,0.33200488495028035,0.4131342922025019,0.35164511035842283,1.9707890238859198,0.5795896853779814,0.8470866072531736,0.5405082708879204,1.0228512882241274,0.8621023275694455,0.0006666893689704262,0.006241112961823714,0.0002031889013668411,0.061512311587707945,0.029734606913911166,0.7503060832250137,1.2922106790460226e-05,0.9463965669591573,6.984520258803303,4.409059543970492,144.00117257406626,0.6683506509225701,0.7022556797335877,19.062499269584155,32.9275028128628
0.27545787155353585,0.06154213872123068,12.07716695339867,0.010042467859193884,0.009600430101231646,497.6816800468112,14774.43935254342,4.807434806510777,21.363532933036463,0.33109386353099834,0.41385667115953495,0.3489056344701485,1.9756702308059528,0.5757437312678897,0.8509920038456417,0.5380669643629147,1.0218634846439802,0.8632453152829757,0.0006658142994560727,0.0062817958655301525,0.00020334046245070134,0.06155052248199702,0.02995760134352944,0.7441191509222164,4.769994861868777e-05,0.9574149494664799,6.942095679987181,4.426157381579614,143.19271668776287,0.6647803462761762,0.6964208030210256,19.06071565381926,33.10009910721937
0.27436130020071076,0.06184382299557757,12.0095466847549,0.010079843605520122,0.009532003109230757,500.3933556499792,14678.585333182613,4.797612246143094,21.51963880850783,0.3324368502393137,0.4164284520662354,0.34973838015925723,1.9756421390772376,0.5749976864169052,0.8497947812849207,0.5409380572413959,1.0240873151060268,0.859743042973113,0.00066770731295601,0.006273955093202909,0.0002034000227921522,0.061610507691783716,0.029919524741376068,0.7436838050981631,9.127941783372787e-06,0.9655758345893863,6.957304488003471,4.440593500953363,141.94451685390692,0.6614618925917478,0.6986799468954551,18.944050842824282,33.1737968986567
0.2733187331752195,0.06143850019960664,12.081693057435407,0.010090268841488009,0.009513844247137557,498.71268427501604,14528.248455147806,4.8323217360915525,21.333044776796584,0.33514719865257786,0.41663281965125143,0.35096168629151375,1.9684693155972701,0.5764503059482686,0.8503040815932503,0.5399124906349301,1.0326719186662208,0.8546403209490916,0.0006686535590091398,0.006221998987679974,0.00020349623283560196,0.06157553672185097,0.029911429612052846,0.7473026643310077,9.651949672279956e-05,0.9711916200345633,6.872603151619234,4.423705673632132,141.33795284379232,0.6572542400597654,0.6991654787186532,19.060149275886353,33.23525371647291
0.2709022428541991,0.06117282360118196,12.131762997278898,0.010050658220592269,0.009478719236280828,499.1786466899416,14593.816196484713,4.824026467049713,21.2522842403119,0.3371088317968274,0.416781181660033,0.3514632103643514,1.9648824719866067,0.5749315677260559,0.8490003371526225,0.5436677370425043,1.0345496299887373,0.8565110322907684,0.0006671756138971016,0.006243437333198152,0.00020388312987336114,0.061853647646941595,0.029746605012496204,0.7501882053492523,1.710775706763498e-05,0.9737325044303105,6.914207589457841,4.399131376442387,142.99037440404948,0.6593060259242904,0.7033990213579532,19.15206425342751,33.375253624723555
0.27158206432032994,0.06083621761143599,12.082190732284054,0.009986156952006536,0.00948432550220452,497.0373804344125,14700.864638629439,4.830786879652368,21.3340604179596,0.33574358679348804,0.41786159382574656,0.35187017495279127,1.9494916540216725,0.5796295521002893,0.8490003814734247,0.5391280290587991,1.0298139912606543,0.8560090785666892,0.00066752510631924,0.006286092000151848,0.00020405401754371917,0.06177645995508962,0.02990252347027811,0.7412253230257414,0.0001272325356527196,0.972268186972883,6.8960401836844945,4.396045447090111,143.412829757856,0.6597709242267191,0.6980183463876631,19.281981415044342,33.00820278454396
0.2712419667187595,0.06097196545796349,12.09120740387274,0.009956996116321384,0.00950376837250565,496.9275901490912,14612.862084863678,4.827769830415751,21.44137354869159,0.3331237237549946,0.41847100682032773,0.3521164581563812,1.9341434050867015,0.5817995590723937,0.843809492632453,0.5371121783608324,1.0318791056044718,0.8597120675196364,0.0006694299281054607,0.006275798487439373,0.00020301561028128768,0.06186918497008743,0.03015988688456323,0.7356132856036511,7.508149488621619e-05,0.9670183304607248,6.916188200517639,4.432985701885992,144.05837732579496,0.6577851812038669,0.6951992930799621,19.37391209329517,32.89566309481317
0.2701791705254095,0.06130938647373986,12.047908961349751,0.009910010845415354,0.009611456991946689,494.17742490502496,14579.801586637712,4.87474370069234,21.32925282049283,0.33183564687518524,0.41390485331664584,0.3496870895796307,1.9407887072000936,0.5789927194128529,0.8452324758144619,0.5353620965288057,1.0333769245939266,0.8545605869331557,0.0006728178259678305,0.006238509245920553,0.00020313201931499887,0.06232921542680718,0.030222340092306746,0.732418279340255,8.005167624978719e-06,0.9726867646443708,6.9339673101089,4.428633989214956,143.93560577138146,0.6606681071632393,0.6968175326555532,19.35921420264281,32.69437541985158
0.26935062140649274,0.06175178919712739,12.213386787185895,0.009947589490308356,0.009539824763040033,490.67631657711433,14590.559953378886,4.888609796287284,21.302497835216005,0.3310838293197783,0.4160616163501618,0.3489764040664182,1.9250823862903415,0.5787325664876953,0.8473957098977132,0.5345135565235651,1.033611469079829,0.8570823809782369,0.0006770001447415127,0.006234782196297796,0.00020301612617167137,0.06228429755047126,0.03037981899605846,0.7313002824420629,3.6865693052874605e-05,0.9738098401157181,6.824711379793606,4.434023624739254,143.3794221582454,0.662649601581726,0.6962009213933177,19.452523026072456,32.76557555049482
0.26832498097908764,0.06171172558313652,12.229671628212872,0.009964825266012356,0.009533051722945954,495.93458289827083,14623.373307368269,4.9298028096961035,21.4584065418584,0.33110482739296077,0.4183342022830306,0.3482867438037399,1.9156290635907778,0.5786421716428345,0.8500277332191642,0.5387199296595623,1.03380988649331,0.8559132211800842,0.0006802146987200699,0.0062479805256968465,0.0002030142535304658,0.06226531398504543,0.030347930267745685,0.7340326853811772,6.45033376233625e-05,0.9737753566320604,6.784070281002595,4.431923520579415,141.83555172730615,0.6621641104581605,0.7005465676858839,19.499437924854604,32.802338731580086
0.2675662689749682,0.06190570175680213,12.262141438595632,0.00990589157578801,0.009603342667926467,495.91689637338015,14647.168316794872,4.900419265191447,21.43715399185213,0.3308046744040133,0.41750605973795024,0.345490004415692,1.9221823177852377,0.5788380359100282,0.8518484682482795,0.5371278983540643,1.0365882607848638,0.8581953362049046,0.0006781148483473206,0.006281170750327982,0.00020344778491098315,0.0615612041027998,0.030440769862739917,0.7312231173928373,2.4867017567957252e-05,0.983165113725378,6.780345651275551,4.448767643903537,141.774138244946,0.6592272090641924,0.7021762431912857,19.476767308638134,33.0447231208549
0.26924942923361295,0.06246904623898997,12.238518864204764,0.009856766630781978,0.009528499927826258,496.89341795960826,14662.270306826143,4.959369779009532,21.50572337426332,0.3321303795681648,0.41610767329119375,0.3437653845264651,1.9249056659504293,0.5757011585744747,0.8514318366987712,0.538333246774178,1.0289180373305538,0.8573022265249101,0.0006792802672194491,0.006232851803823348,0.00020084738796267312,0.06177467216526321,0.030473433008228763,0.732974832996179,1.0200916541768361e-06,0.9913121381623341,6.8038348968445135,4.391910809787406,141.93523558786347,0.6602117892313547,0.6976595023295619,19.479328837066443,32.940237292122994
0.26909628383791595,0.06227265904056271,12.14739933284959,0.009838025223639801,0.009524006185157073,500.02586116197955,14689.503221835384,4.949184674809549,21.57774301279072,0.3329858002128289,0.42006990540830086,0.34126826368843244,1.9265107478666335,0.5777273847357843,0.8510041033644865,0.5370145427746722,1.034722427515259,0.8574955445939222,0.0006845688684164934,0.006280854247952958,0.00020120582856122043,0.061883288476706565,0.030644521878480525,0.7324558283117069,2.388763918348036e-05,0.9882562720771981,6.811281430832187,4.403295975039663,141.5765223958663,0.6681876987959979,0.698410263656341,19.581231603969723,33.15595173649528
0.2652812313760992,0.06216772602365126,12.195578925792603,0.009758663371213765,0.009486839311546438,496.36877676941015,14763.745964836125,4.937405768795418,21.621130188599377,0.33051864801090436,0.42046185949144516,0.3401513899127027,1.9219771297347055,0.5739545174103489,0.8504365541433269,0.5323101311678969,1.0305305904496267,0.8608074927490731,0.0006861666814450485,0.006267749364540543,0.00020020104688641587,0.06168749287024943,0.03061322180842771,0.7283938926742264,4.473992000638625e-06,0.9926436240855802,6.848741873969154,4.428969091420634,140.21751987138393,0.6756744686647225,0.6995971879791347,19.57674328059178,33.05279220068618
0.2647023593413858,0.06153200423799681,12.166098967057097,0.009824301847309227,0.009454208417580556,492.09393366997523,14800.229967665855,4.967180632386051,21.520574966875504,0.33029863554160227,0.4220614216048209,0.3382689890653001,1.9321117456486276,0.5732643585340813,0.8533780527425924,0.5291008202140934,1.0354549999268947,0.8637475183079352,0.0006813522291059181,0.0062896671588858494,0.00019954598998817748,0.061875574756870624,0.030723064890985734,0.7315782627516678,3.2658641388723516e-05,0.9903701883195394,6.7864887134238465,4.418339795005676,141.72775440612924,0.67785182080596,0.6978078583069133,19.48596914243439,32.8109856192911
0.2662385347550555,0.06197937984614402,12.135011879376028,0.009885244633332511,0.009404342322009944,495.01202815379247,14818.866673252787,4.988732917744318,21.772526175665654,0.33308477279915755,0.41837964362815694,0.33523888312897127,1.9230457997199675,0.5782440575954864,0.8526821136096466,0.5280376758746796,1.0317154567607139,0.865104128048886,0.0006806008066330372,0.006308443590578888,0.0001989890335066364,0.062487831798714887,0.030573694102774728,0.7307328504302372,5.6328144753649585e-05,0.991993642103787,6.780989160532726,4.4079176174174455,141.15422855264345,0.6750333784285715,0.7019393752329651,19.483987157287086,33.1035700445481
0.2655271971123218,0.06162900496519526,12.107685634777255,0.009910597913281975,0.009417535568765813,493.82804109859245,14852.460848525247,5.013045030756623,21.83153914372162,0.3363714530806109,0.41718169830939994,0.33326432000436185,1.9261374179728716,0.5822916937400466,0.8502765492714995,0.5310673072236125,1.024907029450063,0.8696878181637588,0.000688641474333881,0.006306777807845239,0.0001996376979108881,0.06299211743557616,0.03052647513054691,0.7279791917067531,3.062204691264119e-05,0.9926034276704201,6.775945303112204,4.389939587370762,140.62534717192773,0.6704722233828957,0.7043060948190194,19.53633323883936,33.184124175070345
0.2647828601006277,0.061633908927592046,12.019331790652927,0.009869307057514105,0.009382453633873397,492.27370166311766,14913.561767812269,5.044514992487941,21.856046099042736,0.3369444118490609,0.42112690830120236,0.33632137535740375,1.9264185046442026,0.5859263512474576,0.8524764242858177,0.5341802008288209,1.0325174252350424,0.8653949749841876,0.0006871554374608631,0.006325369098079002,0.0001987888000957849,0.06346746933621054,0.030704115800504247,0.7287301459994279,4.699887812432846e-05,0.9972593456133425,6.736715343360378,4.373392160392507,140.0920378647377,0.6746881727935552,0.7019911506618467,19.59414705112289,33.20012608149357
0.2637637564997473,0.06121704081976769,12.078504836810346,0.009913742381120867,0.009369793990466484,493.07952510444477,14886.020559706463,5.025185645452892,21.742793325620525,0.3383567049014909,0.420809116337205,0.33603823613524814,1.9041002410278276,0.5842253970546496,0.8519615717597712,0.5267069227818888,1.0352283484408435,0.8616101697797595,0.0006885438354523675,0.006320058000344915,0.00019670712047676006,0.06342938357985782,0.030676741640714898,0.7247299919841297,5.2208900273750445e-05,0.9952103424589567,6.695112787444883,4.31574537182776,139.98045967120865,0.6742138171338344,0.7034528215315928,19.532169159325036,33.093546646759876
0.2614782542057038,0.06117503527271443,12.03832291316921,0.00985515563733845,0.009368105875584646,493.067794203809,14884.477022049248,4.9934892744227035,21.61810133100565,0.33841510182572565,0.4242736582148054,0.3352513650341922,1.910611740546254,0.5797546338568578,0.8568014331873909,0.5302567967528201,1.0331629602092367,0.8586081984542234,0.000693009587572612,0.0062962342346396406,0.0001966228176933623,0.06370650003715576,0.030951599448938077,0.7232052599214072,9.87899100342966e-05,0.9872288710243889,6.746689671706666,4.309434078772002,139.637034189758,0.6730271713057427,0.7060861379976067,19.563479091544938,33.042966590120834
0.2639558666640519,0.06172747227305751,12.032276933147793,0.009789926402047117,0.009310934225910688,494.501323812241,14837.261306515253,4.976373230305208,21.642728735975155,0.34124813865159026,0.42469043469005857,0.332108093079728,1.8993752150067096,0.5770498069006168,0.8536616866903366,0.5346219920764752,1.0278842475174117,0.8565496483217102,0.0006942713864827872,0.006234136160745561,0.0001965727590905574,0.06472424659306511,0.030711221429012198,0.7222260948669791,0.00010258519598181154,0.9958159096894531,6.812457586800295,4.281930341791687,139.0764918367235,0.6756448298192729,0.7005311103673489,19.607788829456695,32.97947607908312
0.2638826507521545,0.06206022492582884,12.09094357815851,0.009825453183875572,0.009357868401534455,495.11442853362684,14901.150697927716,4.960483103004404,21.572498739072362,0.33809924830455973,0.42382053190650776,0.33077221103819193,1.9169411112740415,0.5698518376347983,0.8493957613137991,0.5352529256713102,1.0277598481738213,0.855077195471571,0.0007041783151467925,0.006265172536665486,0.00019638325110721432,0.06488551410218087,0.030546958956782156,0.7229911977325186,2.479298843543871e-05,0.9956533758025812,6.834111726860206,4.292454404463081,139.15154399312138,0.6712653698861892,0.7007737142842894,19.657971025987433,33.18283917304387
0.2639794737058801,0.06155735743390709,12.119782415964423,0.009830823918813767,0.009431113584276452,496.1296822245759,14888.861582151847,4.937655671467847,21.51267341748036,0.3388760424418217,0.420740773945668,0.32822370624445424,1.9141480075493602,0.5682555591062891,0.8439330724611159,0.5357965434125974,1.0265735352057297,0.8608349842429197,0.000701182492814019,0.006293990606815698,0.00019725031431819777,0.06445984600132433,0.0305185644504088,0.7208252960695505,4.174483424269482e-05,0.992963730201039,6.879642017587084,4.300490223842389,139.329229970024,0.6737592238087643,0.7009722063856647,19.78761315129207,33.2500165389566
0.26221582906475893,0.06103429318071822,12.135160997899217,0.009795095527940842,0.009375469464163465,499.3481091283567,14727.05949524406,4.9517986600860935,21.46594996535424,0.3385832130257136,0.42161169529794174,0.3296740229894982,1.934496482321804,0.5634944286495861,0.8416756379015802,0.5334312086104158,1.0229042795031176,0.8465157598303538,0.0006982965449132648,0.006308051268804531,0.0001966365522423797,0.06448779377077792,0.030675810319584294,0.7209078640429444,8.122832777794003e-05,0.9922788343009276,6.870316321596185,4.277200177884044,139.22684517156455,0.6731385382645271,0.6988323434146608,19.74757683216265,33.28967028099213
0.2625649860911821,0.06064394511506633,12.151793298968242,0.009810991414524328,0.009444705323741857,501.97388380063734,14647.142070297015,4.95519890552577,21.349061487010378,0.33833107156501985,0.41927381769152466,0.32779712933100563,1.9311567220757762,0.5654531004064366,0.8422164646484847,0.5344077164220691,1.0214273758303716,0.8486951875393387,0.0007057298334742297,0.006287790854138239,0.00019836323955396606,0.06406637577246738,0.030522806254702852,0.7156069099978412,3.88489651656019e-05,0.9894923001833416,6.90552054760631,4.273160700486704,140.15413982936644,0.6755076647202697,0.7026320785247665,19.751177933344838,33.38129551506123
0.2617937579551239,0.06048565022801101,12.159113114506937,0.009716162183735203,0.009377726853051348,501.58585271419156,14591.09768077784,4.974276909684826,21.33772964132848,0.33903770683471957,0.4171705281834202,0.3250788213984314,1.9535803110175358,0.5633466158171933,0.843484333155972,0.5370613034879969,1.023238414355184,0.8529995541919221,0.0007057685956320676,0.006278083876534987,0.00019751752457085293,0.06412707976386962,0.03031607636021768,0.7180215226132847,0.00015085090021008097,0.9919137611153308,6.857361659223817,4.275370701752469,141.81959336092336,0.6745835648097398,0.7085806227769289,19.654529427382066,33.44395767020133
0.2610771498790668,0.0601868455329782,12.227581235832345,0.009776005577888379,0.009458589575201903,502.81487139842636,14612.427259535449,4.9804985294382735,21.27955540038001,0.3359449660261344,0.41946128888021106,0.3301357709478684,1.9699353420001562,0.5666628242167592,0.8396141111456175,0.5365352634879041,1.0304093761300455,0.8543816232669275,0.000704742807870645,0.006321528688841469,0.00019611608676085295,0.06385365607345175,0.03027288136344354,0.7255592774228841,0.00010861334911470699,0.9924423352702446,6.853034457540395,4.272198154310534,142.6928085069647,0.6719972208775584,0.7141360491646093,19.656818788050945,33.34140436227487
0.260246600057085,0.05942948754570911,12.261051686721752,0.009752042140973275,0.009435741822149572,502.4537789065706,14581.053313957747,4.973901075278422,21.219626272410377,0.33384743843083037,0.4202054983300106,0.32926525526094325,1.967224779067497,0.5632171806037292,0.8433347123809987,0.5384299443663345,1.030526650300089,0.8579149783044647,0.0007054232063852403,0.0063516585300838185,0.0001975423442931289,0.06353663371366867,0.030379820219957974,0.7248393153125307,4.45392361205076e-05,0.9951205956574862,6.840831981145021,4.251215767552213,142.60616667194734,0.6720838873012968,0.7145993693526203,19.67200766751067,33.41412094390484
0.26023954641391916,0.05872051487098418,12.286402677743702,0.009714236975482956,0.009416042211513133,501.93195087935584,14524.880918428931,5.009534103045781,21.183261541278352,0.3310470436408262,0.4197144236357831,0.33185411525799213,1.9779605925856993,0.5636373549182606,0.839190101065025,0.5392861897900303,1.0332089430062255,0.8588243003883475,0.0007056945867283281,0.006353271674375764,0.00019758328771038452,0.06324744708467164,0.030438654171403134,0.7296370301255752,0.00011272734835472612,0.9925752826590473,6.853422730717529,4.252916322448453,143.332543114302,0.6737661498357969,0.7164660831502978,19.590846206730927,33.20830658805167
0.2617779188724306,0.05821395476128807,12.276666546392534,0.00970861045399393,0.009437091911977093,501.079983386515,14665.702448766591,5.014893754934513,21.186345978999764,0.3307051670730238,0.4229120006264639,0.33173244194952173,1.9744800497614685,0.5673178862612434,0.8423787072306341,0.5359230864115411,1.0399118311638755,0.8561831865025682,0.0007068041549042405,0.0063614832971352914,0.00019744403782515253,0.06376630591762095,0.03034700731156783,0.7229641738309311,0.00024470111625571366,0.9905391496045044,6.795400715362746,4.25970142845834,142.9845074154347,0.6727504397304899,0.7127785073594768,19.561200871121997,33.19334049694271
0.26248567507958426,0.058313872790200345,12.273964871805097,0.009740153331757167,0.009357366790318322,502.3537556946359,14670.37445288625,5.00605060646702,21.366001431599184,0.3314758378623933,0.42294022520096247,0.3288259324745665,1.9650761494844622,0.5656194649261319,0.8401472476588975,0.5323690975199445,1.037236846208712,0.8562000797340801,0.0007005897691233579,0.006386667208591696,0.0001958271045712695,0.06381223703471582,0.03053522103548942,0.7273973821164091,0.0002089979275027856,0.9973327823849854,6.81187072799597,4.275067909021477,143.38108541523633,0.6711533166070707,0.7082338512860511,19.722759050256276,33.273785500974085
0.2613006465059925,0.058804611733859355,12.265083921861105,0.009771834547246172,0.009331792890083254,497.298625330722,14637.009852528201,5.025676762327678,21.46266952280776,0.3299719988658891,0.42300812957676026,0.32747033900302064,1.948162794934829,0.5658915017870453,0.8390773133288607,0.5300382916783406,1.0478757501097884,0.8518269282935691,0.0006980994381939548,0.006353084447376327,0.00019430169510621352,0.06363146982161391,0.03064975636837119,0.7248462154662404,3.87533162132814e-05,0.9997809662827848,6.82686365258676,4.253646185939209,143.39351639557862,0.6680885423185964,0.7052374019137857,19.679617781031755,33.36868553938902
0.2613721618286483,0.058137057413862735,12.314046972256465,0.009822792119933596,0.00937791896329193,500.67568278821307,14614.247923386294,5.023871210446651,21.48109858812605,0.32697729135098796,0.42367687905891427,0.3272441462101976,1.9456139434787396,0.5632519482521787,0.8309991498370726,0.528918580889769,1.0445937507622975,0.8570063184985499,0.0006961531847266514,0.006345166328669817,0.0001951407652601172,0.06301444863268556,0.030311671379830086,0.722565129578121,5.0109213073676186e-05,0.9996487346681479,6.911347262453615,4.268191266768819,145.2319440703497,0.6712638420432704,0.7027021855580918,19.751695829726085,33.44915610856348
0.2610250789288546,0.05823445371501405,12.382543435072431,0.009796790845724341,0.009319052409905562,499.7694498318569,14697.63129773107,5.04297847722883,21.38638416115945,0.3280026576596313,0.4255591198590443,0.32724545624742013,1.9688705259484234,0.5584517390858581,0.8343820881480005,0.5287253094305435,1.049056883991365,0.8615786960812725,0.000700887819708649,0.00641571472439737,0.00019530053448381894,0.06279201303198954,0.030218598135442108,0.7192494241938986,7.012789256584499e-06,0.9940736094596703,6.937824929037656,4.263615794685397,145.38253216669636,0.6696059372196717,0.7048142163567275,19.706079711045145,33.47652856257676
0.2605274050892544,0.05770331683973015,12.318741326697763,0.009838915326913231,0.009322847492934433,495.200155240127,14749.661781834851,5.052371438968933,21.405018293687853,0.32814555288386943,0.4239947691554509,0.3259257203530786,1.9693954217827077,0.5661993084363164,0.8378251461153461,0.5294087941054497,1.0489627375640154,0.8610233518429524,0.0007016350432657028,0.006427842721151147,0.00019485139226187626,0.06283213823491217,0.029994322933760975,0.7097969851798894,7.229445362365327e-05,0.9933138749214306,6.926097843015371,4.268195954651419,145.49852634032743,0.6701980145614056,0.7059847881807386,19.834729628490106,33.583839710760586
0.2611645993937582,0.05841097386240331,12.176681503582538,0.00978480013034923,0.009346846327135809,501.88134728326804,14775.92348353055,5.035651256883189,21.311595810781725,0.3244097387721278,0.42075977824726846,0.32581555964650305,1.954382188693073,0.5694286269955091,0.8381463472058781,0.5273416609455599,1.0504573009569478,0.8618935773616911,0.000704398511006843,0.006417913108475018,0.00019661090088889902,0.06276145270965726,0.030047988935276618,0.712548048570584,0.000126618875741975,0.995776169019229,6.96581537935531,4.2658480223774715,146.29489561886464,0.6694956621504642,0.7049023745575658,19.80919650500247,33.51703719756291
0.2632437408501265,0.05840402939859909,12.20896372343016,0.009789945023652942,0.00935826062708846,505.1142788779405,14878.61624938969,5.0446362677758625,21.31217325851415,0.3225139323550222,0.41925123087455585,0.32283295070697876,1.9544824531428433,0.5691855910853443,0.8444931670689836,0.525002671837127,1.0514055592788354,0.8659267780435719,0.0007069426293744488,0.006411092547632367,0.000196002438239796,0.062679636493204,0.030229035424323522,0.7090701121569674,1.3452988509613309e-05,0.9987989353700414,6.946777462278447,4.251799173730814,146.06604630404297,0.6747336871629394,0.705074470185401,19.768732287841615,33.59205537541546
0.2656365895351351,0.058381219405372504,12.173047620081787,0.009913530341216868,0.009410040423589637,505.11476684742235,14844.997647158356,5.097397790497765,21.115945681184375,0.322115104246379,0.4188957330249013,0.3210920736290165,1.9677205060939091,0.5720553763119659,0.8412185154657159,0.5278200201881343,1.0565730234167778,0.8610474227081577,0.0007079035595105116,0.00643005110064699,0.00019819113451381755,0.06197613016865507,0.03009854499293024,0.7124977111326374,8.680161158273534e-05,0.9992796868352463,6.931284811287448,4.249437009823777,146.169668749204,0.6697453803314373,0.7065772255902576,19.684312973469442,33.50672778156788
0.26551715609100174,0.058434807570190254,12.17069567028682,0.009910703019271884,0.009337721218418913,503.8149855268336,15046.401764394848,5.095282075284576,21.20518666830054,0.31992953576274963,0.4198789993523439,0.3224837578146932,1.9647765157664832,0.5681946220529916,0.8475277347927834,0.5291980467867096,1.0597724287344918,0.8600791598650015,0.0007094296272301755,0.00645381096410244,0.00019887902986228767,0.06206258176801195,0.030344128853992996,0.7014810329495247,2.9468662466824584e-05,0.9948120325507133,7.000240706963333,4.271941197434893,147.66175789237488,0.6676957079594804,0.7024806098194074,19.614209189339118,33.37076663888532
0.26695489355427854,0.059011146646126084,12.05191417455746,0.009974197617002746,0.009453249132104586,502.3842806403915,15038.822007706429,5.131417238017839,21.17200746580313,0.32102421394660163,0.4220190550564942,0.32121811561325897,1.9919175864041814,0.5665832085108687,0.847718419730525,0.5301369742443531,1.0583428394700194,0.8615594055979665,0.0007132593307315567,0.006458185226584724,0.00019825814030583367,0.062163850696425826,0.030250342731443218,0.7024438521066835,7.83818083379466e-05,0.9933404350105298,6.9331851225317855,4.303861043044422,146.06916513408729,0.6682917129118578,0.7086860853846075,19.630256037415673,33.49623424443086
0.26763777844578257,0.05910745124755567,12.007453962047556,0.009937770005286369,0.009377641720061258,501.990093512419,14921.616714051388,5.139567624544284,21.192813020435647,0.3190943921410631,0.4254385366302517,0.320849579449617,1.9838238757595752,0.5625920864852091,0.8517304601460584,0.5306410519852494,1.06940766155613,0.8607530533390603,0.00071289079123061,0.006495934417951604,0.00019739211741090303,0.06145529126432767,0.030116551114601563,0.702902813111418,3.5012623237392666e-05,0.9942250744536721,6.867759870537802,4.288934755819878,147.3606315256693,0.6602913370048021,0.711133418517906,19.703302686878043,33.79542642394025
0.26890607346965667,0.059072657316489655,11.96095621637328,0.009986818400189461,0.009405921716625656,499.0011429630324,14845.256786159327,5.1314579275938135,21.13945426107574,0.3204296492143301,0.42581135690439503,0.3194471384612348,1.9692803931509963,0.5633805785274875,0.8491294143881646,0.5345422795281934,1.0705421739375585,0.8633375880039678,0.0007158185657385671,0.006470502633906077,0.00019680431596066399,0.06127947041691357,0.030266521433982486,0.7022473516855128,4.6085770709540014e-05,0.9900057614754495,6.8529771308674094,4.275398204374496,146.08091534573884,0.6639248711439609,0.7146159486952087,19.71423361449023,33.73046000734195
0.2712148379873242,0.05917091377263756,11.9535564624922,0.010018124437817287,0.009381996994174953,499.28750460666043,14796.508672290833,5.154206428434284,21.12901238427646,0.3235775504392713,0.4255785964725266,0.3230581583833351,1.9647276993223686,0.5638578008996773,0.847925208941979,0.53506124921315,1.0743476669730165,0.8709817393121542,0.0007180397963064703,0.006419922162203552,0.00019714206058954155,0.06091427531136874,0.0302457729046887,0.700806251357716,0.00013711828250473332,0.9933884560578903,6.854112583442763,4.252417755499203,145.3199012581846,0.6627948995696629,0.7167913266576752,19.815450277847003,33.8583271320274
0.27253162677539,0.05892004689148568,11.924569056232588,0.009996792313465536,0.00933920257323554,503.484380977119,14746.583955312972,5.143226006659304,21.18431626368292,0.3251929158922786,0.42538792733773817,0.32355565192297403,1.9696977590054148,0.5643428476097416,0.850395444107278,0.533768763545527,1.074420996444084,0.8691487227931737,0.0007189798712130956,0.006436432431502178,0.00019549606300359122,0.06054877219059147,0.030391166063747796,0.6992828315827958,5.9210370567726675e-05,0.9939371082186463,6.830490007995178,4.252312971439637,145.9515927931291,0.6694850469092307,0.7152344836268502,19.808132372496768,33.81893127519323
0.2738827101355742,0.05906534890794863,11.92068791796923,0.009999867292035433,0.009290104539406822,506.87371199603535,14683.47289728004,5.112540295590176,21.110930422776743,0.32531106571310076,0.4236979545442871,0.32566835652894727,1.9607066897191312,0.5649998491062155,0.8533562943176412,0.5351250287399205,1.0741246281021222,0.8725131871955357,0.0007145141308661392,0.006441728711415593,0.00019600592720796933,0.06034574656561959,0.0302399254255405,0.6956606322205643,0.00019640766467760615,0.9959424868998384,6.786645077288628,4.254800632511373,145.65685055490522,0.6664556885971085,0.7170010765758945,19.766577876533464,33.8705880463894
0.27456197950481126,0.05914826860910528,11.942329181006704,0.009906376919840816,0.009310476364562031,505.52461627545614,14760.807741245188,5.110250502600667,21.30542149563726,0.3268031173425364,0.42291288871222366,0.32596601046670465,1.952992825649424,0.5650923771018653,0.8534952264186985,0.5354259490708452,1.072839396216518,0.8667665879484434,0.0007185889728423034,0.006453537338955015,0.00019535242179816344,0.06087525235103085,0.030429484119749932,0.6935528333035779,7.201725032950442e-05,0.9947841562015373,6.835245601438029,4.237598645404078,146.92954256082106,0.6615800624900927,0.7209700553286215,19.839572476356963,33.71626601195043
0.2775532063683056,0.059168822973762525,12.070567468568003,0.00992921085776731,0.009274694745802057,505.2835034184182,14816.069276027863,5.1424627781574825,21.195182730196017,0.3283845219570805,0.42544929214247795,0.32514553195971885,1.960505205870019,0.5628338991551062,0.8509577873063595,0.5356226572551246,1.0706936039495876,0.8717904184527109,0.0007182699078392918,0.006446651713073269,0.00019535795646239025,0.06120903934936992,0.03025275632958026,0.6872186931812522,4.710134238930735e-05,0.9854090711359702,6.879629272084378,4.246402087787585,146.19867746153753,0.6624341462753564,0.7232510047125179,19.92654293385164,33.55688088815761
0.2783602878234186,0.058779217143048845,12.153766503776472,0.009982501972924121,0.00929212815671446,506.68028563468823,14979.857168886025,5.146004685525239,21.19112061222586,0.33278420638315603,0.4233582990502624,0.3240686865254066,1.9697066130445693,0.5640886519837273,0.8482654573001486,0.5396303106279667,1.0683803406612078,0.8703134624233034,0.0007166459400633205,0.006420293823839935,0.0001956200805448653,0.06138343555971038,0.03055534897944993,0.6850596229542716,0.00011017102151421681,0.9717179544970581,6.887338787491019,4.249826574045103,145.76387942965388,0.6645978174804922,0.7172663094740279,19.969149093444386,33.64790107592656
0.27752396349420744,0.059037027244619865,12.129593544801445,0.010002180819508674,0.009317766750153474,509.3824709626474,15140.795545396455,5.162118830394409,21.169400927509173,0.3295690253175125,0.42364890990575554,0.3237868874130466,1.9845363661134114,0.5571127435097784,0.8473622563452726,0.5428242682410938,1.0699881455442641,0.8721689737477858,0.0007109339502959473,0.006440849976787728,0.00019404848541555448,0.061912234476074135,0.030633615411972716,0.6843376896439192,9.600447653355509e-05,0.9745742736268259,6.830137923459789,4.256273419012232,145.48906128197777,0.6580553160424701,0.7193165642114602,20.010402473455247,33.77123349645569
0.2765287945776236,0.059124498068957504,12.074967288691425,0.01003389270362513,0.009234217146483013,507.2094707847098,15186.843377797068,5.208874723068518,21.081456416874573,0.3295416379894773,0.4252524945519148,0.32208201238653617,1.9833501449271913,0.5588618209745362,0.846712807570036,0.5425075758840247,1.0649375346885843,0.8665978145034956,0.0007181278094948386,0.00645541881181318,0.0001953934202598605,0.0622053844888079,0.03055075186996328,0.6850711513054504,1.4515465388261585e-05,0.9807346307250291,6.8691907290721135,4.24982272563467,147.40814040431343,0.6622745838102467,0.7226392964783065,19.97592089487846,33.81633676424757
0.2750960188468542,0.05842431697253586,11.966232760873694,0.010070497470467883,0.009274425883333015,506.80242138977025,15064.76297438784,5.202818427828749,20.959518175987228,0.3328401285328972,0.42510043813213466,0.3197398050173911,1.992668636728825,0.5611728060536925,0.8479963935202635,0.5362845131218172,1.0645987848631089,0.8698620937944279,0.0007225418941368525,0.006465432526909203,0.00019710946407339953,0.0628365382434907,0.030397499213136336,0.6851089814046016,0.00011510970992226739,0.970228539744042,6.8684805418619606,4.259879264136584,147.198884884099,0.6585495531817904,0.7251264402260765,20.08114361785649,33.788288377543964
0.27469930277612276,0.05805496532206375,11.95935423241469,0.010123112698490942,0.009221435779881194,505.1806644116644,14979.026603755066,5.2331981228612205,20.894153586868878,0.33277665732475636,0.42656117780918545,0.32153583489216014,1.9986575434413199,0.5627119083506326,0.8506268241579469,0.5361037489813077,1.0715974192628255,0.8706983098112634,0.0007216507105966215,0.006450225163895187,0.0001946467591805761,0.06251691713666582,0.030639722017478273,0.6906206776501874,2.2707013036508353e-05,0.9682472855424848,6.872776263407404,4.240716542117405,147.28752268476688,0.6581195329393614,0.7245613105329335,20.045428627385355,33.71829088881568
0.2740440376535486,0.05747126776877525,12.023722196170985,0.010142543628267227,0.009304481181927574,505.57284120623336,15021.890644647803,5.217522404155314,20.83216639842717,0.3323135488236127,0.42956758240795745,0.3223206544628229,2.0073797340557786,0.5581789603944941,0.8537611506419606,0.5365536847138493,1.0676112219857303,0.8737653086993675,0.0007162831644396348,0.006468845901007372,0.00019244676517346312,0.062382052541186124,0.030559850370184778,0.6945145438244434,8.094198320662734e-05,0.9754809537705394,6.872442819980507,4.265777599744878,147.4217836512524,0.6500558665913236,0.7246483790986731,20.18010423398924,34.337430726318864
0.27556305500518036,0.05736738165946916,12.026435315764418,0.010168320155823562,0.009283422062329948,511.2186612534737,15147.828853095178,5.180519683502353,20.746783862435475,0.32991443942992044,0.4278803940807796,0.3228757418480474,2.0153313254156378,0.5586006939505256,0.8528486794367489,0.5382994222543046,1.0680871054623104,0.8669999647931745,0.0007173162491148906,0.006495534147510738,0.0001924601456797393,0.06247176099190449,0.030720558653848287,0.6962078413440003,5.5890733979772016e-05,0.9814137293753856,6.896166156789862,4.249758931582102,146.11191226475754,0.6502458966105382,0.7268321444661818,20.336128158732603,34.27049484560465
0.27769900592942304,0.057271659754525604,12.02899743949272,0.010043433782273034,0.009247923315451032,506.2765046257226,15158.076042605466,5.205550458371783,20.767776404484955,0.3301019124121655,0.4280753871431177,0.3225042619852578,2.0183419959878504,0.5546237321098002,0.8484263079412154,0.5367575387566128,1.063699573143463,0.8660537848517529,0.0007171944700979756,0.006469966927258881,0.00019264495560174694,0.06240994413125646,0.03083947421586302,0.6992548139651725,2.0195369675522296e-05,0.9854367610430089,6.827663990913154,4.282346405650053,145.1621123910829,0.6558437036921217,0.7268962560189532,20.393655320083116,34.3510834103602
0.27534461032856505,0.057060590392489924,12.057877975322405,0.01003445440157379,0.009286141077624332,509.0987425012834,15060.877924485467,5.211806474699574,20.8262781626047,0.3298089993647568,0.4241114207178019,0.31842392460358687,2.0065159483913666,0.5590390587936523,0.8426517699829167,0.5327390188624647,1.0570047216981506,0.8568084737898983,0.0007131148698079712,0.006455048113096342,0.00019153478488540877,0.06256551787300337,0.030878833883351137,0.6974508854681525,8.781939270516248e-05,0.9845680713559642,6.780183667382973,4.2791471573117805,142.37730577234134,0.6555623056797459,0.7305929592455692,20.481694282329077,34.5498808641487
0.27507268324125117,0.05680458894252868,12.133093919800213,0.010007624471308487,0.009273148364828525,508.12132987518976,15037.65194499677,5.169479412594709,20.83796438882071,0.3278015795720426,0.4247250778264207,0.31822873230087656,2.0148934404439536,0.5611689223667601,0.8413060091744069,0.5302623008819897,1.0578351793031266,0.8552852772319602,0.0007113253161981502,0.006439966548624227,0.00019239080316774603,0.06255824645622758,0.03086418948943027,0.6892043301575261,0.0003012639835006162,0.9857607235267023,6.774354874310758,4.2491401501108275,142.3691886646244,0.6558461303155421,0.7342509835544435,20.522733992047765,34.63586438884352
0.27805339694511255,0.05704772410329539,12.128055628100038,0.010044081849572664,0.009281477757985006,507.3789597459744,15014.539308396896,5.155808823957448,20.846999825670704,0.3293911970709585,0.4243255674363462,0.31495545619569765,2.019068183752395,0.5617336618130032,0.8392623208794644,0.5319901953212562,1.0564948486238552,0.8611210044026627,0.0007088605459133635,0.006487501478498203,0.00019250385492671531,0.06286928789509051,0.030684080338191512,0.6854604952387927,8.703272443593283e-05,0.9871906728581467,6.724262159320909,4.260103567256011,142.8104785658195,0.6526367191537931,0.7357447115550562,20.471137920918025,34.431910052322884
0.2781286033782168,0.057411751847527684,12.149574637326326,0.010112817071931426,0.009353843853426202,508.34967722729135,15109.595362968132,5.194224276742563,20.920162989656543,0.32988953479574734,0.4213673361059537,0.31452903375147107,2.018052704693728,0.563823832008182,0.8409748432655303,0.537076800588094,1.0629112406969912,0.8506370589097912,0.0007084792281064204,0.0065031994704191935,0.00019179534776796636,0.06318461912602909,0.030705221055733325,0.6949376215465912,0.00010777590158393596,0.9893140634559838,6.735847519461382,4.245313957079385,142.20661510054398,0.6561031884877228,0.7378735787516758,20.513252472753503,34.273989757831316
0.2794253049979329,0.05759583394584464,12.148598432717858,0.010162083484920781,0.00935775643054692,506.4472708922523,14952.59174431611,5.201022514272765,20.985670328393272,0.3309870146366524,0.4197645513381843,0.3139670233003472,2.026690498406414,0.5683283596753408,0.8368449110581577,0.5397139359727822,1.05870954280458,0.8617476877583833,0.0007125943202048065,0.006477578503649665,0.00019037396554585895,0.06262885410017058,0.03072766016578148,0.6890934110853306,1.667549316005114e-05,0.987536436350609,6.700960058565231,4.250273461941698,142.56214472822836,0.6540874522144714,0.7411051339686413,20.526982363087566,34.22933764773499
0.28248231524938483,0.05747866363365582,12.246698706588363,0.010183885263500158,0.009392429164461261,504.2370865036569,15105.112294062521,5.247900580642423,20.891407015308538,0.3316054838725481,0.4207229481690426,0.3144840813176383,2.0223712931329576,0.5724041618985727,0.8405362412610181,0.5420213367317523,1.0601007103520907,0.8604961718909553,0.0007114442989540588,0.0065662871253871075,0.00019093725006734445,0.06241851234537161,0.030706301354528474,0.6880046653673882,6.32160161804763e-05,0.9857637378344466,6.682496234170642,4.254433791156482,142.67216378562608,0.6537341419427716,0.7398918874644755,20.52645618938692,33.90492397977372
0.28276128347239593,0.05758639935398947,12.213047311700581,0.010203835306229052,0.00933946976252456,504.9578857563581,15152.352811905903,5.204867074117487,20.7847086379375,0.3354216303057458,0.42221964993263494,0.3152870682712748,2.028927700533635,0.570960137021752,0.8446897026916478,0.5403692257094946,1.0651138112793537,0.8573027579719803,0.0007126836071093954,0.006622219220484761,0.00019168076840629222,0.06266551429398924,0.03065464377822102,0.6857139128391709,9.448006279539008e-05,0.9770940223335232,6.697499722690903,4.257736915674591,143.0359443663853,0.6506171953736724,0.7376482037366536,20.611147283902095,33.82416670814269
0.28423369419643746,0.0576707348006911,12.271841754510241,0.010242374490228228,0.009331461835435576,507.35613281210163,15177.520681763104,5.237070874287869,20.735697945094156,0.33331395283003973,0.423088503505747,0.3158813871717942,2.023863495901875,0.5695655862856854,0.8489892188591299,0.5423943726713362,1.0692141386605019,0.8605891495895953,0.0007124384288427441,0.006618905949381923,0.0001923217935233985,0.06227780113138269,0.03074834937738717,0.6825981761224281,5.9210191164268914e-05,0.9762628202014538,6.69142171673226,4.266725570940981,144.00036810965105,0.6470525952431921,0.7373567600565715,20.68793880032994,33.774601325906
0.284201368877855,0.05810132463343839,12.085100212592208,0.010203198962375223,0.009392124678172855,506.57905267565917,15216.466854025062,5.235112151536223,20.909034411118657,0.33356329349191727,0.418446402719404,0.3170763602292517,2.0201702171512825,0.5701583933686905,0.8488384977824984,0.537733319745536,1.071163892512158,0.8643610697371107,0.0007104749555735289,0.006613033499786339,0.00019410393068001078,0.06237492180198009,0.0307361233807287,0.6791185278653894,1.3239711550904325e-05,0.9877392553123489,6.70975530622604,4.232990136226359,142.59091257839924,0.6418625464100746,0.7371148379099368,20.65756948696678,33.87983066812851
0.28319114877226564,0.058471185451234406,11.99072172690324,0.010195754078185114,0.009339136201159469,507.10954784382193,15209.901219980862,5.185683753342002,20.71411431137786,0.3315852034268076,0.42033627531942536,0.3148854316812891,2.020522387826339,0.568629286985451,0.851176352802855,0.5370161742717859,1.0641076743230784,0.8609661801867404,0.0007156130032723428,0.006588492224799988,0.00019283319398208224,0.062301726296722204,0.030819605434449743,0.6794970686138287,6.811805623011244e-07,0.9882555572741522,6.717240297012037,4.236644486142955,142.29757938921847,0.6348863947638849,0.7418754409388928,20.628447215229638,33.68935939837923
0.2823327475936688,0.05842242123853724,12.012705060083752,0.010244693361092475,0.00928743774010231,506.86143062581374,15123.701203324395,5.193318324095475,20.71637231899954,0.33284909807773816,0.4166463943237699,0.3159659645076181,2.0287807727436555,0.5675839997020854,0.8560568396091683,0.5320534728547802,1.06022955991329,0.862616777587824,0.0007192327940786818,0.006663036785382169,0.00019316633417960514,0.06253430897048151,0.030728994494843016,0.6785803231648694,1.5820729069681675e-05,0.994885328557376,6.7079231856461545,4.216258518359853,141.76435584466574,0.6370200573239054,0.7398519852295683,20.621127761350884,33.434850857636825
0.2821940189378966,0.05914737855209726,11.94039932082941,0.01029075796052842,0.009201197290525346,507.37608961422086,15085.969032459372,5.165185150819961,20.62925676552451,0.3336289532936572,0.41701586649619926,0.31844863601451373,2.044824149786521,0.5624574432561357,0.8544515701440935,0.5294792009989258,1.0603438784162595,0.8576638355132546,0.0007228500313846543,0.006733444907188349,0.00019380081191298833,0.062280466241556316,0.030728820070781968,0.6740574734342532,1.8500382989916706e-05,0.9990435142113268,6.749030281382971,4.208063811272101,142.07818921044662,0.6399557502012974,0.7413445445254545,20.599612643980816,33.405869045690274
0.2826551276568637,0.05972723838165364,11.941285734629137,0.010226071524917774,0.009233952608488213,507.55368106453403,15213.751588036053,5.182817003345289,20.422856631487317,0.3315189463908095,0.4173109760107462,0.3198998105873947,2.053633870077509,0.5593103555640827,0.8580332791861478,0.5254852812036265,1.0538232057542807,0.853308964677253,0.0007204300170806879,0.006765144960071647,0.00019288029642001523,0.0628269634488294,0.030459281510845797,0.6730117784207162,8.558528364277673e-05,0.9991769873613779,6.790037692604237,4.199164323642472,141.8125407549411,0.641591602444332,0.7467205049933681,20.67549097892208,33.45534845784549
0.2799351154400149,0.05987146846139863,11.907230465323655,0.01027794849517815,0.009156057825023206,506.7482988357078,15152.43133388334,5.194914641959228,20.44589320269096,0.32907252624814515,0.41304728090881515,0.319263082008207,2.066953561514791,0.5598371102048687,0.8541453500504106,0.5312059044756319,1.0452353405222676,0.851384298557984,0.0007145329543139047,0.006797184958438894,0.00019175147681134097,0.06350009598097096,0.03029461400454988,0.6705941764272124,0.0001062782446890521,0.9890516556568079,6.830025794206577,4.189108354360546,141.73386021975773,0.6415455493187255,0.7474639604411463,20.706211320592466,33.41486734274963
0.2806165119554032,0.05903361112768184,11.91225583189657,0.010397039565112474,0.009108574856441941,508.35476273135293,15183.90113732795,5.194973058754323,20.582312851062888,0.3293429299918468,0.4149324360451544,0.3225904408588565,2.061558626541828,0.5596494532114916,0.855392180827521,0.5340467984585459,1.0478228090730668,0.8474026968503533,0.0007109472647730372,0.0067858010108497215,0.00019106795825664177,0.0628457351694007,0.03040361625740268,0.6714554073914302,0.0001445403854842045,0.9932089733697448,6.78419305316554,4.175295303927134,142.66773820276032,0.6375082420318045,0.7518919163452662,20.722109514371045,33.326132728839006
0.28221446365007274,0.058690123060682844,12.044989951678698,0.010376117982766952,0.009193053716786484,509.1484413326886,15287.955437493632,5.17977540659775,20.515420457639372,0.331042867079025,0.4137592700144057,0.3221217649494101,2.0424870624951885,0.5598805686578514,0.8523779702175309,0.5326386121494783,1.0473053677444437,0.8408081117614535,0.0007145340487743181,0.006791400859938692,0.0001922059571930888,0.06290666288007109,0.030363341538570877,0.67107067564446,7.889260680195431e-05,0.9953615270243328,6.856560731881367,4.152907615816181,141.68314456631342,0.6319806636943122,0.7524201420662779,20.866294652644935,33.271679744325525
0.2793325092020973,0.05900139550035037,11.991423877006524,0.010394411242715456,0.009157347148314171,512.2576054254711,15199.964559543085,5.2279232157986675,20.714672071121395,0.3327387750174612,0.4117692252720236,0.3194380530916213,2.0502689234464797,0.5578842631083882,0.8571706126556458,0.5313005051748481,1.0554777892094984,0.8388287777639644,0.0007147547690540285,0.006836462934309198,0.00019062182387438996,0.06271357941214752,0.0304614217106056,0.6754343191052213,6.66667772728679e-05,0.990080988695492,6.8216778238597,4.167660979890968,142.9169838015785,0.628529016369159,0.7520752287802743,20.995573632035505,33.41264806065389
0.27680548223672546,0.058988644537680254,11.88639684954609,0.010416278113428329,0.009069604660627794,511.5839296980468,15202.872594471304,5.245376694228312,20.937331989760196,0.3338871568340132,0.41383728353863236,0.31916937071770923,2.043172484475164,0.5599820743643042,0.8503136167275731,0.5343024780413395,1.0560928748585263,0.8372454456512028,0.0007196166265991055,0.00688143660489947,0.00019173834746685534,0.062374747685150084,0.03042764974728729,0.6750980673624547,0.0001840150932994302,0.9921956430054105,6.8073635056010176,4.160655046746891,142.39773958893915,0.6276560839541999,0.7514699284553472,21.014196364425295,33.46491784228628
0.27838851993113983,0.05858409028822295,11.871417640975965,0.010380684076409151,0.009093740355379036,512.1312794745705,15151.498367918186,5.2287673939916335,20.697622783643403,0.33101694014547295,0.4068250105337777,0.32144427738091325,2.0400794944296714,0.5640859510157796,0.8510448482734534,0.5376778193725554,1.0523389321298682,0.8301277716576555,0.000720815786686392,0.006862347356077405,0.00019143518992252234,0.06243223312860459,0.030116356845003727,0.6729081206868407,0.00010682789964081033,0.9910611513539517,6.852437980771037,4.157762813295776,141.05264422461082,0.6239685244759465,0.7443322313388253,20.971982407295513,33.447866260380415
0.277243868613227,0.05923457894561472,11.758033811937493,0.010420229505308819,0.009106831230666228,515.222772735626,15174.121652250718,5.239122326083062,20.774645501996147,0.3307810691223517,0.404647900521123,0.3192269256260971,2.0243269537648474,0.5657086309116353,0.8458166198355394,0.5379847213753643,1.0437514158441652,0.8346604246287155,0.0007209684883879785,0.006891206854479984,0.0001922255072634727,0.06295529654329927,0.030540724392152153,0.6695630307033211,0.0001087878328870839,0.9893264113000184,6.846463345459243,4.179848474406564,140.580590103768,0.6224019221997728,0.7445029439598497,20.996897681486104,33.667047868690084
0.2770157348852193,0.05923534016787867,11.6657243819643,0.010438345368630348,0.00914303453086859,509.9941307739485,15289.034473600163,5.22022925584139,20.75917267487667,0.3297613182068505,0.4050477490291822,0.31705000600787564,2.009710001979706,0.5665109241714597,0.8471472526020188,0.5352190472958596,1.0547175703686689,0.8403553006920373,0.000726726864991352,0.006916185691545403,0.0001914771611162816,0.06228260350426485,0.03054828709964159,0.6656843187528122,0.00010286799881797449,0.9968854683891872,6.826604799288229,4.148286034778169,141.1104274329583,0.6205373899377533,0.7453951818863317,21.030485281942564,33.4936048692807
0.27738062503001604,0.05882304332474165,11.61577533898274,0.01050146101626732,0.009156249666328622,510.2015485174918,15444.552123485737,5.22721703286866,20.639202354954254,0.32771556743365476,0.40531532219616806,0.31783000170321174,1.9945020752409082,0.5600330234888665,0.8489259537830159,0.5352484189272382,1.060791971101563,0.8322367619496329,0.0007277522741661282,0.006910770947829108,0.00019286517244722769,0.06211588136992211,0.030602982378844457,0.6673415001218916,6.314143516315327e-05,0.9960306561018439,6.806903140995019,4.127028591388443,140.88626481308242,0.6158222120868478,0.7465002477797386,21.076744341257186,33.41241277751969
0.27470767350944486,0.057991379192373585,11.715841440570877,0.01050327252663021,0.009178383454126294,508.7151310018226,15528.028476060479,5.244686970372044,20.720173004588943,0.3265757189977023,0.40524434422176886,0.3187960409180596,1.9949688608559821,0.5576944665250526,0.8470695604281514,0.5327311274990706,1.054178248610085,0.8396255538243437,0.0007282083781296514,0.006928095089387525,0.0001932994409006432,0.062003325238111966,0.030406344278291156,0.6664564943715121,0.0002876562633478452,0.9999203465433876,6.786424270957149,4.1255904493504225,139.4796446247741,0.6167407680279217,0.7430968579469253,21.089921866984604,33.43823973930322
0.2721424643730231,0.05826963782842549,11.695617100483133,0.010464537205611978,0.009142266664197006,504.21394993414486,15430.835381476416,5.252526804975927,20.709593333803685,0.32583717403693024,0.407962960563416,0.318246785315751,1.9796433102737352,0.5579299339387773,0.8522403686607097,0.5315448101667734,1.0540838146601075,0.8417320318100153,0.000720415927875864,0.006903543773674514,0.00018952871106255175,0.06202629112684446,0.030477669846999875,0.6705951311173274,0.0002221032943716222,0.9905743035597603,6.81574325520389,4.149418413769942,139.59668095174283,0.6140792387556819,0.745588288495196,21.024398125615058,33.433303648135215
0.2704246827437607,0.057966369994752485,11.661146206833898,0.010483125086216084,0.009126585361874355,504.42512910948136,15474.686611405976,5.200486993481372,20.647918845043712,0.323123422577749,0.4055699079351789,0.3186309668843668,1.9913657333506933,0.5510499273510154,0.8457086987467327,0.5316493156900437,1.047063220954056,0.8340377819808336,0.0007213243104420288,0.006870409116314386,0.00018897574618463565,0.06172763536090779,0.030694893922022865,0.6718551337294415,0.00028691230906870927,0.999164732001147,6.8601351402098105,4.137925306959931,140.045893342109,0.6175169737374618,0.747044846459429,21.064690427991412,33.64736154184917
0.26983909965821196,0.058250010619486314,11.605961375182094,0.01041151799293685,0.009231386323922184,508.3349667231834,15816.081089272528,5.198203843264712,20.813350425529766,0.3236539180559268,0.40484675294670625,0.3134286134285992,2.0041367964744787,0.557792251060322,0.8451378257436875,0.5322101952155025,1.0434478569308283,0.8283557935225696,0.0007202804874686321,0.006873890204880443,0.00019025753586915536,0.06155512951654194,0.03072978550912178,0.6722430889499921,5.374568846936277e-05,0.9986294195615298,6.893002656722049,4.13381949966161,140.44572947738197,0.6215838554807059,0.7440830883944825,21.0106455992359,33.62621871282973
0.27175173692357507,0.058006506602106045,11.612560865112485,0.010324590557534964,0.009227867411945315,503.7506721760986,15809.044125615666,5.18412677069195,20.757171005001624,0.32096580877972347,0.4041150268744856,0.3122195870434579,2.0203078898792177,0.5603898710242905,0.842943042480878,0.5317782896705185,1.044549663319739,0.8255436285380169,0.0007186254895406544,0.006855895926711554,0.00019145582033027584,0.061564211606334025,0.03064838597559714,0.6675629897928491,0.00012582381276024607,0.9998435679771134,6.876187742552229,4.128646624869473,140.6244259613508,0.6231284975440519,0.7427801301708674,21.01643726730986,33.612365232596964
0.2697288728237698,0.05838658300781939,11.49496024283749,0.01027841705867168,0.009262755931218301,501.1843036093392,15779.174897157349,5.112733215399395,20.670996341648802,0.3190808174333437,0.4047167949511727,0.31071834942740734,2.0245719926546433,0.5601478204379624,0.8438723096469409,0.5320269984901294,1.045353394400515,0.8355617256563622,0.0007212220248872986,0.006845588097725766,0.00019121571909461884,0.062078256302153176,0.030858653685955254,0.6646324549636916,2.111339774070028e-05,0.9948064873186886,6.842041726908478,4.142684868034305,139.38735565337586,0.6151610815043983,0.7425346019918754,21.127171748441896,33.694910123390315
0.2698410052536662,0.05809019440399886,11.482691847377433,0.010309983605401876,0.009283224782730148,504.11456607203644,15659.773303860322,5.122946709172045,20.728424092632107,0.32213805019669434,0.4013967144960722,0.31057916756254356,2.0217848375236915,0.5658108818788286,0.8437663485798532,0.5318280914474811,1.0487213213403188,0.836752370044326,0.0007269474096682361,0.006848325023287856,0.00019085220137142548,0.062098329386847964,0.03103265079384244,0.6641793779565927,6.598540665380369e-05,0.9981848718464268,6.900126408982209,4.142978459686743,138.6405914380197,0.6092766438694542,0.7429013722299568,21.12227525760739,33.70839218392477
0.2709705720678414,0.05811947828485925,11.477548161364336,0.010403067002716215,0.00933804675067141,499.7206670269449,15541.515388390375,5.111883463568108,20.650497063018783,0.3227876353141315,0.4022870672079597,0.3115683962870683,2.008317993897099,0.5647603683723178,0.8475750653744624,0.5279398169746413,1.0545393181875446,0.8473404217988697,0.0007261638409824818,0.00682653828586278,0.00019065318838767462,0.06178001012553674,0.03096626414199185,0.6617499489307797,6.466244139918169e-05,0.9970776162170438,6.901002592795296,4.173286921660146,136.85435071515948,0.6097594281176979,0.7493003762547175,21.08466532668341,33.704860522082285
0.2718283238391785,0.05793280000589562,11.421320758376817,0.010345797150350123,0.009322042694217679,501.190390763539,15686.093097287572,5.058997645639859,20.65463915701056,0.32358473222936496,0.40247783346861865,0.3131370682272962,2.028847851746125,0.5642886775494502,0.8466386047844514,0.5279795854348147,1.0544694042256804,0.8439953923306471,0.0007222659938645018,0.006789263373011862,0.00018995571145667456,0.062148730268954906,0.031049054085085875,0.6620987542250739,4.8160615930643036e-05,0.9902564109989853,6.8989953129204515,4.182451251407225,137.53420998108038,0.604767073799949,0.7518725995263996,21.03834015839504,33.69622697326483
0.27045641688205896,0.05771729967484926,11.435051965826714,0.010267711841590133,0.009309429213177227,504.72232332412165,15755.028564480805,4.9890144817623785,20.615097576947253,0.3197560908461662,0.40102939005793675,0.3145242048418985,2.0309559830651716,0.5707263921402456,0.8483625850042522,0.5239571586874497,1.0536964826644282,0.8355607649892166,0.0007247481806017265,0.00680369713902329,0.0001890726166072526,0.062402692813651434,0.03101010254724762,0.664873184992389,1.4949555290261908e-05,0.9900823106369385,6.917376622944334,4.191750421639468,137.868331708633,0.6061743498048614,0.75817044176612,21.060038116021964,33.39458123829598
0.2671159636485078,0.057361098524858996,11.496241710909642,0.010203064517584234,0.00924779468065735,504.9861748841854,15721.465368832402,4.951316149219606,20.581314586562037,0.32237684671391337,0.4011707523513314,0.31625752592522577,2.032881338071891,0.5637914768115698,0.848817797146278,0.5242455524616296,1.0556453572919273,0.8407195064663953,0.0007214376533786651,0.006841967968194812,0.00018771900748910443,0.061647257534474635,0.031247258497702265,0.658959454122224,0.00012400602342311636,0.9838898620788998,6.958124482205194,4.166587498686565,137.13764122201522,0.6013230925624977,0.7602862599794995,21.009943191235642,33.61020093227388
0.26748264309597175,0.057516828051222664,11.499779981712784,0.01012147823985117,0.009337345418478315,504.6416003224016,15792.587899276623,4.985496481471984,20.639099501225935,0.32162410856416684,0.40598247582223546,0.3168630128980116,2.054420600845469,0.563958522104651,0.8439872862830696,0.5245582836920276,1.0535366472836927,0.8413693347347174,0.0007175968832390808,0.006809286541996681,0.00018722608115207982,0.06191194096141468,0.03101720399248241,0.6596674935188955,5.601380537687098e-06,0.9961157573189395,6.97330781345993,4.202923087609783,136.53199375604717,0.603736233531686,0.7659908237514331,20.976985468023447,33.568836908238914
0.27027880054572057,0.057779303757082554,11.401771047888904,0.01019989652913119,0.009350195274992432,505.72117487557256,15767.88444730075,4.983541258849806,20.53515542037283,0.3236902005024508,0.4077313899788597,0.31552789728921865,2.045094189903291,0.5650241963505941,0.8456138770827195,0.5215162580335175,1.0537685325341912,0.8367828136406662,0.0007145068452523014,0.006828133258318333,0.00018664904562391062,0.06098929603296055,0.03112472440746406,0.6678817779117304,2.987467861935011e-05,0.9991275202430268,6.911752333249407,4.221816478051551,136.80772275037071,0.6012451492014685,0.7675281838861605,20.94396707009468,33.57649313162567
0.27070010499770386,0.056950035832081906,11.393107387605934,0.010151070169508277,0.00937229821964967,511.8835907395011,15936.66231640082,4.953052584299455,20.573702439074676,0.3205316040238392,0.4120081920911726,0.3112739166226331,2.0528956072157536,0.5637874799713651,0.8473614424793775,0.5211720298586983,1.053300713598848,0.8423726905677585,0.0007107610179798241,0.0068260565241688225,0.00018697484475280865,0.061490449323836564,0.030959912871468438,0.6700471694435624,3.590218692009406e-05,0.9925988752800404,6.872567541968512,4.2324927005879225,137.25608386717857,0.5980865336659937,0.7687840541775537,20.956084978893575,33.76589450215185
0.27156872073571614,0.056917117156246776,11.318731784996292,0.010134435512311515,0.009314636936715998,508.1781542473501,15863.701208887573,4.981709967113181,20.491669456208975,0.3201943784324965,0.41606617188862693,0.31091533824867973,2.0453418890441277,0.5611265449191574,0.8410433220181573,0.522176985484157,1.0470811169679284,0.8425680008123972,0.0007090753073502214,0.006800762184717324,0.00018682295003481943,0.06179867096041104,0.030782989293943228,0.6675616142620097,0.00010076573375836722,0.9978836742145523,6.821374833213958,4.217177455495293,138.33182097983521,0.601577459567609,0.7718292850111448,20.992808868623815,33.652562031124624
0.27204188844743776,0.05649042805852377,11.397484713465648,0.010174726212955286,0.009316583251452444,503.71312253600564,15835.988232736752,5.013154232164395,20.4697225359586,0.3160636113881572,0.41446478365758277,0.3108084743257126,2.032489666524501,0.5584461847540257,0.8434234152657624,0.5247674777275979,1.0465724918386625,0.8426559888822869,0.0007094420296901958,0.0067962128732489335,0.00018710256323486218,0.061883752037053895,0.030627909507041296,0.6733432778312937,2.5024114700550852e-05,0.9986800096172813,6.84036242153653,4.234192631684803,137.32070573558067,0.6021440861150912,0.7749409086417213,20.925489960688804,33.71358797729085
0.27248011068661393,0.05650956583253001,11.386541679497414,0.010234511609344443,0.009337200531774323,504.88244185350294,15711.867996421981,5.054219086405033,20.399373724545068,0.3154880541520604,0.412298214541467,0.31269367510654106,2.0352847768085858,0.5573234112066431,0.8440781185467077,0.5266793365218417,1.044435236309815,0.8401162821127358,0.0007075560536565171,0.006806465351479452,0.00018726279995435742,0.06060449835253969,0.03101737484129918,0.6713864247312848,0.00017174386472283823,0.9976255663395096,6.885392589255857,4.228395085532805,135.93754944842826,0.5976536455116837,0.7814492040995068,20.918425266181355,33.80519545476202
0.2725578320287021,0.0559940123589683,11.35348148828499,0.010268415159647208,0.0093518415881547,505.77324664240473,15669.501668357054,5.03017528731867,20.37329231876148,0.31538402530221427,0.4122121261176263,0.31257878497511626,2.042822701087252,0.5627396862939293,0.8418553295529104,0.5267847810725244,1.041367185222894,0.8445947928529434,0.0007118254919198434,0.0067790241064272045,0.0001863880929239939,0.06053255136991021,0.030986061388263965,0.6735239541443588,4.736277168953008e-05,0.9909006647439361,6.860000890543712,4.224636613644115,136.82249715150655,0.5982455106202771,0.7837945809928349,20.96794353329536,34.08504871358807
0.27197374224951554,0.0556334198050235,11.400221799670607,0.010275278728698288,0.009337883433418286,505.525593473109,15496.78006381956,5.015393908892628,20.412574306813344,0.31649183712649,0.41207139050736946,0.3139692389368963,2.0317481675993467,0.5618130562316338,0.8398172069717191,0.5296161390971398,1.0385156981739327,0.8506483655475007,0.0007116976291269005,0.006779236206398578,0.00018696633758820817,0.06032828406533386,0.03093887767580241,0.6732985829829262,0.00013422575933761717,0.9891872671963545,6.939503234267863,4.2130915240420865,137.72669844600014,0.5976323467685642,0.7848186900569436,20.997415191282016,33.98956792021837
0.2729338436466314,0.05594426317101393,11.324541316358914,0.010247658908948023,0.009231252010516158,504.51328479157473,15414.551559172696,5.01305020914988,20.440866305223448,0.3164356009223462,0.41217739732705483,0.31649695978569564,2.033677313784806,0.5579335197483556,0.8428392146156461,0.5315585677699023,1.0467215625153987,0.8435373878898244,0.0007077359393502913,0.006819528171052399,0.00018544893213428743,0.06014627698365163,0.030804755207557356,0.6748068635821197,3.761609733213619e-05,0.987763289170873,6.9180572371451285,4.183944287920672,138.5929282513163,0.5984350582664587,0.7812959480902992,20.928627455205984,33.90037053036035
0.27462030017557154,0.05609687294798938,11.293708705668255,0.010264395235250624,0.009305876844577695,507.3052227468687,15462.048363195674,5.078320935223566,20.474065579934432,0.3144374119591768,0.4141600691107101,0.3154611201265708,2.033880431760726,0.5560542609313829,0.8380954214900225,0.53114192073791,1.0484181842739095,0.8368892566493982,0.000709531055432223,0.006811996496681583,0.00018471649567128144,0.0606831682772941,0.030652160790404198,0.6759392196597571,3.611240723832964e-05,0.98947333979347,6.878538272733797,4.202104286405688,139.24313213231676,0.6033821253325982,0.7853303872648458,20.98745002653542,33.83046350551446
0.27707522798700535,0.05634706961550525,11.262451091870279,0.0102726830330875,0.009269627492577905,512.2650147968723,15504.732819580011,4.966412621570432,20.41911359224379,0.31452844357532156,0.4153127012535254,0.3160554028949378,2.007711469003924,0.5596640314371976,0.8404436797028143,0.5300322199282517,1.045103797914435,0.83446828858776,0.0007127521426301443,0.006830296086600595,0.00018532389303548924,0.061246002985907246,0.03093125245052646,0.6733384130492871,1.2488994926723398e-05,0.99359525077286,6.911837325372691,4.189402824479783,139.49243454369656,0.5995559604200621,0.7867788978039075,21.027305424504554,33.92954112045274
0.27527067800496696,0.05690173002831268,11.274179241572451,0.01018056687370037,0.009297821562360687,516.1204453809103,15595.625495487708,4.9698910847024145,20.446970207496936,0.3146153530773398,0.416040024803548,0.31529005269126914,1.9974322982028598,0.5593226368974319,0.841544021710796,0.5342193123875211,1.039231460318107,0.8404898415438821,0.0007114746726807009,0.006836888122762192,0.0001849663462656698,0.061070976843949604,0.03086627551458316,0.6806863698723158,8.25700872571133e-05,0.987533390049614,6.940219898216779,4.154839933098398,138.76816342230336,0.6017906504741489,0.7873186885947995,21.14518309139124,33.75700068647835
0.27483736622767646,0.056825106759028,11.334490334192413,0.01012104286810105,0.009292260272227156,514.3821736547126,15734.749686279769,4.948861655684957,20.451421279642602,0.3150146661557058,0.4180004395402046,0.31846142870502725,1.9888486202188873,0.5603671269462909,0.8414576183313427,0.5321662620274451,1.0344737180342494,0.8420237889157749,0.0007137513515069402,0.0068215426911572815,0.00018481733056141823,0.06082534819690319,0.030942739544934834,0.6785006136202263,2.4990820350528355e-05,0.9890734685577405,6.920389816001221,4.141415703769756,137.90655825146808,0.6002587414893861,0.7850274119288629,21.1310363718303,33.712168905041096
0.27362281012866907,0.0570963016337687,11.20074828910071,0.010030348946841508,0.009230156517514474,510.00565466801186,15585.315677757106,4.915842873940329,20.3339654428727,0.3114126872323899,0.41636367947473674,0.32015416987510187,2.0113358546713918,0.5626120539033429,0.842745679382011,0.527959557911713,1.0304657944839493,0.8377892113461646,0.00071073142140929,0.006790310704587957,0.00018461350983564538,0.06063038815906302,0.031011725971925932,0.6800384174890166,4.1325847432115984e-06,0.9954657857664365,6.939399206597249,4.144529898667469,137.97505350127844,0.6007921663850794,0.7809902324058763,21.237335595079045,33.55030815658733
0.2722579998803722,0.05641007543002017,11.17322519271828,0.010104561870209881,0.009242099472636637,509.9836734166676,15564.24628162745,4.899099349307809,20.48837537807829,0.3106273386538925,0.41409542519258646,0.3201644664802225,2.0195993198856668,0.557879223301881,0.8438014300723217,0.526049219371512,1.0320151066428955,0.837562910486357,0.0007107227463454367,0.006782461797723866,0.0001839495187854627,0.06037767931133982,0.031164504475088874,0.6802626909514116,7.265182914617565e-05,0.9922810411029055,6.974626481184349,4.10700418321061,137.0048145125329,0.6013177345252003,0.7804295420134364,21.249512050992013,33.49899213155628
0.27413223852394375,0.056464601458219625,11.246285351348499,0.010111152405389599,0.009229772567897367,509.974580219785,15634.933456393986,4.8705800254892395,20.53528871688668,0.3099981540294842,0.4141506185684512,0.31888188618680896,2.00985991583337,0.55560056743274,0.8455675466742194,0.5241333204168678,1.0304724685743007,0.8372911979625116,0.0007134993968109269,0.006765355605776998,0.00018208587769482813,0.06038711027129854,0.031092216508023914,0.6774692622516794,2.976505557940282e-05,0.9975490149389736,6.967145248747174,4.097686399892675,136.8475106587886,0.5996210129899976,0.7756556911319946,21.271107399519174,33.25161474253373
0.2740193724581745,0.056335278943915046,11.201492841140565,0.010134655548282419,0.009221862071097214,509.03210112712526,15697.479432348644,4.844978235223918,20.509365644773784,0.31033785026056776,0.4169106985363561,0.31956328601935136,2.0036032945070237,0.5540238222294656,0.8522327655763775,0.5220905608306423,1.038411767649706,0.829886739729555,0.0007139157836775568,0.006747423048156768,0.00018062499773659205,0.06042295574690907,0.031143385576297162,0.6788366123950749,4.359504457873717e-05,0.999037946847406,6.988175440989271,4.100016897765235,136.79617961149887,0.5975802926847811,0.7802582422163381,21.29923978509555,33.333684092275206
0.275384718450538,0.05652996888487617,11.115394356517282,0.010186198894710868,0.009258956757375519,512.2064921211256,15690.164589740085,4.850195514744205,20.326040521588116,0.31208375054429865,0.41628127090497724,0.31907092399653986,2.012473823095431,0.5529548158557428,0.847010220119198,0.5203417372749874,1.0455380664384875,0.8202761135349739,0.0007178841559230643,0.006743847667967367,0.000181189397792907,0.06065507467467247,0.03124586446736497,0.6774748859873302,6.381230835493012e-06,0.9986121107728361,7.025862910612278,4.111115751427084,136.85644200321792,0.6038981509222714,0.7777557183889229,21.333165138954126,33.29213742152875
0.27289196924058756,0.056848961735149334,11.249589276329942,0.010171488237034414,0.009205793135045937,514.7047879379096,15775.666453496793,4.832994989683353,20.420413050514473,0.31006278894775585,0.41244976740207207,0.3200858957668173,2.016000964388585,0.5526788678247255,0.8418698924198157,0.5184871196291151,1.0475687885167306,0.8239221561203566,0.0007141766866492492,0.006725468058401264,0.0001798907857099183,0.06078874948545647,0.031110507865723513,0.6792078406381753,1.9291495992897966e-05,0.9924494298628568,6.99214411344998,4.059564447364986,137.7888860012563,0.5994456746469287,0.7745216387794294,21.43564610202477,33.350128357165296
0.2723277749319907,0.056371975223062566,11.141923134504443,0.010107239171832637,0.00918640391531397,518.1262175046184,15832.626710533457,4.816993240218051,20.693672661150586,0.30830833520179857,0.4111243087401486,0.31784752439413627,2.006785089680087,0.5534718492708097,0.8438283972945184,0.5205026840500546,1.0462221648216041,0.8260656634371237,0.0007206505546619907,0.006694221179717979,0.00018018081343193295,0.0609397795629574,0.031025113869827977,0.6765890265857316,3.3753924195189664e-05,0.9951456386526765,7.079100272147311,4.070165294927674,138.09727605469368,0.5941328338501937,0.7790546730933878,21.5120313094653,33.444303943006354
0.27385253552764044,0.05692611555078046,11.21118680922451,0.010195317696166804,0.009222783636851065,521.8642388462525,15790.380051685785,4.767315038246039,20.6779441338804,0.3054576501160899,0.4096319919074973,0.3226415549152451,2.008961841475904,0.5565345604869912,0.845230439869731,0.5224981044999382,1.0413132204869398,0.831436728712491,0.0007211029786990363,0.006709291178919099,0.0001806986991318146,0.06104913196631983,0.03108753924155187,0.6716782637642907,4.6530185178756095e-05,0.9951522642822288,6.961789638532706,4.061114940630342,138.96016338938068,0.59158667594332,0.782307998581889,21.59353464287004,33.359968228123265
0.27375283782421483,0.05590194500391556,11.25551496144862,0.010181697171883585,0.009260921531649395,524.7582261853793,15823.860194736213,4.771583813477224,20.733984124648163,0.30711538222067614,0.411435289643236,0.3251599225298652,2.014723017618772,0.5573683521186422,0.8494689838689565,0.5259640580098918,1.0379266587999008,0.8296417609438657,0.0007229815771102656,0.006720538799248264,0.0001806738328420467,0.061232754964091474,0.031095192475449066,0.6727715388096225,0.0001044185944455958,0.9994131202174215,6.999132269440491,4.063897117061066,140.11240693958098,0.5917708991031313,0.7825664444591914,21.613855004475706,33.19272582896562
0.27422110117598847,0.05621821392602371,11.260938549424774,0.01010785486116216,0.009226418631248264,520.5359801519331,15849.579608139067,4.739673945705685,20.869275832139714,0.3099603271626732,0.4119767954474998,0.32120213081928123,2.008474261073583,0.5554819443196394,0.8489845917337251,0.5191643616931473,1.0398994405125155,0.832857426706686,0.0007241052923775647,0.0067517305792210115,0.00018300524611222552,0.06115241730484139,0.03115950488216909,0.6721384000121219,8.102586074508803e-05,0.9964587071440838,6.946831024940713,4.066289742834325,140.18279936825414,0.5994674212135056,0.7868378234036525,21.582549439443017,33.348796479678235
0.2719354086130164,0.05648859337378913,11.20824688439902,0.01005533119508493,0.009303846212783629,516.6527101224542,15845.526400103587,4.75008041232376,20.76877609707252,0.30823495983965976,0.4087065448380197,0.32227770324625693,1.9970624219015558,0.5610747449250225,0.8489816289185185,0.5196424652693941,1.036510738743856,0.8378538609668139,0.0007244578110642425,0.006740286612589551,0.0001834046900713575,0.06183811412520205,0.03124719899695352,0.6721939405892329,2.046695805854053e-05,0.9926814693569461,7.020897334134925,4.089355426428406,140.36126264447645,0.5984218804806082,0.7848474294559548,21.60981958788711,33.39915551426655
0.27277148370394133,0.05684906268032823,11.247537702261068,0.010016825667337964,0.009343599876775474,513.9444689962817,15996.40659168281,4.735971695818821,20.771476864353698,0.30457410223645287,0.40917914017108087,0.31963451663660825,2.00508973311682,0.5633465489376392,0.8457013605708121,0.5195411451392551,1.0395279640236366,0.837638920381105,0.0007263480009967692,0.006776108983459311,0.00018331860905708723,0.06221248285830549,0.031067228673923874,0.6682974804805195,1.0989023099984337e-05,0.9912372361414207,7.123134453072725,4.0788760231511825,139.63495224385431,0.6017970428306746,0.7801542727701154,21.56800195874105,33.4768410951354
0.2751286794502978,0.05702985568429586,11.213372695158458,0.009960326916064955,0.00934675722672334,510.27399857272735,15995.9286001424,4.7729191522086785,20.72270828311795,0.30222159063063403,0.4051984099873196,0.31647506754350463,2.015441559490044,0.5599369849878328,0.8463698367499017,0.5263262168270091,1.0376308346463057,0.8515137963327197,0.0007264373601411222,0.0067927915322153806,0.00018399847516975301,0.062195692497024536,0.031027489969481105,0.6680062857336473,1.4924915210606398e-05,0.9914953619994189,7.073028555025301,4.092158342387939,139.45257072569754,0.6000056472159361,0.7801936118620869,21.548174413353546,33.594087912928174
0.2755525915496717,0.05705301854260688,11.176996804786176,0.00996378135467879,0.009380499836412032,509.48477230906957,15954.986994584267,4.788250197114544,20.80724776229293,0.303939458837317,0.403476411298471,0.31494169634225444,2.0435769021267824,0.5620345719938952,0.8468455071958257,0.5289453564630431,1.0306328478688889,0.8465229334887293,0.0007240201462226408,0.006800293557571706,0.00018403956568789498,0.0618416571890826,0.031026974751821486,0.6725968503634413,3.041286260307093e-06,0.9883468885222784,7.064804248557627,4.079747889885208,137.42191369395084,0.5962999304432046,0.7860173767016134,21.7065304768094,33.263902194645055
0.27643628203521586,0.057236662213382146,11.008605181197437,0.00993932552229018,0.009422509916197527,513.2070584932924,15840.368457955345,4.772999931111371,20.859139878087387,0.3027464641746937,0.4036607172118035,0.31879191753332303,2.035472137491958,0.5636330708754927,0.8494789605947044,0.5245950980463502,1.0278445555199247,0.8493351209894179,0.0007279561577101877,0.006772036995566925,0.00018334811962044932,0.06138438660672501,0.03098286518186414,0.6677636440161837,6.838512836802573e-05,0.9927452517236278,7.095430891097933,4.050000363737479,136.81912539428356,0.5933066952931842,0.7845815459660139,21.65093756017414,33.1849475318254
0.27447595823046905,0.056211976096337164,10.979425845181346,0.009858378081651676,0.009438527933859943,515.0073355112211,15770.818962735164,4.791831586012451,20.749335561682688,0.3004042880227046,0.4040735722714754,0.3154945123485266,2.046183787412,0.5599070027340368,0.8435001342081767,0.521375468987525,1.038709091918343,0.8544582234591068,0.0007245047261825273,0.006743665293431096,0.00018469800536217515,0.06169920117500574,0.031009811165952302,0.6713022481403593,7.256690495207764e-05,0.9885211201220371,7.152921735349627,4.040622731099727,137.51137919073798,0.6000187318415411,0.7857746532821271,21.70320267836826,32.80517653065463
0.2773069821064817,0.056469727642926314,11.025523466153732,0.009999904980567687,0.00946945052778615,513.9396040895235,15928.63747917133,4.793415160318036,20.85788997010833,0.30071816722177636,0.403080411351007,0.3157414021911006,2.0496298095375174,0.5595780324433527,0.8400942831542717,0.5294254282005988,1.0346655584240079,0.8574800911578639,0.0007238488299370981,0.006685313572159689,0.00018485143030289445,0.062131398921790364,0.031018956058515637,0.6739835003404901,2.8856450771255754e-05,0.989801864889744,7.1892801793284535,4.062759155668781,136.27583858832378,0.602452137251567,0.785479216466594,21.6370921906498,32.757878945214905
0.2797383345729905,0.05675649292403853,10.940163748568418,0.010054626859792491,0.009435744804657033,511.35377076153713,15899.681798713982,4.825996059359045,21.044099688097845,0.3004708633852984,0.4016252640467643,0.3160166952105024,2.057738332339795,0.5624779665722293,0.8445464146879277,0.527025950886109,1.035120231318985,0.857751476984117,0.0007237520885766052,0.0066831406102902035,0.00018523243683526657,0.06219079917514538,0.031148086214738007,0.670685938501818,6.595928951491441e-05,0.9938571419605133,7.214839515586794,4.046796726235145,136.3386250588192,0.602206281755333,0.7865664024752653,21.68390273380677,32.9949223340695
0.2818859037766379,0.056795046025106405,10.812917457750462,0.01018840107638795,0.009442235867462423,510.4256554643822,15896.303050198396,4.8188019068421655,20.977703740580736,0.2976729105723005,0.4015992252885974,0.3153803225899387,2.0679400999494257,0.5591085027531526,0.850151645992187,0.5270694099930591,1.0415574326622137,0.8589544783970667,0.0007287285254668467,0.006677176832779721,0.00018402923394554872,0.06189848573509416,0.03117378787866594,0.6649900013186545,9.173650598000077e-07,0.9887304857908672,7.2171375175427395,4.072703963161331,137.02203857993112,0.6025040274730545,0.7831530665394404,21.627112226667542,32.702722792278664
0.2832472954142503,0.056562505207125455,10.826830680801038,0.010209053626390512,0.009472730060800443,513.4533219962373,15833.80217074715,4.764466452939086,21.116213592256557,0.30113253929022993,0.4068524248677996,0.31531342414189056,2.065744049044547,0.559213915088622,0.8464469986539281,0.5255344399859099,1.0369390523555948,0.8653219104267171,0.0007327839906732201,0.006626326744757896,0.00018398092593656734,0.061775414171042604,0.0310981318020201,0.663660911011598,1.4374520139433574e-05,0.9999354434346848,7.255581709336404,4.08216596234063,136.18496247440012,0.6074329275644179,0.7857188631523371,21.539603545778807,33.02339158188406
0.2817489873879522,0.05658239524575442,10.790358424192044,0.010169695606054383,0.009463646393076073,513.2953704142301,15979.439976092774,4.790745626569993,21.141415276947857,0.30313654571251425,0.4051005230864972,0.3150349872849558,2.048866107260867,0.558584592255403,0.8465257390522338,0.5252480860348777,1.0316873389548817,0.8622352724858082,0.000736053088553794,0.006634494106193687,0.00018480428632574016,0.06167639547621395,0.03105313347543363,0.6662748840374456,3.2395411396208628e-06,0.9952524526704043,7.28401234456133,4.103920963032746,136.46424306451033,0.6095958988207533,0.789051943192565,21.47286583350611,32.99261731000644
0.2803931511405072,0.05676254037247292,10.933917991279293,0.010188476570693364,0.009448133137674323,517.0586738241085,16016.752701560103,4.7782825438730345,21.20739341155699,0.30749799083993923,0.4034908839784527,0.3170574664619259,2.055723367495186,0.5583324448826299,0.8479430870191959,0.5280301386750575,1.0259127765079763,0.8529429342124332,0.0007382023096218367,0.006604094627821651,0.0001852828628027576,0.062348113679480885,0.030902196583275674,0.6679085179258456,7.816661385062139e-05,0.9923472701750728,7.26323460617271,4.1127675613286545,138.53648706791597,0.6080552619644728,0.7915959177024959,21.559640552823847,32.968628948052675
0.27757761615682625,0.05617551724473758,10.81299866639216,0.010235871790430989,0.009364384568580767,519.6747787666843,15901.34793865738,4.776570600854442,21.304031466420216,0.3102786020837277,0.4028542116837262,0.31622186322853657,2.0502139722100745,0.5556591978594534,0.8491968054651511,0.5280632081468848,1.0254247198742261,0.851637545812915,0.0007377189455855798,0.006656785798849323,0.00018595118121248331,0.06234252153162665,0.03067036929400464,0.6669956456527226,0.00010801738087084768,0.9984744195668804,7.312502439321831,4.118441394425508,139.54728798562317,0.6051370119961017,0.7898697472836433,21.525233791055946,32.861750039311666
0.2766678045059484,0.05631423886513087,10.81330579302263,0.010191649947552206,0.009392726301364018,521.656214575664,15968.93791868648,4.759173370395638,21.27632059785169,0.3103058434698734,0.40262052958580796,0.319899303054546,2.0517005654279226,0.5586054073220458,0.8526780112545612,0.5214213924289413,1.021870728406138,0.8540784869467801,0.0007387036088571918,0.0066657678907029805,0.0001857185172822856,0.06214270640970215,0.030788888386396773,0.6675595268345934,9.847270139575734e-05,0.9926839625771011,7.297336116584605,4.120190957082547,139.98415081730585,0.6031849032913288,0.7944303498376188,21.568865463119838,32.68709939829774
0.2790820606325101,0.05653295909293438,10.76348170485527,0.010150942789481586,0.009394413072513269,524.9384043489906,15922.164138408196,4.747786626716567,21.391766630856253,0.3108026492867362,0.4004092054497508,0.31634512290901967,2.0573166328228383,0.5580058188523856,0.8507951400684889,0.5233000104906076,1.0218366062505309,0.8611456199707841,0.0007375231511350161,0.00667647223429256,0.00018546834742369403,0.06244566166930573,0.03060559822890923,0.6704989254806353,4.2302860749537675e-05,0.9946841411864162,7.326412257045621,4.094284589683376,138.71816033623426,0.5971367960369526,0.7880572112545076,21.64092451827816,32.685246515782204
0.277496540582382,0.05608285203698173,10.753820793536532,0.010079578244705071,0.00944121182295932,523.5612248746929,15972.319440313711,4.777867940020713,21.532816577682517,0.30868866166690623,0.3995398951659583,0.31643140586281016,2.055612910041053,0.5586266789352573,0.8491565722983362,0.5273814457430417,1.016275344211644,0.8571949285938222,0.0007374306100021076,0.006625706121737859,0.00018661794289854844,0.0624999615955046,0.030672329935960623,0.6682108802353829,3.1151284921091386e-05,0.9989855194585731,7.3276600985759615,4.08109170859767,138.20300439803304,0.5973361675480146,0.7884429610740157,21.691925334173654,32.89798899363716
0.27900264770273325,0.05581548389984648,10.845433197258188,0.010065868041284213,0.009316689156106011,520.6914208174971,15819.942531232511,4.756145294371018,21.488229291878582,0.31139203531481396,0.40004423221621915,0.3151957439166326,2.0677055064228904,0.56284965087564,0.8505194420692209,0.5240865635237408,1.0105480683335573,0.8583532982266779,0.0007406435289833061,0.006638729190167834,0.00018744739671056157,0.06253442103903697,0.030784640081504035,0.6638263081051089,2.2314276975946678e-05,0.9961632804186477,7.322934551216489,4.060114451858021,137.4254176710355,0.6003897760885291,0.7868862662886892,21.50114138661564,33.0270348042104
0.27915917051250255,0.05517350978816622,10.908355651945685,0.010102976198039175,0.009359931048221087,517.0776531992054,15873.930842509924,4.706702401936119,21.563782530266522,0.3103754104733819,0.3967054344433288,0.3158608507533283,2.0741302555703536,0.5676877648757116,0.8469727910231954,0.524033914238215,1.0082789210069871,0.8624926104957624,0.0007402229542608858,0.0066126930907368835,0.00018643480633242897,0.0626549310669505,0.030860856826711528,0.6672064885574807,3.947853947150197e-05,0.9984703181573198,7.339898768860054,4.081390993969532,137.7102344009221,0.5993723337294049,0.7781951585416867,21.51565256287942,32.81542474987409
0.27797438188667684,0.055113451908266865,10.926687246020322,0.010063680575207682,0.009316460913408231,517.3687669214519,15949.479201685124,4.731447936481852,21.501243168317277,0.3101512961308795,0.3941624562985324,0.31760561783030883,2.080682501727758,0.568139596694922,0.845029568556906,0.5238787893106897,1.0104151615610415,0.8668765995513847,0.0007395358561042101,0.0065192035497594865,0.0001863299370339467,0.06264730051199588,0.030639062569414854,0.6721161180977975,8.027476604952947e-05,0.9978336921796507,7.354692708469984,4.092399445459483,138.06002451581728,0.5979004647408976,0.7724583658557881,21.558394863988333,32.90130420066494
0.278396274790404,0.05482630593440202,10.947806485072315,0.010028595336934804,0.009377891208770302,515.1159025402679,15888.84272342506,4.735399208220191,21.57472622576414,0.3090378607619012,0.39441546138481554,0.31723720560959406,2.0896319597871313,0.572734999668507,0.8432792301095013,0.5239747524506899,1.0163554966828563,0.8665883187087825,0.0007379991229427003,0.00652339278101674,0.0001859203043321347,0.06252591851219866,0.030533086473612765,0.671867874848389,6.685893915646716e-05,0.9955585334271069,7.385934502594941,4.03514522332272,137.6179688656262,0.6006680456861556,0.7717094849738153,21.64657277499178,32.83663144471061
0.28020352189460973,0.05439382530276795,10.970928102151431,0.010047521741664116,0.009362509898172165,516.9788719935457,15834.1546895929,4.790685450367616,21.52430339707155,0.30993562488213827,0.39093412946328787,0.3135392916289865,2.0637827368655453,0.5751192628527123,0.8491978104052997,0.51877334385095,1.0281646966842428,0.8668206908519513,0.0007384254272900405,0.006532131960050227,0.00018568523033938694,0.06236023227706126,0.030742359299141524,0.6705415988449418,1.4296188610963016e-05,0.9942533638516123,7.373510227365553,4.023244294835079,138.7897944705913,0.6006414007766501,0.7762549559177561,21.762229081941527,33.00654193219828
0.2811334065351988,0.05431652122252978,10.935501715059681,0.009964832210665645,0.009367654190108777,515.5007956958472,15781.325356892119,4.791577141078684,21.564929931791955,0.3120485298521196,0.3930750403832564,0.3148426227858863,2.066881370251838,0.5775743918573849,0.849513544441951,0.5140830783356481,1.025205622148263,0.8687623513937922,0.0007339073595554246,0.006551431908506408,0.0001855452427247853,0.0623687012435534,0.03075497908844672,0.6706990271126289,3.503647839452847e-05,0.9954639959067804,7.387254028549255,4.026967666460221,138.36207355853858,0.6049887299022149,0.778989120694403,21.813932618989263,32.960751558916215
0.28047514611894503,0.05406686089134135,10.941837869141155,0.009983379946490947,0.009429790403928419,509.9100148592729,15723.37307993703,4.864477757265127,21.596809409084347,0.3114744375167312,0.39186045836785144,0.3147823252237626,2.0820995934696414,0.5759839013346487,0.8507539736906694,0.51242677538652,1.0211454420801493,0.8595233069231363,0.0007346787604088082,0.006558526938719837,0.0001863587883044943,0.062489978730262026,0.030772222946588622,0.6721597135732916,4.352452032251408e-07,0.9867610611221943,7.439758848502465,4.025338452433097,138.82365566826846,0.6018376332582354,0.7833258670046708,21.710999456378836,33.17026828539231
0.2794743534264859,0.053879931985424324,10.931175030562601,0.009978091014613031,0.009409713634305782,511.10562163667544,15790.522992576309,4.867550362482383,21.64572482639579,0.31106215685314936,0.39210199100834103,0.3142227398977691,2.104293559060439,0.5758186514093157,0.8492322564741219,0.5127431708301686,1.0212297106837884,0.8647332420264007,0.0007364350545504368,0.00657444147966647,0.0001872291912729619,0.06254318909549365,0.030690863849985074,0.667263998351092,4.827536376704141e-05,0.9839056671417229,7.46368919029606,4.044352472304799,139.66653528665967,0.6002145140356816,0.7829691678532672,21.58377067897098,33.10439706238939
0.2805573241851136,0.053877651468188126,10.763575815902868,0.009952483022192399,0.009472781845735715,514.037782057025,15752.269456881575,4.867510982791327,21.634987556672687,0.3117012598466133,0.3912569659247705,0.3138284193802531,2.10015327134011,0.5801894350577527,0.847908851520828,0.5174903493588416,1.026200395388813,0.8594755017970858,0.000734868494162323,0.00661068203799113,0.00018758110754373637,0.06253294238285242,0.030639729444953738,0.6676281374458098,2.4469725005100872e-05,0.978247768869678,7.403315059631142,4.082986596463007,139.99215328887297,0.5956725124799952,0.784262426577242,21.5219074452669,33.191854353254186
0.2809271960980193,0.05380136072394655,10.885335187682426,0.009942639794746985,0.009444144449433157,515.5380983212387,15809.456108323971,4.836101936677835,21.810668127072375,0.3112655930183953,0.3910250212316367,0.30908252068546305,2.109665585911442,0.581618233416239,0.8515596208901868,0.519678009588452,1.0373777414483776,0.8683311220658874,0.000732322934374476,0.00659406577362917,0.00018741066468054142,0.06259201210958983,0.030715588802430836,0.674959196041221,6.337102861062881e-05,0.9859407736031569,7.383750539059012,4.083716844147861,140.33334483569448,0.598105017022311,0.7900786508784494,21.53216502901661,33.388254602396685
0.2785039935958485,0.054144644859589176,10.830104901614451,0.00992071232452598,0.009489400237218155,513.3955668854742,15805.335568232173,4.892344517799403,21.954088897860203,0.3130167169588344,0.3919937952010622,0.3110767062824632,2.1204661136123115,0.582921440334561,0.8488920932483086,0.5193671135644836,1.0428203866811963,0.8722760682240432,0.0007299837501945904,0.006621543529511354,0.0001883499793825475,0.062373634763006926,0.030667637849130784,0.6725766694162694,9.994023754502878e-05,0.9875858224064454,7.29421967604413,4.083159274326563,140.26895145975814,0.5951617936076012,0.7883222619592303,21.582629031029228,33.46259546285865
0.28044053362492677,0.05427985540065259,10.65382474681081,0.009879145857383542,0.009577216086883769,513.2040554531292,15788.778088150351,4.905056918354267,22.179696731660094,0.3135947408904071,0.39075323348411006,0.3080222873651974,2.116109556288611,0.5827520649744493,0.8443998640516714,0.5180637558037989,1.046883745616823,0.8678841726315957,0.0007311503528057351,0.0066091307893736215,0.00018855983125997116,0.06227651047195258,0.030718840010546596,0.6712029512482528,9.800761058752105e-06,0.9867531603120231,7.304949952073293,4.123770566510916,138.9404026717804,0.5922123084414352,0.7881234541996757,21.71876147674703,33.36856470369554
0.27849141021786317,0.05387665499058558,10.780093887375157,0.009922710312984837,0.009607414760534783,515.3205728110315,15737.182530456297,4.954775409174954,22.238187140870295,0.31730847433714504,0.38949359157979035,0.3071260076134741,2.1266886955035478,0.5852673671691411,0.8386609642473475,0.5186748771924342,1.0534026079471408,0.8612886974399788,0.0007335253262569527,0.006630640672481913,0.0001886104151642485,0.06238576026739661,0.03062010851722599,0.6750300804974312,1.3668781385152673e-05,0.9915240554969386,7.335410205265391,4.152480594625517,138.62541984094753,0.5944999467815952,0.7893425802418813,21.792352508956476,33.35466942561334
0.28014850646286676,0.05483420618510304,10.794522582598168,0.009928830329691456,0.00971078473033714,519.2101364596297,15770.231613309019,4.9552482209824635,22.207161933059673,0.3149271091884436,0.38865788665741735,0.30706070490804577,2.1273261642203662,0.5904187796319444,0.8350059003321583,0.5156005144638864,1.0516590446422909,0.8545794734999672,0.0007356827733136753,0.006583790834066377,0.00018916741806569378,0.062036289236363694,0.03070057488675963,0.6786755458854105,4.617036956518666e-05,0.9979409078453981,7.297261631702919,4.1479350453259505,137.95605096249042,0.593032789565859,0.7893481938027778,21.794712025037967,33.46859524116955
0.2828861825436285,0.05399684901308118,10.752391963044156,0.009954517491188673,0.009589605120844445,522.0779765544539,15719.985329919724,4.932632722812548,22.17581503598729,0.3141615083257803,0.38483192609791916,0.30654910697785426,2.1167404536272674,0.5889271691350956,0.8373019203613705,0.5130951114947843,1.0500693386738247,0.853730498074997,0.0007406104318892585,0.006650830388712681,0.0001888555482580409,0.061539854888573754,0.03064225082000718,0.6821596140701865,4.416256306209691e-05,0.9968983018096699,7.344816975112399,4.1507828776784015,137.75999484813963,0.5908081577657899,0.7933041253231791,21.920490080437396,33.4416884469052
0.2839994880095379,0.054024944568243145,10.738087378755367,0.009983421218968476,0.009616273683822837,524.2275510876254,15735.444198639461,4.9126931464075785,22.116595111661724,0.3142254984536112,0.3863610408473697,0.3057006010651554,2.1254226739107627,0.5855818788415744,0.8403570105498529,0.5182972977985704,1.0457406398853248,0.8571652087688655,0.0007402738000975594,0.00668497635131298,0.00018892838362305616,0.06157786959118352,0.030621283337333043,0.6815423797648592,0.00010172412419755719,0.9963028025520735,7.437861393106884,4.128677093299087,138.20559831708522,0.5933208703767885,0.7932965975038928,22.000599474389443,33.487922719319926
0.28648691549052224,0.053793317514268586,10.745880410693902,0.010011395323968494,0.009536707559511132,524.5044960973381,15916.687037442967,4.884756187344959,21.929282493130593,0.31323551215347056,0.3891668798533692,0.30342189009755854,2.147178833673331,0.5808196100164971,0.8406837098877749,0.5120481793806534,1.0467617886269078,0.8533482600693293,0.0007341264167880618,0.006640787040489795,0.0001873315496830475,0.0617127837494171,0.030443986730078875,0.6855186607892672,5.6137663194009497e-05,0.9902557539596071,7.4570226522956204,4.143950493404521,138.02625323310107,0.5948559049107017,0.7902375496487566,22.12122466157129,33.418983403689055
0.2872944081986813,0.05334703135470587,10.786225812531423,0.010014906009450285,0.009542730706654004,522.5897708952166,15827.301161725578,4.872911028201714,21.787133157814896,0.31677569164853936,0.3873529938821168,0.3038022919585968,2.1458320945464653,0.5771141596897631,0.8412019076061531,0.5160420740749323,1.0508838063799346,0.8542174935039133,0.000732118879665271,0.006649881390699905,0.0001881014833672906,0.06146170477941891,0.030245146514614327,0.6745974551222313,0.00014382420341511396,0.9845247978987736,7.429627626474559,4.118691197355328,138.53171255508374,0.5975348154249409,0.7927358694328714,22.096936349394102,33.13873960691603
0.2871655297722854,0.05330966475681304,10.771269044803567,0.009964200342673942,0.009546441947101489,523.5519655006665,15883.541972387404,4.901631614619338,21.731451481551815,0.3168315998151593,0.3877735999031086,0.30446603352575113,2.142216709335007,0.5745782109309348,0.8438595634333184,0.5168410962523596,1.0493824238772023,0.8522837885678469,0.0007309121919059498,0.00666747946416895,0.0001891240043396877,0.061402439047071704,0.029827657662958498,0.6716777736846183,8.289470862013408e-05,0.9858551663774701,7.504827295659511,4.128991714801385,139.4506619345256,0.5933335062424053,0.7947694409033846,22.145270269243422,32.935478977958745
0.28684933935279866,0.05264416874552668,10.78393758888961,0.00998249436187922,0.009564663802911462,521.849117335545,15933.420846899271,4.856331642297001,21.779897501843895,0.3181226668633378,0.38766107909938985,0.3061173287587488,2.1569817358639933,0.5782774561138313,0.8436479794341872,0.5149008836909944,1.0446972007591606,0.8551758876141108,0.0007349895771501777,0.006661844162485838,0.00018805122111406839,0.06101693461780686,0.029833798668111967,0.6687499504537031,5.262348576857661e-05,0.9901408073104548,7.505347467685436,4.148650023730531,139.07262866688635,0.5945890042518175,0.7915646778756913,22.112229184511214,33.051730660276135
0.2875662466022197,0.052928750561477,10.78160155712564,0.010039170936309818,0.009591413144135226,518.5908226536285,15895.943307931102,4.89087466854971,21.7960037731154,0.32165513737192064,0.38747142469906964,0.3062528127680537,2.1417737701858193,0.5802093515655343,0.8433110470684215,0.518442404154327,1.0360144212963915,0.8557304013940946,0.0007330215559217592,0.006614112275997092,0.00018953078824383903,0.061404510207913654,0.03003708940334981,0.6621269848736997,0.00019582224802919772,0.9914523927953802,7.473189472075522,4.114629624311847,137.89448995000197,0.59508077070595,0.7907021355649649,22.048098108199447,33.08322089478323
0.2860536956853431,0.05277283195685343,10.76300430978897,0.010006177714236881,0.009527319743763606,522.2577609476677,15937.30824561266,4.909360224945226,21.78210793516049,0.3221698590304475,0.38617608215152616,0.30836511867784683,2.131262315490457,0.5782190522491284,0.8426971557678313,0.5169976518502242,1.0270116493795163,0.8562202518716792,0.0007331204037181988,0.006673659926516521,0.0001893710621485732,0.06117333055374389,0.030051905375072057,0.6670197437527011,0.00023495648582852935,0.9908172636328347,7.528568155949672,4.115966155832544,137.24205906582634,0.5889777677460787,0.7898677931361074,21.98261493033011,33.041699114800245
0.2849079613250491,0.05281888859944341,10.82053498767439,0.010134243561935498,0.009518931960311058,520.048171946395,15820.76550077329,4.897151678845292,21.90534239509886,0.32140607240376373,0.38453735528213473,0.30736719804875956,2.133899315464138,0.5819026212547554,0.8448412615804344,0.5155469324771799,1.027604482473976,0.8605244580744581,0.0007298976579597204,0.006652887977336138,0.00018951520049749653,0.06111411573987379,0.02998407191649797,0.6666484082003787,4.178121788817605e-05,0.9930297283325895,7.558689460630733,4.093419135608187,136.89574916883242,0.5869023431362413,0.7908099094015681,22.02291155096006,33.02398550894112
0.2833495139390904,0.053241912872813484,10.76272067897482,0.010092173705566334,0.009444792882301689,519.6345178166631,15927.024946182006,4.927435493827782,22.01353411736414,0.3211969034524532,0.38302650182586734,0.30775267883914775,2.125798470184101,0.5859502329192605,0.8470113130348177,0.516210824278485,1.026477760494938,0.8567459393943463,0.0007269831691712358,0.006676809653743476,0.00019024559443537572,0.061138704407680426,0.02994336449941675,0.6692176031122393,0.00018288143294707533,0.9893640134507289,7.567413446907282,4.058149073025649,137.5868306557627,0.5869032172505679,0.7880455440397556,22.12757156836195,33.019120670450754
0.28342407685092086,0.05293510463711015,10.742551047872455,0.010087168670367677,0.009491325090822794,520.991276756964,15956.837247238655,4.967570180944176,22.128376235641415,0.31995556912484013,0.38341969156721084,0.30614352386292043,2.11114454459685,0.5840813625277536,0.8454020860251057,0.5141022153149122,1.0221266780101341,0.8609985373087025,0.0007231264474560681,0.006681048400479628,0.00019183080207411073,0.060898624289502684,0.029945633593971843,0.6610363133283131,3.885611506178902e-05,0.9809905000516809,7.589014650788078,4.073995552845565,137.43751947773595,0.5843687045758479,0.7855195211519708,22.20116378483723,32.8431637175592
0.2818266526546482,0.05300939963605226,10.86024181368708,0.010119429653945047,0.009505199022690262,514.8771660871092,15991.75714070765,4.96759050020863,22.223878065408137,0.31987016721717887,0.38178842292092247,0.3057357583572159,2.12672758937529,0.5813917099101458,0.8478642003478221,0.5162402653512249,1.0245260721509082,0.8573138263379734,0.0007270281256020885,0.006755517157169525,0.00019094394286425532,0.060865014060151025,0.0301436687040647,0.6613670788535304,0.0001467907046696016,0.9774595234666943,7.580278208881705,4.1081384571762065,138.55705353749576,0.5812528682757704,0.7906750870985406,22.17503561002939,33.085823905207945
0.2842868613575435,0.0533852536648064,10.949876932316672,0.010140141459858198,0.009547778879229687,515.5016836615977,16100.616055698034,4.990425793064111,22.23545362296746,0.3206698554542898,0.3842349384794635,0.3023028787913369,2.1350932865165313,0.5773177335839355,0.8499557992651616,0.5205744361119208,1.0245066579415945,0.8544060258514882,0.0007235546544723953,0.006740676676967886,0.00019007512433171514,0.06110390164880377,0.030207868334093998,0.6531681414885068,0.00018318501201233014,0.9772592042764837,7.610996889504748,4.130888762418525,137.55966020918189,0.5820549966595547,0.7878544834380553,22.21286129894362,33.19559530064736
0.28545172034074695,0.053914339631356806,11.003475607124845,0.010124170696442674,0.009591027671775167,517.1849361926552,16048.012953593063,4.96558452205581,22.28688005935207,0.31974518921003775,0.38541404234420673,0.29842446089681,2.1422151120567428,0.5735483023302,0.8493095365469757,0.5257843480017081,1.0220483531879272,0.8445812809621568,0.0007187838385210008,0.00674109485720326,0.00019005460327434844,0.06130899944221807,0.03025870665249493,0.6477231637380945,0.00018529912918728532,0.9766915973008069,7.747192223278341,4.130801427191494,136.70327683022103,0.5803197463686222,0.7847596318086558,22.138368821763898,32.98734625495591
0.2863846312570525,0.053916183221020014,10.865125891510582,0.010045373668659886,0.00957541107936602,521.2830659482601,16055.283608989886,4.9681693444053705,22.16514945297327,0.3209982865504664,0.3878463673361888,0.30298682520704917,2.1420902137275624,0.5743831838266513,0.8510324311598136,0.523473722106897,1.023818756027524,0.8470876513023584,0.0007189955307802009,0.006728014554632894,0.00018994412879946265,0.06121447179922239,0.03017667032974512,0.6385851521947972,8.705599732487487e-05,0.9748017516107572,7.685426957302013,4.161970305685127,136.67096272504645,0.5809506055662563,0.7862335350761431,22.194171838455407,33.23900126319168
0.2842318997201851,0.053734283578931015,10.78986248369379,0.010045744522015093,0.009523959043927582,516.9553971889414,15971.99435283511,4.945402567110981,22.039532204735092,0.3194247755543687,0.38674600723728764,0.304667292083476,2.1679744401358034,0.5753726878715475,0.8515558004536817,0.5258139068153104,1.0236003623761343,0.8503187060397452,0.0007203443138011217,0.006709362055491164,0.00019073991310063055,0.06096689206695045,0.030149824191973998,0.6421510878375359,1.943292130129296e-05,0.9814887129568632,7.726743948090704,4.158986511454437,136.53817233298977,0.5759280000442641,0.7880056320633171,22.206591511396024,33.20568575779835
0.28698301054236985,0.05381104014914636,10.776046426588245,0.010006258464942611,0.009448863330770989,515.7398557318397,15872.893104655106,4.931095955440262,21.94610917414509,0.31764703721283943,0.3873273619317724,0.3064803281486017,2.176373307441776,0.5793686543062228,0.8494814516145813,0.5197283736402651,1.0219830037284592,0.8484489765661317,0.0007222966304943812,0.006727510837124385,0.00019004620881310402,0.060067838470340126,0.029812713330557402,0.6368145541955061,0.00030374321843859147,0.9812432137259552,7.7179892861226165,4.14691687189403,137.06351775062416,0.5698832449425172,0.7928909545968401,22.30632549364917,33.37237608080016
0.2859817262439409,0.05371052551479116,10.708693673604932,0.010079155621874874,0.009488747107207481,515.397169253918,15964.637400536078,4.926923143849111,21.917261090721674,0.31572383745910515,0.38827464103065534,0.3036813444239704,2.188243568137215,0.5769033227054811,0.8530291238421474,0.5180869170212934,1.020315278537749,0.8476982137799305,0.0007196240126837396,0.006767959170054494,0.00019039687191732397,0.06014925896976529,0.02985774475082139,0.6334353227831312,0.00024271353715269627,0.9866479091373727,7.688794118060127,4.145246246022143,137.34845249910381,0.578607723355535,0.787711627091501,22.383236417717402,33.09136884785
0.2869695831881827,0.054190330674592835,10.656259770289214,0.010082663364546022,0.009482935035008935,516.5242705687579,15780.37126504462,4.8939103267445745,21.892918603685043,0.31928057322006004,0.39152824119304336,0.30049192862492996,2.197632497642513,0.5748434726584178,0.8541582750782659,0.5154866159650485,1.0148111139472156,0.8496163049270542,0.0007177111567867392,0.006789369354562331,0.00019130746718582937,0.06050990523697279,0.02977004555260972,0.6383028663188822,0.00025656266740400603,0.9916598809570037,7.684687248588886,4.132445654259041,136.90417216460256,0.5815540838329173,0.7894475275417914,22.47715342234922,32.789832582881374
0.2856651191827812,0.05435102847393952,10.677667517556769,0.010053521949889762,0.009495640903301095,521.3736976109428,15882.108934448486,4.885480831073307,21.94927723389415,0.32071984646552315,0.390597015654375,0.29937823797955687,2.193788699779076,0.573449482231298,0.8513767178912306,0.512479344329182,1.0171720074107984,0.8453933804279313,0.0007208729429996842,0.006772393716887189,0.00019293719009578591,0.06017002323108102,0.029768424294139995,0.6384179458556598,0.0002836947261309775,0.9913224452996812,7.724330368518365,4.136699018780824,135.84074351408987,0.5799044938233997,0.7880523701089773,22.40260711476877,32.69794182321457
0.284057376003057,0.054000881055929845,10.615559374356224,0.010072139943741936,0.009397071538421214,520.8495915458111,15792.068617570489,4.884280334315993,21.947556320112792,0.3219897728654076,0.38796073571113726,0.2965290781640805,2.1884839886342315,0.5749139773067667,0.8518274006933813,0.5045750556793684,1.0265586726515827,0.8486467921822977,0.0007268621794718258,0.00683906283280752,0.0001930072749671961,0.0605066687201794,0.02971528185824377,0.6392786300092586,0.00013035264298536124,0.9930971784417819,7.7309917823505385,4.1314135048502925,135.14064277637783,0.5779355823185304,0.7901045211125344,22.3615359904548,32.88788242909055
0.28272614691625353,0.05485628951673988,10.609060964411231,0.01002560210799371,0.009408587606232123,517.3679338853013,15871.012354861981,4.877598738299104,21.78369087280788,0.32088391974995845,0.38907685866650416,0.2927440742690432,2.182896532546068,0.5729446949205447,0.8485619598739188,0.5033945678743985,1.026179410288378,0.8470157623683717,0.000729848984059261,0.0068466219752995345,0.00019346826593068063,0.06069878344925947,0.029726124592435992,0.6444263173751222,0.00023774096513269993,0.9939647525843105,7.711858552217166,4.110580485412862,135.67638829568628,0.5690678458471466,0.793976677397578,22.289215898351724,32.97555992173135
0.2863546109032751,0.055817171620054416,10.525959556575856,0.009946903635695885,0.009352837850284413,516.4837179128431,15814.276995437549,4.900939601518144,21.774642228512793,0.3204158535512199,0.38984245752441304,0.29125792913121384,2.181854622140959,0.5742253527181455,0.8482864993189995,0.5064619315697719,1.0223926272346184,0.8445584731004759,0.00073215527924412,0.006822370460407044,0.00019340807073435325,0.060730950265768864,0.029790035124377147,0.6481159583254393,0.00011500438453549322,0.9953952083025235,7.768459914891848,4.143614730299869,134.68879121394755,0.5719702799069534,0.8031151331224317,22.273360146782913,32.87400336974571
0.28724037758231447,0.05544355232684543,10.456436171150704,0.00996315264793463,0.009449159142126184,514.0050274353194,15781.149056037555,4.9224471898179765,21.788683100638096,0.3202754535953045,0.3896499917087559,0.28903733385756836,2.1879186035987903,0.5765898996999613,0.8435329348066504,0.5058759997163401,1.0159863630082515,0.8446936667169429,0.0007247816889937031,0.00680422540426487,0.00019353114260943442,0.060721714107702766,0.02974286448818755,0.6466917145000792,4.343502378778764e-06,0.9888018740787806,7.740672499401186,4.136773717576561,136.209407517779,0.5723677761356072,0.8018880496284269,22.215505507052765,32.818653599024195
0.2890582953404803,0.054908361028170295,10.513863474156604,0.009909240369513784,0.009428654021305593,512.8078631481745,15790.312064804028,4.9350087978208785,21.818289747726034,0.3172731619089758,0.3882381029133256,0.29365964985989484,2.190152332949886,0.5793676816026146,0.8454317778680719,0.49807732473118227,1.0249547881562966,0.8442719954884311,0.0007323359635060475,0.006762461439777107,0.0001937240670794798,0.06075800021399811,0.02966146066507544,0.6487785065986975,1.397467461364367e-05,0.9844807625057946,7.673243402961026,4.114803847174651,136.89840053319062,0.5697000453655064,0.8044204598141498,22.202267136282845,33.03993222710622
0.2896723522870526,0.05421602962003279,10.459598910952655,0.009872172662456826,0.009423646276799041,511.99758073126446,15670.118853187789,4.957481491274253,21.79860473185669,0.31845162030748314,0.39269081166107433,0.2950701237480407,2.1960383330560713,0.5813141541609637,0.8437945269382068,0.5006181446855756,1.0310888055112062,0.8474419154107706,0.0007396670245142638,0.006744899897971537,0.00019429933506216195,0.061143253212349896,0.029622072909173854,0.6519807225962944,7.598012825242852e-05,0.9836301285148014,7.661610830857406,4.11615328883865,136.38984295786403,0.5678313824494245,0.8035356632730307,22.274885455693184,32.7637830614558
0.28691962062026644,0.05462127870628228,10.525658915238669,0.009831647727997817,0.009333777767263882,516.0359150215016,15784.752113734436,4.984348864487915,21.889172795819697,0.31602274470161734,0.3952758888033612,0.29322757857113335,2.2057349494543645,0.5791768438197902,0.8382370467854153,0.5028843420402345,1.0337935035847345,0.8386016090215869,0.0007373279333373804,0.006736116410860608,0.00019405556583872583,0.06078505350419664,0.029254844595468357,0.6487860771761983,0.00015129611131081268,0.982624736382034,7.665106840688673,4.087442954751363,136.94878710501527,0.5703614712644227,0.8050344682865734,22.372689696662427,32.804998605727654
0.2871466493016018,0.054197251347834076,10.580907339562614,0.009806814916463853,0.009366357491215655,514.3044608219974,15743.66612358302,4.977217352522226,21.880606010891285,0.3154890901733821,0.3947366081227654,0.2941142355211558,2.2024514924619116,0.5818764898824589,0.8380378254610013,0.5058798140504395,1.0333821242221337,0.8383844706573969,0.0007339769210749226,0.0067068006360540425,0.00019265765450212174,0.061202584770230765,0.029601918505764612,0.6516782648962256,8.810629661310036e-06,0.9870120778841632,7.700571704056014,4.062144432681126,137.90096752861996,0.5688121463647474,0.8017834563708222,22.281711518481927,32.742589045047275
0.289909149430153,0.054118948064725024,10.562232337922737,0.00978483709115783,0.009387119091320513,514.4632515461578,15734.60472250465,4.988556390206152,21.86047465289015,0.31408406005297607,0.3927922434696901,0.2921580360946874,2.2047228663341887,0.5750275183399151,0.840771029250315,0.5029712656262562,1.0312925988468895,0.8364140529796379,0.0007365154557217177,0.006695939828641642,0.00019160500713904223,0.06106926675304468,0.029626151063226844,0.6541058138230961,1.973049656792565e-05,0.9804601035185104,7.69157531726533,4.083264346680646,138.72625076846862,0.5708234825617305,0.8072007695022785,22.35541841724888,32.799664892407506
0.2885239455288251,0.05450009157623016,10.525735217460433,0.009824293831612098,0.009368318876340612,516.8060157649666,15687.285317133004,5.018957273427046,21.991720863345193,0.3135597272079888,0.3933153671006635,0.29210658107923293,2.2052126208243417,0.574918257855873,0.8450551646374502,0.49688843965884505,1.034435960120892,0.8369975151303352,0.0007366341073328376,0.006711955177499206,0.00019085105177762995,0.06153162654279131,0.029745484158143362,0.6528543888328883,9.514269282072225e-05,0.9796381201954601,7.676688915492062,4.08430778777202,137.8449232946797,0.5708688594898251,0.8008785835591741,22.244727990152597,32.979316157181636
0.28733677647037253,0.05473601660688497,10.470499655318308,0.00991689667032008,0.009279627608003967,515.4828473380428,15727.369277281732,5.018415290480087,22.02041851442705,0.31577279566306293,0.3916811750572003,0.29047055374212755,2.215915365220451,0.5760583131981923,0.8444889752524634,0.4969071851368768,1.0289045941370616,0.8393502354897897,0.0007401759137498149,0.00669627437214664,0.00019182400915638043,0.06219786478335826,0.02961587924000256,0.6528830476270694,0.00011910459303699804,0.9797751770030726,7.646613698710435,4.110436833947498,136.36521558418735,0.5714430992433418,0.793663185432328,22.20541594162379,32.8525149688673
0.2870560143244552,0.054070085004557136,10.567011125482033,0.009996528898544214,0.009304680654469615,513.4967328850388,15750.445836448722,5.043657715102488,21.83868869583507,0.31104483773005387,0.394604679144045,0.2922321951201902,2.2253510364306166,0.577928574490201,0.8407113417875728,0.4985022311300662,1.0260109328510831,0.8485594264891226,0.0007395744756968796,0.0066770855264530965,0.00019163761713778796,0.06222668755580924,0.029711344759366133,0.6400786322596059,3.32514033413291e-05,0.9765447593279278,7.6053410961850885,4.108339120034603,136.1287668127356,0.5685802656670418,0.7946401570796514,22.06181224154453,33.017404887808745
