0.36427246181777345,0.09188818894069518,11.783016663265125,493.7951155083825,15221.936493702144,5.9982455888511055,18.669108572138622,0.378160778265955,0.3499842297048013,0.364144993490214,2.0574940285917376,0.5391778037653494,0.6766352250997191,0.6166389904867067,1.0318350614694118,1.0169040342631217,0.0006075758877403493,0.005399998946285845,0.00020191190331579213,0.7751111298960965,1.2159224092694647e-05,0.8279008682430861,196.47110624135217,0.6533473217126512,29.426014454190312,0.8081375791987612
0.36390891966771155,0.09196738222057288,11.793170656254336,491.0440104909802,15060.492287544854,5.968316804969698,18.69208469044394,0.37900382884694067,0.34971167905750816,0.3653709730867639,2.058087178367837,0.5399605444313976,0.6778777996327934,0.6192141772675703,1.0384588212988197,1.017549960832659,0.0006042435854378249,0.005368948721103377,0.00020164393487935754,0.7744207699212398,3.373518365369304e-05,0.8294685771242652,195.75593432843792,0.6483906566072014,29.460951092649164,0.8068614298301177
0.3657087530080411,0.09218473832289849,11.912204605892008,487.7275489379476,15012.23048774174,5.986065769716749,18.617195350477928,0.38028150696649304,0.3511882842245929,0.36730279590056,2.0696159428577157,0.5390217316830426,0.6751542804957525,0.6178843886356364,1.043049679540541,1.0207429678197708,0.0005995074964271965,0.005370820417731565,0.0002025521731374949,0.7789537375780975,2.0668598756350205e-05,0.8268252918965223,194.42607289995303,0.6488000403223142,29.491716407116456,0.8041241075372388
0.36374738175415106,0.09235985792389473,11.912758202193864,485.81791565012617,14944.826831039018,5.92138295040632,18.46139673118674,0.3807539638465258,0.3527212231375331,0.366506471317564,2.0700017224630365,0.5385910091281246,0.6765341206597769,0.6213595130600169,1.0410729140691115,1.02440741186191,0.000598414804469116,0.005390873249925538,0.00020108731381533423,0.7876686946849811,0.00012598703092068066,0.8259121789193048,194.05308367237484,0.6429166207254309,29.59915779093411,0.802918070379846
0.3638883170036562,0.09269112479605324,11.86274942998851,490.5419375580963,14811.179406632664,5.917348032015702,18.460038759081993,0.37972653350863084,0.35187991987277545,0.36923599886542574,2.0768289247331166,0.5354829701480562,0.6749870161573395,0.6227553585648574,1.0560833069948639,1.0256465111763464,0.0005979999295341916,0.005420253496047025,0.00020265512513901486,0.7869939424612685,8.165437559352328e-05,0.8238231477985475,194.35286658826138,0.6468574052876416,29.73083761875153,0.8049483444786542
0.3633416836519827,0.09233507640280214,11.85376837787714,486.7714356470546,14633.113964934677,5.896210542631215,18.380514027634415,0.37875820400264887,0.3528792499759692,0.3706283782598589,2.0728146017007005,0.5403789443297549,0.6773798449157638,0.6224216212464622,1.0539861040496787,1.0228859859836077,0.0005981297701708749,0.005392850151294382,0.0002027243498815897,0.7853779406408443,2.4387843263660406e-06,0.8268843891801814,194.20714364620304,0.6470843693301536,29.438657551093513,0.8068945241648173
0.3621958143964446,0.09216289996513939,11.750085937877994,486.95161583899284,14692.771509937713,5.920492164290408,18.36955239537675,0.38038284716460985,0.35309141790312193,0.3736573907844041,2.0929915086238373,0.5416741325014898,0.6801879708339875,0.623925825600355,1.0587678611708107,1.0154952284537448,0.000593412694522911,0.005418727531501255,0.00020351712660546896,0.7820109596578211,1.4579009106924569e-05,0.8309454570050273,193.57004504928514,0.6433703396299347,29.218017131510198,0.8063432292593073
0.36217050481445706,0.09259780837236775,11.803972267925369,486.07218508646866,14684.424846063623,5.917928837545958,18.52075841533993,0.38065438228185644,0.35043022094043846,0.3738976365976107,2.09699259230706,0.5451434992383093,0.6784709668856836,0.6255227816680736,1.057031543377233,1.0161355737135724,0.0005928859827484046,0.0054319931828767185,0.00020271595102243483,0.7814169792907205,5.079026041927757e-05,0.8302772615232583,193.26767140346314,0.6413588346629125,29.16260466079402,0.804906454499818
0.3636260834279719,0.0925404624445975,11.847025632396912,488.23402230270926,14766.54386788764,5.888227709186764,18.530697465140246,0.37543408965480657,0.34640560978834456,0.37703328735382885,2.100684537490247,0.5453944624072967,0.6804868802653613,0.6294309061555396,1.0572408310499513,1.0137634350752678,0.0005971781411660062,0.005418905118785725,0.00020231587646452542,0.7883822972108551,7.498817990562216e-06,0.8220953160782553,193.23279972050247,0.6434754625240844,29.16910317225909,0.8067178776738069
0.3645282101947454,0.09260983675224202,11.874023302988986,484.99972761870015,14815.417223516817,5.873383811778998,18.637394657996392,0.3775404513724085,0.3461188974392309,0.3795632740815423,2.113988514579192,0.5468224346826419,0.6811829657036625,0.6289655440697108,1.0628344061101767,1.0098947646077823,0.0005937497210434746,0.005399659780652868,0.00020205149058836092,0.7835351599117296,3.1142868491296367e-06,0.821075341595568,191.68293970754402,0.6402106814268258,29.250320320076472,0.8047411300209024
0.3665479178293329,0.0925210197248635,11.798267468460502,485.7795895640265,14776.336874528699,5.908203333418165,18.589378935986698,0.3790314099435645,0.34428758289421973,0.3798255897051263,2.1152631224825575,0.548274751657289,0.679320120881842,0.6272866256209648,1.0712760587635854,1.0138823556349594,0.0005923462673111231,0.005352927198835379,0.00020294146220966038,0.7829530343929233,1.6313254948779716e-05,0.8197919028234258,192.50082791291214,0.6395590537912976,29.022692174278948,0.7966843853028375
0.366406702995959,0.09267024878178753,11.830655937630933,491.5066491087795,14818.613994930938,5.874825963057875,18.548534514574285,0.3759521764221484,0.34026143046453716,0.37920477123835505,2.0964869757417035,0.5432981871241848,0.6849011607195243,0.6270448520995754,1.0704198159356588,1.0077343275612252,0.0005908583557166723,0.005362505908593652,0.00020309148940163735,0.7769324616435286,2.5545304152494105e-05,0.8177376649530294,191.92183893586602,0.6366044512621769,29.00360883467993,0.8009772399930394
0.36657766104298195,0.09257908619384383,11.807313436223332,491.68539742776863,14851.649687869256,5.836372951470953,18.62167665075878,0.37938782557403433,0.34236310685529553,0.3772063367380851,2.084333253246513,0.5462604240672125,0.6884542312644994,0.630896956478953,1.0751007838183986,1.0065153179079058,0.0005885412793624295,0.005340089118026307,0.0002042142769190207,0.7747160779918195,2.0641949174967276e-05,0.8139502252560812,191.360363726932,0.6371716110816156,29.225110407615382,0.7972965366077763
0.3671010360456784,0.09214417147465152,11.840001255769698,490.5073965406647,14889.446482096075,5.803226572126597,18.60197393658733,0.3778026375127146,0.34370051287799114,0.3771375294970781,2.078273071772692,0.5441199514053612,0.6943136758662621,0.6295063408856061,1.0810367313986107,1.0013259958253085,0.0005898335367248658,0.005317675620949361,0.00020468543325543456,0.7699688892377029,1.5826256729910233e-05,0.8154693172684556,190.15862695666004,0.6359486211647035,28.89316802021267,0.7960868596511546
0.3683540991183319,0.09200727026391606,11.90061641717818,492.4027537894432,14812.195280741336,5.785957434427067,18.657301538259954,0.3757335877578604,0.34285831739512496,0.37550568801648554,2.0706372467807768,0.5411045354176415,0.6958034360794724,0.6315652093626023,1.0857692032392963,1.0037419592034238,0.0005912630749385558,0.0053127911101419015,0.00020504806751493908,0.7695579119107973,1.9401580270945456e-05,0.8081604102788994,188.3410400591366,0.6314856986259555,28.907228934251602,0.7901941427147551
0.3677335917066306,0.0919561100201621,11.885673588131773,494.93868783803356,14833.19421667105,5.765607794523489,18.808960834302066,0.375890683207651,0.3470381691166019,0.37325749273101766,2.066561482148753,0.5406313429041958,0.7010323397625268,0.6292999524821205,1.0804855278209533,1.003900699709518,0.0005945853135032413,0.005298884388772258,0.00020249809557439054,0.7735007145686909,1.7897812158496754e-05,0.8045964436604193,190.11222481756417,0.6298762755246801,29.11265018005571,0.7920417348285759
0.3670197908581732,0.09295206868260938,11.927973758050976,495.30516800784744,14856.919954109726,5.780885892793006,18.952022728350013,0.3751131399627948,0.34296641399404854,0.3699310377498441,2.0738671089825425,0.5405794122778419,0.7022732478780284,0.6303395613477374,1.0892478474644962,0.9979465939954886,0.0005928230063292312,0.005294614297595755,0.00020155497270394704,0.7691286399291651,9.68141480986874e-06,0.7953971407815588,190.56948890331248,0.6314275047658912,29.1488748461372,0.7856736117526517
0.3692117689615585,0.09346446659792919,11.8377644474286,494.54192678737996,14760.393754904864,5.7656420027484385,18.95937701155579,0.37267768371354554,0.3447079873768185,0.36903369639093725,2.073529883378969,0.5452719413747686,0.7077876857828284,0.6294809444226177,1.0911720976807697,0.9983725363175545,0.0005954797522494362,0.005309357854784518,0.00020094501264030222,0.7694037959227262,9.292702840010464e-05,0.7889793726947145,190.67517553701438,0.6298204434985926,29.077508849781236,0.7839054347454997
0.3716445391535043,0.09287985499065082,11.664298051873295,493.4548414981646,14796.307394180989,5.731073205977901,18.862183054342633,0.37592239312530074,0.3447981741638735,0.36762381847191994,2.0925406202129313,0.5426640661663074,0.7105726176754799,0.6292908332794593,1.102888511952423,0.9978881185782793,0.0005947256074842226,0.005301451372466161,0.00020023100092674917,0.7708837119662681,1.7977044249670233e-05,0.7837840506304886,191.10656536244872,0.6317066560478628,29.171234696450973,0.7775689301165515
0.37237055380237877,0.09282545721458159,11.55835961411934,496.18531716890715,14678.37472489231,5.7620394670272255,18.860811844360448,0.37568310242278186,0.34580043517975845,0.3658090880850566,2.095613120965098,0.5391637388721657,0.7100599482018787,0.6260473183696945,1.103722456769354,0.9975157572533088,0.0005900717132442836,0.00527219135185148,0.00019969771093625578,0.7696597128232548,3.698026024550596e-05,0.7752849653383301,191.46437180094702,0.6271613240768609,29.374150529787045,0.7782845101440711
0.3719998179102083,0.09259483630738205,11.614708602724114,496.0665975869607,14610.531159184902,5.720267665599052,18.87294975250913,0.37571558165497426,0.3427895450885176,0.36680750988844435,2.0913445645064312,0.5406811174173849,0.7147154074302725,0.6191976658379618,1.1000535461058416,0.9991055554049301,0.0005886405187376883,0.005304840258729789,0.00019809573301902614,0.7660985259680844,2.536128768915687e-05,0.7732800934826554,189.20846327358234,0.6186740813768632,29.15772223273494,0.7790180434420041
0.37362979866773216,0.0926901152523788,11.62779022956842,497.4202819771229,14589.648478647976,5.7564762880038085,18.8202056170631,0.3726101209818776,0.3432360878914558,0.3669963399136173,2.0915925957695825,0.540825233443503,0.7192455902268612,0.6187679083821506,1.1099193811011794,1.0088950917331758,0.0005852599432457726,0.005255445107028585,0.00019739612321528194,0.7662984864387343,5.0628423193704225e-05,0.7708264748844846,188.6928246569796,0.617326754541907,28.935040823118957,0.7740676588208415
0.37209600548111676,0.09240510522660908,11.635946265802096,489.86968157372195,14529.771463258812,5.771033701840506,18.83461076685405,0.37228806750062965,0.3426345258880933,0.3646953831023607,2.0957992594023316,0.5427745147731741,0.7194942079876825,0.6237813037192101,1.1059497302013948,1.0057981317591893,0.0005864688669855758,0.005271475729264186,0.00019750617302007398,0.7638394668795824,3.712257501888994e-06,0.7623213256518555,188.94792470223894,0.6183363587957297,28.840169213611077,0.770698592292105
0.3704511550785742,0.09281448655807602,11.61102881111357,487.6176924015209,14465.428220656737,5.796402327215308,18.88346221495986,0.37256700195184,0.3452892660015796,0.36282634655263174,2.104564391224544,0.544612384533671,0.7198731692982441,0.6259879153492703,1.0908317399943974,1.007260012995355,0.0005791765694468403,0.005307257479891526,0.00019754815092164584,0.7671148760869388,3.6848593563166524e-05,0.7653423200992646,187.9714943136635,0.6156151499898951,28.945199747367862,0.7775635912306154
0.3741711063300524,0.0927845604760662,11.673045946830438,482.50551450830375,14292.26841102813,5.736819534194511,18.83795257401898,0.3726315401458162,0.3435018330010438,0.3655616771035905,2.108163506822136,0.5425286076376992,0.7212926316880025,0.6248996779807517,1.0931904899717277,1.0106569305951751,0.0005786805811063233,0.005288978454379356,0.00019933861308061947,0.7627304914412091,0.00011168401803956928,0.7679574810701991,187.96418760302325,0.6110035038167572,29.065307000922168,0.7700384305892113
0.37153011728683955,0.09220468591188566,11.65127704806742,486.3780739537418,14309.044520412232,5.756635505358682,18.838405774345354,0.37222251442493137,0.34237762409913886,0.36228371786488583,2.122537958697408,0.5383260301930076,0.7282306473422394,0.6223348251481658,1.0902719425843643,1.0190671235686,0.0005787799106315826,0.005287048850996316,0.00019909222882463797,0.7626257406431635,4.392662739158348e-05,0.7765462825234569,187.52897481151774,0.6073039535454993,29.02710717710026,0.7719510327479239
0.37007778167180605,0.09250771574212698,11.539477310646394,482.1147806900581,14172.017346978302,5.771138099930892,18.79732934422174,0.37153164870057814,0.34339674978053886,0.3633609676727984,2.129724644539293,0.5381604345473917,0.7263315021773609,0.6206691010156374,1.0822478801287365,1.0161009229731222,0.0005761519356626457,0.005298634316726839,0.00019868907723875046,0.7610948679192269,3.875177150898136e-05,0.7753226665605949,188.2299573483715,0.598664932769424,29.138123912105545,0.7646713407560852
0.3686940393804791,0.092763789809055,11.496504841572905,479.7107163664693,14279.917257404953,5.803234606863062,18.865612435325204,0.3714968565390054,0.3429272098459777,0.3642036025471733,2.1500487397521804,0.5402044379649382,0.7247454252279455,0.6240861155241181,1.0772182655160496,1.0098968310148126,0.000578127536024782,0.005252903739233363,0.0001995377548196174,0.766628665560044,2.146176303257065e-05,0.7760642666761834,189.53416684077465,0.5969696277634701,29.331743810821017,0.7623023163466934
0.3696933968288315,0.09328403253391425,11.507225001506606,480.21427974087436,14348.167324869715,5.799678951647387,18.88504891486772,0.37299242762149987,0.34068556682607765,0.36054347588978497,2.139391324970548,0.5421424648825127,0.7241838059271473,0.6193947710473721,1.0884316479172806,1.0159372278555394,0.0005780020273164628,0.005223879781503057,0.00020065386477193876,0.7689622914196619,8.956273674880604e-05,0.7792916782760915,188.38751764362405,0.593914626887422,29.159603913092013,0.7613110553027451
0.3695009105325105,0.09327937422218983,11.573443502559945,481.2306865453209,14414.444706750024,5.835670171574052,19.01255474366294,0.3719870839131869,0.3422737762376158,0.36322818590852424,2.145415112918522,0.5442267188421392,0.7272866292354999,0.6187474112507597,1.0894435376965566,1.0251369417039005,0.000573889709987605,0.005225024758279954,0.0001988239390870729,0.7732541517070556,4.042994965850353e-05,0.7802388126145396,186.99135721928948,0.5874762104164019,28.985771297037488,0.7626459731117925
0.36984866497050967,0.0929331293003448,11.471543897622418,479.38855794034043,14278.058148954862,5.835369371293362,19.050089757582317,0.3700052488244226,0.34095817199759904,0.36175194634303287,2.153751053699584,0.546094544003339,0.7283442095865331,0.6127261433351052,1.1009714064210085,1.025681215519373,0.0005761794146527092,0.005196780938143737,0.00019901775913909494,0.7713800128825439,7.530169063783288e-06,0.7793646356250271,187.47921158126033,0.5815621157419893,29.08364725842787,0.761285603501044
0.3716236576906208,0.0935031035786024,11.538945718029952,475.0828142094049,14175.417748729771,5.826975088335724,19.14035262676311,0.368787347823876,0.34011244905904103,0.3615273707114725,2.1465228090171085,0.5449591640806775,0.7306686522612559,0.6067388342800457,1.111033946306955,1.0261481253207076,0.0005772406855381896,0.00522105081120674,0.0001973049555291151,0.7690673152022216,4.032586975423254e-05,0.7764741353720199,187.3528830983268,0.57874188927967,28.962302338148874,0.7620796120744694
0.37356974865846826,0.0933498839337562,11.573590605144538,472.35728265120423,14320.246162676927,5.8049770353615155,19.231486169554266,0.3692101143455174,0.33875040548199753,0.35998273273318665,2.143586003072746,0.5486362684064533,0.7348742044569962,0.6080663350231288,1.112304749737775,1.0208344114763233,0.0005758556296158959,0.005208990308592177,0.00019714721327191768,0.7709431016852065,7.590661095161036e-05,0.7780906331263878,187.6877197179592,0.5801380556638804,28.917562707076048,0.7603761551588261
0.3732140520182706,0.09314150756516591,11.547717978828329,474.7421633569069,14387.121935696761,5.824459673924019,19.21599780851161,0.36982648481227703,0.33901689251760675,0.3609263294534878,2.143709939694254,0.5466226532493781,0.7386895961398753,0.6072989572324432,1.1105515344849557,1.0194376297908962,0.0005759728128936744,0.005188661761161059,0.00019655585768563037,0.7673022844214679,2.7352974298830706e-06,0.7799869980874209,185.5813999200828,0.574556940828544,28.950187601971816,0.7624685245737165
0.37525504230532575,0.09351758231104632,11.603589916912082,471.1001447651247,14456.892003927802,5.8304772480973375,19.29533023105334,0.36669635547132123,0.33887460312145523,0.3619916906016803,2.151082934538823,0.5484457220516404,0.7410319771310336,0.6070332696037958,1.110736503981031,1.014740831631913,0.0005723993057144273,0.005146573083465494,0.0001973326750163976,0.7661203802101139,7.589116181861957e-06,0.7814382333153663,185.63890655281597,0.5709454146043623,29.066457161217166,0.75380435150606
0.37787739073580306,0.09345319362664256,11.53758721289267,471.6940619253434,14485.61334026506,5.839527748087541,19.33025094928436,0.3660569141171476,0.3358314690167524,0.3597966829208375,2.1516687848241247,0.545953896668862,0.7413496221823478,0.6071251062833094,1.112446869829169,1.002142643557899,0.0005727720305290215,0.00515744134882107,0.00019695175413975038,0.7679093809535876,8.245546990647893e-05,0.7840638180126491,185.66695170718734,0.56719800202174,29.213978314428484,0.7538735579483162
0.37646433109539096,0.09354967858408839,11.603877883705389,470.94144583843104,14632.567647926076,5.860232030595717,19.276414852703752,0.361958403538716,0.3374189407222266,0.3578350417259959,2.1380073810653215,0.5484950039868591,0.7382161383147237,0.6098517026549727,1.116742288826989,1.0072530270384095,0.000570457465127915,0.0051159360724611505,0.00019590049541791572,0.7729274062033337,3.095633596600895e-05,0.7848119394059769,186.7369867676064,0.5662019040626339,29.09076982072038,0.7525344369648871
0.37889628726673547,0.09368567519088211,11.529980685751049,473.95596391047684,14522.574062301457,5.886894365263649,19.29492486856877,0.36085106553796054,0.3360852862093935,0.3598602973804806,2.1558003181427754,0.5553916931163816,0.7404089287696161,0.6150686377397021,1.1179418683924935,1.001050252170588,0.0005689191832810047,0.0050444979604066355,0.00019828249445267697,0.7703213353678467,5.3127889188316925e-05,0.7878166790852874,188.91747826522453,0.5574177626138362,29.018481649884098,0.754611128738567
0.3760205807772029,0.09361107305247379,11.514121385425659,474.50720948641515,14424.590758559152,5.929263175662441,19.30193704420986,0.3610299982366398,0.3354326858323847,0.35837269304784125,2.1715105803966077,0.5552228623975344,0.7459187673624215,0.616759067358002,1.1278498595843283,0.9967783360457871,0.0005661452471677284,0.005023516034332202,0.00019745749638865365,0.7721518882737172,3.597564101058574e-05,0.7847467290689948,189.64448220023272,0.555246065604782,29.06163028085186,0.7644869756252309
0.3773466858270632,0.0940637516366807,11.489047785273796,472.408394765985,14520.38628215709,5.88784728689444,19.423072599873255,0.3579276839617766,0.33354326820805347,0.3602211698373129,2.1736921398305573,0.5508083866931671,0.7473745313204309,0.612889040153391,1.13495488722828,0.9903994850987726,0.000564764327468784,0.005010197365000295,0.00019927297300239105,0.779676633528122,8.036383859174925e-05,0.7772571259326491,189.20872993636226,0.5550752916645714,29.173224408500573,0.7702805991302629
0.3756978525774123,0.09465299164268311,11.50460538668428,473.835531767828,14627.545645956878,5.888345225879649,19.31613084201921,0.35874860315055906,0.3338440565040896,0.36011473460306087,2.1573809873552365,0.5488750975843626,0.7488697390290474,0.6109079677328444,1.1360830563337199,0.9860217365296583,0.0005677446884810092,0.005008220504415223,0.00019733016832309923,0.7780507689356361,0.00015977407833607374,0.7765609263909896,188.06492475342108,0.5569659125761706,29.114156326716788,0.7685635227040727
0.37296112785368724,0.09489799079474978,11.509242640690445,468.06274169691875,14589.900029531087,5.8518597909910515,19.318708006186213,0.35956540047530666,0.33459736132573786,0.3626607188219247,2.150192664436815,0.5511806175235249,0.7464010344275884,0.6128472316945517,1.1306024498470861,0.9859368814728542,0.000567265269009473,0.005027921547710989,0.00019737304215881174,0.7844678014205552,5.453778542260282e-05,0.787406453779944,187.7232162549209,0.5545748580667037,29.005697592764236,0.7848271821743072
0.3739086937425247,0.09501816014267446,11.497275378045055,465.08303280579514,14652.117660225455,5.834679576818004,19.24954317423371,0.3587594122351016,0.3325487672040561,0.361441898992116,2.14178314937319,0.5516304947302878,0.7417471310184892,0.615099191181416,1.1346641836185956,0.9843013510379719,0.0005670182699348892,0.00504338056830652,0.00019709284298644037,0.7847071053443133,1.352984066969137e-06,0.7844776375401282,186.47494210723784,0.5538687655020994,29.00888454134683,0.7775834622400367
0.3754914723844753,0.09552676420014644,11.473837870002821,467.82421282079946,14603.878732430752,5.834228960478125,19.191222135326502,0.35813292317357265,0.33177279992218245,0.3622249268329985,2.121359494894891,0.5511016557510414,0.7434074505529851,0.6125987178152241,1.1435160733715783,0.9830565547134151,0.0005674564509529298,0.005018286026807203,0.00019759328079253574,0.7894470826575014,5.033406106131779e-05,0.7826231576321302,185.0440666194222,0.5515105312811487,29.170903148297022,0.7840472111755743
0.3754721709232653,0.09516121008470901,11.4779864518803,468.7551724778151,14600.5108315585,5.851871193945832,19.104366045833803,0.35835522330473435,0.3358604178155632,0.36124708707065145,2.1249210172432202,0.5546307967674864,0.7421401077954476,0.6145346421942405,1.1443879569211852,0.9813192632593138,0.0005637278484575121,0.00498371337175564,0.0001986367971654384,0.8017230328378986,5.616131181771285e-05,0.7807205575346804,186.25903512455238,0.545192065329458,28.91854304186511,0.7778854069655944
0.37751938622174414,0.09526094148813687,11.453385583358516,469.8357196173406,14596.334899818477,5.840967485447944,19.142215309955443,0.36111790722558557,0.3400296631045066,0.3578049401950527,2.136964503766976,0.5563072729683843,0.7460136586953366,0.6131373789369234,1.1425272046844446,0.9833225837279648,0.0005615081832874552,0.005011560667770778,0.00019923991241220526,0.7981835718063847,3.840343557583949e-06,0.7792287418764726,187.099692653549,0.5453125919324224,29.133324834158085,0.7805966468108411
0.3770166785302448,0.09617358087835236,11.445519302633462,469.0908534210821,14529.496671132401,5.863315754058297,19.197899408645625,0.3626986418067363,0.3392953716344113,0.3599640674835362,2.1410458799272463,0.5550771457796739,0.7460901589793485,0.6099399640792063,1.149869804896884,0.979179523470802,0.0005614461495559602,0.00501924721940063,0.00019835274031522376,0.7988979273940382,1.2149484507055102e-05,0.788879701089729,187.37709714199053,0.5483147016261185,29.208859276074094,0.7780692753324651
0.3768829603789262,0.096731305395375,11.391294574985793,465.2285627313861,14638.806462543154,5.863669627843996,19.074110024283524,0.3633749322930872,0.34117408971880514,0.35990246351113897,2.1431733378865907,0.5588448441720755,0.7473209287698489,0.6074865074444303,1.1510258604344048,0.9765647210445647,0.0005649892929206545,0.005044255491043782,0.0001987176617758642,0.80320652130878,3.083337975778346e-05,0.7839989040379761,189.01226895017135,0.5470689904159023,29.207178348776964,0.7788838258211424
0.378377579477814,0.09673940956173105,11.412117230913866,468.59866635599707,14650.616311771495,5.840275145927769,19.198580404101698,0.3620629996837555,0.33894826663721417,0.3615660387306911,2.1478576451299065,0.561890763761329,0.7444835795514263,0.6064458016193286,1.1488395896099268,0.9831534567881068,0.0005632990544753616,0.005036518616069154,0.0002008580186448204,0.8016140815452397,3.339755574280709e-05,0.7781382646987401,190.16321553450948,0.5419149857858413,29.082041462230325,0.7838074565312452
0.3786981834422545,0.09648180615103538,11.473888472572842,470.8441674517978,14682.400137517272,5.874393425970698,19.269741274169622,0.3610454890026903,0.3397558984594489,0.3609977978158296,2.139832820329007,0.5604125609627011,0.7454863176812493,0.6081739377817891,1.1515948147382096,0.9827110529588645,0.0005608896146968274,0.005007703546321247,0.00019855241120546855,0.804296475079219,1.73441254961038e-06,0.7826620358509259,190.98477016003577,0.5362872141189189,29.04692662638843,0.7788507631031532
0.3777780325743008,0.09691350918147909,11.431733280117514,470.7487613624697,14663.905468053743,5.863009569547622,19.18136442633343,0.3603043912229094,0.34152117204000737,0.3598667712196158,2.1592156727932164,0.5604662259412657,0.7467846794860588,0.6051574943805509,1.1506231831513611,0.9904989472006052,0.0005558362177700895,0.005029264366610175,0.00020023921285932712,0.8086557100952064,6.0832130913554445e-06,0.7810464724569102,190.81851163319809,0.5326717133985289,29.081161943829514,0.7776015353466498
0.3778920966995701,0.09765865158416034,11.396743001355247,467.19018622702805,14557.700779579985,5.871607421164035,19.109522677112114,0.3578857885066917,0.342766057169021,0.3595423521583096,2.1601022299563644,0.561013857982984,0.7443800450915636,0.6085832044066828,1.154613926185105,0.9912288794540013,0.0005617459069648353,0.004992276119445229,0.00020091309608176263,0.8060818537132751,2.4966248178055185e-05,0.781650764742269,190.89553847864394,0.5294907734053311,28.973834883469067,0.7739798149280572
0.37873695261417495,0.09719357421028912,11.386527428937697,467.33340621072307,14581.035758817126,5.88889570322895,19.172905982153836,0.3589528912869546,0.34393810381554885,0.35958747526646356,2.158238149276664,0.5628889517106059,0.7440101935296328,0.6029273819114235,1.1497657361121787,0.9965527277532092,0.0005631007146015065,0.00503126254460189,0.00020051694851384302,0.8078348613401689,3.2043557164537575e-05,0.7836185270796417,189.7211565193284,0.5278917049077901,28.963621107207537,0.7772922894175083
0.3764649869313196,0.09724051592172522,11.391886864176705,466.8919512963167,14648.856909237533,5.920975892852828,19.126459468828198,0.35724847845486113,0.34518313837101605,0.3573652378458001,2.1621874870650952,0.5643466985842015,0.7436372214491548,0.6010080609529098,1.1519382890821717,0.9967989566882604,0.0005599316769858231,0.0050167268123810374,0.00020052951162094357,0.811305291300753,4.614246206713349e-05,0.7816354490978162,187.75690239926098,0.5293102107280206,28.879833975700276,0.7776840041063198
0.37594819322143147,0.0970818424137106,11.520905617544447,463.6067107690636,14619.236080411389,5.97506907568895,19.08620739125043,0.35412319849215856,0.34466680394452975,0.3561448748641897,2.1578820545834203,0.5673973659690833,0.7451866179764464,0.5945706764982932,1.1575266460704634,0.9972540590385597,0.0005534350795007451,0.005048148748222473,0.0001997582070204759,0.8158555920331906,7.34182628961879e-05,0.7821437055565156,187.73169890077398,0.5318412709498367,28.651836441660453,0.780174584793599
0.3769288589128133,0.09711374514186759,11.485275524294593,464.20812891210943,14590.458559438704,5.967259119215493,19.164182655648798,0.34977137226676436,0.3475457626008552,0.3541793876562201,2.1530893884281883,0.5642861769322495,0.7386640233305856,0.5970730171027739,1.1597314017302975,1.002076790105002,0.0005439056717324693,0.005009652438980634,0.0001979978943605877,0.8261613961518305,1.7251729302397378e-05,0.7809716764582535,187.70590178540422,0.5295171044741399,28.981024567136654,0.7773272374323801
0.377635597921603,0.09741547023911624,11.48669554178001,463.3839281600418,14544.839911302828,5.97340354051896,19.159459762467616,0.35010080610921057,0.348657740114443,0.352701146055575,2.1601353066053313,0.5618552262518827,0.7388682193505521,0.5977731010676249,1.1616041045519787,1.0077395950992707,0.0005443338990224661,0.004990591743238338,0.000198801518801352,0.8195260224875082,1.4232467230895103e-05,0.7774096861156786,188.6667371414274,0.5375165434181881,28.695266199656803,0.7785318917280046
0.37843558558595497,0.09707428288290176,11.444463342948684,465.09649719136723,14400.432770270683,5.956537240875619,19.35176739334544,0.3503924933529012,0.3471398958120053,0.3525812070098742,2.157029119195239,0.5667143089588385,0.7392555725611403,0.5968701129194599,1.153951682052299,1.0074022966786158,0.0005444955694623721,0.004995483124302005,0.00019879072358858777,0.8191957766086241,8.217708149858719e-06,0.7677704541016706,188.7827625642289,0.5368580630319658,28.7768673516902,0.7711349414137354
0.3782657180588446,0.0975085249104965,11.486989854937196,460.1685174923978,14325.327767096105,5.868124953041552,19.30024369059421,0.3525571146090601,0.34976008156159877,0.3542179317484512,2.1854865817534654,0.5669056485302388,0.7373653476537945,0.5978590655099177,1.1574512251645168,1.0037464099554023,0.0005426332509525769,0.004922495198978648,0.0001986948818097209,0.8172605407501925,6.531814413245689e-05,0.7801004629317555,186.53946776261293,0.5398215805346726,28.86076202014741,0.7652558761566386
0.3788268585216851,0.0966731754645992,11.366571281590229,458.3094532470432,14326.277293632997,5.837078106863432,19.32361143278796,0.35390104001379913,0.3490694502796392,0.35844636241898437,2.1848007309632056,0.5628075920251585,0.7414642969730613,0.5906801212838326,1.1509945954087857,0.9989929934918987,0.000545413456864665,0.0049459125725213335,0.0001994976932718189,0.8173490775490855,5.5874368153650713e-05,0.7739463316193823,185.10104800491465,0.5378765490351259,28.95363010312325,0.7580660067939634
0.38047613860457097,0.09699102467480641,11.344594773159711,458.416203415366,14399.52856126138,5.84711384254644,19.19421453837293,0.3539786555506901,0.35141859427202554,0.3622575227249813,2.1704908162789835,0.5612624071598118,0.7440887604016904,0.5882467394960831,1.152582018763417,0.998092694343674,0.000543388534662081,0.004905551055274183,0.00019990734490998898,0.8152129945297363,1.9546083983198236e-05,0.776856756068948,186.40234256165215,0.5337587316303131,29.142346674801235,0.7584553036981031
0.3812007116066764,0.09724708140202469,11.427529332270788,456.1204078470361,14507.42523273807,5.799954145661965,19.289501250835958,0.352545671247443,0.3517583927607607,0.36342158657458645,2.1698085799579983,0.565386630895177,0.7442805088292521,0.5888614529984822,1.159690373066549,1.0031973841165935,0.0005459951635749577,0.0049489008355436594,0.0002001829892640962,0.8096824653462884,4.840885432896139e-05,0.7750024784220756,187.11010544947894,0.5366525569800185,29.21475798417104,0.7545438268079647
0.38014034734707236,0.09783870363358387,11.424403251823223,455.1232942077556,14487.366356948827,5.828431583571387,19.266140608308824,0.35454569120179436,0.3534005319107365,0.36078228210805713,2.1701037518337265,0.5672468847590606,0.7441690575216979,0.5918401689045804,1.148236589122438,1.001537454881713,0.0005438843178486618,0.004899463116092903,0.0002004865004801852,0.8045893514473366,9.063054494479253e-06,0.7679608898226049,187.04570317028697,0.5354055023952945,29.266532610820835,0.7639529179564454
0.3811633314339555,0.09754361759482902,11.435963279164655,451.55784039458706,14436.205938077099,5.886566380426051,19.27895682864915,0.3555078131291762,0.35337843669834235,0.36124266288542206,2.1766120284463133,0.5672256231597443,0.747512389162723,0.5896287057666135,1.1509083488742422,1.0052843299478764,0.0005400012282922601,0.0049456090768882155,0.00020127632439330436,0.8113173791143767,3.1362774888200205e-05,0.776970782740753,185.1964144278466,0.53777242694806,29.513008977862352,0.7621539233356235
0.3815643660068111,0.09662891059833482,11.50766045811097,454.7449698123065,14348.075376646902,5.903129213614592,19.225147744550952,0.35523117908039664,0.35217566931680966,0.36207519023406326,2.1752980037784555,0.5720929878415381,0.7514263490222952,0.5882768372672736,1.1501287990595175,1.0080708981876227,0.0005403829230342173,0.004932686719903537,0.0002025472677829924,0.8128933240525228,4.860956173867051e-06,0.7862256689030338,186.1879347190502,0.5339427029346344,29.47757235958567,0.7575782171354589
0.38330673183017244,0.09623657055098347,11.660397125923389,457.0872951858251,14398.702455173438,5.900387967602024,19.05647414661768,0.35429898566040063,0.3518228933226083,0.3577185916704762,2.161727647373984,0.5693416894561993,0.7574698853928254,0.5870151179799977,1.1492916456937148,1.0155531348176965,0.0005423012983694149,0.004949365290166141,0.00020465544684943477,0.816785344000927,3.080726960540864e-05,0.777041845814564,185.5443058117964,0.5336474783582716,29.18581010441562,0.7553839867556214
0.3832010935522967,0.09651165776619824,11.768595264319167,450.47925944150177,14381.861346980912,5.868828445538546,19.0425497952062,0.35569183362935486,0.35255538624057514,0.3572891056468522,2.15904994615261,0.5721617408270984,0.7546682994099063,0.5887070642391772,1.1501356096327917,1.0112642011259796,0.0005391545551378837,0.004947882473798654,0.0002056613319753046,0.8127518475657665,4.559061686047592e-05,0.7774646635144209,186.14688595263618,0.5301646550644488,29.03499384958973,0.7511968711726164
0.38176952455564733,0.09644486636666987,11.803251914503893,451.6920167027637,14365.381136361424,5.886596516845563,19.10633682447411,0.358020689665938,0.35525525365704386,0.36092537881930226,2.1543395516569253,0.5734025108352842,0.7612357022645857,0.5905285037883077,1.1431639910900186,1.0107747302510646,0.0005398304621412417,0.00491384870827429,0.00020546065383550635,0.8125137314336429,2.327937575956248e-05,0.7786712653481851,186.26824505788667,0.5274261570602835,29.13401893727128,0.7553989909884018
0.3799962592913016,0.09644765223728123,11.818431993328577,449.6941631681888,14182.494001647892,5.863480220856446,19.050018129546363,0.3590147212651071,0.3543994600799004,0.35963316190252975,2.157343690815066,0.5753189239618002,0.7570377732192347,0.5882879938958077,1.142585924308776,1.021734677184646,0.0005430555806589704,0.004841992222596939,0.00020608193147672685,0.8158022038868488,2.1723594228078637e-06,0.7731542151650693,186.96049543034596,0.522070751841018,29.35419908509125,0.7632035367371429
0.3817672613059592,0.09620892223507488,11.7120056283487,451.77016139350246,14130.901317047234,5.881071790328845,18.855008569009744,0.35863060569459204,0.3556438523917725,0.3575442396778944,2.1751068830572846,0.5741496147854313,0.7642091683071457,0.5869420631941431,1.1489311007683447,1.0194500797234975,0.0005417356649587905,0.004785328311271941,0.00020461459192063505,0.8125535652269797,3.5019589792653516e-05,0.7716955031698901,186.92556213981493,0.5198757573519226,29.51009481779109,0.762242191254046
0.3825413401376475,0.09638799964905317,11.695658983175091,448.91358407494243,14207.174301556193,5.876912815428664,18.877885773221497,0.3593161672362051,0.3546250442528571,0.3557237334009578,2.186894229477728,0.5715429946153382,0.7651200850645822,0.5850613568151708,1.14988063161494,1.0165810751058264,0.000537766995586647,0.0047266832363776524,0.0002037450916017741,0.8083133785093727,1.896051199940216e-05,0.7689661505371566,187.31938782823906,0.5241186203681999,29.830211408988717,0.7648028644167953
0.38559078049125023,0.09651670412360266,11.786451721963225,451.3350671154951,14107.591260591293,5.887119458976386,18.902025260098796,0.36078745188632627,0.35218875777653086,0.3584476072319081,2.198034025495501,0.5685478219869492,0.7652230723326209,0.5915594921794631,1.1495014102129903,1.0195503752322232,0.000534703819404249,0.004714235150656461,0.0002054650309266261,0.8003608168929207,8.486714091596694e-05,0.7734529460301865,187.24238502889585,0.5234390796253046,29.59888555771686,0.7661930320642725
0.38708637918129596,0.09602638908539246,11.779435966504964,449.40824950875987,14174.632760307673,5.875138562553208,18.880435065385825,0.3604247633855022,0.35116119403915197,0.3605064740358506,2.2002917493466283,0.5647724642021098,0.7674933215000058,0.589115102773734,1.1538337062408446,1.0255788899404963,0.0005355789267031977,0.004732615355123805,0.00020563840444392476,0.8049208869548709,4.156220713739733e-05,0.7716948904248471,186.79279976397672,0.5176900449674027,29.851541483558638,0.7698609549861977
0.3867310126155773,0.09598058457606122,11.76424110304251,447.73118565271375,14150.641889821576,5.889180584875307,18.84763971619301,0.3593371677498899,0.3490872542538555,0.3588768366967762,2.177959860276868,0.5653262746446021,0.768456445029391,0.5936517055206316,1.1455906138762424,1.0186330716269214,0.0005337205387110423,0.004774294035532275,0.00020550041345827695,0.8043492992639794,6.635017040655229e-05,0.7665098460378702,186.3942275871183,0.5152576494426501,29.858733676839947,0.7722515370600447
0.38809358266639493,0.09585605360533388,11.803477392994157,446.44190952041424,14119.922028115838,5.890551133849106,18.793768088886377,0.3602285352521254,0.3502929143582953,0.35875386724001984,2.1771243418120956,0.5623135553885916,0.7669373591739606,0.5887746429180035,1.1446880341060892,1.0178740240420205,0.0005349612264353395,0.004860258682155628,0.00020643944798454862,0.810129875380037,9.308619385726795e-05,0.7693381644497248,188.06201828485854,0.5154659657992162,29.842769529159312,0.7732788971990777
0.38945407690651956,0.09534859429592774,11.872593661132814,446.42287753686287,14172.165249039446,5.8838473033416765,18.991659527748993,0.36411626823087695,0.35152016062795916,0.36079170085788526,2.184303891323204,0.5626698709531649,0.767708499640241,0.5911416561676823,1.1418672982700147,1.0233685235226226,0.0005331472813384074,0.004876043911474712,0.00020508397087573473,0.8125476975587994,3.0140963183385378e-05,0.7689166172802198,187.5178206702026,0.5174003572457931,29.793497920088,0.7712352322252185
0.3891353659727565,0.095621862974432,11.87348247131443,448.07337341208336,14238.563377157287,5.862102186933273,19.035969535189263,0.3629726026364154,0.34980529607485866,0.36298714575495167,2.19652471385477,0.5593638369229876,0.7651146067641983,0.5944721296245917,1.1361143026655143,1.03160534546071,0.0005374562755779582,0.0048886377828948465,0.0002053349679184123,0.8183610690380116,7.359253814759617e-06,0.7719476084918656,186.76153102085823,0.5181221509905859,29.647761220226908,0.7788013001579873
0.3887764152398314,0.09588086108214983,11.893556663348505,444.6244774562774,14133.21527934014,5.839703552598649,19.029620934947765,0.3594544786458478,0.34810995070589806,0.3660472334432603,2.212836467277488,0.55831855920486,0.7596663546433501,0.5968481157846551,1.1327633263714516,1.0262199203712834,0.0005410287540595319,0.004892989788369112,0.000203741202635552,0.8196512856670193,1.317429864783227e-05,0.7671605172047548,186.0117834798378,0.5137761073736344,29.55745946826266,0.780064472286941
0.39038321032488255,0.0956828829962962,11.866419633095315,447.14693259012637,14112.249398652944,5.801379481416853,18.988658262290485,0.3583659033046615,0.3496729260967059,0.36851941719920717,2.224568493806378,0.5575896941001481,0.7573471542278691,0.5932680557025315,1.1315996735542084,1.0221360423839376,0.0005390410120301902,0.004915555824441775,0.0002043188406990675,0.819609131988427,8.093044191398597e-05,0.7730882108688217,185.40124820714396,0.5137653456394201,29.285260475173132,0.7714100481604594
0.3922929115358674,0.09563096659292597,11.922347366757661,448.6706655734321,14152.127130147694,5.789430538908317,18.977839291594226,0.358137632604632,0.35048938681230374,0.36856297976589775,2.2199255904903077,0.5519166430566579,0.7541186001014895,0.5917783653669574,1.1359407496843927,1.017874148058392,0.0005360832625439441,0.004896175154296993,0.0002025680721464775,0.8201981065637028,6.559607235586174e-05,0.7714093105087824,185.4881663032394,0.5117253757761262,29.128482069563912,0.7699642588562869
0.3901711553222613,0.09618531826974815,11.970225753622724,450.2399766591707,14184.9179554838,5.801879691128177,18.875355522054306,0.3584533794745908,0.3513438197409918,0.3676316755041647,2.2085026961972916,0.5557394728395718,0.7566704224618118,0.587819396950115,1.1423785206210357,1.0162443721967798,0.0005367611320072084,0.004923412366409244,0.0002027929337563217,0.8176170923860616,1.6852356625328776e-05,0.769696144675055,185.5834205097063,0.5119061509501849,29.22925374254411,0.7634914391842248
0.39069568045510594,0.09598614999519844,12.048368991245738,451.79219476741,14200.398532166473,5.769746066047527,18.941579392230167,0.359218436134004,0.348267039429517,0.368172301782279,2.1963986053811984,0.5585220264804708,0.7599723710966766,0.5873240092534535,1.1398557501627253,1.0136634182017377,0.0005312507611527011,0.004909472685210735,0.00020106846947448437,0.8139370686219523,5.9085662491252904e-05,0.7680701543457394,185.36215689018226,0.5040474672751886,29.514314998860954,0.7631884999601977
0.38914480979786537,0.09599841996175279,12.035003998069541,451.90673944131385,14233.711861773936,5.803006305896612,18.973938266316114,0.3613380368205915,0.3492758664734354,0.3682614792833917,2.1859219292210357,0.5540850706711373,0.760787224194886,0.5863470591024279,1.1402196498761406,1.0105578874337884,0.0005298806327947185,0.004942729102797397,0.0002019249163939164,0.8142190186188001,7.150048456315066e-05,0.7684848356107672,187.85821066518633,0.5043904941673033,29.571701079148962,0.7641989499034606
0.39020561369634493,0.09617693570310416,12.066136034605988,453.5435977263548,14252.540929576886,5.782173609321672,19.064380648023317,0.3612633708411974,0.3485992351116574,0.36947519752061314,2.1834004456356286,0.5536485926071992,0.762184549019405,0.5859900139965576,1.1397913871597283,0.9994355268262536,0.0005344712537588442,0.004944418279403264,0.00020262513614553875,0.8106306734266128,0.00010758390382918613,0.7724850148933199,188.37463886335408,0.49983653658232713,29.474805458276975,0.7613617295171843
0.38893867616795874,0.0962064993601245,11.978523923534189,454.81749458243127,14348.785929834321,5.829036191515315,18.97856872413328,0.36549270462666533,0.3472469363209022,0.37025777359162404,2.1742570236427765,0.5525236393180847,0.7603594974019715,0.5808456304082762,1.1341828527134883,0.9991157601773419,0.0005424543184479011,0.004968616643317177,0.0002051360215545766,0.8042047175391657,2.4398556854747473e-05,0.770955430015397,188.7655487675948,0.4978646510734787,29.622596292837063,0.7615484004847443
0.39117644919843736,0.0963308623818288,12.019243158859796,455.4279756578162,14298.12842259101,5.812230302116045,19.086638623130447,0.36579486623300295,0.3456084228964,0.37199602666608056,2.176124645892833,0.5500536284091329,0.7641820747060586,0.580990851996029,1.1324663583266465,0.9874814195011566,0.0005370802382244737,0.004957786194445306,0.00020279558760876864,0.7982587711206617,7.037466974955874e-05,0.7696610981163216,189.2652846507088,0.4945890426798386,29.69547290396781,0.7635014615980985
0.39362418951464434,0.0958342979265245,11.924459721596246,452.43639869804764,14357.649403410429,5.859592603116177,19.12906483971443,0.3686827661521854,0.3427755852208299,0.37006540540353366,2.172724443485211,0.545980391455941,0.7690612120680775,0.5866999367896535,1.136374804518932,0.9874642073226615,0.000537361488899852,0.004931446604611642,0.00020220173714797582,0.7916680358919919,2.9731600687270816e-05,0.7625943872210961,191.29216255498986,0.4920971147225114,29.473767541476484,0.7664975328710465
0.3931050362495116,0.09537519508987398,11.925314164699211,452.2373049262142,14259.191956325107,5.881113226637455,19.138716342470474,0.3682592147173606,0.34146845743157944,0.37006039419899306,2.1769667241063657,0.5459844676200691,0.7720655888988428,0.5917361207123133,1.1276187979715113,0.9849874388133392,0.0005384764438329758,0.004944264619980123,0.00020086221180813963,0.785815472490515,3.610027644172217e-05,0.7638118082195187,191.99726980120334,0.49071095075475113,29.51611963221091,0.7648557249987536
0.394542767312288,0.09533874676349754,11.93661638144202,451.63280375358846,14328.06100526026,5.910017848012353,19.256259731549395,0.37096498896767227,0.34504749718350014,0.3711347426137975,2.1609414495505233,0.5457716740876534,0.7722054359862035,0.5932625427481036,1.12260464881532,0.9786673742189651,0.0005404219215069594,0.004956096443417676,0.0002013268709306407,0.7837933631990114,5.433226853135375e-05,0.7675461966589705,192.37299280175355,0.4852356748224032,29.439783739958614,0.7664632338146937
0.3952018242923697,0.09527155545709501,11.790140605358335,451.9614688438137,14237.215934258087,5.893073629393514,19.21687083593035,0.36795465036197567,0.34168863601233923,0.36848656287792303,2.1702190400120225,0.5470697762141381,0.773180729603936,0.5932786245090048,1.118379041779523,0.9804926972350627,0.0005410444446672212,0.004977097718417,0.0002008210461145965,0.7880935467481776,3.866259839011799e-05,0.7756716897164189,192.04231991124075,0.4868682795549448,29.685485712466566,0.7600049574466594
0.39770118485758216,0.0946441958209332,11.760696582462522,453.4805440862427,14147.307394194348,5.950530024053666,19.23218145566593,0.3680298467881003,0.3423476228666753,0.36912146416725694,2.1785188276806355,0.5441891202604998,0.7725961209722002,0.5915232931982453,1.1225791672194951,0.968445452871909,0.0005402668030136566,0.005002458145996614,0.000201975547477213,0.7840367258978009,0.00010595591800973957,0.7875540604429436,191.14300319162692,0.4887721495011378,29.608027859782794,0.7596045655105856
0.39590757859269865,0.09413388316065797,11.84550345094288,452.59180581464705,14221.355770104763,5.948939829594433,19.26646609514119,0.3674281275640191,0.34024135339461536,0.36751930397102844,2.179719785510693,0.5485368731361903,0.7719907177795742,0.5893902076122681,1.122242606002863,0.961220104589965,0.0005366441900816822,0.0050538920544685685,0.00020167488860749466,0.7861673852394824,6.714139905496708e-05,0.7923182466031221,189.16709902749344,0.49051906580604765,29.552441933077745,0.7630253599584417
0.3974020815602972,0.09399978745326307,11.878803240648105,453.0506454820137,14063.68477446235,5.950659644618139,19.266256306343447,0.3674603914379692,0.340165065555778,0.367553112165562,2.1918271198404033,0.5456399726999329,0.7730996377667041,0.5909639667852283,1.1201758329495788,0.9729778809175254,0.0005364646300595032,0.005042624699797183,0.00019997284919516604,0.7869998384617403,0.00011484096049568237,0.7922324291619763,189.6876201660177,0.4874862276624614,29.485579596669922,0.7564893815918621
0.39798873377548116,0.09437034417909855,11.881800727558614,455.0466251836089,14030.856433844405,5.944645041690153,19.221858841085098,0.3710390898672173,0.33940060722304183,0.3679667927955177,2.179914705679307,0.5427222876920743,0.769602952011893,0.5948202568746365,1.125254104559814,0.9804735207716156,0.0005383561171413364,0.0050690466237913135,0.00020029401957415095,0.7901630201067407,2.9488787865911888e-05,0.7906483385789164,190.18891831357368,0.48813769345185754,29.30980611500975,0.7585224600259212
0.3991810467700214,0.09467898293041987,11.994504179559629,452.9055737821108,14084.594082981335,5.929618446045882,19.13907860627078,0.37573432806242973,0.3375372076816878,0.36851730034506913,2.174480577471312,0.5408773696529526,0.7691918413532898,0.5962818992805473,1.1153627368482195,0.9801843659810736,0.0005394550565790501,0.005113384639791559,0.00020082777504356968,0.7885765341571153,4.147107888169552e-05,0.7954396104907391,190.00996500933022,0.489169114618894,29.397774313303366,0.7591331055844732
0.40125925942163754,0.09433139750381112,11.83318793549139,451.5844001267947,14023.305221351411,5.88955754253676,19.189491323617204,0.3771800383775858,0.33533451247368745,0.3686952055853237,2.175634681062325,0.5406725831896367,0.7702371382216585,0.5982607170277466,1.1174304463439788,0.9811766072605179,0.0005397619612698492,0.005093321461848225,0.00020184893971590646,0.7875524284365377,5.51260613863693e-05,0.7933291598146145,189.17334546104362,0.4877529882989402,29.55117321366211,0.7639708144093609
0.40253750814305206,0.09432151680238803,11.695466685887341,451.6433661729994,14001.145143701331,5.861941624420461,19.230321726660737,0.37699102857213285,0.33636769899437824,0.36877604457064966,2.188458943746357,0.538445962265219,0.7684272257462093,0.5981084632697639,1.119948374452102,0.9772158808540914,0.0005379536447677873,0.005083963614314648,0.00020055738634577438,0.7823476492864772,2.475257864653793e-05,0.792444279955437,189.36057401909054,0.48832514466443827,29.542937729118353,0.7646832288288946
0.40152413368138595,0.09458145372927647,11.707085264725153,451.7607381885025,14033.098133623369,5.949657019502867,19.368658794873188,0.3781930747632239,0.33575531528022234,0.36723027839613215,2.2004129470087648,0.5380289696952537,0.7716267711547342,0.6009615946668595,1.1149586390283075,0.9907183956368232,0.0005375556940202219,0.00507938368368693,0.0002006291704679152,0.7790913693450116,5.864030300852184e-05,0.7896546991280319,189.23359355809419,0.4814862566325462,29.67317018293263,0.7661112255820158
0.40197045492210154,0.09418095248883111,11.76219232744222,450.3868958016895,14027.329846133338,5.911716216523894,19.4898620036452,0.3802299550622456,0.3379011932367421,0.36554675717657553,2.1936292798667463,0.5351214311399283,0.7710776473966074,0.6076087407486461,1.1161363413647274,0.9904745114845329,0.0005407062320244787,0.005138824878011405,0.00020184153213692724,0.7847965540890338,4.885120705391491e-05,0.7935491402750582,188.32321172731926,0.4825210872790729,29.865252641299506,0.7630793420426283
0.4011423179797488,0.09453782735156521,11.786616234054534,444.801211602046,14054.506527512303,5.8696662072421795,19.316667652108002,0.3794816911015984,0.3379339572068769,0.36304782027517507,2.1904412242450104,0.5319677840339117,0.7691081638213355,0.6103129072125635,1.1157141152516021,0.9893721744675502,0.0005397218843504318,0.005147812699099101,0.00020240496585491636,0.7840201570147759,1.9143259500207065e-06,0.7933671958931653,187.21526990050754,0.48161341542984626,29.580225560343422,0.7588006089999911
0.40425982244013425,0.09509687416247606,11.795462354427192,443.509767923079,14073.345351267293,5.911290552493599,19.16001253242904,0.37803388614800226,0.33867698626091725,0.3582090879007993,2.1868313112056064,0.5297650509866142,0.7688667424823578,0.6107548202393397,1.114543175719969,0.9832503058973137,0.0005381212266838309,0.005201332278185343,0.00020234830888990823,0.7835656111073364,2.6031408058543575e-05,0.7934513377726057,188.14383771496165,0.47940876328195925,29.852716499996834,0.7650412091514338
0.4059030613151981,0.09522987531836744,11.885822022572423,443.1344208360606,13971.739359067975,5.925427131183137,19.09271416021868,0.3771307026623887,0.3361321121485993,0.35618107405343175,2.1627030504792075,0.5262092175287201,0.7731263782133654,0.6119056561322062,1.1131035101248707,0.9891086384311398,0.0005330289398306203,0.005145465843630995,0.00020427794360052898,0.7890837904498267,0.00010613390820382128,0.7914738008686378,186.06539502849105,0.4824849952265848,29.62573988355083,0.7531705407073132
0.406391291881526,0.09562767699548998,11.92331024670884,445.2294370406406,13780.820367080209,5.893111737594335,18.995544489722217,0.37756621521597383,0.33882810172914946,0.3584348348639872,2.1667352572250786,0.5266965289732768,0.7761419137453097,0.6064803422361167,1.1148366560382967,0.984485653924788,0.0005337589063484212,0.00512931350517128,0.00020400126229812662,0.7892465623139393,0.00010069086113194601,0.7941993954513906,185.7209318279803,0.4802788544140164,29.556294788352325,0.7544772008624058
0.4087567893006364,0.09569349875412995,11.935964442466753,440.80200072061757,13626.975546484271,5.891388959524056,19.078234686260984,0.3784106482886892,0.3383970038960548,0.35952546090018533,2.160769703161413,0.5272720740338723,0.7776666072939722,0.6087024638385359,1.1256097338467583,0.9918778281864874,0.0005345726930474807,0.0051410661285650775,0.00020237347587308513,0.7883719739530783,9.884243007284046e-05,0.7924204127265408,183.92262951831893,0.47184871931995764,29.352239681509936,0.7660927552140895
0.4075731705459293,0.09555474258896295,11.947155701095154,440.7544536076496,13654.946559997767,5.900109303862851,18.918955835976558,0.3794808416123811,0.33898616777542306,0.35660944683335755,2.157367126752637,0.5268373478580676,0.7791736436470963,0.6184554000233562,1.1250788219839758,0.9987441509503595,0.0005343737466004585,0.005153246563788761,0.0002018269346416482,0.7846894105760784,5.830597200977118e-05,0.7902965381969016,182.1822615147233,0.47228638764955505,29.3119581680231,0.7702333403725851
0.40867011522338764,0.09582260673647239,11.97115672084386,440.43161716442705,13735.786774144657,5.887946772297149,18.916402211338088,0.3806405631144206,0.3393555364069732,0.35869992706536036,2.1735122879549262,0.5222461238606029,0.7807131845689856,0.6156125013671184,1.1317897687251421,1.002976195745936,0.0005316025314240546,0.005105594732228464,0.00020128294542457739,0.7896035562934175,5.491264434242316e-05,0.7907719350676159,180.52870959777246,0.478398573657461,29.16212811803713,0.7720242617569866
0.40764586872042313,0.09625539143520892,12.071098495083618,444.21075332003204,13728.832869453476,5.914473230990845,19.02590509134389,0.37881907182292907,0.3381915585004894,0.3621229094889943,2.172805978886701,0.52140193644868,0.7811562231561109,0.6177459383733569,1.1350152343614957,1.0033712571404838,0.0005321346304587134,0.0050771459558128194,0.00020077698928121736,0.7934838080168872,1.0194189399975457e-05,0.7921234212277629,180.24968659936582,0.47597733434072814,28.895292913455542,0.7771590460534008
0.41082194985630477,0.09656709130916391,12.092463399980424,444.58426649118513,13742.61094035466,5.882069078049847,19.191772837783045,0.3812394393755844,0.3382833425476638,0.36168743225960304,2.15417386415638,0.5201941698534527,0.7815084914811158,0.6228246803631852,1.1384804988507307,1.0136068570904693,0.0005373538949176277,0.0050944349127410565,0.00020155717249313094,0.7939740142377074,0.00012296641356880124,0.796221466794394,181.52423111526738,0.4758590786799194,28.782663092560203,0.775586208901038
0.41203205397139037,0.09645981186437556,12.23786624959892,442.01072553211435,13687.896388730349,5.853694849928526,19.155347553469134,0.3812506406735296,0.3391150222885017,0.36250519034647366,2.1350382855111185,0.5203128213663543,0.7831437501457263,0.6217293196049165,1.1362982743913856,1.0100233692840528,0.000537957435558281,0.0051288524563674566,0.000201338872824922,0.7966397928245422,0.00010396693188298328,0.7972772927714171,181.6555806807688,0.4766438983800478,28.816742055118997,0.7753416318911612
0.41086564643005613,0.09605038058412083,12.240584931745246,440.32461132168805,13594.788625368086,5.840911732508942,19.151205998592882,0.38148865173990487,0.33644025971238667,0.35926677757369374,2.1466949116371357,0.5188009471298227,0.7850411310723352,0.621159277932353,1.1377474281790318,1.0120903148863665,0.0005428478786383396,0.00513113955573604,0.0002021944243653052,0.7946353779888122,6.432261028322224e-05,0.7895802448531787,182.60796131351262,0.4795255630573146,29.04118362052979,0.7754152297519954
0.41114778404763896,0.09563775173422955,12.220829347024269,439.3622605282439,13822.689916654805,5.8330679392521025,19.166985321961306,0.3816888904809388,0.336102521482628,0.3572919309488123,2.138241959504914,0.5141812460453788,0.7849236867232634,0.6288038167665059,1.1312182457618434,1.0162462386573998,0.0005399940878376716,0.005144863145864901,0.0002029046323841408,0.7942612282197236,3.3796952818157774e-05,0.790823063100606,184.52215263777845,0.4812283499925449,28.987441336654133,0.7807627814440212
0.41074490359263566,0.09601679038211676,12.29708104076675,440.0797664825217,13842.517886752155,5.894846130020672,19.19295777340259,0.383508601128681,0.336243811566276,0.3581854496643311,2.1401383545945962,0.5126219767558702,0.7825627967293038,0.6323920188351893,1.128287969166136,1.0173081300424862,0.0005382123753875962,0.00516902638043252,0.00020213606907211197,0.8022030173294368,4.146367474461059e-05,0.7944206226274383,185.05864844630955,0.48452108442776365,28.764606846636298,0.7801832882533523
0.4083765943419648,0.09671254114365199,12.301259915132492,434.1873334915952,13829.941859451437,5.861993374715836,19.267341101115782,0.38631968388695875,0.33601077429902937,0.3568595999307649,2.1441451055075733,0.5172134030278781,0.7848967651395697,0.6313048613527501,1.1231516654094362,1.0188761850855628,0.0005412676139809135,0.00524068337205347,0.00020355752229939925,0.8043772755554656,7.64142422802477e-06,0.7958433146883476,184.63839441395984,0.479351370720326,28.479092622418634,0.7851606958332054
0.4087663666530818,0.09631534723430817,12.297503468805704,429.88860728941313,13825.984332367225,5.881884386979217,19.364825111204887,0.386522487134541,0.33574080333101197,0.3581462925555521,2.1668774579554007,0.5152694497047712,0.7852719069109729,0.6276223345122983,1.1248353229614287,1.0182583162774743,0.0005444822595890302,0.0052804857623599535,0.00020307392564336468,0.7978737239639299,4.249081703158355e-05,0.7911497260849663,185.37094203087034,0.4801825992900853,28.372967980360865,0.7931707299312095
0.4099480353642884,0.09666409216958206,12.18254308096775,425.4475421486238,13809.998774962207,5.895834513890153,19.216997972704817,0.38467927566097804,0.33700305144917686,0.35984748943631073,2.1742553673731866,0.512314139880131,0.7821710833705701,0.630425962263813,1.1240934264713809,1.015300233125692,0.0005469598362131934,0.005286390152868804,0.00020290729776007276,0.7910603376297427,9.037638118682714e-05,0.7867482272000477,186.22070430766482,0.47372522821667334,28.193572213093297,0.7984222968130785
0.41095477427029,0.09591049069746826,12.163671873649538,425.4811178497076,13820.76574221186,5.848188662719605,19.261941304643965,0.3843028406550722,0.33380644494488465,0.3607421804869346,2.1696539586412515,0.511466326704322,0.7825306856663456,0.6326538361493124,1.1218483595419155,1.017013810862808,0.0005472184026217659,0.005312260334027201,0.00020230700915499457,0.7883436028517457,2.090862438017179e-05,0.7892750621925643,185.16943276813282,0.47167201319732144,27.983253200621647,0.808360318758372
0.412743344155261,0.09653410776795565,12.169706979485813,427.807740633254,13642.91292199178,5.82425553571361,19.184915360260327,0.38427071131881774,0.33487092883168823,0.3610242363101532,2.1790261827092734,0.5120936192880482,0.7873757799482295,0.6357763529358386,1.1234218547510684,1.0189431270689784,0.0005466989734366387,0.005320257833730693,0.00020334566331613456,0.7832083111233414,0.00013628600284176223,0.7931767221693152,184.63922495297936,0.4704497626472725,28.118373993422097,0.8130826575645344
0.41412940794437697,0.0963824614110427,12.081807183467511,430.088545783962,13587.436104951385,5.8431315878613646,19.20163069255655,0.3811151349595861,0.33498920754176476,0.36147886477536634,2.1759290114778143,0.5070493773479439,0.7919314410884213,0.6320719553829575,1.1250846569330266,1.0172985577117832,0.0005451184423142911,0.005363126780931815,0.0002023064916353167,0.7814265421733475,2.5038331358357894e-05,0.7904527288386052,184.0354413189851,0.46874123056364725,27.947294582734777,0.8082375882133106
0.41228062541714844,0.09652314638464718,12.039295193413393,429.0285765178597,13650.917980283124,5.8678280707398285,19.107442343386772,0.3810452000912094,0.3327999531002373,0.3645719842019603,2.1844881884781753,0.5099693238082703,0.7929218645720305,0.6299231402218226,1.118972728789853,1.0081351536143295,0.0005455993993607579,0.005340402212535097,0.00020439180839532437,0.7726322220124352,4.726024789817211e-06,0.7876476889774148,183.85567195811166,0.46339840579814606,27.784618803022987,0.8100287791805486
0.4134354766357308,0.09635177085777766,11.992005526787421,429.73933368500326,13674.87220759855,5.865971285481537,19.101299335859565,0.381060426857034,0.3354914223683451,0.3620116211306105,2.1953351218847286,0.5101118723938931,0.7909442686407792,0.6294820199980636,1.1208797445124121,1.0022336536401562,0.0005450418463521927,0.005335320335662937,0.00020402212518413074,0.7766304174487366,1.220670414037278e-05,0.7859517676573559,184.1214505231315,0.4581877848175809,27.757241190712787,0.8098297602148333
0.41556478624780346,0.09684352856667239,11.911912707327552,433.7974395944998,13525.6188874462,5.902994718947381,19.08286843891564,0.37814586036889997,0.3359384393114412,0.3592732061603462,2.1967532822397664,0.5111392995507262,0.7922876497614663,0.62959079826609,1.119974264067578,1.0125509407618842,0.000545205465812391,0.005349344348821161,0.00020400506607555862,0.765729929765499,1.5991739732219445e-05,0.7918390031780285,182.81048032754163,0.45896588852596554,27.715529044441716,0.8076090082595202
0.41709864787035345,0.09768547928297505,11.861460384285488,436.9010913143911,13499.9976975527,5.902028824694688,19.332385147919755,0.37661765229088207,0.3375163247852714,0.3590750707315034,2.210024331614412,0.5137068123706842,0.8014475250221036,0.6276078161162331,1.1189330178444779,1.013732045495791,0.0005470394066523819,0.005348088870518369,0.00020382367124530088,0.7717776092881815,3.61719981184746e-05,0.7980648990461134,183.5979271737044,0.45918080951047147,27.702963018759654,0.8132566107527242
0.41851037206331326,0.09758291898077076,11.813986411396938,436.87886320861594,13377.804910765182,5.949486858306627,19.26775839547084,0.3776732435261469,0.33475911438420175,0.3626055338348244,2.2069035627718843,0.5130890221611922,0.8026625177303004,0.6258351788798927,1.1160492644620645,1.011581080852869,0.0005442159359890476,0.005404894539098852,0.00020458469350143903,0.7646443265019004,3.9415093414946075e-05,0.7961713647262467,183.65896866875147,0.45834343146256934,27.39145717218362,0.8197671281248323
0.4184243691561136,0.09857759814304615,11.773316164508882,437.6492936999908,13510.460842927401,5.9758868213979275,19.311101058454344,0.378124699285193,0.3313207080262236,0.3630332827646794,2.2014626650416798,0.5177863338164873,0.8038476493290444,0.628698868707561,1.1208318632722787,1.0190348637081912,0.0005449436470568947,0.005408404778396481,0.00020336216507421911,0.7626314592534765,2.9837699098528117e-05,0.799423978170928,181.2084611339109,0.4529119636554768,27.369413103829416,0.8170448345459758
0.4204502508435248,0.09866655909768168,11.853609209705308,439.64262486714216,13561.08308645193,5.96592191614128,19.100385190219498,0.3771589294218587,0.3309698469365223,0.362533872743385,2.226699137934647,0.5141775055911171,0.8047206087257411,0.6247292304368044,1.127050951549381,1.020819497646866,0.0005488622031462091,0.005392607169430024,0.00020386648422847216,0.7600027963173689,4.942013394882963e-05,0.7959339164567019,178.93090721421373,0.45056382730857597,27.277726477076012,0.8158520545461616
0.4211022869136107,0.09917265623648464,11.86579597782961,443.61107473047963,13459.002898294571,6.010534452384741,19.06267103512253,0.3770281066429571,0.33041595500089405,0.363870206479141,2.233711167726139,0.5205256055620681,0.8080887662480729,0.6258220908283451,1.135097697768408,1.0268571507095616,0.0005462552854905743,0.005405961493462083,0.00020477098684724425,0.7590158565498745,3.2119688917776784e-05,0.7998797321816231,179.65693016069022,0.44832014232279116,27.441226883709813,0.8116760054099336
0.4217057176821553,0.09936061846578359,11.88011812001888,441.18830548324064,13395.298566442965,5.987642396749368,19.075410188603353,0.37578806217147454,0.33093399237223564,0.3610877213815827,2.2300704906014537,0.5173718772026584,0.8045762164552551,0.6322302138573482,1.1288514955687383,1.0225008762436114,0.0005529361962867936,0.005400904346399067,0.00020373079635432328,0.7664754675221326,3.3368021185977875e-05,0.7977393502104008,179.5273323730128,0.4484167204253789,27.39208232817432,0.811475084504295
0.42347798389217134,0.09975858854500202,11.895404080681388,440.0819327762229,13333.655821074019,5.999598547259761,19.155333703703775,0.3768396159433407,0.33031847496090544,0.3630406490163604,2.229705999330244,0.5165155195422608,0.8088829322408129,0.6348029711423433,1.1374279284807718,1.0236280307308807,0.0005488256337426704,0.0054016360054411116,0.00020372762801955518,0.7658186867390511,8.179310304347708e-05,0.7942052618082179,178.19104022112208,0.4416236200743094,27.3323969666887,0.8148113039682081
0.4212606697891346,0.099026520097459,11.92883436171045,441.58279888867423,13349.727547482176,6.0272852591546515,19.018096980272823,0.3770805846977241,0.33280516905276253,0.36196716501306486,2.238157380801142,0.5130295074872292,0.811900863975524,0.6339002289273925,1.132921396938025,1.0174414613127458,0.0005506816012820402,0.005387353479567346,0.00020290132326795916,0.7657104597611051,5.6133027868656967e-05,0.7941103660124545,177.9771924660981,0.4479219971603312,27.317844636063516,0.8153380786793273
0.4201419824043384,0.09941526606067501,12.037698994805808,443.46600286236594,13384.59905180964,6.034433537551123,18.974893517376493,0.37902587010338157,0.3345820747129998,0.3622859984043817,2.256739915532955,0.5072714428657505,0.8093929221632306,0.6344513867896143,1.1354702950906725,1.0233548739579177,0.0005563423885664728,0.005404828621315959,0.0002034730922806381,0.7690346920761917,2.5183352115010454e-05,0.7948627727464083,179.14514313177634,0.45073676949035923,27.488664242508456,0.8102417499769777
0.4236196631280039,0.09982333247651676,12.016496597872704,439.01496462325906,13374.906699947596,6.026892066977149,19.031919957503636,0.378082871397232,0.33403441057968125,0.3608372816395958,2.2430387899159925,0.5102214457832349,0.8042150478939046,0.6381471855703584,1.1448024808609896,1.0272778687613018,0.0005511395656522353,0.0054269465057834275,0.00020240899009186955,0.7650632958075153,1.6892972095851284e-05,0.7975566743901167,178.5881823363354,0.452421856620848,27.28922915986667,0.8030149777600748
0.4253399508483061,0.09901026733084824,12.074142830622833,437.11888484707623,13298.440731841016,6.010549799164837,18.9260951547627,0.38021619305261994,0.3353735550228477,0.35939818790736233,2.244928054179303,0.5109699775508469,0.8033815384986855,0.6402497341778242,1.1358362531799968,1.0284596333154314,0.0005475208670642573,0.0054242270107455375,0.0002019969524289585,0.7657024855165772,2.9185179106743392e-05,0.80086433187995,178.42738728458153,0.44797163615419966,27.354130069631683,0.8005452279043749
0.4254830881785832,0.0991158095037928,12.037454496891733,437.55610831198237,13366.303158123641,5.969687674507103,19.0255317442101,0.37829006605825066,0.33825536914884874,0.3633891180719073,2.2567973108345574,0.5176896508155139,0.8008878248540466,0.6431137183291046,1.1403872142516334,1.0215895360113552,0.0005453555604865644,0.005472699700486383,0.0002010992241443719,0.7563988941220261,3.3540319346638916e-05,0.802398477183838,178.89605053363996,0.44550775205943566,27.539975472277742,0.7930967161999481
0.4243885091734265,0.09938183741500116,12.108687485660845,438.4312082505722,13611.648592418102,6.0101740646441115,19.033018941017474,0.3785422656693572,0.33682635613476053,0.35900303941029715,2.251054273618792,0.5185287012945382,0.8008058542438355,0.6455119337816215,1.144915191576526,1.0100314866433802,0.0005465578608060868,0.005463580310114583,0.00020069916506574646,0.7587087481657343,5.861769914804725e-06,0.8059388190373464,178.06285966168548,0.4466265156060072,27.501220255219074,0.79953710765422
0.42454549454350093,0.09909668467625743,12.079462188379358,440.07991882685036,13653.197197097108,6.018494712808796,19.041077703845183,0.37338627037038835,0.3336691132307683,0.3597554239317454,2.2322055150011706,0.5231850404056613,0.799450499841756,0.6446850825238998,1.1429597958936297,1.0047138189651568,0.0005458202277572046,0.005493463202957591,0.00020026090413159805,0.768304872807808,5.379322272245854e-09,0.8055539330691023,179.50592086562807,0.4476698525136279,27.12622450355614,0.7995075891505811
0.42686573390983995,0.09874681547119128,11.981010073436064,438.983737395556,13763.08572450467,5.9586779231878,19.03511506761329,0.3762170522633686,0.33586574691219,0.3577528340996946,2.249015294434636,0.5170932633205241,0.8000079323486368,0.646935385822749,1.143857576231512,1.0068069988601853,0.0005479655503910102,0.005467581035063427,0.00019926338115925206,0.7630219582807503,3.584265502387718e-05,0.7998798737234231,178.70442279225512,0.4460164733025922,27.3804466221171,0.8057499116836564
0.42873176933351237,0.09892264276742828,12.077936000650697,442.9715892937966,13689.564833629338,5.948907047895152,18.915123363543437,0.37599050755961266,0.33519127101356677,0.3591730990059028,2.2476876500081167,0.5227920361683648,0.8041923580448025,0.6439327451927432,1.134120886450351,1.011882824020687,0.000547496273149605,0.005461329058625019,0.0001993194788637673,0.762930391732834,2.6959972214674215e-05,0.7952046232190472,178.75651289902987,0.444304619670882,27.379363694007793,0.8069351146615887
0.4292321185472074,0.09894597746010193,12.038036304726266,440.42137154711963,13508.345329018068,5.964984415318636,19.054273782548087,0.37476379488802025,0.3371225574131527,0.35644425801123636,2.2507582341072405,0.517386642123591,0.8001544087227065,0.6448887739169222,1.1278778962130476,1.0028762965470317,0.0005441431863304498,0.005464301331276654,0.00019949093636650699,0.7651728723042915,4.733774228518536e-06,0.7997877663811364,175.54364617188108,0.444077724403982,27.13434540604994,0.8071890585828126
0.43135985149908745,0.09944812346940249,12.039929881880594,444.73347806128135,13576.518137001192,5.906931626160711,18.976080663263815,0.3739655085742634,0.33811426062238464,0.358077011985041,2.257103359604707,0.5147274017958455,0.799149107800558,0.6471620535710331,1.1320119011833545,0.9977648639009312,0.0005448987468745911,0.005491785899360033,0.00019980206092982535,0.7630954704867913,1.1788193924511867e-05,0.7999797501409966,176.59815588848562,0.4441748126959586,27.40741333594183,0.8132417506388004
0.4333230342606985,0.09955959454263215,11.982164389764057,441.8311569410569,13699.15741717081,5.870349989238995,19.201694864769213,0.3728339053231097,0.33857097219838816,0.357786883209024,2.2550068887105974,0.5196131585429533,0.7982670617374621,0.6482939328442646,1.1295684347237112,1.0030619085639854,0.00054411558566326,0.005492719910184747,0.00020002402431667702,0.7576920132034226,1.3059476125124427e-05,0.7925117327085393,177.1588600441281,0.4407809910527644,27.46662946464149,0.807934791098271
0.43441737531107816,0.09953505890715429,12.063957024839747,444.0932581720736,13677.110372197549,5.887925204989798,19.32937211482702,0.3734917962105181,0.33828666474610364,0.35561593197951935,2.242064818539349,0.5156077951201293,0.8000666481661084,0.6525275745716497,1.1293745142515648,1.0099577599796388,0.0005435228083229454,0.0055749711226960475,0.00019888382025228226,0.755564932149448,1.0313380534505024e-05,0.7917704852624322,176.8148622844382,0.4402264829046036,27.24992459098678,0.8064575378814254
0.4351747334668037,0.09963374770932847,12.006359097684332,442.1186147258957,13675.37500668745,5.905443569602995,19.32422464192115,0.3711613547670924,0.33825068462297314,0.353063949817161,2.2492277313806195,0.5135834154499278,0.8028934368246937,0.6473186703641092,1.1392557469000755,1.0108948508708275,0.0005401355549555251,0.005516568847787964,0.00019977016985612598,0.74934153029179,4.3532570769579443e-07,0.7892761134620758,176.6002942442399,0.4357329626910698,27.22658458585535,0.8101411228993106
0.4344734700320689,0.09952334059290409,12.05979012690702,439.54401015411713,13652.44059007191,5.901831175731454,19.362443369532837,0.3721325107239162,0.33716662167067285,0.3540752400509107,2.2415772402601437,0.5102810804449793,0.8082729529600865,0.6462030981472213,1.135176355887495,1.0089400873403669,0.0005364247127727848,0.005517322375667994,0.00019997803160890973,0.7428993130443707,4.720500496601556e-05,0.7872203033899684,176.7098057171937,0.43405931628194544,27.19701849324797,0.8113377430546241
0.43476260443534476,0.1000876757640684,12.140622334090406,435.0125471953519,13576.584779454199,5.848850950281239,19.361987730145124,0.3728241698499532,0.3363802934109039,0.35095876169878354,2.2300547703022273,0.5136757794832288,0.8048573147314185,0.6446285537054249,1.14267139534399,1.0043721165454196,0.0005350318195509533,0.005583869431746356,0.00019933840944100212,0.7439542600436108,6.74981978574121e-05,0.7909067017979107,178.1178989870694,0.4324535999907484,27.313138551225432,0.8090868109314582
0.4339341000622436,0.10000626297446315,12.310983850850539,435.42891952577924,13496.996954409673,5.830152047175606,19.50836093911323,0.3734289147020873,0.33902103252290633,0.3476380095574212,2.2213889249160292,0.5097990125553672,0.8062797774248026,0.6430850598202722,1.1437873581877065,1.0062162569753732,0.0005373482559706251,0.005582020255319943,0.00019894138730730895,0.7456095196349798,3.318991854320242e-05,0.7977151080199975,177.67680387070234,0.43250074918027365,27.162680041929352,0.8054084528996153
0.4335469143170049,0.09965253739655416,12.269990422383612,436.7243040196769,13499.929064831755,5.87212165577143,19.561583938789425,0.3712911265651925,0.3406143457629382,0.345015845438625,2.21521201163593,0.5075870539656637,0.8038098875630575,0.6400583484836354,1.1424508217347462,0.9986853256646796,0.000536458329280569,0.005535815871329216,0.00019915693819448404,0.7484216238391905,4.954732917778341e-07,0.794603144540852,178.22255312902698,0.42959784500475606,27.21232762355626,0.7966769151925472
0.43590500567289425,0.09979457749544562,12.380455061911645,439.7529351729932,13674.741567579818,5.89373872730639,19.619991912308844,0.3665420745833681,0.34169064356704115,0.34725230186551836,2.222203664174414,0.5049739611553216,0.8050346265495654,0.6447241437380968,1.1440819740183996,0.9969567237315058,0.0005364225197375999,0.005583781768709892,0.00019841276972759584,0.7480068914683661,2.7204382141811754e-06,0.7946277708338348,178.76890367364277,0.42402090373353646,27.208632818478016,0.7970262582166272
0.43748575577213955,0.09969095209167857,12.427010266669946,440.48669367676234,13742.454001776454,5.8824892598341085,19.533680801326756,0.36961751259997205,0.3422603923043067,0.3453542169570518,2.2378578761204357,0.5062488280091118,0.8036651253723549,0.6422047005873459,1.1263155336144484,0.9929905103684223,0.000542043736162933,0.005606359655372438,0.00019823929714534575,0.74367686386118,3.0480496091631512e-05,0.7891188522929957,177.42508168075818,0.42814357720236096,27.156526148418177,0.8000994063709138
0.4394020621252163,0.10006423868373614,12.32494148221528,440.55511854245276,13802.762890621949,5.900420599391238,19.562423737573358,0.3672221625231771,0.3459050073147439,0.3428822297343612,2.2383214764264494,0.5032602167884667,0.8101512124048509,0.64678387653999,1.1289758741628446,0.99759942211348,0.0005437301166928547,0.00560302031901847,0.00019927068669295286,0.7403702475741116,3.648959637013166e-05,0.7908371350358943,175.67052847846776,0.43198492195296845,27.32919227174647,0.806370430440842
0.4413841981500835,0.10039287266658468,12.271258060841994,435.58523787012064,13691.787405140942,5.86946408465169,19.669032438567143,0.36939690841505324,0.34875842555488074,0.3428093137507094,2.232962928853966,0.5023748088570643,0.8083477032506875,0.6470935395973746,1.132563479650432,0.9983633016653741,0.0005431836804330884,0.00565855829296178,0.000199725470402633,0.7388703610887895,5.8880857646163254e-05,0.780193717574161,175.22286243023265,0.43396550161742437,27.017708717474036,0.7985593577306311
0.439480380931518,0.10055530675376972,12.383520443436952,433.7556041129463,13692.335295422548,5.914197837825114,19.767457643792813,0.36700340875024984,0.35132825845835775,0.3431209481093545,2.2378866042855754,0.5015636820258061,0.8047003867507029,0.6472870957151351,1.136378519907535,1.005822051913471,0.0005401872144534367,0.0056564662742497,0.00020055212594167373,0.738727991177402,6.056259391899625e-05,0.7785635576609625,174.7177057319078,0.4289355503621002,27.025504728015065,0.8007046160405131
0.4399491222763785,0.10099080009966957,12.402505856738093,432.953644700234,13749.831159785,5.935853947951474,19.669370851195787,0.3700802163089946,0.35194078909668924,0.3398922889186084,2.2232380142478787,0.5025896591643547,0.8019881884356255,0.6421691524537545,1.1396610611802451,1.0096493297273041,0.0005420049926640001,0.005659342452901407,0.00020113995508429307,0.7395959277087866,3.387317998631546e-05,0.7827607200741817,172.90908239185882,0.4261867395127272,27.390775968992973,0.8013606106433598
0.4406707030163687,0.10044499106849268,12.424793850588074,433.36664703648916,13666.3441682407,5.986444911089792,19.6943100704916,0.3719310662373193,0.3546531561182915,0.33968859545142377,2.230544316074068,0.511098719349084,0.8023513317259414,0.6429549043953356,1.1437179095049637,1.0151626625758212,0.0005445412167366511,0.005684369344127906,0.0002014240102055808,0.7314212791343899,3.527849410121281e-05,0.7795451825853092,172.9957853849639,0.42975631700746736,27.38265723854892,0.7951758945421455
0.440173889239615,0.10111805839525065,12.442037278339189,437.70173212144846,13723.914117168742,5.987004147398628,19.53747224326356,0.3701725194580501,0.35791843883404273,0.33965671259539876,2.233694193683946,0.5078525628073609,0.7996757510789712,0.6426289835470897,1.1477835178710136,1.0113120389269032,0.000548130992775324,0.005728774149975798,0.00020083443332892113,0.728111800751143,4.15816247690055e-05,0.7790321729004503,173.48116389933355,0.42913297770159226,27.216109082262918,0.803078331758276
0.43881026817894514,0.10095895874139413,12.466542307105385,436.4553628594222,13765.14793602524,5.958934774202464,19.70167948791017,0.37095270137773756,0.3595224935626072,0.33672625162007025,2.2397981810809147,0.5103957972287562,0.7994238759843899,0.6438308583297317,1.1512325105711858,1.020855246001504,0.0005497172500199516,0.005767834340956065,0.0002018755614934384,0.7280362097985775,2.1812030937764744e-05,0.7733078760996225,173.59955476454414,0.4289499152292798,27.17941327123286,0.8063535001614361
0.43889312933032054,0.10083186769629611,12.549507511475213,432.08952975523414,13727.82442627544,5.985677621155883,19.797524794920147,0.3701203698573067,0.3581740676178261,0.3374319001641829,2.257799761536148,0.5050866855068253,0.798119831623528,0.6490038502511324,1.1568197338179536,1.0296896004174059,0.0005451777317786917,0.005748701858540159,0.00019966120819670826,0.7269975390294645,2.3944357827507045e-05,0.763663662231922,172.58971018094098,0.4284082276308625,27.291176282059517,0.8026779735344287
0.4382497856374481,0.10104060183360998,12.474648515939235,427.17696363528813,13838.247442127386,5.944267451616912,19.69194269896346,0.37139528444565345,0.36022842336386723,0.3372596012588946,2.276410911213212,0.5030740042380377,0.7984220263297929,0.6517863528567371,1.153778613893365,1.0345440133626214,0.000546145103761471,0.005710618915222883,0.0001998161618635209,0.7288201941754074,6.812148653819782e-06,0.75927286234802,174.46880106040058,0.4241831409843856,27.302159136303622,0.8092432024065829
0.43767509673352933,0.10072987016744969,12.529673450017377,434.2109402879851,13861.802500552158,5.958108576419311,19.69162326874926,0.36791105031582605,0.35946333780882134,0.332551045758731,2.2635436665026756,0.5026707072501289,0.7945951753695207,0.6554294467326268,1.161623097784249,1.0279711364858617,0.0005428674775589952,0.005730851860553223,0.00020162835933029108,0.7225135880226914,4.24147397899823e-06,0.761668805009236,174.42369069625877,0.4207855788565702,27.373349140332902,0.809348456292869
0.43517864053319477,0.10053284978482871,12.586774874932827,433.4168549784479,13758.76477798079,5.954711169303848,19.71415410814501,0.37167548155363145,0.35555304429268225,0.33315119421154327,2.282550800455689,0.50074615628932,0.7958467458118372,0.656333999714209,1.1664160431396977,1.028201783906445,0.0005469346596114421,0.00572529321907681,0.00020267996828205806,0.7186676784700954,6.859057770773372e-05,0.7587288513756313,175.4906658743293,0.41965516943121206,27.37696480318026,0.8151328392307444
0.43365730220427173,0.1000941625414639,12.503153338382269,432.3568965191312,13839.143654719692,5.966404280775733,19.676566029642245,0.37085901837949675,0.3559906527166178,0.3295018714215366,2.2709594996303846,0.5014776702441892,0.7964516597264534,0.6524971671781807,1.1678873518746278,1.0240209689630073,0.0005536163669554274,0.005724571046349949,0.00020251378985950428,0.7148587977221242,1.1096027628270958e-05,0.7553959728897861,174.11036283039513,0.4169498787936874,27.42239115834493,0.8131814166530364
0.43576922833649334,0.10004254829601904,12.47024224128263,433.5294933475896,13809.699661980627,5.905731824245598,19.612761390071448,0.36715334591722376,0.3587926004444893,0.3310113796195778,2.2830217009801883,0.495749953236838,0.8026776619173646,0.6503919803544383,1.1649639386640371,1.0219187698684569,0.0005586121235404761,0.0056882827039228655,0.00020106913811866457,0.7189804984324929,1.6901632901507545e-05,0.7526536564134266,174.98313826357798,0.41498337332901614,27.498992532723065,0.8153271747060715
0.43587145503065494,0.10058264110561047,12.589695078027646,440.4708411435609,13784.45124500506,5.899902541424982,19.614472153584806,0.3645239921690719,0.35687412976010446,0.3322184943848933,2.2820949549012344,0.4923267897703647,0.8100322749522171,0.6508667004445189,1.1669776500464135,1.014577348741585,0.0005591005764991744,0.005738851656213222,0.00020090006361100614,0.722821855178167,7.773620929551437e-05,0.7485516808229147,176.03734746726812,0.41238128846560723,27.584277836769594,0.8164822383557215
0.4357180932596755,0.10070291768727713,12.614499387592181,441.9399943698934,13638.186802318492,5.946513810646858,19.627444917598854,0.3678446112451263,0.3572219706937528,0.33026855673399547,2.292229960588381,0.49665836326276175,0.808794332110945,0.6536216840803835,1.1668216744379647,1.0147692702905584,0.0005607674176978866,0.005777667757910499,0.00020098032415467057,0.7213481257365886,2.4390854372437342e-05,0.7407745775578025,174.31684913914134,0.408232183697444,27.49919197074485,0.8094425770695278
0.4357902794704623,0.10043352234909399,12.695718817399328,440.01173822412835,13545.25942878936,5.945363168199886,19.59943513977243,0.37053596953117013,0.3584030867427663,0.3340887862349421,2.290066256904241,0.4988832818076128,0.8115253472152424,0.6531075062838886,1.1627965320793954,1.0193664471660353,0.0005609312858191116,0.0057944718691709035,0.00020152738053046606,0.7206133655325861,0.0001316269105928014,0.7405711233588339,173.234482538424,0.4080122463850462,27.400985751781334,0.8120348731988621
0.43579723013103017,0.09996985553248627,12.75496032047403,438.40380926330386,13605.138100736378,5.945019639926027,19.682748302954128,0.37103478966649267,0.35914197349564414,0.3329462867156832,2.3026533687803568,0.4991197348899464,0.8052361878214636,0.6572953566189816,1.1708707531940263,1.0243075653964344,0.0005636633541067115,0.0057439696161613076,0.00020067033783532475,0.720143643431412,5.4646111646638107e-05,0.7414723906935924,172.81960582870215,0.40641641378543725,27.32894714086571,0.8126170410168886
0.4356683070113748,0.10028653289544041,12.87789517507084,437.577839184976,13572.729132808921,6.013902899522323,19.79331145099919,0.3707983369077886,0.358929557215446,0.33349756996372565,2.3105434591284757,0.5011217285047257,0.8056031479629112,0.6557975062621736,1.1695494139846825,1.0205356513140909,0.0005613315106823325,0.005734151153420872,0.0001994109974088518,0.7205717566600924,7.41437714952279e-05,0.7431437564421796,171.02408247488904,0.4101900598520784,27.345086179098242,0.7984632155734369
0.43579208369931616,0.10005677799998945,12.88945700194986,441.99950547135995,13552.65278641078,6.013242271834198,19.746364438120025,0.3721862005336925,0.36433089285950465,0.3349243873126268,2.315983524667057,0.5028342046365764,0.8025181818004069,0.6557560562797852,1.1755423423637898,1.0208044614401401,0.0005626404319457267,0.005769871216197483,0.00019916505982928154,0.7276540122899077,0.00011404873617888961,0.7412651682524651,170.93100731495812,0.4025433895878312,27.37634926162848,0.801706085732166
0.43516856751714666,0.09936225882354731,12.851966526451667,442.50763732802614,13574.534097473173,6.042437021328629,19.667246901897055,0.3726289098102138,0.3646774842224144,0.3343912070571821,2.3322150448691694,0.5008602777193126,0.803737786104219,0.6544478831228885,1.1772762583315697,1.0247906787546193,0.000565911008093692,0.005714399521342505,0.00019988401325329335,0.7288511466240158,1.0060693948941383e-05,0.7348324417750319,169.25000838763225,0.40448083766729154,27.42005135932994,0.810491814154166
0.4355631886592136,0.09946343361581608,12.879414264604337,441.2766389758754,13435.51041856284,6.046185263783372,19.666395513159625,0.37210586602601675,0.3632873347156053,0.3349620786337672,2.3383755660528207,0.4984290545038131,0.8027687140398666,0.6533420639752238,1.1839010526084845,1.0248493156053617,0.0005698062009949691,0.005754027908553881,0.00020024747246187485,0.7294748573206098,9.562874241002668e-05,0.7261040942184717,168.8482292110723,0.3982551672583445,27.438783357976774,0.81300900543831
0.435213957264067,0.09982102980563518,12.87668876973124,443.68240407008034,13483.373420014957,6.042305303813186,19.66362861150312,0.37105445814958227,0.3627561686937738,0.33585140385486345,2.366459561926093,0.5003687608060263,0.7994832700456279,0.6564008628904922,1.1761243748209163,1.034342412806322,0.0005731432995647685,0.0057623318164897385,0.00020126506644743374,0.7264912402039015,1.2518997426870607e-05,0.7256731142225621,168.4040114159636,0.40199824920850846,27.658844845582728,0.8127338596469917
0.43467637069425835,0.09980588339724933,13.021595271039274,445.6331078287933,13532.226568848251,5.988568476926041,19.66970863354972,0.3710635361129578,0.36223854238729103,0.33529675308908335,2.35715719825879,0.5040422914420793,0.7967889171548234,0.6567412119993865,1.1733551520163128,1.040779946091804,0.0005716502124236922,0.005740652247595301,0.00020168763295605715,0.7273155730401418,5.765609172813553e-05,0.7345615317422259,169.3032599271928,0.3984485818958303,27.66052425534137,0.8186347160992977
0.4345163969529125,0.10036666316113578,13.000766864846792,439.2707416137437,13479.822987813173,6.042151625923909,19.476947370564975,0.3724976965971513,0.3630621891627628,0.33359803456740533,2.356454474985292,0.507850058708932,0.7944761232987614,0.654069870135032,1.1716210923150179,1.0421741401200246,0.0005755608806675436,0.005806729045427534,0.00020340722419845498,0.7154177356912108,1.2324645407384484e-05,0.7324500563714169,167.75939401297003,0.39684270081959055,27.417512771215204,0.8186152750942793
0.4359650116147989,0.10061343071634965,13.061929024163904,439.9670906875685,13525.93072405508,6.087664322601204,19.55167496290484,0.3762689065688985,0.3597598454511934,0.3313872476210866,2.361843853679861,0.5070305212260907,0.7962659262498797,0.6563362165664174,1.167996265250137,1.034688757638294,0.0005769450096314336,0.0057821989893142856,0.00020238284805268025,0.7168587150239877,3.873889249851969e-05,0.7298705155546107,168.77589522322205,0.398320328252035,27.291275569619728,0.8166673663578022
0.43728267285935196,0.10046812651374043,12.993128639135724,441.2144596493964,13582.699861065506,6.162827220319848,19.59279085437185,0.380465720025427,0.3577481034804421,0.3285041976426871,2.359907906207072,0.5073345602838195,0.7994607327659565,0.6568793547486341,1.1716492696792902,1.029422471877966,0.0005728357741932809,0.00583478968142897,0.00020180640884336163,0.7110368725407675,2.1962064335471243e-05,0.7354118209680233,167.0846982885483,0.4010945651856958,27.31549574507194,0.815127128410223
0.43871512315195405,0.10046788604369698,13.05072937916744,441.56512918089953,13599.326464919419,6.114113092755904,19.543251427709013,0.378508629981616,0.35236173809093735,0.3255034127660418,2.3792499565274485,0.512043957854649,0.801327814516049,0.6522646207139138,1.1669687998934322,1.0282230884832289,0.0005718541096526059,0.005855995957273115,0.00020264003829716158,0.7009793531141871,3.2060865344515995e-05,0.7353904334274977,167.44847062961247,0.4008598339924594,27.286258055608265,0.8136219372939402
0.4377462779169049,0.10026311631427623,13.190687193662637,445.95171135359607,13534.638056386759,6.113464523624361,19.673356507782344,0.3819201583918254,0.3509549896025997,0.323864811461597,2.3823098361009345,0.5158989343531545,0.8055136727915401,0.6498428233978397,1.163569606942539,1.0370810105975785,0.0005697489370730176,0.005905132954400163,0.00020270539926944234,0.7082319941730945,1.0036511949569106e-05,0.7239164072941101,167.6720111047576,0.40084734383601406,27.393833052863116,0.8165624279418433
0.44049066549565336,0.10055150402565073,13.24140825220291,447.8078447443197,13485.463696671306,6.110011886499748,19.49316983247215,0.38252821811554916,0.3525592734269574,0.3216388775432743,2.389312628336797,0.5160931276124139,0.8033530752693632,0.645401451139511,1.1643678392841936,1.0429663559164788,0.000570333124418802,0.005926410204861501,0.00020354031819691944,0.7028455646041643,8.240872069649963e-05,0.7290729618933219,168.84968442832258,0.397114657239539,27.207959563456114,0.8202382717048822
0.43958872680314703,0.10073740630939886,13.202347008500944,449.5667974006216,13600.965430614608,6.072370971147726,19.473843825739465,0.3819808237411083,0.3514665793062985,0.320853056022843,2.397287683787619,0.5122336021312437,0.8057714448463703,0.6497279632993533,1.1647626865337333,1.0548355884031044,0.000566462362551901,0.005934096532299643,0.0002037324170092756,0.6956270752719096,6.3283972384715e-05,0.7235893118008917,169.63780103333906,0.3948290974997444,27.207103673568994,0.822894305954099
0.4412215999604883,0.1007513384018217,13.335057866868388,453.6031930902545,13695.609100258142,6.061758927878985,19.484686057298433,0.3799625955870834,0.3515694358220197,0.3193063836278931,2.400714901216058,0.5187942330770492,0.8116592626804108,0.6444279996182116,1.1571041429475393,1.0611737703802173,0.0005650462479405425,0.005903433496939776,0.0002037378628497091,0.6934702422631087,4.150828327215174e-06,0.7244786536761374,169.44509604891672,0.39218135365214085,27.108772590786128,0.8258419323289333
0.44356322445192414,0.10091634559308153,13.34690501079242,455.7399439467239,13770.353276540956,6.082621318670609,19.58506377077613,0.37878843158555053,0.3535141796160974,0.3203583552903716,2.4058920911049895,0.5215650872576237,0.8145479003450382,0.6438828268241912,1.1546264009970197,1.061422441334811,0.0005663297233662281,0.0058927798018732795,0.0002022925718094213,0.6926906233529309,1.4574570733869951e-05,0.7199683408489076,171.65725723999282,0.3882845438769788,27.193257449765643,0.8261518437771159
0.44548541208108045,0.10131463239292102,13.329956265806155,457.4790975675329,13796.149671311312,6.106923615051156,19.674220911352787,0.3784049345075386,0.3539602719710936,0.3183727625581755,2.413228507142766,0.5204728625485692,0.8134508189388102,0.6455708743198773,1.1501131583647453,1.0670751867954982,0.00056321147330706,0.005908651816689009,0.00020134596202640013,0.6903112193255697,4.536736370886396e-05,0.7249473502005875,172.4157359505428,0.38250615025337464,27.15020803222459,0.8300807524407362
0.44826058262509066,0.10099103246691671,13.365675013852172,460.5084729271811,13784.728887198875,6.058637398625261,19.6505769805343,0.37467238805526537,0.3555885428240617,0.3137170859143324,2.4171390487383113,0.5217035044557764,0.8158622405268138,0.6528705949906645,1.1472928378715723,1.0694730667096433,0.0005652265757820191,0.00591974902623626,0.0002013692043455056,0.6900321390960529,8.970349219526063e-07,0.7268980125636093,172.05161404540573,0.38115631431895775,27.27480250067536,0.8298249630049676
0.44949350703341856,0.1002608879822948,13.493269684110693,462.30157522637217,13610.18124918931,6.073812060931161,19.613740533245576,0.37546942326720617,0.35571993817777625,0.3156615124787427,2.420031652374905,0.5227091695735753,0.8137771159314666,0.6544799020451302,1.1510947552221404,1.0748220483004645,0.0005652883657087714,0.005912870455545187,0.00020051050675321636,0.690699297854773,1.337603654077074e-05,0.7325906946771091,172.9934614785524,0.37767535267041435,27.008082946083213,0.8370151038624492
0.44786128390976354,0.10071961394558994,13.613594387907897,462.18839816006516,13670.24481756302,5.97885420236675,19.478893943090036,0.3774545391101721,0.3562279779719138,0.31912266293345987,2.4025719694226333,0.5199392206388489,0.8066593799460587,0.6603487957661748,1.1476726572252822,1.0910682152454965,0.0005681486046319942,0.005906427252902759,0.00019987002105739167,0.6893849715678736,3.169084429401139e-05,0.7300111527477712,171.60953516199518,0.37600299556761635,27.320509602572148,0.83962361908185
0.44833645554006785,0.1009588337460594,13.661472246663374,464.8999724336209,13622.132905015103,5.98547240069679,19.60201024993483,0.37527054643761,0.3561231703201903,0.3186965227769649,2.4068763000179523,0.5153567686591898,0.8075507600825244,0.6608426278950801,1.1444496879274157,1.098463814186163,0.0005661876428642208,0.005892411966812369,0.00020057121876868047,0.69065638700876,6.390234025222413e-05,0.7278967120511846,170.5700967348849,0.37788549821543993,27.4007160972682,0.8257691894217277
0.44834701231848967,0.10084910636664418,13.747938168230446,468.21036538629295,13636.178664251984,5.9996022304677314,19.642272771167214,0.37705427464971364,0.355486805284051,0.3208608832934425,2.3899886910796444,0.5188802859188228,0.8118279159403746,0.663853068171594,1.146517720454269,1.1030031145732366,0.0005693468860775603,0.005850551736905396,0.0001982075995340856,0.6833660708264125,5.0144141855737483e-05,0.7332128477388477,169.83266357527245,0.37813214132478506,27.44144235277773,0.8327981456788314
0.4490610583296938,0.10053950993356746,13.78625244458429,467.2607122611449,13696.071704986258,5.982743630267832,19.67245240237393,0.37878838980283647,0.35442474573097543,0.32320817842462135,2.396973550568109,0.5191114218547151,0.8163229335542469,0.6649339258489474,1.1555334235715773,1.1088396613408154,0.000569818877075683,0.005837639036787414,0.00019839763350537775,0.6758212283404246,1.987781069181141e-06,0.7304990192657367,169.8785430219477,0.3801456361488342,27.793577208820295,0.8363549030130786
0.44878834208367413,0.10144021645915202,13.696077914749672,467.0117285262911,13502.339374912519,5.986113013786793,19.725661651447314,0.37908557612628535,0.3580869396615876,0.32261269598927694,2.4004309714390883,0.5207154477169917,0.8162950461048858,0.6630355190959414,1.1471233815639594,1.1097870756364103,0.0005665987425367959,0.0057875056165238754,0.000198538015304272,0.6765877761813254,2.294730735179716e-05,0.7270700369376305,168.60511579871692,0.37554171031137057,27.697214458036694,0.8418441226386402
0.4489656774982158,0.10170835210901527,13.729065190093495,465.6943804414695,13428.694762518715,6.01698128130856,19.736858340288858,0.38052377839762935,0.35689898333638376,0.32423911682893475,2.3989031308669007,0.5196701582314185,0.8182151723416737,0.6683452739091941,1.1511364043648047,1.1061951555769232,0.0005718645142948525,0.0057512329516652,0.00019669641617272833,0.6777664599627419,2.3259776471093215e-05,0.7173093790897216,170.34485810319657,0.3756228660407598,27.656682003224127,0.8414432128292845
0.44920833655803993,0.10133975915472973,13.773556319960361,470.20365905896324,13556.017796181653,6.042353603406465,19.895138483934026,0.38035581968717785,0.35472464453974417,0.32443205697791905,2.3940644768678707,0.5187193845843548,0.8208596675371186,0.6742615315646432,1.141410532560306,1.1080399016138038,0.0005757233545958681,0.005757945722705492,0.00019766440626784704,0.6737224130990448,1.4736763852111428e-05,0.7185924501399094,170.580415428038,0.37483927478133133,27.492590536743705,0.836320910979009
0.44880857673640895,0.10186447752114955,13.806084488307116,468.2142220508422,13559.256063412196,5.9902604335884115,19.835453342365923,0.3843620222013663,0.3559182583227484,0.3273296804074103,2.3795944734164505,0.5232044880263392,0.8185951406734807,0.6740745553818404,1.1403103809094153,1.1078588544921055,0.0005741013938594191,0.005775627283252716,0.0001973959185784182,0.6762184005992009,1.6421948204029424e-06,0.7139140339223284,169.61582011520673,0.37603558794098924,27.816234933485497,0.8383319933508785
0.44916086545690104,0.10222312836500289,13.849738816013707,463.61928666689244,13684.411008169604,5.966443014386062,19.899417883183176,0.3830862696092776,0.35647869428628487,0.3291000608675353,2.402763990070865,0.5251896244977968,0.8167532685582662,0.6701034748430547,1.1378769240319109,1.1090910570817165,0.0005712468561147908,0.00575924849815189,0.0001962612833687997,0.6741067314469422,8.303611112359762e-05,0.7132718856044823,170.44083344097052,0.37094764740342157,28.05554005705443,0.827487373426776
0.44824937704727236,0.10250959797186751,13.786267864367542,465.53119075815886,13613.2683370425,5.961812840653892,19.895833579084712,0.3812405426718956,0.3567692652765703,0.32958827579578465,2.4042458742747193,0.5237515278346258,0.8151854947823369,0.673493853336124,1.1417738546550174,1.1066069270712244,0.0005691404381435951,0.005764742860851262,0.0001961653996389403,0.6723013467206651,1.685796613070447e-05,0.7157703071660512,171.02547026324063,0.3702842312907955,28.103115992694512,0.8209261489504516
0.4481241690178186,0.10257036065340285,13.853266358906549,464.3235215105455,13599.423742837776,5.965134295142244,19.863043064559577,0.38250550699847247,0.35410079991558197,0.33001645188648765,2.406611342099856,0.526624542893158,0.8232480360315219,0.6726892518110885,1.1329005741386173,1.1143099025255065,0.0005717692178852124,0.005721917670721639,0.00019667133545587409,0.6755776550615449,5.540179663434511e-05,0.7181558346542094,171.10549833386818,0.3731007800893328,28.243202394326765,0.8244729385455991
0.44701360971720755,0.10274426505498063,13.851819390948117,464.6124728686024,13469.204251135056,5.92114314777276,20.0193591570644,0.38635598690911704,0.35263654756925583,0.32899698334137667,2.4222827826670956,0.5303135674201851,0.8237105442467884,0.6683197920980916,1.1297610274147893,1.1109434646157959,0.000566826680128229,0.0057374225191447635,0.00019585667923700622,0.66973707181927,3.766057526355801e-05,0.7131243279549985,171.31799166046937,0.37861659440829815,28.11366121874976,0.8242267138688785
0.44600250047335893,0.1023508103003525,13.910733802378669,461.9696448164466,13406.843677275805,5.953131325508085,19.993197612945067,0.38532787286791415,0.35698005415582895,0.3273767348021219,2.4267681306349393,0.5275662821460542,0.8241456613582918,0.6720631889118405,1.1269539287177628,1.1131884814330726,0.0005668524829184519,0.005731715376943272,0.00019609559064292695,0.6767174006793092,5.044324505420545e-05,0.7118937479500816,170.32458846163343,0.3762340217136991,28.1054931378904,0.8226153735873969
0.4494905242186419,0.10243881991747612,13.945515039573648,459.12253254165694,13277.53108365494,5.934304587213082,19.966447579178613,0.3831903118323526,0.3618026449115639,0.3279103039790136,2.425882686560321,0.5222637917877669,0.8222169615090251,0.6677251196608176,1.128499105123333,1.1058534423229764,0.0005622269876682692,0.005782967661413139,0.00019553865877045573,0.6766047614155339,0.00011071785444270011,0.7104237522204967,168.50921304632618,0.36827163657007184,28.086494720601202,0.8231458301613755
0.44898434840672,0.10243127213752916,13.844899925672582,458.74707196501765,13218.134537298156,5.919143095052909,19.918922101332647,0.3835826787181804,0.36359992504854893,0.32963235209679465,2.4190300606954622,0.5231963308080443,0.821999732770376,0.6683619319317523,1.1342329321858313,1.1155738249027956,0.0005623815388695215,0.005780967337999854,0.00019782582960258097,0.6764435940222883,8.248135739011847e-06,0.714623548985776,168.49272815982866,0.3684603801580922,28.090811824712272,0.8241397420215627
0.44782309253408875,0.10183947637177108,13.91677890406671,459.6737691493185,13073.379151744715,5.907348408664043,19.756448737369706,0.3826907456225167,0.3635357587487568,0.3282595443024213,2.4098446354196694,0.5252014472460103,0.8299596242797188,0.6692471422200869,1.1384251220106425,1.1130102851945618,0.0005619776876098128,0.005761448781873101,0.00019693274686289353,0.6809589582509611,0.00019234163919534114,0.7133030264925627,166.1918965766165,0.37702631988556784,28.0447648491728,0.8190483194844298
0.44803010204603994,0.10187125214865633,13.906308125857166,459.83628536957275,13081.701236599605,5.890319988339457,19.795358368722365,0.3823997084717285,0.363882840319535,0.32765716470660833,2.413183967835236,0.5175057683936845,0.8324796202461356,0.6742523219824131,1.1307342341438484,1.1006616623252803,0.0005564818338491973,0.005700676620531004,0.00019628888705051597,0.6842248969982694,0.00014768171712823964,0.7119701445660664,166.02414401213156,0.3763211875027039,28.12906227142985,0.8130277679055053
0.4483532436013126,0.10285329821483653,13.957381909967337,452.38585068712314,13003.161393604089,5.874244939591408,19.712440249292875,0.3822596699275061,0.3649470623260123,0.32635269590442,2.4211816353646247,0.516068037114588,0.8299179121886454,0.6797419538944274,1.1318740853738876,1.1042317598589846,0.0005586910833333586,0.005692272399357301,0.0001951530503984596,0.6921734474833385,6.2934463302475165e-06,0.711600185058601,165.08274603336366,0.37627229249060307,28.11807493273335,0.8113225484280532
0.4487515173157728,0.10322051383391849,13.986366002450282,453.6449854327696,13078.262041870774,5.908099120273367,19.59677312324756,0.3830416929057894,0.36498577606468324,0.3290042501729502,2.415479435967929,0.5142228231293119,0.8261135503208626,0.6749465754234674,1.1265018880352835,1.1017060887827543,0.0005513947467903153,0.0056644591378807434,0.00019531630516598196,0.687782967564391,6.897104554557221e-05,0.7038619712824427,163.60466760294693,0.38219704767998885,28.21236417290673,0.8079568039657349
0.44804351107438095,0.10298706957420568,13.969183059682976,454.91504500497774,13125.901481692392,5.913159170356228,19.509038410294956,0.37964240427356405,0.36588303056512933,0.3270880641858026,2.404388794062544,0.5126409734540841,0.8263503502557563,0.6734737909535397,1.1171388715422765,1.1064075113798406,0.0005511790189343393,0.005610361830871338,0.0001981552477639721,0.6880330930492076,3.3135534345052825e-05,0.7024689727094543,164.01804765174495,0.3863506190551132,28.199207775441486,0.810920250956974
0.4474262332365809,0.1025222959948709,13.931960691006129,453.9085474869247,13090.830329974524,5.922062160941043,19.472070312287105,0.3827919311670941,0.36550464261174126,0.32812594002418977,2.411402236016547,0.5090563143766801,0.8251055539033558,0.6741206089664623,1.1306605147198892,1.1025993084670385,0.0005526434981203239,0.005638120666928167,0.0001983285231844676,0.6887537986806587,2.038762855087371e-05,0.7043681517120643,163.4468663205415,0.3889493154778522,28.16301903740313,0.8146384967608853
0.4493266279915577,0.10267229122361513,14.005302793745567,452.719278559431,12948.165191957805,5.877796730948107,19.324574385451616,0.3830114779366689,0.36928737638375797,0.3325768036868549,2.40104188337796,0.5118067752721934,0.8231998465359078,0.6712245485031955,1.1260601906927923,1.1056222353838332,0.00055187261872481,0.005685522120763331,0.00019816897589472918,0.694447077266812,5.116852201771396e-05,0.7073430836626062,162.53828817565574,0.3913561099357857,28.198238436251156,0.8125945298455566
0.4498955556376065,0.10261476434493604,13.888205641273823,451.60060827236714,12980.192076533029,5.896382060561165,19.372582783774668,0.3846658539331399,0.3678236860028674,0.3334507722781106,2.4137151509853836,0.5141011156677564,0.8259444184706318,0.6719613573595985,1.1275748346991223,1.1067384762606636,0.0005493466742313005,0.00568030469951416,0.00019684215936115762,0.6866266670134497,3.4299815773756114e-05,0.7096696284349817,162.61351805655545,0.38993505509033016,28.021336913302886,0.8030231327931455
0.4459145950706588,0.10219946251442304,13.903311824431102,450.9224723772422,12861.026385137555,5.940829348672711,19.436339574195923,0.3823842425619531,0.3680687872110759,0.3346948195524983,2.4141384610800793,0.5182229720388319,0.8226886630678855,0.6640670642515824,1.1290588411707536,1.1042999882751505,0.0005513569873688272,0.005704217298009407,0.00019562476677939783,0.6857849515000783,1.657451030621436e-05,0.7063242674496607,162.3649761999368,0.39473745196553456,27.860703284265938,0.8074316151331196
0.44592884745483197,0.10269946151142463,13.901978536900293,453.6234649996887,12790.400546733019,5.989052356258617,19.511277589664143,0.38134753442431285,0.36665206477535206,0.336981064642491,2.4280297423092327,0.5133512430244753,0.8262425151504098,0.6644033151211659,1.1331198121323982,1.1012987725091146,0.0005520444873948376,0.0056661678951862365,0.00019584557416105864,0.6900472235138996,7.372873125150451e-05,0.7059411021576355,163.44058723162215,0.40002113260249844,27.76470500391393,0.8018275507934579
0.44785977945508987,0.10292676881302738,14.046243465697959,455.36116696470003,12812.910550923014,6.016516031058054,19.55988572439639,0.3815141775060298,0.3677610101257643,0.33958086904828166,2.419618156525598,0.5091343005705675,0.8243721445880368,0.66931488998754,1.1441134452707509,1.1022962065709005,0.0005497814629292563,0.005715918681055363,0.00019736780235839397,0.6846969302024535,8.958525166419089e-05,0.6987099472711839,163.50865852491702,0.403090689953983,27.709970528494527,0.8059913936962481
0.4483797624529,0.10373686606038078,14.006690900616402,458.1782022958904,12785.458670648886,6.045810876305524,19.62402551499769,0.3851625934287917,0.36623520223056943,0.34132898537466105,2.4174284413591414,0.5146321202913068,0.8295666657406138,0.6703951899112462,1.1384475033484798,1.0998682210305222,0.0005490030105000682,0.005740151512755341,0.00019633180932799872,0.6918924628781287,2.848069409599872e-05,0.6974118379726573,163.34842927174608,0.4014022537785057,27.511522080779596,0.8048875502114069
0.44769719684937476,0.1033217005644464,13.958461437436885,457.503392500894,12772.369167284993,6.066577144235554,19.52910921274617,0.3855055652758211,0.36904159122617763,0.3429111346381589,2.4270230031085323,0.5153608374139476,0.833490875440253,0.6665051859206543,1.1340622948432966,1.0953770752338952,0.0005498210437028852,0.00571694139716019,0.00019716706959588154,0.6877770188080556,6.701149882724893e-06,0.7074066281277577,162.6645957492242,0.40063866292850037,27.656331771413456,0.8039953598091321
0.44620788504731834,0.10356707880723177,13.982729243833104,455.7303092910327,12776.63042846296,6.077366587764209,19.56293123312176,0.3885581506411092,0.3684768561382189,0.3484927043576807,2.425938273999443,0.5129803952069247,0.8395587544935865,0.6660505424793479,1.136957072683548,1.1068856542111192,0.0005466571248454343,0.005730971236722816,0.00019740580072021566,0.6950308283641193,5.633231630221533e-05,0.7035620762905035,161.88058452507744,0.40084183551667785,27.85503120046166,0.8110037444786249
0.44663976135850414,0.1034616273113938,13.931053690859628,453.008719853748,12746.86904326201,6.090165137307198,19.565432467858383,0.3912024573101081,0.36827330693308497,0.34422445113237143,2.4314845176863438,0.5151810727926233,0.8427180328676988,0.664982672081818,1.144466633258386,1.107420711822405,0.0005466781546117604,0.005747621242620327,0.00019836725283795106,0.6964202801822257,5.6634363182857615e-05,0.6968978903771406,161.14904350174075,0.39698660460059393,27.75070829868854,0.8183826269677351
0.44170904514958576,0.10359853287428725,13.959880926582098,451.9006327789206,12793.91171096887,6.028920400789371,19.413164282363315,0.39115161184269226,0.36975380286648135,0.34286332987225876,2.433940561258472,0.5181997605573795,0.8457882753241455,0.6687488642345107,1.148778982751263,1.1047369612958726,0.0005492985865288534,0.005699755659413911,0.0001984770871907088,0.7005250543805353,4.229879537602501e-05,0.6868821454070405,159.5931337334491,0.396135844398871,27.65527670703199,0.8179010668630033
0.4429339477104354,0.10377723480823062,14.011924011033367,453.9261744661838,12797.971151361011,6.0294275380571705,19.404967086979646,0.3885245332806524,0.36698322685423396,0.34297093265347306,2.443585502562607,0.5152428446906437,0.8476041257566945,0.6738376359106375,1.1361806232488798,1.0982983985264179,0.0005475057358393158,0.005672554430899256,0.00019796539845799122,0.7033708825989332,0.00037114221727598174,0.6815097034724072,157.11624000328243,0.4008679894603278,27.313011621564854,0.81384845733084
0.4427448777396087,0.10415895105711051,13.925214615451713,451.5748656233702,12945.526246529827,6.060001229849909,19.216736592919972,0.3880749493947871,0.36299363128005246,0.34131654766448016,2.4426303717760365,0.5164387372138275,0.85161420617071,0.6712527050064995,1.131219147209095,1.0963574763468327,0.000548582849793899,0.005665590737098654,0.00019805988728080465,0.7041760997158192,0.0005500600659440263,0.6821233257676143,155.13973576013115,0.4065027039422649,27.158516510392726,0.8204535058906531
0.44534881845034463,0.10445125474522426,13.992583990903022,447.6321523533301,12977.003867456624,6.012052712931491,19.256917633107303,0.38588665180481657,0.3630085196120409,0.3405670619107791,2.4480664072421754,0.5207411154550624,0.8470335201704805,0.6728052932386629,1.1287447520406577,1.0958723758705908,0.0005482663350464694,0.0056911437396551185,0.00019696747675938768,0.6992254484359673,0.00029558351946292177,0.6891684213627489,154.4981122514084,0.4129060958417405,27.151564750635753,0.8233172831598684
0.4473138283550208,0.10473571354265934,14.04851070705417,449.17121904553,12926.49563566743,6.013623399076215,19.33814043816511,0.3868457093492562,0.3596328712395009,0.34217358929133457,2.4522150699789043,0.5248313219080929,0.8470777681720125,0.6722993657797118,1.1185878084818401,1.09382428305539,0.0005517200570089789,0.005707873994421875,0.00019800093358924363,0.698715871123872,0.00023332342899376587,0.6846219215112447,155.06776065618934,0.4205283375075973,26.979249569252804,0.8187728103696446
0.4484823833287896,0.10458324380691268,14.09850651727169,451.8561837744821,12788.066586986528,6.0331761017854175,19.46693960732524,0.3860676174306231,0.3566543457241046,0.3443119056985567,2.455361002224022,0.5255982906757499,0.8496538692348,0.6691155433038072,1.1196576045703317,1.099081802286567,0.0005437891383365844,0.005694922280559175,0.00019643117893151666,0.6974847114551235,0.0002308065733476059,0.6787604848015263,154.20368401206346,0.419267824499206,27.182898456668966,0.8150382368093179
0.44938020610656043,0.10445201394057071,14.069975350844611,458.13174414789546,12679.708490053694,6.030752082723024,19.445112014661266,0.38616603076416983,0.35916148700027495,0.3427403985459727,2.4747497931957034,0.5285236998458006,0.8476815252481533,0.6683423723039522,1.11287307781737,1.0912772244498705,0.0005442489063225401,0.005696343235760692,0.00019706985665746685,0.7001711798117161,0.0003173052496254771,0.6700299495057775,154.10345252650512,0.41849127401155867,27.072945076463284,0.8065422439858954
0.44787977907001536,0.1044225483142602,14.112220911098214,460.8625075990663,12605.643150149763,6.0323864175947115,19.518591746561523,0.385632944605619,0.35806695570413594,0.34343406594494896,2.4663550361567173,0.529901318536728,0.8463082004077109,0.6682625562893387,1.1111767560429324,1.0890080649260325,0.0005426499480951679,0.005676718729168414,0.00019686462026423737,0.7040579247013855,0.0001528661046062156,0.6725510776813408,153.368738476148,0.42237599977166623,27.08828031126351,0.8122232744182025
0.4484468533811598,0.10469469208606354,14.119772311568099,459.50620380816133,12698.837574571095,6.022055506193933,19.355705525771942,0.3881500674929341,0.35730837095536666,0.34174551515787266,2.4571330506909232,0.5319545757883956,0.8449625668441205,0.6689282831129693,1.115759416998417,1.087658289212901,0.0005427445980010479,0.005690606021046609,0.00019766166540055257,0.7021107527762152,0.0001580769000799201,0.6683409827263017,152.22010381498808,0.4206291061639468,27.262598454790655,0.8095634504074133
0.44907502863788246,0.1037567507611377,14.196411324581508,463.0012767744292,12689.9266075673,6.028882579366972,19.18102894534355,0.38979237393842214,0.3550548095577913,0.3399809056279805,2.460950758551613,0.5271522012543997,0.8474269339904035,0.6660063862284613,1.115910848120617,1.0845849300924002,0.0005430685361324933,0.0056826415088215105,0.00019762139592737003,0.7032672933496287,0.00020013729151250638,0.662016325568355,152.5011903136456,0.42234552626505023,27.153074986746535,0.8085504761210783
0.4497590983057648,0.10423402170783028,14.161329383619362,462.6326210868651,12703.573456040325,6.052390192638772,19.11676393708411,0.3874577382040849,0.35097173901723316,0.33927841046167956,2.4586461183516923,0.5290387164864776,0.8495195461547793,0.665989339857809,1.1176380086558233,1.0856182167490616,0.0005406230021698283,0.005691520869616448,0.00019837045446400567,0.697618398987586,0.00011357598743680391,0.6579868605167493,152.4476806109499,0.4254413448334825,27.111429785501894,0.8101486550688998
0.44938555911267086,0.10415236090587157,14.183627848457139,466.47831741886506,12706.89258603945,6.034553232522466,19.187542022040848,0.3856799901808549,0.3497646248467593,0.3407718090415908,2.4586535659492474,0.5322119649683834,0.8510029540225333,0.6665309860474486,1.1197573960386609,1.1003882628013606,0.0005428882799143181,0.005719186490225682,0.00019884366164214258,0.6956221893913549,0.00011394202635079507,0.656678524110244,153.01293872626172,0.4266179109126815,27.117991448358392,0.8171589863655283
0.4499462282912144,0.10410731734528592,14.238018514546221,464.9093456288876,12598.841416983216,6.08367840602168,19.13281523390638,0.38607162335423023,0.34920869183891956,0.34116790973597216,2.4550462314015133,0.5333015634902217,0.8513817458885931,0.6609469972222911,1.1212422447617663,1.100882605500171,0.0005485065983177387,0.005786750948485391,0.00019822466191895565,0.691274954877982,0.00015172479534267217,0.6525004991681018,152.27630788832835,0.42632675786863083,26.894684476034943,0.8134202334251677
0.44738941987146175,0.10443947009785241,14.237796044904286,465.960753894068,12469.439963840146,6.146341265051965,19.22571215500054,0.38650161078591655,0.34578740773038996,0.34150142445685516,2.471618824817438,0.5326526676952732,0.8521141058803344,0.6603292954217038,1.1236570043309086,1.0947709586350824,0.0005481702737295787,0.005758490003775283,0.00019947628258314235,0.6835326810275757,6.2408471787378e-05,0.6578385286722036,152.12318193040494,0.42487786044106995,27.028989900642475,0.8231371617476172
0.4479341915180776,0.104317731495703,14.265900386278286,460.4479592794535,12535.004153511614,6.139062223206227,19.37867830429208,0.38852340449319106,0.34603943255954883,0.3432291895866144,2.463918644592887,0.5274058459770928,0.8569070921715705,0.65676481730153,1.132688433208005,1.0906262452584123,0.000545933282366747,0.005772366681543891,0.00019912186676174955,0.6870014852679763,8.145562255216698e-05,0.6595127001419696,150.10597879086174,0.4245316399527713,27.035970051836507,0.8197690178675929
0.4457497720094498,0.10444941114382122,14.255393986229219,460.88022477955224,12570.102228628739,6.1383914644236155,19.355836969181013,0.38677242936469,0.34419137253233617,0.34438391541104735,2.4573412084363246,0.5263046043042147,0.8584316652119792,0.6671996593813803,1.1428915795292396,1.0878027846770453,0.0005439305476073646,0.005731058524236909,0.0001999675404586107,0.6850371634630731,0.00012269534990149637,0.6597810461860715,150.13239582371978,0.42940844348587587,27.22342102347878,0.8232144144845425
0.4466612770403105,0.10374711553144214,14.219614725678138,462.6991729740496,12552.872455076411,6.193694635065067,19.24666808240346,0.38546836171291454,0.3419633174245277,0.34235923229620113,2.470101106960618,0.5266058288144492,0.8599415606131097,0.6673128669758618,1.1499858716244566,1.0835389150091734,0.0005496732335194823,0.005709475615784075,0.00020069773808853246,0.6918430330151033,2.855592213362582e-05,0.6594192550412298,150.7472762823288,0.4321856903005984,27.193907683320166,0.8156603480230618
0.4490275879696983,0.10425738949067853,14.13524444746069,464.4489732049946,12609.735310232654,6.183883323764335,19.326947880210138,0.3840802712384116,0.34294548900497185,0.34484241114101777,2.464962394838493,0.5285329423701437,0.8625992208765199,0.6674292304814717,1.1555126398580187,1.0819261196746992,0.0005431207504045442,0.0056640868721728665,0.00020027484387481656,0.6852758892204741,0.00011811225248972201,0.6568527460304192,149.85492871140383,0.4313462657532907,27.12882440911975,0.8175882324859967
0.44994559689814817,0.1046583674528694,14.201119645770449,462.37727919388334,12601.390329618545,6.247784095961917,19.295620471278024,0.38281047398357626,0.3406689101064008,0.3440663795718809,2.468813044088456,0.5301280886835703,0.8641324223668121,0.6681946294426179,1.1570412392676757,1.0829899266127947,0.000542739250849024,0.005601963511436425,0.00020047191474421332,0.6823938067518894,0.00021228003653701193,0.6504831343544492,148.43396567686048,0.4311930152388453,27.05391652132956,0.8173368326189874
0.44959961073501054,0.10508740902440548,14.311084889083787,463.00984078626936,12503.260243466288,6.264025410756218,19.379005076031746,0.3856515195158319,0.34140635717693674,0.34306058329305095,2.459493891876058,0.5240907073316677,0.8618128929757614,0.6728659995737716,1.1669406328301348,1.0729497771091834,0.0005403973763616851,0.005661802669108883,0.00019957155670718597,0.6767983520942307,0.00015974253246972135,0.6477842702658472,147.8979121609651,0.4370180649667846,26.970939329913552,0.8078652721140898
0.44865029385819494,0.10586190290839234,14.228254272938877,461.52518922480897,12447.539952107696,6.23241848473459,19.44623682065887,0.3855234365923933,0.3407712508729114,0.33850411543665493,2.4700534138537784,0.5281138104036395,0.8573860719318388,0.6775930948498614,1.1628994553461471,1.080057589109458,0.0005338765160284042,0.005619752035842441,0.0001993372259543471,0.6747192931092238,4.1099146792531236e-05,0.640339971592947,146.6910443878615,0.4400326708030709,27.012853330760404,0.8077439714325098
0.4499440577275971,0.10575227547173507,14.269297279135806,461.11197676885797,12377.824218463213,6.266979036251445,19.346256458171567,0.38733511148072985,0.3412816795719638,0.33848174113610824,2.471699890254934,0.5283429748613369,0.8556376989418314,0.6751473374605603,1.1690243152901085,1.080108395824305,0.000534559992335455,0.005609522458419006,0.0001982297501422655,0.6726002430447796,9.493505539979777e-06,0.6380211943559874,145.50315560145782,0.4353260117984483,26.957955722896987,0.8043787042537205
0.4488556026777307,0.10532504336062273,14.246973660775664,462.6808308860789,12321.563554033288,6.315985138754918,19.342831619601004,0.39052489392136075,0.3393655928320787,0.3365558360023081,2.459686992947057,0.5201410479222368,0.8583155517727988,0.6801041057814705,1.1696496796193954,1.0718970219522892,0.0005350473056960021,0.005648700954222646,0.00019852254232464116,0.6687854601727377,5.902706993534041e-05,0.6364776497794418,144.5329898158633,0.43865727304245133,27.06733377781767,0.8056189020845509
0.44984177161471,0.10517582892640093,14.176412181641364,464.2890614975689,12313.333167503995,6.3244160029293335,19.309433790062773,0.38464531803911706,0.3384632514474551,0.3373124899102758,2.458709113517775,0.5187929737709739,0.8619001043893412,0.6789820615044454,1.1675497083736157,1.0708854124686398,0.0005363781896852574,0.005663507249928101,0.00019789290947600248,0.6589137813570879,3.983040190167819e-05,0.631293794664268,143.46323849444784,0.4391649680280553,27.09964285595764,0.8006482824613348
0.4470187283740524,0.10549240697603937,14.098783725201342,464.3560464000963,12297.034757131025,6.332400995521936,19.285843425993676,0.38817996381186914,0.33848998369015587,0.3392985433799978,2.460830318378641,0.518947826850859,0.8589822376901497,0.6753009964017219,1.165833117565828,1.0684385367683655,0.000539460832324495,0.005663104645410669,0.00019889532630563514,0.6605383064439059,3.4692397471763496e-05,0.6300340867343225,141.5764827483472,0.440849784577951,27.12933158912746,0.7974071030503788
0.4472343585699267,0.10522278733038794,14.14396461721942,466.30583326105625,12297.346654235767,6.300854254009447,19.432759082872582,0.38582046208985976,0.33759493096481935,0.3357696921080928,2.448171574777401,0.5238856843150463,0.8575023556325817,0.6771809587445924,1.1610358466228923,1.079869079911805,0.0005400193837930765,0.005627594165425796,0.00019909081798260604,0.6598106515660681,6.839687484573645e-05,0.6282235195573153,140.8575249318553,0.440976600183328,27.11374337631918,0.7999995000445917
0.4487998356678478,0.10546947611610863,14.131797190656872,464.7497447269423,12261.34172558798,6.259353734965625,19.137383694671914,0.3846715233142421,0.33803596896516913,0.3395370443673115,2.4457132058584508,0.5299821913629027,0.8529584357319973,0.674929177143768,1.164643107354035,1.0810359129889917,0.0005408416979014327,0.005627175336780003,0.0001997299569835678,0.657275435508162,7.870567983372477e-05,0.6224535904587406,138.98914875288426,0.44396145136383586,27.18534589718113,0.7984919404196879
0.4496800494818059,0.10540298862016523,14.173818694969482,466.4134843492895,12161.094531327708,6.212081839340346,19.166031360048922,0.3850988683073034,0.33541146897326624,0.33886146467052,2.442158657344976,0.5352896853713789,0.8548899690483002,0.674277177639233,1.1628212890838843,1.0767326559793198,0.0005436674476139236,0.005638584986991332,0.00019872574273913148,0.657008866572481,1.7221944790277253e-07,0.6228331009526967,139.47542202487892,0.4431947163366624,27.092249572022993,0.7967767732288124
0.4495526456003168,0.10524663977720572,14.174923640754363,466.2737053414299,12269.076223889602,6.2174122655643975,19.17830729491994,0.3859511683132534,0.3364087618352209,0.33834633077610216,2.4256666110236274,0.5365076003176389,0.8575057387932903,0.6729243972778922,1.1630988936943842,1.0777718830012215,0.0005415868443461978,0.005611488446763848,0.00020128934115389344,0.6620724254840646,9.187505399023712e-05,0.6166669387449852,138.81028176109123,0.4436395841008388,27.0875357062703,0.7994312833147439
0.44919874841974666,0.10524588929125639,14.11338819114995,464.7844051148251,12312.928592834987,6.20206026438808,19.016841110177964,0.3877122338726079,0.3350926443727182,0.33564828189884455,2.4246559792024565,0.5384635459620539,0.8608606247095182,0.6737823382436426,1.163179624901993,1.0782958328920946,0.0005414933479641804,0.005559825261255455,0.00020219430162631352,0.6697117840008024,3.3750463203925906e-06,0.6208478269185022,139.14145034673624,0.44033857445199875,26.956381225776866,0.8059698907847779
0.4492600664061309,0.10545699612064766,14.139751773901828,468.49967899058294,12318.30009064627,6.19346379226631,19.00752062766338,0.388249621598895,0.33759127810170914,0.33054313250530565,2.4323622131975817,0.5386545744377388,0.8647218399537571,0.6739787575366383,1.162570239365369,1.0771673818227179,0.000542133326312206,0.005602634876990349,0.0002035436409909782,0.6684645423413171,6.075044700175641e-05,0.6258701807827545,138.57461728282743,0.44447406370011544,26.954945492865733,0.8103712292972423
0.4498837809071214,0.10538770019858151,14.109707571043538,469.51274345050814,12430.032757372606,6.223617440941574,19.046061828613148,0.387537634135395,0.33876035391974046,0.33480620287804325,2.4311759596657696,0.5376814265562659,0.8664263432471898,0.6724417944212158,1.16971148749148,1.0762837332054385,0.0005424599816956313,0.005583585828032157,0.0002031435264772616,0.6727267725226711,6.424811775207044e-05,0.6257249093681173,137.39125532693518,0.4416093140281999,26.7817569406043,0.8054780852140516
