0.5391845044021355,0.21487389341159613,616.7049506203333,0.018329961214281508,0.015225434024414264,29.7699297028794,10647.033890228464,5.244072346049462,13.000974860896513,0.04599284852640879,0.49949406376921135,0.178602843293918,1.634146813004916,0.5906407236797112,0.8429159212669427,0.5463657633944676,0.8574122910430919,1.3345219426269346,0.0005935149824858736,0.00849364109186485,0.00017741195937325725,0.1084207870780475,0.00808366536238032,0.7108187079607238
0.5405164128259928,0.2144131010439569,585.3078087407804,0.01828750023920871,0.015168578433873824,38.062359207215515,10617.083918674134,5.229015236349803,13.160364384137711,0.05122393433476582,0.49379628858924934,0.1765540303646954,1.625696285716419,0.5899902815144964,0.847618556736044,0.5483604112565604,0.8534774115731444,1.33070839527529,0.0005948497918974831,0.008449000931738762,0.00017801746289805516,0.10861780162404594,0.011375494791056352,0.7133619062492633
0.5387412401474553,0.21551953492969864,604.7745454991475,0.018263358183776054,0.015176614970751158,43.462260071686494,10570.531240001526,5.218986114165111,13.251717729999307,0.06000873697756191,0.4981302162707527,0.1802110630594436,1.6198965293092211,0.5902192530374073,0.8435843669983834,0.5465455880901655,0.8567286133957434,1.3251385803260547,0.0005961004707192877,0.008439948515762455,0.00017852340020014457,0.1072108029922578,0.01479199310614644,0.7144005184906109
0.5411508968280684,0.2157991453908825,610.2405759093966,0.018180520788218902,0.015335031397808402,63.442412836818164,10470.956235481475,5.198492188374128,13.031950323311662,0.06781193912823173,0.49484481231544375,0.18090043557026508,1.6205090328566472,0.5909049727593713,0.838854391114299,0.5469474067061055,0.8476562773172737,1.3263444903025423,0.0005971544193265737,0.008452846148247756,0.00017538377893087023,0.10761652610168189,0.014747684949795795,0.7117480622585841
0.5402102115487283,0.21478565607565575,588.5493062493964,0.01823510302121832,0.015615362529697783,69.85931115537375,10366.633550689185,5.226077635042016,13.233921990065117,0.061438678870162945,0.4976230972458754,0.17822127477805844,1.613660169835582,0.5876331481795695,0.8336733125667399,0.5425252772555486,0.8472002154882216,1.3307305313941127,0.0005967394994895404,0.008351941331345591,0.00017420666889069274,0.10811232986128937,0.016414530702384227,0.705854272376068
0.5412787037447424,0.2153313131133357,565.8765103496273,0.01811745280281376,0.015444153079180942,74.06847347438867,10277.594780976926,5.219382033291076,13.2077825807009,0.058867181981795205,0.49395568935886996,0.17920709818577063,1.606460147042312,0.5890227438683322,0.8343140635521674,0.5427171767749668,0.8444886937807256,1.3355469402842337,0.0005959079328681329,0.008303325521501677,0.0001745877878813951,0.10749174368302462,0.017742326462831033,0.7082088868452072
0.5413931903262476,0.2164493517141238,568.3994052932917,0.01814772455823247,0.015444375446042742,74.8577452310457,10210.423323980911,5.226466259742586,13.52456582634681,0.05418202148454245,0.4891625594518518,0.17976980048544572,1.6124154345142043,0.5911690422834102,0.8335276735273074,0.5423107893460656,0.8413082157345091,1.3310581798589984,0.0005914456646529822,0.00841910664975461,0.0001754160909857512,0.10914012435149581,0.01758961451413603,0.712768370464804
0.5423444071752107,0.21656798307855432,515.6678950711471,0.0182587068490305,0.015324773468848514,86.02023030000956,10280.514527793088,5.23903098608633,13.43836075458277,0.047610845074367386,0.4830071473873562,0.17817486561352106,1.6062730183658256,0.5907332544092749,0.8304438691259063,0.5426218776973009,0.8430192818230461,1.3279356210402637,0.0005893906690652087,0.008419164320123025,0.00017511906175860943,0.10833029500313197,0.022239084974177106,0.7125886624596373
0.542387220895751,0.2163966578284904,515.1551996979447,0.018143371646114542,0.015167278989511401,92.10056435923073,10250.045209255955,5.258900407454635,13.505939683254557,0.046172382414698454,0.48488739838960765,0.1785686865746756,1.605538616705481,0.5891587412719452,0.8300078563317848,0.541037556510945,0.8439826422170448,1.317703842431811,0.0005908814349257572,0.008367556474915605,0.00017760028785401561,0.10838895197199541,0.020714354122535836,0.7159174349696209
0.5426710274213149,0.2177280163653738,512.7693421325813,0.017827113053965504,0.01528958513642956,94.8973618004659,10279.836392734822,5.250616209709098,13.270083755372406,0.03814548582859363,0.4766924267925311,0.1776751427809164,1.609452456867503,0.5884141849229921,0.8293963900863565,0.5411312160642249,0.844675970480536,1.3132095702854025,0.0005924966710934962,0.008370770348591076,0.0001782497788805685,0.10971207535340542,0.019486612809194725,0.7166115006631243
0.5446447559870671,0.21884654693637073,457.6213123758213,0.017732445017315267,0.015161943391750539,114.1782698896931,10222.129261868811,5.264252448136821,13.144589003063953,0.03715112588385183,0.47435127821134165,0.18255669018071544,1.6291593588710926,0.5822264346823481,0.8313756935701998,0.5442535660708229,0.8356272532442957,1.3138479690440479,0.0005894323103862505,0.008355070182107573,0.00017813722509401646,0.10863701794635827,0.01824208129954328,0.7111031151831833
0.5462462081544992,0.21841979731003994,470.0963607008597,0.017834607480837504,0.015020613927151661,135.2427776222208,10308.112341659331,5.266088145626994,13.371092870436177,0.04052849665254658,0.4812521277861112,0.182210245272558,1.6231895586161176,0.5769136765597228,0.8360023630535253,0.5450683426478631,0.8394893343713886,1.3262316863632486,0.0005872316233322606,0.00836098646168921,0.000179097578794764,0.10995191959913679,0.01604425362421742,0.7100366206870031
0.5456824858831405,0.21826532560958026,430.63376789676573,0.0179838482464168,0.015282001547192094,141.98531699817036,10411.739871252339,5.27682725904884,13.268220073680963,0.036938783304083705,0.4805977181288248,0.1805376603602663,1.6328356357351776,0.5761066282333988,0.8317641692913827,0.5452928125673872,0.8268997270350901,1.333428371942882,0.0005846141110429535,0.008423867827657515,0.00017800505310217182,0.10880192661566657,0.020020004435792736,0.7053046726039987
0.5447158606257938,0.21823010995103256,475.12647701093823,0.017864892614204597,0.015362408416139506,145.55215188790245,10414.560163510776,5.273507288360168,13.03185101742223,0.028542714674930303,0.4851797556518708,0.18111293158444242,1.6302221082257669,0.5759265773983011,0.8350194669910483,0.5396788931021598,0.8261568310877009,1.3400260582751964,0.0005831410372211562,0.008401214230712415,0.00017837437547760725,0.11066048966848978,0.023070576139347435,0.7022013371276751
0.5467725384972609,0.21906002474834407,424.8421188001889,0.0179717664938581,0.015329054926850157,149.44379262435342,10404.116384889181,5.236719256241404,13.082824892595044,0.029502866946521437,0.48689282948384766,0.18199424922703017,1.6414678300347318,0.5766855548209162,0.8351303200850108,0.541524209136868,0.8171734921891998,1.340583786362399,0.0005824571881313116,0.008447975134760937,0.00018037294756186243,0.10963116052966175,0.024044856538302767,0.6950806562156197
0.5491642853596871,0.21941262637468734,434.88849631439615,0.017868824030635527,0.015299654714949991,148.96844170314267,10377.058223414208,5.241903547003633,13.103393984751268,0.03210044055094567,0.48818109463415255,0.18317705670975373,1.6423641401890265,0.5760996419589639,0.8337780420860256,0.5443087688222857,0.809643987909249,1.3386722094916894,0.0005855223119379762,0.008399489668130915,0.00018137231090486187,0.11009245648729225,0.027940269119142987,0.6909348683180945
0.548852750163653,0.22023118526131555,434.8594476054229,0.018088054732498644,0.015019381513209473,151.41994559083395,10608.204037168567,5.262003460834572,13.060566595860351,0.03024350809660415,0.4959297860386615,0.18344394251682417,1.6381801430794565,0.5780485548502453,0.834757998980796,0.5454406107352675,0.8127527384374814,1.342401569749074,0.000575323391969332,0.008358797002499453,0.00018114920124743158,0.11061501526393057,0.02557465369710841,0.693883225306728
0.5485384599476067,0.22205989920161645,409.11725016644607,0.018025141093263343,0.014997271612671961,157.0650403174473,10567.533857414575,5.275879031961028,13.012329995456096,0.02662826312227934,0.4943356746960704,0.18264971635178218,1.6389483061770862,0.5771161281752655,0.8354843830036277,0.5482863299900467,0.8220171198169393,1.3444921951022468,0.0005726706605155563,0.008374349325530472,0.00018094008641191401,0.1086166342481025,0.023096793659983423,0.6901624597684196
0.5461148059248119,0.22292476396452396,367.55946614015085,0.018205751860783315,0.014952927467436943,162.42706304718135,10644.97439845914,5.318783257068222,13.139258548251373,0.03193104280994046,0.4935765783876122,0.17990171006945627,1.6421923341113271,0.5787274476836588,0.8352273229019441,0.548872206540401,0.8298352974964084,1.348751861261752,0.0005717170080248309,0.008354755676767186,0.00018047631306736438,0.10691359773368563,0.02489614775369384,0.6897572745085563
0.550053307922116,0.22144366477858687,370.7594376268047,0.018491999647900995,0.014982514597009286,165.68267722076516,10618.667584779188,5.311067356539123,13.240811297978992,0.03914366807337443,0.4923605223697221,0.18137513592144805,1.635799267969939,0.580696683853779,0.8323334311905523,0.5500358957722257,0.8212991873374164,1.3593987704788069,0.0005755592543417264,0.008279371231047926,0.00018073947050218042,0.1088446715016171,0.0268637140912652,0.6937687395565653
0.5496655825803429,0.22160621597737357,358.8514993442021,0.01881956560158075,0.01496897143063251,161.42722538719005,10641.406491771868,5.312755061422279,13.24710715876143,0.035999387288696096,0.49393426923090833,0.1823656785294446,1.631695810666586,0.5801308385915062,0.8328546247175758,0.5523012300546961,0.8171042999199943,1.351687322287727,0.000568180404313113,0.008298182104048929,0.00018092568319229356,0.1103154968309523,0.03196663972769356,0.7000102540083126
0.5466192437629409,0.22157715558639626,381.3383515548191,0.01885032582277643,0.014519043646526193,161.27288652306902,10654.240999124579,5.309561162547471,13.346751223860698,0.03426472249975819,0.5006989428912217,0.18050162859603283,1.616321991265452,0.5801648499598137,0.8330608548390152,0.5545067457616772,0.814376608343019,1.3440858422492175,0.0005696120806304423,0.008324515335296968,0.0001797506600874422,0.11069485252761962,0.03248093613076306,0.6884504315267976
0.5477483688369384,0.22132512229479828,348.403279844378,0.018850726237441835,0.014350757777627829,171.34503856720806,10522.223497215253,5.294628020786146,13.448183786813228,0.03730621371897112,0.5066004563144656,0.18152034833719008,1.621603231647914,0.5794180241043296,0.8331922978021307,0.5559109244104219,0.8105584199724235,1.346994990738952,0.0005704177218005446,0.008312194719865568,0.00017940965151071907,0.1111120124956201,0.03127647199992614,0.6856648588280145
0.5488596018956188,0.22198412266640363,339.35330301927104,0.018577855808880453,0.013906707522299581,178.79967843109864,10549.991370953116,5.288358095779696,13.320709404040732,0.04339042151185869,0.5088598661909637,0.18183139279228147,1.6355128088828819,0.5770151711535313,0.8280554688586108,0.551979694758289,0.8061829869492407,1.3359553834724027,0.0005730522880260956,0.008304458971801307,0.00017865825825267884,0.11108598426852777,0.032832428863729404,0.689147350328922
0.549203459599694,0.22208175359512436,358.220067875851,0.01848771319341482,0.013798056038586833,189.50004970625503,10732.054275067612,5.29456808622606,13.388547399233374,0.04715188896359113,0.5105655429377731,0.18471334579567175,1.6441438715317758,0.5765689561091922,0.8258218400143349,0.5522776952195403,0.8121838134169216,1.3444393513555428,0.0005761400359819427,0.008365109641356101,0.00017829808825032352,0.11127626260142084,0.035207925169228535,0.6903888141995878
0.5473261823051466,0.22069917936653793,357.2853540743844,0.018170423443376178,0.013950492118583142,196.87243517496236,10543.205114644847,5.2918425054892335,13.232349977047523,0.04092480343859392,0.5079463356208878,0.18342690585790702,1.645716973040276,0.5748726652678513,0.8244241376364811,0.5522288401698408,0.8154258374059254,1.3540322818194512,0.0005785290838284044,0.008428793952824878,0.00017808815169857787,0.11188130889041964,0.03330126251595796,0.6881661130382917
0.545165303415046,0.220324595168361,380.4287171072199,0.01806114451824521,0.013677014209673637,196.9527190470823,10488.475155561486,5.276499149498983,13.103721279862045,0.034971438824383916,0.5000960534006966,0.18629281543410303,1.653111400753239,0.5727714132315475,0.8226142217643062,0.5562842598673671,0.8098271144022217,1.3560023716770737,0.0005794000868009631,0.008498798961853788,0.00017979300403645965,0.11161531238339167,0.03379529039716538,0.6899433448576147
0.545372326060751,0.2196318151422448,401.73093900534315,0.018074638568202354,0.013447257323110766,204.27600925449985,10525.9573095862,5.2789320014405,13.354208631531117,0.03505960698307555,0.4964173909648913,0.188202318808891,1.641280199693008,0.5754692723792464,0.8235545273013275,0.5629328892097006,0.8088877763708636,1.360634243120503,0.0005838638768289201,0.008371983898524398,0.00018031908675026335,0.11225763235836995,0.034097199183935244,0.6853552663265124
0.5451629542722981,0.219916215920114,403.01161012951246,0.017961625903345307,0.01365764089809024,210.6210309983441,10615.418732837867,5.271425696804515,13.102738401131386,0.035757119642517717,0.5020366040349888,0.18880106213338887,1.6394314507222856,0.5745135225276331,0.8223906539222379,0.5609582494624844,0.814333514786685,1.3442448031303589,0.0005780021608346843,0.008300149750538784,0.0001812801898001924,0.11289129241170698,0.03265007030502703,0.679845066016993
0.5449286634921462,0.21902273038950384,429.0713726774452,0.017920821181418398,0.013626406280835203,211.93763068025538,10444.69534412794,5.297155399793677,13.149501079925862,0.04244755649816512,0.5067763219856624,0.19101565607093093,1.6299283896774608,0.575934844360899,0.8211332797528976,0.5617580716268709,0.8178001363778794,1.3353954155279608,0.0005811201818218427,0.008345917472822418,0.00018043926690155474,0.1140090608204472,0.03268493703740631,0.6809179145228779
0.5463582761333892,0.2196071253499792,441.50986635658586,0.01771135016179603,0.013628028182403462,224.47920229269366,10525.64024063255,5.308142638713013,13.126848500346041,0.03791711503783163,0.5034179499825099,0.18964987352587123,1.6329598102498644,0.5731922755792423,0.819619293997548,0.5572867457814003,0.810886811791196,1.3336069473653513,0.0005807597286004651,0.008408410005512726,0.00018139707429673418,0.11299183336502439,0.03310187529089305,0.6865556860199477
0.5451250577873648,0.21849857403147582,433.5736503359793,0.018139193166630967,0.013811622315127446,240.90648189143158,10712.199090072187,5.301988621160019,13.270955326146316,0.04736479551299343,0.4971072229729618,0.19171698938231463,1.6388305415327056,0.5734361293404292,0.819234993738662,0.5585704489271672,0.811922572429516,1.3322113708247392,0.0005831244262190787,0.008315761681555497,0.00018245801867778602,0.11393984121958729,0.034140175603549566,0.6760482003494186
0.5426253447396642,0.21981391494661276,438.701518198428,0.01821272441677411,0.014075699417144906,233.79818077120126,10701.291092045512,5.309050341875224,13.486605130229579,0.045593740353958224,0.5088640339447088,0.19499941353744835,1.6372029737622102,0.5713248254385287,0.8206547379774211,0.5596907311169939,0.8187817955856848,1.336465676536521,0.0005843521613283582,0.00830220780407358,0.00018185777032589403,0.11367180513689262,0.038524983710523666,0.67747970797886
0.5424588220928773,0.21983136659456315,469.1978456724372,0.018130800942851195,0.013727970822291663,245.00389746536854,10718.600828073884,5.316759041477882,13.159184342049532,0.05366864035683785,0.5065037797751892,0.1932395168484483,1.6365292803356055,0.5703856485209793,0.8224988368254523,0.5595825822503325,0.8130617557504065,1.3251384377126758,0.000585660834091389,0.008323902156092924,0.00018311118519558715,0.11460483568198426,0.041593777208656854,0.6703908815303331
0.5434761120735919,0.2208364333670699,463.7553445856869,0.017975487133464668,0.013686474615947599,242.8114034070791,10663.143287930921,5.303373392477559,13.093142852497717,0.052850182047897945,0.5029767981361196,0.19937097427156264,1.632946674168198,0.5705826889475367,0.818339683400021,0.5584522461387544,0.823941572981561,1.3264048653201441,0.000585148316468458,0.008265420344346195,0.00018284372115991078,0.1149276054163681,0.04563315152593766,0.6770712266275822
0.5421600860845603,0.2199357074149542,459.74620808822556,0.017843590409374475,0.013484459383518825,252.78102060814533,10783.2795812583,5.293606475265744,13.005838339390445,0.05453030027250588,0.4968090312272623,0.19743395788416962,1.630126889765064,0.5696552944730443,0.8209568572376165,0.5598508483615279,0.8250428670147583,1.329310120804797,0.0005870884928276961,0.008321549961538915,0.00018336183101763423,0.11609459700202868,0.04465772842372154,0.671919667553625
0.5471941567329526,0.22048538675476317,478.3024162658926,0.018048610925901612,0.013670645794430922,253.28615615941308,10763.40941641176,5.287835355959699,13.288720580049455,0.05595482124951737,0.5050348398204124,0.1989602791249344,1.6342383250846702,0.5681275028949904,0.8203336810339718,0.5600760922956356,0.8335766871659668,1.33446518006415,0.0005875400425917935,0.008346055709857766,0.00018509810399301978,0.11650008955636205,0.04939481041647611,0.669363820174873
0.5449054003149648,0.21958022454955922,482.7252713169651,0.018072066790467238,0.01353245757868196,272.8889758595984,10605.95116144121,5.278595210851071,13.25446395624808,0.05645539717243016,0.49758932264030153,0.2022666204085348,1.6353920979119596,0.5699824937289547,0.8234429921064087,0.5594214521273151,0.8329236309672692,1.3470060632951317,0.0005896294447756201,0.008314909764782465,0.00018759407415372712,0.11549662008748167,0.05123561488491473,0.6725433522401429
0.5483993919916551,0.2189293405557965,468.48923237963896,0.018093847753794766,0.013499201797499197,279.4272087032285,10587.755427318878,5.258774388872356,13.123188596895798,0.06442908643744973,0.5025571928319617,0.2008189297443864,1.6355212568115796,0.5676307519131185,0.8256851735365078,0.5593637532269964,0.8291713898094595,1.3380237132018158,0.0005942903733082232,0.00822470618637197,0.00018517393211337066,0.11442476344372388,0.05144770413370764,0.6738921206022028
0.5502099226787073,0.21894168376796797,494.79984252279263,0.01795612360027367,0.013502732932194624,278.4038711890481,10703.924653424472,5.237722385145635,13.192483646827517,0.06892071454984143,0.5048524028350548,0.2002702842684136,1.634008691545722,0.5677578504576264,0.8234319579195509,0.5590609702693573,0.82599765001857,1.329313157723538,0.0005948596714572437,0.008220446955406552,0.00018623014734613693,0.1161006178930358,0.05214924150237713,0.6809303940359205
0.5486984827208798,0.21873049091734895,481.4124975422138,0.017999235246776536,0.01361634911708409,281.16167417435173,10842.060429393347,5.265423607974106,13.16201343755589,0.0679631697728012,0.506743136940409,0.19550407783774948,1.6445499338895209,0.5691399122688741,0.814629847639342,0.5604071679031621,0.8248675341915024,1.3282567440358488,0.0006024507351017756,0.008297636339941903,0.00018691056878319528,0.11555716541725207,0.05488777174469694,0.6854790198524762
0.5489925491864105,0.21920779380318098,467.05403022120964,0.017907908518129925,0.013509979028344712,282.84765209138226,10819.334757734776,5.268885787219181,13.145716225788407,0.0774450088083535,0.5081726843212242,0.19986867207937345,1.6526055106919433,0.5639495478696974,0.8100529497514422,0.5611345052121399,0.8284836371931119,1.3253915880995524,0.0006009426283758785,0.008348244862709747,0.0001862887091331925,0.11488963586301668,0.05443065392664079,0.6900278673156732
0.5482313254869081,0.22028853709361368,481.9909804883061,0.01784590223145161,0.013740283445169458,292.05154186870703,10905.208466445254,5.303166848799672,13.347253775711344,0.06407011601287804,0.5213874415914144,0.20189861924351396,1.6615079499359136,0.5657778468169176,0.809773267058136,0.5563502802048187,0.83791048419955,1.3357901930400062,0.0006015524757635077,0.008351691248974086,0.0001863963714215377,0.11399093218489408,0.053748948597438756,0.6996307890125544
0.5465171482203189,0.2202689585342037,470.93705404943387,0.01759396046072296,0.013869012903555071,292.83849671549024,10770.988552990473,5.292704542338997,13.439726644736599,0.06636714831080918,0.5204470349300179,0.20557695342497503,1.651352593260879,0.5636455501518075,0.813310903989113,0.557115226092928,0.8421705852513445,1.338901775354805,0.0005985912468363758,0.00828338008214662,0.00018776572188837425,0.11479909539697775,0.05479291516501765,0.6966792948377024
0.5478322827134615,0.21918338651603725,470.4505889483493,0.017837350720999536,0.013679335003932378,289.2374290747542,10856.860878942394,5.282988199618596,13.156926970170158,0.0686468066169474,0.5224274500742562,0.20488626388249664,1.6552581358625809,0.564049471788715,0.8090418077688073,0.5597490008417864,0.8374479321398147,1.3483067335076406,0.0005959471992125235,0.008182556455828948,0.00018677720619416355,0.11340213878310484,0.0563337243287208,0.6936169027588667
0.5520137989777989,0.2198688803424991,467.2389125147634,0.017865630082770426,0.0135016150814458,289.9906449254356,10927.845022193427,5.28859406199127,13.225476902414535,0.07463703901981375,0.5118647559326518,0.20385425417999567,1.653405372532858,0.564884227927322,0.8124264948566015,0.5591036495394568,0.8343378960533059,1.3491339341245523,0.0005965969185130743,0.008154357131555955,0.0001879082003947861,0.11190337362531148,0.05657393341142213,0.693884000210553
0.5521521024178964,0.21974661548328805,454.3628997734293,0.017918355552832423,0.013479136651057405,295.76433818857475,10872.146876243572,5.293289337449316,13.525271255690729,0.07231072250170656,0.5104805999640466,0.2021617945062441,1.6543198668390684,0.5684154127182965,0.8126269713254747,0.562438185622433,0.8438811422276178,1.352656119336274,0.0005950663612763078,0.008094778701407956,0.00018731676250912852,0.11197075530933796,0.058663861107499056,0.6967126846179785
0.5503118060098217,0.2200606490773272,434.02957489450927,0.017859995781517604,0.0136049105201926,296.35046124949343,10830.93918767046,5.274643924685432,13.369202744131425,0.06746058369765269,0.515635224647609,0.19925446918149067,1.649621975315765,0.5672168699181617,0.8154882797324217,0.5653960454312271,0.8343092375235989,1.3601441385793904,0.0005946124907036476,0.0081496129556369,0.00018790360340409541,0.11278765789244129,0.060040105367270266,0.692005053765656
0.5530762487208526,0.2206676287141868,430.30653241140635,0.017934827070740223,0.01379907115493521,296.6179655429994,10786.33738427375,5.275205960156834,13.02491949359429,0.07261870267638337,0.5126939389969163,0.19737527138005,1.6490239490086582,0.5658285010885886,0.8151787410460382,0.56400394086078,0.8366811464100062,1.3530002418179714,0.0005975751966544855,0.008202489822372061,0.00018802584111507272,0.11311213384126999,0.06306606074365592,0.6852412325958108
0.5515316490841363,0.22162400708095925,442.3876469713577,0.017937901124445266,0.013795123678268868,298.3114422262546,10802.06084168337,5.268369338784244,13.090452532832714,0.06875562355727641,0.5052248829451531,0.19868009619589583,1.6521793833478313,0.5642233389450002,0.8138106709319778,0.5637995763394238,0.8415011405697024,1.3532366384408123,0.0006000177684411452,0.008162009608082929,0.00018816379988137889,0.11136848141555508,0.06439435842967356,0.6861051033018328
0.5528938988435563,0.22116204306489984,415.5746303799846,0.018142301247374655,0.014021972399337725,303.2742737738559,10824.332712995158,5.258349084682644,13.248426906426399,0.07345899756864283,0.5116844157336322,0.19893504813699595,1.6546663354694455,0.5624679021811266,0.8142305802269696,0.5627322186635236,0.8406213814609688,1.3628139519463094,0.0005947730139685931,0.008083012674605244,0.00018814506158215463,0.11104769311109375,0.06529123411009018,0.6897963484841598
0.5519852307296846,0.22234134958195834,436.7647924292701,0.018225034167674237,0.013960315762636021,308.5030978149506,10810.667775923419,5.279231019371967,13.166215788233982,0.07323244505542624,0.5173934923216789,0.19854026957508308,1.6517845930581165,0.5603454652957188,0.8142241434908358,0.5624422336404559,0.8382777931775937,1.354491596743864,0.0005945706641008672,0.007996606681841543,0.0001904032827102639,0.11119960252818274,0.0639152428616369,0.6950298509805531
0.5515941365451532,0.22280266873438861,418.4123372738764,0.018120898725055117,0.014046453217974911,313.4805489521793,10875.911060348335,5.304218686539956,13.291455731695715,0.07595156691382778,0.509825135659645,0.19794253023421482,1.6469811586642766,0.5601358677015607,0.8097290053116472,0.5610037876947547,0.8319783540515595,1.3523585831109703,0.0005960187347568492,0.007919091074940564,0.00018997801772820637,0.11254100783918122,0.0632903715918086,0.6983139150914901
0.5507259191243852,0.22257126721201156,427.35290939612435,0.01843885229082582,0.013697615145655493,313.74079386384005,10870.604760322343,5.291255705507295,13.238460019207539,0.07600129935589268,0.503938927485032,0.2007277110300546,1.6463607279877683,0.5597693141736529,0.8071717088188576,0.560884103863915,0.8363247740484657,1.3310240825289286,0.0005950413545394559,0.00791341631874591,0.00018836261666254082,0.11283983706498457,0.06413364280048639,0.6949881380365219
0.5503813713286378,0.22187467981183107,434.2571385873669,0.018830100188837916,0.013708231373097412,318.0941621889631,10841.467518394984,5.264007374532309,13.229725158049806,0.07865960817715487,0.5058652405530415,0.19713573586304636,1.6526667181735866,0.5582423801770144,0.809973901143418,0.558252927724314,0.8425062776081537,1.3305201323605158,0.000591527092764239,0.007902482799869846,0.00019090165609728622,0.11273383508180854,0.06284983991655861,0.6897642380592248
0.54925849088268,0.22100191404494282,425.3255192527308,0.018712218804551112,0.013890822169617012,338.9505088455682,10905.816738227117,5.2585090999318815,13.21720557173485,0.0732098959430393,0.5173278461968557,0.19402144775284977,1.6529440209180477,0.5541239234177643,0.8111084232645734,0.5593314751002615,0.8386424696257945,1.3331740122476987,0.0005911082359560844,0.007926988170854389,0.00019080541427702753,0.1121528838998377,0.06301765748264036,0.6895748408314074
0.5479214555652621,0.22158912672751793,432.9523111234888,0.018698032561634634,0.013880052981396716,346.7618268164553,10853.763237732144,5.2334300260452675,13.01933709414801,0.07239232591819877,0.5196017600147305,0.19364283934943066,1.660995996101095,0.5562525399546892,0.8086177023237112,0.5598096895298348,0.8324556253469334,1.3361842048990562,0.0005872119583298394,0.008001581261590356,0.00018879528770938457,0.11102538570780411,0.06561054732458206,0.684139447485187
0.5488087854766527,0.22256121389714592,444.0134108307456,0.019063490230890382,0.01363514668715583,346.31754452812834,10797.45163203447,5.2629923655984285,13.003133568924998,0.07695328934927789,0.5130767074658269,0.19214238603428888,1.6545149466545785,0.5559713859259743,0.803539470246838,0.5592265988345885,0.8293803413947619,1.3531470844805473,0.000592091265230857,0.00804122374310575,0.00018859727283137892,0.10957392889936679,0.06552836452385379,0.6914332594692489
0.5469448831031009,0.22320373046984285,448.7731971630637,0.018941218298860533,0.0134119691904628,347.77696054380874,10674.766729141758,5.246415665492448,13.106216711679064,0.0742293116476288,0.5190402676600964,0.19052733971275979,1.6601772018170395,0.5556968186511334,0.8000403424168655,0.5591433255349909,0.8297972615952379,1.34992416668822,0.0005871705072468366,0.008053143663238647,0.0001879758263293414,0.1109476795330532,0.06612163137486565,0.6919993534443674
0.5507529249142753,0.22360892151441136,448.6962898435608,0.018894820880938558,0.013114663820721364,360.1047049792865,10604.458189996267,5.2598703660273625,13.0054955459486,0.07889395808382178,0.5123109646287496,0.18919035557133976,1.6690255116974229,0.553645748871423,0.7995977090511593,0.5598383000308838,0.8308563667670227,1.3428734822154444,0.0005864034447163028,0.008049454252195595,0.00018887805545303395,0.11117385814798936,0.06481345339431419,0.693256049981262
0.5522111078326003,0.22349281900552448,434.99074367623433,0.018771176750552038,0.01304547502571439,378.54423510224973,10447.17910824182,5.246161605911858,13.012607846909596,0.08119170275616441,0.5120338887401994,0.18768753847655184,1.6677224976707974,0.5538333774232256,0.8011727870726274,0.5634803213648522,0.839190520265105,1.3484150378598112,0.000591643141121022,0.008047903152800634,0.00018959236981566289,0.11170023897654137,0.06753923683959172,0.6941206236477622
0.552620271755949,0.22286470943598,426.86158116409746,0.018775970364924593,0.013083595403108408,393.267894579453,10416.795202207279,5.22217374837972,13.254101128359506,0.08442728698154146,0.5193735256809207,0.18657311519898845,1.682630948398405,0.5558516111958014,0.8019102971117261,0.5664551896899986,0.829048696549976,1.359494213661885,0.0005919472348493581,0.008038410829725555,0.000190512007950138,0.11174731376927616,0.06943634092573442,0.6957948378180586
0.5510808105427603,0.22324088657743935,410.9017389195656,0.01893748845712871,0.01283087412771459,404.3255653902034,10526.993103292303,5.222638661484446,13.65108127726782,0.07914359180172455,0.5200577726811535,0.18221276059393346,1.694551149278978,0.550454528509221,0.799653014175788,0.5691596261911944,0.8404119184050457,1.3636825990473074,0.0005930648244558053,0.008089276889854367,0.00018907869295748192,0.11286330642065265,0.0705179634026542,0.7010308843031668
0.5511962551685117,0.22353854610287766,395.6856346592917,0.01857034943799983,0.012674042136253592,410.77695198400073,10512.95967494729,5.228236805506568,13.414301510890594,0.08481871791316836,0.5120827738858703,0.1790538277569163,1.6908778003857936,0.546270135709862,0.801615838472825,0.5678228798944153,0.8397598909186774,1.3584228730033945,0.0005933405766109321,0.008021578156691888,0.00018941020034163184,0.1126817397156074,0.0718935940743676,0.7004555898279256
0.552366704285684,0.22404581248574335,373.97207671145213,0.018704507098929554,0.01255765914465312,411.8257138429705,10707.060119433241,5.207373781809699,13.400376368207693,0.07644993816401927,0.5202598579365197,0.1767798360782055,1.674239734221032,0.5469604139370977,0.8017308968182851,0.5673644849555255,0.8422538126977828,1.3589060306437335,0.000592048221277576,0.008016136178869716,0.00018839862323784547,0.11258266428546475,0.07324733640647714,0.7068389749689984
0.5531040500177944,0.22381628435232082,376.1449079550693,0.01874213969012671,0.012673284906494555,424.4618891384729,10683.027793382149,5.211917200655007,13.680796368226526,0.07588905231670791,0.5223136751191679,0.17703347920728316,1.6820597420665002,0.5461536107343777,0.799522792715678,0.56791832026206,0.8343318239783026,1.3701265218137182,0.0005897428563352892,0.007988032778928,0.0001885718103611014,0.11150877882812624,0.07936364382501426,0.7050712597123128
0.5531715335844843,0.22391228584749232,393.7525864977941,0.018761949583433947,0.01255535614460838,429.86066204932536,10794.90321590147,5.226613499304926,13.749558692709735,0.07738165954229242,0.5235530039464668,0.17600148601369198,1.6767945841499352,0.5442980375003013,0.8057951754040208,0.5689100540078681,0.8435826702015353,1.3716471759749547,0.0005884040589592966,0.00805252895865823,0.00019069024431594227,0.11107029404305381,0.07914592659783755,0.7051413409108817
0.5506223097920888,0.2246968634262082,430.05430728509947,0.018651067401025852,0.012716274878792032,425.34413747809066,10824.994900556341,5.230823371740944,14.08301338731816,0.08517412903658257,0.5174428284544108,0.1797355084840036,1.6770119530922472,0.5422506589482172,0.8073885348229137,0.5691134098666266,0.8476810566934295,1.3647195687625284,0.0005911884346388703,0.007967572119274931,0.00019158713049641644,0.11092846421947486,0.0817207660437765,0.705868538692036
0.5523955997082601,0.22472744800609395,420.4954480727908,0.01863877370407503,0.012349261196917625,428.8169763805542,10881.65015065217,5.245108916293546,14.36182049661985,0.0956464922378633,0.50711751151271,0.1795739379551806,1.6812039390095634,0.5466197743601482,0.8049406066687255,0.5689253943844681,0.8525118280113347,1.3736470281268855,0.0005962490067926534,0.008015409449096018,0.00019109081555268324,0.11059910546132079,0.07930409352436478,0.7039259921701329
0.5517455281065929,0.22580862076533978,443.01901311014467,0.01845734768639628,0.012345934491542749,431.7010335635025,10938.249471936775,5.2302259915194265,14.40971218611531,0.09592514614191452,0.4997483718659204,0.18121320358552787,1.6857121422060664,0.546483564460608,0.8060859374093468,0.5701288045456401,0.8510417587206933,1.3685268667056014,0.0006018850294185748,0.00801080877058086,0.00019053202546048177,0.11058048803872157,0.07873556280343993,0.7073969201161154
0.5508833827805268,0.22626929796864376,457.11892668332575,0.018449386534065,0.012300297958388225,434.8983739227785,10824.106103473014,5.2446966813523135,14.329151199502842,0.08453113887528295,0.5004130939641335,0.18043741846773123,1.6834932672812974,0.544748243152781,0.8039845205878711,0.5732345597368862,0.8502004376022543,1.3673989914349465,0.0006002247566382689,0.008045714516065,0.00019146892576200992,0.1122729902743339,0.08025519315951729,0.700328516434652
0.5515012727741262,0.22564246823312428,442.5821036692954,0.01851963098357409,0.01231242950098255,429.9466214895893,10880.798747817875,5.25995532320172,14.526374117418367,0.08716845240464788,0.4954568315472879,0.18224410817213219,1.6662194153192207,0.5445598872725871,0.7976134021816771,0.5735014719588147,0.8467635565460586,1.3801297171646527,0.000599536117458611,0.008114650287713673,0.00019164850191665984,0.11278055565803236,0.08267564564873059,0.7075629514724185
0.549401931519438,0.22489643084996472,466.8540672084562,0.018630136224362503,0.01215026462243121,436.15163156008873,10943.25843182394,5.25387215234394,14.530195013700148,0.08872979463907402,0.49452917937267066,0.18805345679754293,1.6609608038633805,0.5432528151889039,0.7966246722077791,0.5753972985904143,0.8403907016964136,1.3739024261667434,0.0006023180644230946,0.008146109961717485,0.00019047906890598947,0.1123867928836469,0.07987475800107707,0.7041870601830046
0.5488927261464973,0.22495723395985137,497.17497216053516,0.018563570236602503,0.012276043771688148,459.77920008125443,10897.586765261709,5.250978859346147,14.461203691390162,0.090593521352074,0.4979772376633221,0.18525784947212093,1.6507620053520828,0.545449711239705,0.7961678120500707,0.5785805348574365,0.8281011645858949,1.365898687403432,0.0006029144506976862,0.008225514987258448,0.00018729231997722132,0.11249230081123579,0.07997301789037212,0.7069661496607793
0.5484021999625762,0.22536604112040112,532.3742888931274,0.018440524187066827,0.012285103876247374,470.5549077320244,10856.922916662526,5.257453629679516,14.52221133713527,0.08408690857654316,0.5003411998338319,0.18651326753946784,1.6616363461288748,0.5430343273499589,0.7972297574792101,0.5785492751198313,0.8356338386735509,1.3742446218396718,0.0006063049882592698,0.008265516672872359,0.00018723844162585868,0.11347560565943832,0.07947635367601091,0.7115865669838569
0.5484318968962834,0.226638539958441,528.5939380761992,0.01842174698204082,0.012290847644824852,473.582474181426,10932.955318836668,5.24008623358423,14.301099316958842,0.08931931252862933,0.4961166628544665,0.18107398182009773,1.6526731246520558,0.5443299613291365,0.7938829100953063,0.5751168570290166,0.836554702943307,1.3761606670330375,0.000605180643869586,0.008273758731915583,0.00018642726019936067,0.11417149837922874,0.07930012436906765,0.7093968183588035
0.5482880179716119,0.22717265330604783,523.1096414851335,0.01872422057515181,0.012309768818463539,496.0699310255262,11018.617613071308,5.252771888088363,14.501546694656106,0.09043615031271955,0.49465792810533926,0.1833965278436971,1.6586526119579357,0.542801056920259,0.7940185761659123,0.576783863334426,0.8502005627337751,1.3755603178466556,0.0006036533034589343,0.00825812224464511,0.0001865900786935269,0.11512717289233027,0.0767936126485018,0.7141575609652728
0.547484091363399,0.22837852907440725,534.1616917246662,0.018879080467623988,0.01246897892303551,508.6467852574437,11198.27671957128,5.25996171670318,14.511695411464467,0.0819427880953212,0.49893652419677004,0.18409813148928,1.6589457026276906,0.5434259516680819,0.7962492144027151,0.5756770796266896,0.8471483227727356,1.3817189861817638,0.0006084924375857108,0.008266826231524572,0.00018751034542792373,0.11393252809673628,0.07680257594887913,0.7206742683355881
0.5483296481399653,0.2272146442123639,593.0246221882991,0.018933960330801927,0.012233867297372244,523.6454680787314,11164.482880728763,5.229965048841486,14.74506518000917,0.07948454966886152,0.5004455524026069,0.19166700528803401,1.6666949010332712,0.5431723807678264,0.7972081714037644,0.5751968184910284,0.8447036935936437,1.3885437504290599,0.0006026484686098649,0.008256239426626143,0.00018714782221008626,0.11382203327212956,0.07652485867140657,0.7161008856000021
0.5489368728770441,0.22812645005642473,625.8165018393664,0.018880771951412873,0.012220475155070255,522.9784560306941,11173.064097172633,5.199955745267034,14.607891558882462,0.0842281955511944,0.48854335773183805,0.1944761329073387,1.6708385310264116,0.543092236996415,0.7957571728924371,0.5793983292701774,0.854580183502605,1.3844478698265532,0.0006071912701541384,0.008246219631163568,0.0001869125390084002,0.11374074593467724,0.0764603497358864,0.7175896941392728
0.5483263483709274,0.22814141789901984,636.3765514334661,0.01857887879389415,0.012225939993741115,535.6398189925554,11095.058574632625,5.186148237701778,14.635544087621103,0.10223333080829071,0.4898550191940682,0.19589171553762108,1.6815926014602793,0.5438867164365845,0.7940557693017529,0.5797553721863203,0.8518675101041402,1.38241890847921,0.000605250909787655,0.008291799893686913,0.00018570212553973886,0.11377262490400361,0.07508294066516659,0.72368563705744
0.5469705168249798,0.22798396976146948,634.2968622898695,0.019036423431367605,0.012413370125614998,536.7578804050261,11135.404746979979,5.207874906187826,14.605177431759488,0.1069635278664327,0.4929834673481039,0.1960690941182269,1.6814751835463646,0.5433735919952667,0.7929278957241878,0.5754373401387007,0.8584374558366153,1.3864863756728725,0.0006091543968896817,0.008378579838345043,0.00018491936494791975,0.11276003922627023,0.07593888243728607,0.7202774408992586
0.5466935514430841,0.22805937220151135,625.7128599295124,0.01902794286338071,0.012852309490412403,539.7064046320364,11285.898285494204,5.214484702613849,14.623259596541672,0.09986396067794923,0.49471854271925675,0.19855795267982482,1.688620591166984,0.5421235073626345,0.7902402691707727,0.5744272699243741,0.8572135060099711,1.393964458007635,0.0006105633118186918,0.008359047247544856,0.00018600022356044844,0.1124504094792275,0.07798112122119037,0.7133581457226601
0.549924168277572,0.22823158233385282,621.5269990929683,0.018642366893541294,0.013095570758318445,532.1749168803028,11158.143261193796,5.203054901321357,14.331221402574009,0.10286285600234091,0.496411522986145,0.1995883712301502,1.689185513694559,0.5395280643949871,0.7906778923856151,0.569931319471965,0.8542943267568153,1.3878245306911043,0.0006110580179645998,0.008365569739303438,0.00018482551981925728,0.11224870789380381,0.08362280780308498,0.7066921672586598
0.5511385230733756,0.228606939540595,663.5478208729143,0.018961946054647495,0.012894419505293634,535.1206088873315,11181.823343429229,5.188783493308602,14.262332329738033,0.10466302552479723,0.4980589678123154,0.2036331344032492,1.689277026164853,0.5399391779862437,0.793412938420208,0.5642638610003077,0.849506527112204,1.3755545511731133,0.0006148563382462447,0.008365155858565477,0.00018440486673403667,0.1128011032667032,0.08603113270712513,0.7034790493953831
0.5485507907104715,0.227450850585694,658.5620158436528,0.01875507220695867,0.01317434962764168,547.5083575289336,11182.417833823343,5.18669430779631,14.480183226168267,0.11703755902499455,0.5101797779540236,0.20153011040581933,1.69894639755564,0.53758611722365,0.7925836247048941,0.563741768728685,0.8469296730290927,1.3739702035646588,0.0006129784180026732,0.008421362871821835,0.00018531400657716376,0.1143941054650637,0.08431903429309481,0.7059423328125717
0.5482248266163221,0.2272154565963967,664.0307198315866,0.01885214924109361,0.013045531842991797,552.2221411531034,11241.769053859956,5.192720088517769,14.584754313837005,0.11988761470009307,0.5082997426506483,0.20254526213304633,1.6872495057241417,0.5377651974362337,0.791921551150371,0.5651200722458696,0.8381375853159754,1.3710444019950268,0.0006129977195848869,0.008389213878929524,0.00018597290333151087,0.11548653173164256,0.08671915200740164,0.7048124269447793
0.5480687368889274,0.227372962251087,702.060775406896,0.01884821798961515,0.013115721174559726,558.3888391417596,11178.004421513384,5.169341891057255,14.693630082922699,0.11467663280645284,0.5061254202734373,0.20394232093646206,1.6925298097765713,0.5344805282983609,0.7913578543734413,0.5640240782389184,0.8337798371835325,1.3772507250389998,0.0006104716102260438,0.008390944688724138,0.00018666263109954267,0.11646542944598333,0.08688040783877501,0.7146428372437319
0.5493592276474132,0.22679328383258265,685.122538779619,0.018986462397751803,0.012909637686933928,567.836017944952,11157.290761769313,5.168676812846552,14.598767025272597,0.11871294603828046,0.5032833483817956,0.20460389348105487,1.6826789638416568,0.533050203590651,0.7925885585643264,0.562483951053262,0.8220619082506766,1.3773696006233345,0.0006058347136008745,0.008306910471341874,0.00018720541945001982,0.11416192483903892,0.0864080045909413,0.711569312442563
0.5506479956923609,0.22621958142248288,682.1536478611142,0.01881885694027976,0.012967889565597942,579.4320325130712,11178.558825564096,5.12907123188852,14.647035868555378,0.11879110654623805,0.5148669259683877,0.20031027583442768,1.6754931941430196,0.5319163426746157,0.7910245744962159,0.564088542184911,0.825383444752611,1.3787019559562756,0.0006072937406362352,0.008325719091471498,0.0001863418068012007,0.11363375043997721,0.08793539896293344,0.7132110847405324
0.5507242828085638,0.22666369471700415,680.3935096487002,0.018774789731354737,0.012743273737593671,591.2298974955933,11251.564479585224,5.1435671816463024,14.73209919756951,0.12290150716244472,0.5175665051748984,0.1996417226661611,1.6761250151193199,0.531281945752504,0.7889176863385334,0.5639082589039326,0.8233318458724572,1.3851406456982973,0.0006077182772410673,0.008321704005452983,0.00018623490520359106,0.1116867933959367,0.0906464799123339,0.7113478385400568
0.5547966716360807,0.22561584498998985,673.8015221068201,0.018877414445771862,0.012852709148060523,597.9442704717485,11260.139915592476,5.14660793707489,14.512990039215294,0.12162374762235031,0.5181570644098525,0.20454259148567325,1.665560926115153,0.5294911683664327,0.7891992623008345,0.5629567867204257,0.8177308084490111,1.390315655814969,0.0006114473601062252,0.008349690287797081,0.00018668394829000648,0.11169961654478369,0.08981884617011628,0.7092056863714109
0.5567517998092394,0.22557885708979683,701.5244677171905,0.018840487319742128,0.012846184984077363,597.2304852681974,11239.94976427626,5.153403409468812,14.64767016101661,0.12267415670773144,0.5169794211175409,0.2024414830182359,1.65409171627577,0.5314548101830386,0.7872395084285289,0.5648714671757985,0.8136754167044937,1.4001900485324366,0.0006094373432909803,0.008287663121720112,0.0001873150733731106,0.11223596566270279,0.09316426732710623,0.7081651440518585
0.5564352232996661,0.22560057634346603,703.3203409398718,0.01881958878561295,0.012860856480993579,612.2086118183317,11303.282372690166,5.130800049313485,15.146086319067798,0.12210521990939786,0.5255432397845065,0.20780926097801375,1.654394748005531,0.5312293277705213,0.7867581150088807,0.5665900954130729,0.8220114845953204,1.3956175852307413,0.0006091720784708696,0.008315397793503236,0.00018763262243867972,0.11411312906613554,0.09422294351045826,0.7088126053066802
0.5574807273054365,0.22459330138230543,758.0054873192595,0.018800412484649528,0.012960785788730741,609.5506284463503,11099.127977266495,5.14501623095865,15.164961861897693,0.11346050601909331,0.523062343191401,0.20894822627759596,1.6525892180564987,0.5347917331193893,0.7904972291250711,0.567355345124576,0.8272397785612372,1.3827172179675318,0.00060844348517956,0.00821849009048865,0.0001901257228741428,0.11449162482147342,0.09733032332155464,0.7074534879669196
0.5562250631905955,0.22535240677128518,765.5946745385362,0.01908955012449384,0.012721598280993965,596.0678160195063,11037.753088009476,5.151831795039811,14.920564533354167,0.11761680307921661,0.5235619436812897,0.2094350537968296,1.6426503136095245,0.5344877432890562,0.7890498685561951,0.5691236650622961,0.8275543342980473,1.3787311077655178,0.0006107455160932583,0.008258601512527278,0.00019251000675166017,0.11464783874403989,0.10074841612673788,0.7071177557622268
0.5538456903408534,0.22550260396495966,762.6655056451299,0.01924979979083527,0.012741181362344816,605.6723401286118,10917.313686277415,5.154962033763549,15.007649056599584,0.12285256549674513,0.5301869567093077,0.20636074860496434,1.652161147031711,0.53268148279033,0.7955796331694137,0.5687372566360972,0.8259473396859136,1.3679779205228422,0.0006122534579885088,0.008247308908211225,0.00019355933557014803,0.11419728582284182,0.1012602056348709,0.7163348488047023
0.5571629448838912,0.2243275299571069,755.1165298524879,0.01903694413019391,0.012738913977196153,626.5395800423945,10862.065990560099,5.184336461418968,14.761635538654435,0.1253978627248479,0.5256478822626787,0.20498043863684642,1.6503729291741236,0.5353439655146046,0.7911879707879109,0.5689127321124396,0.815260989579629,1.3644994492437297,0.0006153024913022039,0.008139063251491283,0.00019557319623395944,0.11309674408572543,0.10161836457603839,0.7206283825786196
0.5583133198508786,0.2232079150576033,740.0498901806168,0.018900224094134985,0.012594155932662715,643.651139007818,10896.117809623436,5.179449554833093,14.984119731599257,0.12222675683976339,0.5306875284867092,0.20932628481405668,1.6588734617383405,0.5394887657628089,0.7948801942465135,0.5693127998003105,0.8209285060531509,1.3681315732079786,0.0006212189687034663,0.008194051736037645,0.00019473754919519936,0.1129585020823207,0.10264104522457781,0.7176905473000476
0.5583796422762946,0.22403977885328388,752.069853792918,0.018725844009817673,0.012699659578248356,642.2812444625735,11030.831797911293,5.2029618236632444,15.127930612751499,0.1306993453726538,0.524956225788631,0.20982431418990052,1.663442449058896,0.541612651859203,0.793181021725354,0.5713611699402958,0.823016946065084,1.3663517779319163,0.0006232919881985385,0.008276879660762987,0.00019465358411556785,0.11348866931743726,0.10524421333920199,0.7275309135913689
0.5609252248501362,0.22322005928628552,746.2499721734475,0.018869042506593783,0.012539057748593839,636.4385557739946,11123.734353915426,5.214814952646604,15.060600015531659,0.12676252734367818,0.5337601727283627,0.2141641509102228,1.6598948305819088,0.5398843153783698,0.7942178571980008,0.5737836983943294,0.8153972462572258,1.3616167778240151,0.0006203623563533251,0.008374543566539688,0.0001935548458392745,0.11457987355847792,0.11037486814288486,0.7321458373709757
0.560813575103993,0.22335435509244023,743.0827085378904,0.018780285950019432,0.01245533124985559,642.2662927016985,11216.959400404738,5.211957588439796,15.31969127333095,0.13347559708915435,0.533364258129421,0.2127129978957108,1.6659848470815988,0.5429260891125006,0.7944512093036994,0.5715701303229671,0.8206456137288151,1.3605521471927435,0.0006193789554700419,0.0083588593148041,0.00019255730399736368,0.11459867339370557,0.11138528420335406,0.7349255470762693
0.5632178262253953,0.222706116674517,704.7277679828784,0.01863787783304669,0.0125592330867524,638.6557808222708,11200.650089878764,5.235143784198289,15.126564801530789,0.13533972874831912,0.5370037118050703,0.21623999330368182,1.6526097652573821,0.5482140013482761,0.7956932149726585,0.5723175019365799,0.8124063772250162,1.3456289749624517,0.0006221212430898742,0.008361149624881922,0.00019196074220865947,0.11287151093964752,0.11448228609045573,0.7314365094181406
0.5633461066323588,0.22311279512849327,670.8150216422666,0.018737360274062007,0.01261638289304847,638.7021472025625,11223.333707169084,5.276555028388673,14.916124821599341,0.13037499564998706,0.545578891875188,0.2182006750377306,1.6453722258655064,0.5456088157599771,0.7947066738865461,0.568954741776867,0.8262631247222453,1.352515319072315,0.0006192617070535595,0.008331204172192326,0.00019101127835093282,0.11104438055544945,0.11460858219440412,0.7312386095044955
0.5588477195585627,0.22433132423741414,670.9023322863261,0.01848019385929373,0.012530284148462339,643.7062454329513,11192.941168530106,5.2807519037443615,14.997388513515517,0.13622050946408892,0.5407837884273288,0.2217955318453897,1.642866269156108,0.5474746682701553,0.7980669740601194,0.5702967783997033,0.8365043114996525,1.3513655232382935,0.0006222024863695382,0.008322220235864873,0.00019087671646426417,0.11040789053462852,0.12042011260740382,0.7353853331572131
0.5581561396921768,0.22432653530102803,644.0351907556347,0.01861875359317856,0.012550011760192976,652.1369144006032,11033.482305143163,5.243997835677912,14.88238376228978,0.14389345987309357,0.537169908101501,0.22550432334811116,1.642935249316426,0.5445323909285555,0.7989499040796002,0.5677850700044442,0.8308757313401072,1.348612171542792,0.0006212891980115459,0.00829404070772197,0.00018983254026092892,0.11130031334608412,0.12110270059910977,0.7369500608620154
0.553947464227619,0.22332158142030367,637.9974363944243,0.01851644521920424,0.012414029137957932,643.8703961002963,11000.506283185607,5.261432472988424,14.925183799929716,0.1465579426684671,0.5297810247119831,0.22417636579516773,1.6409704089471147,0.5458172227312431,0.8043462411338241,0.5699567452605551,0.8394327492352784,1.3474494666038868,0.0006172178649478991,0.008311069035231116,0.00018896026389579086,0.1102094658279616,0.1244591093086688,0.7329840563619006
0.5544759593427009,0.22270302553694105,611.632576007461,0.018525839665753947,0.012486258452792604,656.918106785593,10960.657825973562,5.2696128706783965,14.749285009418886,0.14808244319996294,0.5335881504787228,0.22674242582184714,1.6341512334958455,0.5491895110329102,0.8047320372388655,0.5672376046764914,0.8403066801555933,1.3374565074023368,0.0006177633827150153,0.008346608979198613,0.00018603152287733672,0.11112006996450786,0.12276749279901258,0.7360420694278805
0.5523835070038109,0.22360776241847435,594.4661403484592,0.01819997555995492,0.012356439985600615,668.9554552803846,10955.740530251702,5.243838689645256,14.834211212645203,0.14976269622520014,0.5277726628076678,0.22909231919597353,1.621070133495785,0.5453659123737845,0.8063524178285492,0.5727224331782208,0.8403546282769663,1.3365419936143619,0.0006166979568450258,0.008306222849342803,0.00018716080210180204,0.11162408832961261,0.12461005611142979,0.7271196032862247
0.5510792951077931,0.22358859834919015,606.1426617401298,0.017980811170324257,0.012324153473256915,678.9191911169161,10867.391490757942,5.2481975972943395,14.879905171733867,0.1493495252056882,0.5311746053163786,0.22882627130258135,1.615939645894881,0.5464710394271218,0.8072374156698467,0.5715569607483378,0.8384091286222839,1.3342363222297693,0.0006190969734632112,0.008221390279593259,0.00018710371884151655,0.11147948467295077,0.12409563495575061,0.7307339707250958
0.5543007677938732,0.2229120683491391,591.6455118005168,0.01817929767259929,0.012185970133855573,690.4687606703371,10752.518612313694,5.25096985526264,14.94317799048286,0.15482436043412612,0.5317519902673,0.22845262908345007,1.6103989478366347,0.5498452852816607,0.8063762304644408,0.5720733632577911,0.8343324067873775,1.3541928714809377,0.0006170291553234268,0.00825089195037486,0.00018540480532349074,0.1102277875658605,0.12433039621356849,0.7325907795517268
0.5525128722499089,0.22289953589846626,593.4257851266996,0.0182221186803968,0.011910382792810408,691.6619714722069,10787.657663917844,5.254044142682944,14.976838098947743,0.15670906583847496,0.5324724933197679,0.22663186490142373,1.6054636765326629,0.5518813685575774,0.8046669382618723,0.5729354285714524,0.831187236085454,1.341875277576948,0.0006191994922449166,0.0081503774856028,0.00018737525544143386,0.11198669235352142,0.12733844922317902,0.7392702920479606
0.5493745105597752,0.22223830914788256,570.1699263732683,0.018391174424411842,0.012025200993613865,698.133599114347,10748.44926211192,5.287639394835615,15.137531409750922,0.1624407421375627,0.5302261661462276,0.22952138829453492,1.6020419988263999,0.5576354993084054,0.8065156331307134,0.5717030204719912,0.8309233422934547,1.3284920844445742,0.0006172327919299322,0.008161592050013346,0.00018756679893621158,0.1105211451979174,0.12780662633853962,0.7317756322321128
0.5480575699694678,0.2230856588229637,536.2878958812303,0.018323176369633307,0.01200413912692722,705.9565152390538,10802.585830052229,5.264716707811607,14.985378084842484,0.16229919616524216,0.5355462957293495,0.22843392130076276,1.6098932502201169,0.5593944069428569,0.809057430582099,0.5680929178524732,0.8207110468360757,1.3101715303925627,0.0006206949721352401,0.008137339761525489,0.00018677127348543912,0.11060180164096865,0.13226016568999216,0.7260495434009732
0.5445990329898885,0.2239177734458324,544.7667569408414,0.018511017575796648,0.012277898522373813,708.2674679396606,10887.3871276603,5.287895248459559,15.124744965664512,0.16168761048268412,0.542480697247389,0.22843474869384897,1.6149814631587005,0.5578811139008774,0.8076307056230151,0.5700925161731852,0.8218936365175903,1.3127071533095438,0.0006208209810313124,0.008133468830895255,0.0001873940383752627,0.11148645864908872,0.1324261105890659,0.7193635696925818
0.5432715401164021,0.22431119579589726,558.3287970443081,0.01860678540714303,0.011968123174462872,699.9927602078723,10892.475329523511,5.307408119149842,14.975656306076468,0.1519738860253194,0.5507340097807041,0.23033562151963816,1.6206625364888596,0.5582718916191161,0.8090443676475992,0.5685687868591406,0.8226574562602444,1.3095936640139025,0.0006244025788577462,0.008106604969020922,0.00018858890779263534,0.11054174354381915,0.13633066407603153,0.7192514803542095
0.5443333394014935,0.22389259926717844,542.2419969872498,0.018525634111185817,0.01211091596133508,704.8545530817369,11056.901627148063,5.300934076006029,14.987636188579796,0.15590520469998478,0.5481293004543984,0.23638647040488284,1.6175394429126355,0.5605895429461517,0.8047871286010807,0.5699158886819781,0.8255451937634903,1.3110416529338813,0.0006238714705140157,0.007981910929473384,0.00018855705679649167,0.11146471449019814,0.13869083297962306,0.7173558693367355
0.5471799725056198,0.22469246667267523,551.8336425528585,0.01847944691361705,0.012189356883161667,714.5619811436461,11141.258658315506,5.306904843898992,14.791168238897814,0.1648859975569057,0.551660324295891,0.23657363754979213,1.612814414812842,0.5596325726852839,0.8070775266823569,0.5701651939816107,0.8210805121394202,1.3144722318173934,0.0006206033924009978,0.007890476925696511,0.00019019402799292276,0.11082368735289848,0.1383047670716505,0.7105600282502542
0.5488739225663835,0.2255974024572895,550.0481509546187,0.018799121237764938,0.012227965242526666,721.0827203435792,11114.455157765788,5.3024055076724705,14.961000258536403,0.16141891964551772,0.5418614633196135,0.236581230780588,1.6037272422289066,0.5601227937183684,0.8057185135370303,0.5694748707013815,0.823759993663645,1.3026433423242287,0.0006237117249399087,0.007885411468746975,0.0001910814751833848,0.1124557771892258,0.13825853679466354,0.7158520076745286
0.5498852822943511,0.22519343771326827,574.8114925030286,0.01875494524031429,0.012163015280180978,725.8925358310029,11291.751333543541,5.307303090208116,14.678986116750693,0.1599293094519827,0.5424076260463024,0.2416220748889193,1.6122430275631556,0.5588823875178944,0.806768342440454,0.56981030207815,0.8154309425597015,1.2971867555238725,0.0006198113796913637,0.007891724271141012,0.00019184901208800593,0.1116401876431097,0.14034891730275714,0.7112615971538557
0.5499918334051515,0.22696165855794626,561.7240208119911,0.018780320720955236,0.012111434860468374,731.3997870000708,11228.17957493245,5.319424827709037,14.978738276331368,0.16490197702777573,0.5421908525092547,0.2437270830812384,1.613846425474642,0.5565566327663062,0.807441496175766,0.5707605949514276,0.8240153824331214,1.3071265073804426,0.0006181525441414572,0.007921575196292998,0.0001896011869625268,0.1121901864928662,0.13873700479771914,0.708910108696827
0.5473743916936049,0.22619232302517223,554.26998438765,0.018852178830503982,0.01181150219502463,739.0115156754644,11041.706516416814,5.336183322539074,14.79869440219505,0.16593406818113868,0.5415612480556448,0.24286697826647838,1.6119316371869499,0.5591775776568167,0.8079547603334848,0.5732697831815389,0.8241797959072514,1.32020274094419,0.0006199523713498134,0.007851566649313033,0.0001895400979894738,0.11284373203262249,0.1385412147389132,0.7070358940480624
0.5475030412364655,0.2267693656846969,564.5317054475144,0.018751580564019456,0.011779369178066948,744.0915959401079,11019.244303758138,5.358948797524914,15.0965900120489,0.1625466456293071,0.5389140437985868,0.24550718023965984,1.6061198016743734,0.5562123071765449,0.8071311038812172,0.5775958163570019,0.8250004976685285,1.3021125487709002,0.000618345540304541,0.007865147814816377,0.00018788844475111141,0.11239712270343678,0.1395533347657889,0.7111556270607551
0.5487120159498133,0.2267107792180357,534.1475738882799,0.018783056087618485,0.011784718670316162,757.5978106813143,11058.21827728736,5.353486038205451,15.04041916426751,0.16712743781321954,0.5412135465394909,0.2450661058821381,1.6101159330811088,0.5539718339485256,0.8056308208414279,0.5731643607836217,0.8246234121892851,1.3104645526656393,0.0006152166073635416,0.007786219213751666,0.00018856693171983321,0.11301009638691623,0.13810971500630279,0.7066888814085284
0.547052929129385,0.22675869719445063,524.1282793604972,0.01865966502895579,0.011767905507740093,772.5062587534256,10987.075082061154,5.36175017717089,14.981399906303999,0.1613050486821926,0.5311325592437871,0.24567456991343695,1.6117703121037068,0.5504524679283804,0.804898514606947,0.5751071115635387,0.8300917554887771,1.3158701220013482,0.0006153690582583922,0.007867420351082089,0.00018942203718343687,0.11309365514493214,0.13655187503555508,0.7009222233923132
0.546541619193128,0.2281308252291766,516.1936002946859,0.01872773663782142,0.011846714034527531,772.94450317365,11023.085230424811,5.350371702784456,14.92059861143752,0.16023798851260243,0.5231502465873594,0.2467044577359878,1.6032598303046885,0.5572064503461673,0.8003138451435831,0.5743973506576424,0.8246668964847842,1.313413852191551,0.0006147219606905607,0.007901272942307922,0.00018827932165858723,0.11395795372642,0.13724277140461408,0.7023432630756627
0.5491172490968627,0.22729424856348449,482.3749726456509,0.018815710210898014,0.011899953626967023,787.0939484048835,11042.05512946266,5.359156123243395,15.284498843768509,0.15573762295907242,0.5253956088246259,0.24617764616894244,1.6093570764064342,0.557595262598714,0.8023096817569134,0.5731323094651013,0.8306345065131755,1.3286272216660653,0.0006155432948254945,0.007870104776960865,0.00018851401942002562,0.11585202187031626,0.13727507048056978,0.7089648380558751
0.5485558411550691,0.22743795582930587,473.52009301298597,0.01859512027840395,0.012068927147262784,803.6295686495897,11040.438544155853,5.342215981002926,15.240659401578663,0.15015212338978065,0.5154296799036611,0.24820587871191996,1.6096054276428897,0.5582225182214273,0.7976129068934615,0.5750933501113853,0.8357394269043905,1.3319568127374986,0.0006139796649460474,0.0077346896796188095,0.00018596746672550562,0.11541655438235181,0.13450098401496158,0.7142271545749725
0.5456555294269934,0.22595157811634392,514.7161165536693,0.018591305627817193,0.01195868195892562,821.2549343602903,11036.15526035498,5.341166857379752,15.373557762912817,0.142627453177124,0.5095320486081338,0.2465341166648559,1.6005487556836788,0.5564462240450649,0.7951173562478875,0.5778872835102346,0.8360402478911342,1.327333060395757,0.0006104840860359407,0.007708786894371056,0.00018470204566274154,0.11502656509719027,0.1323425998812196,0.7212298002158805
0.5448824183377912,0.22666596453530924,530.8654010366253,0.01851796347751058,0.012036324132392523,833.5433794876501,11002.366381012453,5.337329333796779,15.53320733914638,0.14383956280907004,0.5058032407345207,0.24900831234958512,1.6020326063922703,0.5630050726468082,0.7940220199951217,0.5767413181063606,0.8269501004588898,1.3385815583406486,0.0006098406849925137,0.007586721984084278,0.00018521816335122012,0.11648475287920196,0.13373050740810813,0.7188035663954294
0.5461591942516025,0.2253984286907739,521.7945066907417,0.01860246860098705,0.012176815758631294,837.4361929310032,11086.631825962839,5.300412839212555,15.400754292424317,0.14370168841862097,0.501367094047068,0.24963831918152904,1.60057138945585,0.565799666245566,0.7944896200988781,0.5772248916573626,0.8207111633209291,1.3348360478143066,0.0006088154130953966,0.007486421547860931,0.00018695434982862324,0.11716700611061938,0.13631125287731855,0.7114092804376595
0.5477838932192161,0.2251187516537992,532.4272665748412,0.018537288710686984,0.012233223900398977,842.3085977397359,11091.812623334847,5.299603837592596,15.268717474506314,0.14480765176428165,0.5021384505489784,0.2477536178602382,1.6035964848602056,0.5679421382655412,0.7963635425619564,0.5812880381495804,0.8244172504913986,1.3467322628909715,0.0006057220793210483,0.007489579923060843,0.00018730796568886923,0.11758460602137996,0.13866798092245614,0.7101416955673391
0.5489172372257958,0.2244495002003867,548.7083065226432,0.018573212130186048,0.012269002399751837,847.0664339513628,11205.054757892973,5.28595903016209,15.170779371096103,0.14011731762666377,0.5026540412690719,0.24902555685567654,1.6046249961014796,0.5671979752893123,0.798528322839293,0.5834343954018215,0.8225038762966284,1.3591785869336983,0.000608390094536694,0.007424282338351709,0.00018675651633047577,0.11706192222923863,0.1383793127091546,0.7173720317476158
0.5510937571796891,0.22516338476770342,552.3614618661147,0.01850328267055215,0.012377236913248511,837.2334286711839,11111.020612693328,5.261411014087888,15.168946031995565,0.1398503222972567,0.5027901218186387,0.24606854940635137,1.6054141760126879,0.5647092908272202,0.7978258919301947,0.5836545322015514,0.8272776855612177,1.3536543601809174,0.0006092639487132313,0.007410686116474868,0.00018643417381987594,0.11585494322828895,0.1410355558186547,0.7151046937695869
0.5536824664590978,0.22504904340234866,577.4076942825905,0.018369751531658575,0.012407431731940343,850.2146716566214,11178.942022829806,5.2598493464746365,14.781822720021305,0.13816531778223126,0.5019765000876991,0.24512944611066623,1.6113206916182186,0.5657216552158107,0.7938021871726673,0.5790324443754943,0.8285956494811709,1.3569429183110315,0.0006067651758353416,0.007367987629494442,0.00018738457610445103,0.1169883440070543,0.14582954183964839,0.7101154978937883
0.5545774614103227,0.2255086325097986,554.5066680226994,0.018231218497705468,0.012204525502219569,848.3716106928282,11167.617684453138,5.240801735152411,14.852533519114814,0.13916639396779418,0.4963875816125343,0.24071800822398742,1.6159497099983884,0.5624388350856241,0.7915281846360996,0.5749385228019541,0.8310905220554521,1.3548505069351038,0.0006065738277622599,0.007285736433688431,0.0001857662535763682,0.11774198915687212,0.1476541382941584,0.7058134226539994
0.5529940056112683,0.22479519852336818,583.155447527513,0.018582524454026212,0.012325966290960309,857.2988310115451,11145.456957446077,5.256786700247908,14.878732562687725,0.14693126387192332,0.4907932035973967,0.23955149785962662,1.622401210401068,0.5604469692870051,0.7920467588896061,0.5739973469152148,0.8296841574434781,1.3635786894726827,0.0006035539152690392,0.007279449101476628,0.00018509320319468232,0.11786648901760877,0.15032946318554008,0.712378037370358
0.55322518682348,0.2245245202115811,571.5171475248134,0.018372915869059005,0.01221869915693368,847.6935211622365,11146.827203538815,5.298300689823393,14.770642124531646,0.1456696107569665,0.49551350233064057,0.23959443518244028,1.6302044121042163,0.5621024381026868,0.7885958916857615,0.5713362294966622,0.8341663006164659,1.3637491038284673,0.0006061613423206931,0.007224403655727212,0.00018482914216359406,0.11697042357368694,0.15328188233054904,0.7173578572632087
0.5550982463450759,0.22448962876249634,561.791353935719,0.01827877211736342,0.01228527731509303,842.857921003444,11025.929172705477,5.314761887843845,14.714151979835798,0.14146603713180866,0.49642946847947617,0.2387243867303007,1.6417616546093627,0.5599165206863854,0.7930365407925054,0.5705944893881809,0.8399548319541486,1.3592313312504316,0.0006061990658589962,0.00724117390011371,0.00018581187622438843,0.1171306434482247,0.155689308508912,0.7114645294560262
0.5519881067107826,0.22434338084911015,545.971281960551,0.018321799974418344,0.012277027574877083,838.2104423957788,10964.646723026897,5.302312417723692,14.246589073188856,0.14015002346967634,0.4992766990450474,0.23835336074142707,1.642971359220802,0.5623096617125223,0.7934421258978943,0.5670596322262552,0.8327731698922292,1.357283373373627,0.0006049054881263688,0.007190528311324026,0.0001850799866481918,0.11655456326205117,0.15730134977360521,0.7101245332398212
0.5518312640864116,0.2246281053484869,526.6260042447676,0.018502919452518002,0.012206172663578043,834.4456593102976,10807.514760786658,5.330328115505577,14.220943334237772,0.148323646666421,0.4922659536701142,0.237306886448312,1.6569028424230376,0.5622794977415582,0.792510147940906,0.5724638395076836,0.8354476169796333,1.3610201079110418,0.0006050508826059369,0.007199131396949767,0.00018425475896305512,0.11723359545453066,0.1627312910234407,0.7111648685695188
0.5515907112433618,0.22547176394969212,515.4359596383306,0.018517341471271535,0.012095064467949989,841.8773777722121,10697.765057186252,5.3157897762788116,14.214146126927691,0.15418836200072683,0.49524350350835145,0.23286663246336836,1.6591854578185636,0.5660477843450501,0.793074453501254,0.5711488043525377,0.8399017421122915,1.3688197300278975,0.0006051380682447785,0.007164689388079982,0.0001853224256238995,0.11816022423913793,0.16281840640009815,0.7068451132257236
0.551904121178817,0.22514324835793448,554.424677689943,0.01842312616289013,0.01203321060214837,862.3774142377624,10633.210711228445,5.321935231616729,14.195601609753647,0.1507673703120124,0.49512665916152954,0.23433128234357117,1.6658563260568509,0.5678478374610354,0.794278600761147,0.572047692781908,0.8312458289800846,1.3597674733066278,0.0006073477298482969,0.007217317603532316,0.00018808459491519952,0.11748533799432888,0.16338419791199324,0.7066225269320988
0.5518731201532442,0.22463952709156326,545.2300264284431,0.0185524080076767,0.01195349592429705,858.6288333457992,10608.951709691904,5.328318738356435,14.30128565246054,0.15834004316791536,0.4951666632344188,0.2392952375120818,1.6687276858759967,0.5657204117052019,0.7928534716976451,0.5693499070369816,0.8456290553886422,1.3498976287265974,0.0006070981647181398,0.00725552697427636,0.00018939780772874397,0.1181709560073553,0.16610652017158464,0.7161490897282408
0.5503960893627593,0.2260673659745667,578.5356373035838,0.018249642310867585,0.011896633965888645,878.2418576151606,10570.217845482752,5.338493949728461,14.303414045703686,0.15931626380090524,0.4957883822444512,0.2411481515381831,1.6644761814063822,0.5663618895487141,0.7957214889340595,0.5691975748882299,0.8494506571085301,1.352113342970143,0.0006091382887920799,0.007210748334120806,0.00018997368938744494,0.11874821491759396,0.16712834587616063,0.7211833621294828
0.5512096761174676,0.2269830599516412,541.4081593253736,0.018139171943127266,0.012010292153654411,885.0656760346387,10507.651396408852,5.342466674686805,14.283997149048984,0.16622169875466905,0.49770327431287403,0.23713927245028193,1.6475551244917876,0.567520520163039,0.795503882912432,0.571292171238719,0.8474458277217447,1.3552022002924182,0.0006077763531968168,0.007232811004391606,0.00018981380037293565,0.11965603119556475,0.16728150241999243,0.7171929115337036
0.5494624482308312,0.22730657019671607,545.107449851535,0.018053268280944133,0.012172994666937343,900.1417451877089,10564.877243243367,5.357150333216336,14.472661276848473,0.16613500592062508,0.5038853519576043,0.23707895662166964,1.6517210518781598,0.5673830221789288,0.7936869533656715,0.571052117304758,0.8565966618182649,1.3496522339069894,0.0006110604509461937,0.007267499765471645,0.00018991303675527962,0.11937740130605039,0.1675096932263638,0.7140800756675248
0.5481160848249228,0.2274586551724421,546.8146424811241,0.01814384362737314,0.012004012718434503,909.4180459849716,10629.142047835663,5.34120298701959,14.217405666046652,0.16508300179600816,0.5056049856734985,0.24179942494578777,1.649507186163057,0.5660136286114825,0.7903443030366658,0.571525174930525,0.8604210098098877,1.3400206290443695,0.0006058122408616962,0.007221491417817737,0.0001898458526253997,0.12046554154408762,0.16719089076481117,0.7041699698579413
0.5483395357719542,0.22754545989329186,520.3046620715456,0.018081352154120073,0.011771322361676358,916.7140867456542,10546.05019220909,5.329358507511785,14.156641270682679,0.15997574338230927,0.49626276478045955,0.23962409344877245,1.6595172154094264,0.5662867351419338,0.7941667490453199,0.5675279385432931,0.8571929816408012,1.3417351103501436,0.0006054579757997612,0.007340455303516457,0.000189778267962237,0.12085700811520578,0.16599850025928814,0.7044322622924665
0.5518513777411609,0.2275052658538678,510.8923451834405,0.018201138642049662,0.011909993382021951,918.951052498889,10628.764127291573,5.349073981528844,13.987192548690986,0.1637786598775346,0.4879118203380866,0.24197607795229323,1.6589845206899012,0.5651134903530715,0.7934758370873116,0.568676046872841,0.8551506450925678,1.3357108210937483,0.0006160341896453821,0.0073169773518829756,0.0001919224423344926,0.12020440209550338,0.16625890412042144,0.7091458906847374
0.5560260000430303,0.22825522658581618,542.9983824466048,0.018177907995310456,0.011920964951896025,936.9970056374495,10619.29439344934,5.359044894440904,14.419250512424789,0.1719218944395094,0.49730096160915777,0.24572711275123305,1.6477819537507126,0.563589967610614,0.7935169998689665,0.5726990866205385,0.8500138864688396,1.3402719007329922,0.0006110862317167921,0.007455615429886296,0.00019105647194652054,0.11876533230486544,0.1646183275182599,0.7005162495397351
0.5595714105689444,0.22787288235109432,545.8449857801426,0.01801051993881169,0.01180909968859081,941.4571398882329,10520.64452492074,5.357768611054245,14.481295345060637,0.17502428326162991,0.49502195282667416,0.24695901608534848,1.6490693895700734,0.5648708441387397,0.7983755933170671,0.5752083573467665,0.8368182962654562,1.3462277168304002,0.0006140216164307113,0.007475504231995361,0.00019098434855906255,0.11916231082317985,0.1643904818875683,0.7063626997626722
0.5590437243764649,0.22690919740378007,601.8834329136699,0.017835689586740755,0.011979274952090413,941.86504721418,10455.66785970407,5.352226976406298,14.392659046138075,0.17382714648747388,0.4980063181938907,0.24115223645682296,1.6541886649796484,0.5622302492295455,0.7997219323708482,0.5782574087394479,0.8374332970589264,1.3667917121546285,0.0006162336919630051,0.007495641660123207,0.00019006756446423017,0.1200764556694883,0.16571990947136891,0.7118948244464326
0.559754995142957,0.22741993113080972,592.653288471722,0.01767285278973438,0.01191721465540509,931.4342014792002,10375.007224882682,5.342500513087604,13.960523455542473,0.16948175448166214,0.49831676153670706,0.23618079980866694,1.654993474501771,0.5632895000245965,0.8027327799681909,0.5787067032885179,0.8277450931792805,1.3736104164235905,0.0006131824518528692,0.007429648437530283,0.0001897441569422631,0.11911824899823133,0.1683074308254616,0.7214351177610737
0.5632761998474648,0.22607223826171913,589.3935144195389,0.017730662684219276,0.011692087302948097,936.5221273599748,10366.204225044963,5.352796453300899,13.974749529007209,0.18170664880102796,0.49081519074994395,0.23898587385076128,1.647712390043908,0.5587007448960027,0.7994264311936047,0.5766039862973888,0.8293470376313751,1.3761640872352823,0.0006152508157290308,0.007410370897461914,0.00018811945058899108,0.12006868609092769,0.17533399546003586,0.7119649594984139
0.5596973231234738,0.22673212264809076,594.9964662696887,0.017771989779961677,0.01145568904647601,926.2069634882546,10389.758076434675,5.356959021763626,13.81951819001537,0.16839699408671602,0.4803342960221739,0.24165261247780287,1.633754076092527,0.5604142908809543,0.7967224506121654,0.5776258671146288,0.8382788565596431,1.383192753811754,0.0006180777604784396,0.0074358036099850255,0.00018905037390165474,0.1194930520674803,0.18187035800031512,0.7072387142148754
0.5606584649734871,0.2261157007244671,600.0572578705967,0.017694816341132683,0.011488475594183664,925.536218581853,10415.42821433048,5.368813051433499,13.993314072906774,0.16688945356030072,0.4783313407253254,0.24543030516910574,1.6308816254793814,0.5603284164515127,0.7978559334816467,0.5774291794617692,0.8322819623353588,1.39394540927262,0.0006127338646383986,0.007421167083284901,0.0001903564574423777,0.12032150894313967,0.18135238124718883,0.7140219902716356
0.5592930596142482,0.22648111936860923,579.3060395063712,0.017689584221045152,0.011574284813371217,929.3958766637617,10467.183162401258,5.36612081122943,13.992924871104297,0.16594486494072003,0.4778994321922828,0.2418584878621889,1.6292487674396883,0.5616580783228253,0.7959066397216155,0.5783687870192263,0.8341499742755317,1.3822797617304667,0.0006098511793208681,0.00744024605479702,0.000190191179695833,0.12046204211402826,0.1816985335980726,0.7090245336111651
0.5559127991016072,0.22723729657135106,593.1391602715779,0.017725400000699228,0.011744381363767093,929.0823917458051,10499.30359004387,5.383911548149726,14.143705583007254,0.16467837858620418,0.4740467117791274,0.2433397675366847,1.633104934543089,0.5598719011045362,0.7985641369433756,0.5772376042379227,0.8346338672937019,1.3644675911359805,0.0006019538866930628,0.007308112834923629,0.00019124408755542567,0.12065637948267621,0.18211150278773358,0.717077673555766
0.5532409064039424,0.22695036572413926,632.1015268262234,0.017555062573533706,0.011960265139151736,935.4203187058675,10409.204621261293,5.365068647709324,14.0418884648157,0.168317073967429,0.4749035940552289,0.24146360949619797,1.6312988406703575,0.5603928527344431,0.8019287918099429,0.5773794133454371,0.8202789257333734,1.3698125929652334,0.000604305094232836,0.007312016591682951,0.00018968723891087106,0.12013437013422494,0.18418779203430138,0.7109457089714352
0.5546337567615937,0.22708827442007842,628.8526515499277,0.017660523623052593,0.012302336606323079,939.4215381660681,10440.94581554801,5.345198097548283,14.243484566235244,0.16489968146205602,0.47342230174628774,0.24066929954364416,1.6291121385111085,0.558212150771194,0.8052399806774198,0.5796015528203611,0.8138845655660107,1.3825566181840365,0.0006045465595576878,0.007295017989903734,0.00018813476248581704,0.12001562841751795,0.1856055307686338,0.7084583200971107
0.5571352703707172,0.22687797962015974,633.1243669662879,0.01760586043871722,0.01223256285950379,937.6002795338042,10348.158813529672,5.348990857339163,14.338372277863547,0.1647792810172705,0.4629725655727765,0.23796281658333007,1.6395780051568976,0.5561375914869888,0.7993019961139621,0.580018221321446,0.8104320208246913,1.3947466267637536,0.0005995655040551735,0.0072951707011932486,0.00018606462347290397,0.12294349071616564,0.18411718300178498,0.7157678708052323
0.5564572225833758,0.22599170161914425,620.956501338606,0.01777689509868928,0.012128870412539653,944.7888985779899,10255.015328049198,5.332191967450344,14.216029816808367,0.16350200246226346,0.46557755356860686,0.23776773124877987,1.6289147952212653,0.5561864702977056,0.7977366506993674,0.577737055017393,0.8088020918108974,1.3874380536101334,0.0006018904213342678,0.007338999876333884,0.0001858795895017353,0.12318238968398434,0.18154450676381387,0.7144492156559508
0.5552039642113743,0.22542682680440354,635.9102929628128,0.017825433114669137,0.011998811800394835,920.247664627219,10142.76685760845,5.276986385632704,14.089584209609251,0.1617189782483229,0.46303641295785686,0.2386611698804854,1.6150199552552575,0.5555043892690633,0.7984933081728506,0.5799152882605554,0.8087236176624489,1.3976847296753983,0.0006036372003409167,0.00731104090499368,0.00018504191662005223,0.12219736170815211,0.18704920886748086,0.7067808765503404
0.5533717803325752,0.22584730498327762,570.7910632748748,0.01818200666711247,0.012068915147467234,926.0728503152927,10058.339998298485,5.264490890706521,14.477122586174216,0.15747937706961215,0.4610529494509518,0.23459280070268537,1.6227261705505878,0.5564657263564426,0.7950054119004502,0.5768644785573095,0.8049776691883644,1.394846493242413,0.0006047241703390797,0.0073538694463849965,0.0001828314159988383,0.12024709887952593,0.1880771007581727,0.6991464165388663
0.552243778564195,0.22627219110589397,549.1062387047086,0.018177192514150054,0.012221870383813031,930.5488069568626,10136.778994255756,5.268935638572362,14.53516760461526,0.15279233127656483,0.45993375288144495,0.23648126628882596,1.627634603082547,0.5602195029151829,0.794909735805564,0.5763062864216013,0.8037007652355872,1.3785112402165705,0.0006055638545083761,0.007349839897572867,0.00018194942469545487,0.12020280476173521,0.1893918706402427,0.6998689564138132
0.5528657393854078,0.2269043895057384,581.3506583213098,0.018301285663170096,0.012345420717583162,946.6271698250982,10227.382911042943,5.241444053408978,14.35556162217426,0.1534215722903962,0.46395880712377113,0.23709114623601735,1.614161834651722,0.5614476201365302,0.7934351787621434,0.5769946652413326,0.7968880041822012,1.3687793994188604,0.0006092327818405854,0.007335471420319116,0.00018043239042116437,0.11957049591219449,0.1915765546332396,0.705008641480426
0.554930155928882,0.22658729633841587,582.560095854061,0.018220797470338317,0.012391009915868938,946.9351737328254,10002.683390621578,5.261090504543205,14.428174330094748,0.14894914498700304,0.47187627972179197,0.23670775308573627,1.606809480082848,0.5595785530045364,0.7961495251111692,0.5762570568804821,0.7910520394147063,1.360974725739038,0.0006141263315219904,0.007394870347612886,0.0001807049328298502,0.11864911305580128,0.19052417057149496,0.7091953485620209
0.5546546215494351,0.226613520974307,586.8045985206268,0.018287281352943205,0.012207036189687675,957.2082903959304,10083.139424216182,5.259071443920983,14.205921850625877,0.143229554420148,0.46570531361711887,0.2377318032108001,1.6029584708181168,0.5597971021881177,0.7950680530011479,0.5754179232454096,0.7858899373834302,1.3557012206241421,0.0006206071780618587,0.007426990458204449,0.00017976593125427204,0.11983514020803017,0.19061575691053184,0.7096314584963748
0.5560016918945051,0.2266165568035024,577.3381874680938,0.01836032815105459,0.01202399774974097,957.5888285456894,10140.80374871044,5.230160311688451,14.167477622751871,0.14184789797838285,0.46767265249288736,0.2383261332545803,1.6037339322556095,0.5575715311221717,0.7920309938711775,0.5747383029202361,0.7822613784815279,1.3544800463778544,0.0006206912902662482,0.007451150812427093,0.00018025614435442843,0.11931134171548628,0.19184382253913268,0.7041846866217549
0.557328026416152,0.22518702357357956,599.4848429877567,0.018266365936401734,0.0121840617406986,969.938651264535,9945.81890168937,5.224675583677975,14.224509631546079,0.14425911686128515,0.4625109154497283,0.23967135872891965,1.6064878009607617,0.5537935375973168,0.7935429531426009,0.5731968715414145,0.7824836828376741,1.3574076239972943,0.0006181825339206037,0.0075211892266936016,0.00018049904343593644,0.11917870515898836,0.1915008103520933,0.6990235789992261
0.5573158192299248,0.2250885034090132,617.100201601278,0.018399961535568565,0.012217935161870109,968.3675921656868,9915.199775806435,5.216747795094845,14.286700613191305,0.14126127796772545,0.46921374635460783,0.23787483102422044,1.6026701684203621,0.5566299863280696,0.799147315819099,0.5705349568554823,0.7848735550246208,1.3523084615602294,0.0006196255356657623,0.007520361272220091,0.0001806768217817511,0.11823295875170213,0.19611230173831204,0.6954439566175881
0.5538021237399608,0.22480936259566064,665.3846578506937,0.018213374063372558,0.0120831647447385,969.2098411795718,10009.15879904072,5.208714415490309,14.18331776297285,0.14010950121185353,0.46785991333636046,0.2367528166478724,1.6033936606358503,0.5582099957762674,0.8014446997414886,0.5701095392729728,0.7891476179007941,1.347964592720383,0.0006194513272138565,0.007556441371662122,0.0001830330682499371,0.1180374909487663,0.19673281630166972,0.6922107597049274
0.5548845150228252,0.22436972541976216,674.6373352347485,0.01837431264369796,0.012082662808419024,963.5001575652602,9953.065834883817,5.210201954239875,14.2395269309445,0.14378393507404313,0.4687125712073198,0.23959126040062823,1.606141564709916,0.557918166522919,0.8006167819647384,0.5724157951483955,0.797674476238194,1.3474911902896831,0.0006183434256574715,0.0075777145912455076,0.00018426840572733602,0.11888730426580443,0.20013073204023937,0.6933241510894401
0.5544727495632523,0.22459398455512752,675.9979124300727,0.018421988451699674,0.012304096836822423,965.992141752346,9866.917058990864,5.203263727795633,14.282929204880348,0.14907583523858017,0.4616307388749167,0.24315272349692257,1.6138759635065192,0.5621161807280093,0.8002830283952761,0.5740679130648567,0.7976046338894991,1.3424287567294675,0.000616356137011856,0.007677783192591765,0.00018377179796109165,0.11621010159379806,0.20136414026755597,0.694107481438659
0.5544920375929072,0.2242332229062403,694.0502682691592,0.018555903686265935,0.012354214399537466,962.3837464387972,9876.572212984456,5.224052935699592,14.443462070985543,0.15306506465824957,0.46469543843764066,0.2458956002050377,1.6097060877078846,0.5606126904602453,0.7998134675906481,0.5729560024689139,0.8073484273354329,1.3198632657461113,0.0006095421334230265,0.007636183601313002,0.00018315211805553078,0.11572687658495671,0.20458347147986625,0.6940715426014675
0.5567468633743617,0.22558000337271442,710.1749690835612,0.01862440720278862,0.01238004709535925,960.0785802057416,9860.752671931572,5.207358040247836,14.428988650270945,0.1529455251400691,0.4594735845763807,0.2451810299776151,1.6095274169034244,0.5598325704039097,0.796014284603869,0.5726374469195223,0.7994411157095019,1.3158879585178098,0.0006103405365702304,0.00760336918485464,0.00018313620748656168,0.11669497770054059,0.20121247552597993,0.6869434334967963
0.5558551932633123,0.22725586674701953,749.9390782396111,0.018583425990799863,0.012481710181457472,940.9975376499289,9763.484564739569,5.221786292840786,14.74067906033045,0.1498481205049705,0.4674709384087033,0.24565799804238453,1.6016684798041048,0.5577946642884616,0.7967569542731362,0.5731558447244884,0.8016793182070746,1.3157565938301725,0.0006044592537709112,0.0076240985953197685,0.00018475107960810638,0.11597101319401021,0.2028039517816923,0.6841152446368265
0.5543621673935699,0.22737599457647542,739.8278801962813,0.018633981514602233,0.012369953791392533,934.9670418512848,9712.36260356855,5.229776565794871,14.833111648489208,0.15722137842579662,0.4626508389752112,0.24364837917211118,1.6035282061992664,0.5560871204755689,0.8013577810633915,0.5732849300964014,0.7955804874898257,1.3100543643431524,0.000603007339914784,0.007471924688512021,0.00018541807983454722,0.11494509078206072,0.20132017154565854,0.6788355523879708
0.5514144798438115,0.22883228719191473,749.6860856070048,0.018287459854134613,0.012497333629334115,941.5418375099453,9801.09824973208,5.241665892141501,14.926216867895393,0.15430166445804497,0.4651412409884705,0.2440322337563615,1.6000625973668934,0.5569787185384759,0.7988399092360959,0.5666274323177127,0.7916140986435781,1.2948366442999153,0.0006073721265829521,0.007370973286813241,0.00018280420214400795,0.11379956797221116,0.19978024146558773,0.6746835035219185
0.5482979978494285,0.22851652688041119,718.0653794097346,0.01836093834209278,0.012179953608452804,941.2654043820907,9774.190656500075,5.227558929908809,14.74710580575799,0.15545560942304573,0.46196462663921706,0.24244714035503628,1.6081091622326615,0.5565078381629726,0.7966088212927562,0.5691330032191882,0.7913340119292076,1.2929810783956222,0.0006084664355816152,0.007397661641428379,0.00018310149663459656,0.11399644861829221,0.2010739815441484,0.682950344492362
0.5477050419006043,0.22803605724686007,719.2991729669118,0.0184166573727332,0.01236155755515658,948.108604135205,9701.950521923052,5.233722796317639,14.717473662713832,0.1516130204242955,0.4580283758649046,0.24262591599886735,1.6084290329457607,0.5556258775435255,0.7960458442257559,0.5719142844885675,0.7864792145255802,1.2948616326828934,0.0006073050285773733,0.007431714493089222,0.00018149776280368166,0.11234234627217751,0.1973641837885995,0.682690373031252
0.5463630761340852,0.22842693422360202,729.8590381266737,0.018623781890574554,0.012275319626949305,939.5585375540685,9745.737354811621,5.2489667871311,14.588326299398942,0.15226869303863833,0.45200495887897213,0.23736105051419876,1.607519719227479,0.5564733859272548,0.8058050303505645,0.5736233821692082,0.7885384027402524,1.2908003104354882,0.0006058402738004453,0.007466840534560644,0.00018108212232930445,0.1115573648371967,0.20041202227220342,0.6879487665927535
0.5461357165365762,0.22830100899945016,697.2406418203968,0.018482689279441043,0.012228591627515167,958.3312104497447,9628.544429096519,5.258759734003685,14.595009483430145,0.1522762502511863,0.44575250351473017,0.2381310422194049,1.6126490006897913,0.5551226218029357,0.806746531305012,0.5751701717454994,0.7869102526098917,1.2879708117192787,0.0006047001850128554,0.007467821260988288,0.00018089124960250937,0.11444785337412683,0.20039742485462259,0.69439391653716
0.5451917570855459,0.22824380415451692,715.1792989254811,0.01853059413736228,0.012298883832714123,947.4039366471752,9743.711316645267,5.243028873309375,14.777357088274469,0.14687795290484917,0.44466178737700707,0.23674435758551796,1.6076780820757623,0.5553109247725678,0.8054179737640234,0.5769912661052978,0.790981815414873,1.2851955372043178,0.0006122601197441,0.007479715481322074,0.00018030684314535397,0.11456488294002032,0.20221767900254653,0.6924765061372062
0.5475799585697694,0.2295652493977299,713.2738040915021,0.01834851144789131,0.012474812038665928,956.9570182815603,9694.75801685978,5.253798711575471,14.800426031154107,0.15745418557524934,0.44626727641444547,0.2387131538646565,1.6108741854935051,0.5558552432106243,0.8039536099760041,0.5769939129896715,0.7921298182573348,1.290707921389066,0.0006128695458074276,0.0074396520762675345,0.00018130782578438712,0.1137182855004716,0.19928324227857488,0.6861527100075696
0.5482570544134517,0.22868410925960544,730.885673461646,0.018149156232154434,0.012619617172816245,961.7143006775553,9808.891142600258,5.270554882488301,14.918804614345168,0.15598535356369664,0.45391606346720775,0.23839128021252284,1.6064405499246064,0.5567158350439106,0.8053660724266789,0.5837562852480861,0.794099927630315,1.298487269265137,0.0006098801917701646,0.007487736493332498,0.00018025230507523948,0.11311001630419765,0.1999347809887586,0.685846519757585
0.5494653938209755,0.2289557440577693,774.6950714761414,0.018085278162681222,0.012647813933146686,976.4472206925474,9767.836253190859,5.246693273363038,14.815640831569267,0.15982319001986345,0.45335502152322826,0.23569629834919148,1.6154786771696061,0.5583494529144815,0.8079679867069215,0.5853701547122703,0.7914007186701694,1.3039499787872786,0.0006154511485728661,0.007484793741275961,0.00018131969829954345,0.113214118052157,0.1985878605382989,0.6885067022978795
0.549383875355929,0.22806728409994914,779.9540925067868,0.01783739354732214,0.012958733929246546,979.1301087569752,9854.582949201653,5.2770437821989,14.971238990755742,0.16623567119012006,0.45420117424023027,0.23347593075532638,1.6106243477419762,0.5530702295516883,0.8098311484028173,0.5866387291582591,0.7950441906213345,1.298983019159692,0.0006145080798364205,0.007401333324201767,0.00018137613616916624,0.1136555767226517,0.19995149595900408,0.6939969801700736
0.5480812948338871,0.22915691840472344,771.1388984954432,0.017768459661447505,0.012740588543653826,981.4067373965373,9847.232893809789,5.273794992661537,15.016703294018926,0.16795726653608167,0.45044961263882677,0.233206481721354,1.6023080831106435,0.5534913187757976,0.8118062328670846,0.584900451998885,0.789996955605335,1.3014908550394642,0.0006150603915832743,0.007323636013988226,0.00018224449161552433,0.11388476127554416,0.19823402290026687,0.6969238125641175
0.5490434581057063,0.22824163071575804,773.8722756916295,0.017729039671907667,0.012992390374187882,998.3811374788919,9810.00956348992,5.281886391818342,15.058626303456322,0.1681451540398169,0.4523990876351288,0.23577547897281767,1.601351682760909,0.5532861283152076,0.8149839819832638,0.5831727911286619,0.7800686350103142,1.32109291783278,0.0006140158624065254,0.007341206386290402,0.00018209764736951627,0.1141058445771708,0.19923500718206352,0.7037971893451176
0.5511795153835317,0.22843146762242983,792.1884035729727,0.017525218530910047,0.013356728832462781,1007.595834779113,9805.282308520185,5.295089827986404,15.383588126350652,0.1685806010694346,0.45205123528193986,0.24000672281394256,1.6036077525114079,0.5552117152796827,0.815624817631966,0.5831045293295153,0.7877471035694291,1.3324068386579706,0.0006145360739077125,0.007368745356396139,0.0001807414019360793,0.11446104177029835,0.19835850147994513,0.6990133028005733
0.5483227424857303,0.22812938849571096,750.7755322702624,0.017388842988208423,0.013082942823874438,1007.4009861306774,9755.434271994927,5.291118085261593,15.362089940679645,0.1607146165909815,0.45463379254117176,0.24072557378920312,1.6012206724663767,0.5549608447960539,0.817601641586998,0.5819794272643164,0.7838271333965952,1.333183063171502,0.0006134573668701913,0.007481567835286009,0.0001792393931780164,0.11398689033954368,0.19778135992856488,0.6978385535582518
0.5479620232012834,0.2283826863342909,759.3585031413899,0.017380352173222178,0.013205779970148556,1011.4391470297725,9651.008777994772,5.265071392647636,15.444173912826333,0.1645544242309409,0.45457783546786934,0.23817313718936417,1.608246659195747,0.5536871876562894,0.8158606482303555,0.5825007224447668,0.7775234473263696,1.3394780534637667,0.0006089941204538734,0.007460534578796475,0.00017942356870495144,0.11494906157331294,0.19903495678027536,0.6905299862858195
0.5465809145238407,0.22745442721848358,797.9325279521074,0.01731246995362018,0.013317144402513713,1006.2015870246217,9696.446263015603,5.314684788227104,15.378241988224167,0.16619971350277923,0.44712655207497354,0.23798462965838157,1.6075659290321878,0.5543009851414274,0.816700115238528,0.5863408835846091,0.7814746877472935,1.3599714494680037,0.0006040408080126537,0.00739507724087646,0.00018236523026788883,0.11327486625693955,0.19707575409622585,0.6973185478504224
0.5462338383407702,0.22806937470051897,773.1247158111624,0.017485148099454683,0.013337530233695095,1007.4934319556633,9705.763431339159,5.318396355155835,15.384470809753932,0.1599741750206217,0.45358505157232437,0.23746316767403594,1.6032921486676226,0.5532092811715105,0.819259662751287,0.5883307733126771,0.7778456609784691,1.3696613694633553,0.0006032753896411389,0.0074056264044885965,0.00018385531742744224,0.11400241012153546,0.1977288659184553,0.693388723026552
0.5472138519711127,0.22754589458013938,770.1669383317651,0.017792526286109445,0.01343404166454498,1014.0774296642313,9759.873321670806,5.33059129471075,15.45902140128233,0.1637687858478332,0.4444489118610598,0.2380583354984121,1.6039041351410304,0.5542931208730313,0.8228601032852725,0.5870266803128442,0.791246812393571,1.3629772024091238,0.0006047268262234208,0.007441973061745231,0.0001824959901056733,0.11215634901154109,0.20015695480001172,0.6943122829845002
0.5474493587175485,0.22738715664149328,788.6658893517044,0.01784439011617926,0.013509340398355179,1008.5303665106089,9710.604477549527,5.354068271070026,15.560974702294166,0.1631860886403645,0.43837042438494994,0.23690476446387154,1.6021052949814947,0.5546442467622621,0.8203352372630099,0.5849631764456379,0.7800798787924966,1.3680235168701773,0.0006071065310193115,0.007464171070383207,0.00018378150791955732,0.1113130785281433,0.20077092727491114,0.7025894692175692
0.5482815322497004,0.22858920984080794,776.6668579339367,0.017819310421069053,0.013407500036200181,998.0245638362447,9619.433802067375,5.353774714195884,15.477450435740952,0.1631329834887816,0.4377579006436442,0.23705246369639213,1.6063725900374604,0.5543091521712785,0.8172160200100452,0.5805438919579372,0.7820865875641329,1.3726256439659308,0.0006082758433072707,0.007435193838119002,0.0001852790162909229,0.11271943364474325,0.20362288180223317,0.7031697009922078
0.5485570515713005,0.22722663890737443,775.1988817804835,0.01779061701640754,0.01329636133443042,992.7139458006379,9667.49756774796,5.344315034950131,15.613488159022381,0.1491758161996405,0.4501558003255229,0.236471382227784,1.6070785677272392,0.551485779239514,0.8220496052391725,0.578093169576483,0.7776256429795869,1.363684802019494,0.0006072211968734374,0.007409854173064778,0.00018446219494556117,0.1109920459605248,0.20414496193561227,0.7018671902208561
0.5487691508264558,0.22672535133847388,765.1516253880083,0.01776862211935851,0.01356822535007667,998.0138422618091,9623.872379192308,5.3337341436678605,15.333345222273234,0.14977994728784405,0.45421414945237154,0.23620248822142775,1.6193839894808295,0.5528801794084987,0.8243553729907591,0.577458983904132,0.7829781310401913,1.3628970445366095,0.0006065006438486116,0.0074645387212517785,0.0001826163741728822,0.112011242575866,0.20831607471530267,0.7045083073404652
0.5470592229665899,0.2258478655339365,749.1522709652344,0.018126886620520415,0.013631156744619151,1006.2317861670168,9578.178732565739,5.324624157433984,14.911138759352157,0.14984287336539467,0.4540598705142885,0.23230585697854705,1.6147661237399564,0.5504824640028934,0.8219304797964722,0.5804806509604117,0.7797626577413769,1.3591054344714764,0.0006057257375394508,0.007421478419754552,0.00018281223003059906,0.11374668130868582,0.20718004162303,0.7020464309274027
0.5458607799594873,0.2264581165597692,796.564421957942,0.017976695906816425,0.013467293227444336,1015.0085205571326,9580.685525881263,5.333537172442589,14.799551896180551,0.15018569519441968,0.44227812590347687,0.23649854681785695,1.6082992733500705,0.5511111086365985,0.8198060512175027,0.5811505679217903,0.7777615674477084,1.3560751229508525,0.0006104225075298789,0.00743663787678672,0.0001817807001687397,0.11469429617018667,0.2115747974349329,0.7084956709477752
0.5479631322043971,0.2253686481032535,792.3767860177921,0.017907035677366775,0.013493324214112335,1023.1239470815322,9566.156848221302,5.32035397435593,14.914808469106358,0.15496184767046017,0.44355879575239826,0.23791912922952696,1.6067438639466631,0.5525039769048881,0.8229862846622588,0.581333796632307,0.7798190183583475,1.3568603701564008,0.000609314533225347,0.007410449871382629,0.00018193337380898621,0.11420989300573518,0.2112958159885537,0.7097719096359377
0.5491761808777169,0.225283245964718,789.8968822367606,0.017958236559131816,0.013485324363779898,1021.4719545810958,9643.721289565307,5.318427263418523,14.949533889186988,0.15712899372116834,0.44616089539808046,0.23800216099135235,1.612721074782823,0.5533669740780666,0.8224669147265704,0.5790101002128102,0.7760220077038452,1.348321011578925,0.000605530283454784,0.007438434898789787,0.00018171503350547565,0.114890280392784,0.20907616322587916,0.7197214698873304
0.5481234045540422,0.22570451832232474,833.6651815690145,0.017960840493338254,0.0136111573229493,1027.4182807110178,9621.136906196038,5.305583296704309,15.114072123958982,0.15694058463860647,0.44992878449153484,0.23666548577752541,1.6100408682124034,0.5538934144720692,0.8229672515604433,0.5817771093376659,0.7774378611031196,1.3489129628543337,0.0006034017543112453,0.0074275759944682565,0.00018041608687484548,0.11532063103951459,0.20945249574566424,0.712333040238886
0.5487535588849203,0.22625244095850666,845.0273080106194,0.017779635507268236,0.013548064386323434,1033.2523713622556,9707.186471760411,5.280949719955856,15.001122486974404,0.15022642183802637,0.4501493476895225,0.2361043186406247,1.6026174320480555,0.5516890018212117,0.8221209538557381,0.5794006717747867,0.7819659706893947,1.3222713644919089,0.0006058609942673989,0.007424308006198253,0.0001797204754890738,0.11409571368779294,0.20598651637980886,0.7183060545931108
0.5501182554684808,0.22646054957186013,830.5316029696597,0.01800484484969405,0.013603139235478841,1038.6271295802096,9587.574202153402,5.285630766460014,14.970790638359599,0.1500146588271782,0.44319979242091656,0.2344604573103672,1.607605358743604,0.5497327206078199,0.8272109158724813,0.578174672648891,0.7870198397170798,1.3077283586753548,0.0006062620213838678,0.0074575339003609435,0.000178559065860564,0.11447968704295752,0.20956271068999496,0.7118324630527965
0.5484969731670074,0.22520890195176613,817.3348939229571,0.01800992541293389,0.013727604710607638,1042.2901882329013,9599.71035799978,5.27949235980867,15.156253999218924,0.1532699331626591,0.4405285300299999,0.23314178042958586,1.6158895774135156,0.5490972630884893,0.8282997115593964,0.576760867139495,0.7894574003611181,1.3176713721939288,0.0006077350762104003,0.007508993155917864,0.00017803975248741985,0.11289732560384133,0.21210152299605864,0.7121963618763719
0.5501485580926638,0.22566664456827248,814.7838952172282,0.0181464699880931,0.013586071965477895,1046.1465842620742,9498.319271397339,5.288421741033012,15.114893472106607,0.1592527916711087,0.4404112984208481,0.23088491601999003,1.620534197676599,0.54781365037581,0.8263448846685143,0.5753298547111785,0.7965645402159763,1.3225708229536937,0.0006092128900530935,0.007563028766776521,0.0001778739769721505,0.1141813551181396,0.21093740222313787,0.7121677482724162
0.5497361865035166,0.2257274767386964,814.2372369246265,0.018129125076473396,0.01360106070337816,1040.5843962473987,9508.608721961913,5.321237042209312,14.92323466495841,0.15872872445029396,0.4554392151564765,0.2294449535670559,1.6128905808208358,0.5457715224853177,0.8239944123748892,0.5758673744952506,0.7930215775161471,1.3200888758796694,0.0006049058932307003,0.007560029643801653,0.0001785456257163048,0.11432437740921782,0.2139477181617147,0.7035385956266234
0.5510361412680703,0.2263879002066127,815.238517017973,0.017859219628397333,0.013545704967146199,1036.014935163479,9509.489394741528,5.340339060413854,15.0349651807476,0.16093066807561882,0.4537115633732931,0.23078641893675444,1.615320891707028,0.5464819443071051,0.824255908596726,0.5703170193436251,0.7928195101715713,1.3214718354304587,0.000609393242825492,0.007590039725297373,0.00017631862112277402,0.11446449766153155,0.21656575423547506,0.7079287647417529
0.5515363302927424,0.22756226959408188,816.8977130116047,0.01796730141543071,0.013605618409163255,1034.7730027142227,9614.234986266054,5.317917645830529,14.919492812423266,0.16469249823558726,0.4517456034792093,0.23036663572287083,1.6230639977795762,0.5442857365831011,0.8260893563349578,0.568644027646872,0.7929170894691583,1.332011152446424,0.0006080710642302601,0.00759606479676208,0.00017535101057606666,0.11340401572769622,0.2185518411014507,0.7053799797559193
0.5504101169624172,0.22819754930559885,822.630152094413,0.017849165686359456,0.013656106306608337,1052.5985154923837,9628.109235441425,5.318427030947994,14.819559927026948,0.1656710924768125,0.4500886017649051,0.23224815055230186,1.6230546958097392,0.542850476348192,0.8270799831831472,0.5720932341484135,0.7947232893538853,1.3399969542953782,0.0006103441935077344,0.007677190661029835,0.0001746273109724199,0.11367676608352305,0.213542980174971,0.7073130232569156
0.5524843836203227,0.2281882064582344,841.4602852045111,0.01789897822106376,0.013494952425550651,1045.8183853543132,9763.48477469009,5.339722348045264,14.796619881333827,0.17403596764659138,0.44732208752203845,0.23280819501476735,1.6200155715289877,0.542055194640677,0.8284378169585976,0.5728104803875737,0.7914087547247382,1.3289644666596077,0.0006121950345372426,0.007659357192585097,0.00017327362086315764,0.11207604721996052,0.2180063691937928,0.7042741971734848
0.5508425034925891,0.22734755500376364,868.8034857153958,0.01791533176979464,0.013545513996074201,1046.4512360550168,9715.186104021861,5.362372533754915,14.823990053618882,0.1780997696932342,0.4446486755648389,0.23317235513125875,1.6122028498806424,0.539917095109418,0.8276462342137569,0.5765471216940562,0.7834068306612403,1.324080474738295,0.0006110043172926417,0.007693996480536335,0.00017260333885878412,0.11288367050856492,0.21773010730607248,0.7063651011550833
0.5512178661421642,0.22670239831123318,885.0618369889575,0.018006541869186245,0.013606999545699548,1051.7410550485934,9621.392917763957,5.376230186807761,14.82185734733984,0.16760862398107518,0.44428748724809247,0.23614308300243247,1.6099037899040263,0.5428161297494566,0.8256415550224722,0.5740836259744897,0.7808059148151255,1.3318960755905933,0.0006070959217207548,0.007689457424493699,0.00017252561235309914,0.11287726603784604,0.2180016665491367,0.7065889688372077
0.5485701163190212,0.22624295584467882,901.7240326529048,0.018316447586435435,0.013503754846905433,1048.0978239611886,9535.632950434727,5.362836362199357,14.94597514923064,0.17132454735940572,0.44479204631580116,0.23571508888534676,1.6291308372208158,0.5400286069773478,0.8282819155242228,0.5761087812571111,0.7846606136162358,1.3419265856960336,0.0006056874170078509,0.007787390592505266,0.0001733678153900611,0.11398370041424169,0.21996665634367163,0.7020595531834932
0.5497034958261207,0.22574418069677438,904.7852300392008,0.01848400476599667,0.013201367052002725,1025.6495026076332,9533.710653645874,5.352813143179713,14.888694549647326,0.17088979515573646,0.44494747444985816,0.2370074010331416,1.6198395137938058,0.5398005257491304,0.8296365021826839,0.5743809243598815,0.785565592173122,1.3561152610532772,0.0006103993696356422,0.007787763067253771,0.00017414420151637183,0.11130555857042594,0.22227371691889564,0.6963211632353286
0.5542295910765505,0.22560749548525338,912.2055204313026,0.018554701459446814,0.013007884071358609,1032.4442018600366,9597.847017874672,5.340758452671079,15.000792517738322,0.1724535795105493,0.44778360495362773,0.23607641793930476,1.6107653830795783,0.538469106094726,0.8296065624173378,0.5757368084857649,0.7793380352989857,1.3593841030230094,0.000611759803032419,0.00777238979683791,0.00017535315717448951,0.10935337505583875,0.21858759550871057,0.6931552049270868
0.5496366432263945,0.22494528621405993,918.8031803166341,0.01846808233694317,0.013085024942601452,1051.6118674538645,9672.347948802517,5.332645621147631,14.742024020853467,0.17955846191523797,0.4508430872706591,0.23552025761390727,1.6123136383997527,0.538598692931275,0.8306386260553846,0.5791797852262905,0.7790332511380812,1.3626235277175087,0.0006089432374898669,0.0077563072480655495,0.00017430209689597932,0.10954930955898894,0.21754861369737755,0.6883001129867622
0.5510728705164663,0.22585552282631743,904.8660152902546,0.018589330310931514,0.013228198769142127,1052.798397465967,9649.589726987335,5.319121384861074,14.68135919439683,0.1727471106481138,0.44941015231688486,0.23202833299486716,1.602433936461184,0.5358616247301979,0.829677469895435,0.5819164948134665,0.7754505165620402,1.3704532034159047,0.0006039007225767812,0.007753293542197263,0.00017398299738826832,0.10768341360519236,0.22081261776124608,0.6886445664531842
0.5509622534565232,0.22520279695115716,887.8657304989657,0.0185032330698188,0.01329675857309518,1053.198283567013,9561.553365190075,5.34478604584702,14.533658307183284,0.17282717927264354,0.45517591607614966,0.23353711014814976,1.6023225929634362,0.5367582307512744,0.8255988458566597,0.5847435341497269,0.7869902407803862,1.3662316554218388,0.0006012000007941237,0.007681076328639158,0.00017450958554202618,0.10877849750713717,0.223825086244583,0.6926047846039759
0.5505775389089086,0.22577046473486365,884.4036466225504,0.018517472384783615,0.013209430908522233,1061.930523903341,9579.989972330932,5.356041329818496,14.4697127361506,0.17581126934699554,0.45042807252594863,0.23081589513088918,1.6003442816472002,0.5378388545012042,0.8229055317737185,0.5793806281156051,0.7796186064384643,1.3560990591979953,0.0006021324836945381,0.007788120234314508,0.0001747564332019526,0.10930360127835675,0.2197078925298305,0.6938894833374327
0.5525472575358562,0.22557264396094343,896.0239694023049,0.01869011093202764,0.01314359820251123,1071.0985206980395,9504.279911141104,5.366012453397446,14.517357074032006,0.17239820545568796,0.4536936855181787,0.23187296359688772,1.6073927708648883,0.5365872470631404,0.8238729200068493,0.5773360639613913,0.786460769638331,1.3539854696854952,0.0006016507256172371,0.0077802935783109,0.00017419528489662995,0.1091751602825463,0.21831597376358652,0.6981664856731414
0.5497877643232286,0.22642506145450736,937.2244899917699,0.01884226088082602,0.013158950682623132,1070.8172714691336,9407.63155906865,5.395012454993,14.09620308393014,0.18100845420331996,0.46046320258685847,0.23445461061996375,1.6052648257859592,0.5330856417063176,0.825348015214941,0.5746880892002912,0.7880911197432415,1.3523002720561026,0.0006039110383763988,0.007684265691413039,0.00017349918405051845,0.10965015443486006,0.21757855351456942,0.7003856410568503
0.5481624711926412,0.22591711028174408,941.0298380500825,0.018861454894393906,0.012881935676278357,1068.8810731232034,9390.365907773583,5.4039353305051065,14.094312600967951,0.17912976755165802,0.4612678988935068,0.23603330887372564,1.6070198861979592,0.5365617088832298,0.8261915474215261,0.5701384899916353,0.790076078645797,1.3507033649719369,0.0006004461842977394,0.007711631919381934,0.00017369800002959315,0.10964135971771799,0.21509640803174665,0.7018498063196938
0.5472297742258655,0.22595874398969581,966.8151115463725,0.01899530370386465,0.012788093740236458,1079.677451351197,9443.458240768161,5.41082247656112,14.155308167027222,0.17829421520625502,0.4620756531007071,0.23168267607631662,1.6000662888523685,0.5367889521998335,0.8263899258836949,0.5717991446957088,0.7882733959901752,1.3672742624957512,0.0005991264779169749,0.0076996573361842865,0.00017245771340365892,0.1099625779331321,0.2175879050403009,0.7091044818924311
0.5488073846257246,0.22574388351343946,950.4754867350965,0.01872893887834463,0.01285093334348603,1075.2446394690678,9451.093433043974,5.406545629431088,13.957912279421633,0.1841200934726316,0.4635280753852103,0.23538402101831157,1.6089846990848462,0.5362299154885031,0.8267651671534195,0.5724674490110722,0.7910501528023247,1.3672234209204852,0.0005997613295881532,0.007751578366571394,0.00017080579166079467,0.1108803849887423,0.21962115971029028,0.7166840393242123
0.5487993068547129,0.2255573047262538,968.8837236809969,0.018961281603319557,0.013153038455356232,1075.6417880268234,9583.036853353802,5.413074557200822,13.799962241414992,0.1788173949094339,0.46410210119642575,0.23677060750645668,1.6105557938481767,0.5373762148923367,0.8256425603043684,0.5740560232773886,0.7903866302192727,1.3649460446141175,0.0006064934457698224,0.007805187101634983,0.00017103903022368114,0.11012219965471545,0.21941741529778197,0.7151536883914594
0.5456955073287577,0.22433451126422407,991.5307377329433,0.01895879019200941,0.013233286996561042,1061.5490366563881,9670.644374846275,5.406062847554767,13.926374746374055,0.1710538317060786,0.46466607404526533,0.23430547992179637,1.608200763043178,0.5399625789881581,0.8239784890653025,0.575665833067452,0.7885636335652191,1.366247833189249,0.000607811807584663,0.007635955211952868,0.00017159104884014763,0.11059943505119879,0.21736144881396752,0.7124894494965291
0.5464327222695439,0.22423091078857924,1010.2161933847628,0.019204472281672817,0.012989463451754219,1054.1403939401578,9704.201221081452,5.422110182425103,13.821898430308178,0.17045515624950092,0.46809010048246213,0.23383912229899764,1.6009278729828442,0.5379862514030183,0.8152391181517976,0.5765931939758824,0.7899348654945255,1.3706198243614882,0.0006081556346004663,0.0076051223189258065,0.00017008824311872726,0.11045947603495485,0.218119084936288,0.7063509162530098
0.5429221428743494,0.22385490906246688,1031.0430265633402,0.018911009022812744,0.013365800560214155,1066.5857263837556,9785.324220416946,5.402963312537197,14.012439740482519,0.1736056519344126,0.4707244209981993,0.23338294712718646,1.6151123675535974,0.539884958077375,0.8158310062315165,0.5745610779871588,0.7823420632205023,1.3670646636028878,0.0006081355527552397,0.0075834066159842055,0.00017032498764342957,0.11125967787133603,0.21261748796487595,0.7100673874559826
0.5436611380466058,0.22405973737374887,1026.3335796762294,0.01874894591291582,0.01357860733822084,1081.8094087162306,9575.071043401716,5.454604782590904,13.989630836917204,0.1738787345072457,0.467247053646968,0.23544722033268925,1.6206032176163796,0.541068522886518,0.8133540497872053,0.5706393680876255,0.7909014932781455,1.3568394859951334,0.0006109718799279485,0.0075277295094860865,0.00016980872531789559,0.11085503409004875,0.21221320086765744,0.7058233974506963
0.5433581165026332,0.22417053731242703,1070.8350486691334,0.018930569481484374,0.013350686660319196,1085.9085550871146,9452.770005453689,5.441396214026094,14.116439424204154,0.17321533909672537,0.4636860814725097,0.23193915572743778,1.6214129930746592,0.5373913454519907,0.8124976087099401,0.5696217859172565,0.7926042600624673,1.361729307284487,0.0006125034675222958,0.007401573311072497,0.00017055264262536268,0.10981090146012522,0.21160674791852954,0.7038259382820161
0.5394630684847261,0.2235645571293148,1068.1513753382221,0.018746456898818663,0.013798827222409677,1093.8066981414217,9435.351739423792,5.456078055269934,14.36555291925371,0.1705941657224643,0.4613474621012483,0.22893159113316427,1.6235528443931029,0.5380014385921131,0.811110974174528,0.5694616475269946,0.7829533398082521,1.3666618073463048,0.0006206266592288957,0.007387294816059032,0.0001690991946215556,0.10866589127902108,0.2099281455752317,0.7040545337849331
0.5377106001152244,0.22422946778070427,1084.925309983407,0.018923808352118175,0.013786480160999157,1103.3603354948063,9446.08224761107,5.434098597534885,14.761608257794617,0.16597919573299327,0.4644565856919526,0.23294084925723,1.6151743090500366,0.5377034425980711,0.8051009781729732,0.5675949198171382,0.7802655071441119,1.3653657527936607,0.0006225758626620097,0.007367677016426897,0.0001685983871530892,0.10840871017023836,0.21246880821745218,0.705486281599102
0.5332108174455545,0.2232194173415673,1113.1704681003766,0.01840982491616771,0.01385346680272091,1111.6253596282602,9400.955190950086,5.446503409384518,14.421372708252523,0.17985276562824443,0.46658236608907394,0.23639987409646565,1.6289517454839297,0.5359786483754356,0.8067119967665685,0.5695519415543078,0.7893144385064754,1.3715555110998883,0.0006233282000910397,0.007411325064509053,0.00016876170236205498,0.10799231550653295,0.2120262406386635,0.7085724381777285
0.5305548918791209,0.222573261456929,1080.3400811703814,0.018126646580137604,0.013983347547111846,1110.7912930996704,9457.398004907493,5.4383591088859395,14.57353762516582,0.17440927633015105,0.46440821689397027,0.23025268581474892,1.6180441772321539,0.5378906339097743,0.8034427562136686,0.5712211635647544,0.7813577761040628,1.3792379430596862,0.0006202485318037062,0.0073865018605331284,0.0001693610856876289,0.1065714672733595,0.21012916971362186,0.707370589889646
0.5297976059721171,0.2213034879171893,1069.3456466264026,0.01828443541127917,0.013926111879681432,1085.0637451006544,9414.846282898672,5.459313973671429,14.15643368287913,0.1779959169113212,0.45803681974049254,0.2337647532747185,1.6272374787710446,0.5433102065241807,0.7987091201181822,0.5725592393654101,0.7830034193072193,1.3895126973269156,0.000623807864354248,0.007426669860095682,0.00016889705563178934,0.10836608185914062,0.21266928508226648,0.704177429125302
0.5295182736062192,0.22133162974585704,1040.6514494945122,0.01816203458990672,0.01411797526184179,1093.048336225665,9526.870453611966,5.497610592360988,14.1391426720174,0.16755644016346594,0.4496882019505317,0.23384407926321024,1.6286833653278714,0.5414364985325875,0.7977999903392279,0.5703607929135222,0.780751809479359,1.3915169024000014,0.0006242975008521649,0.007322377830402548,0.0001683702642139538,0.1072494949509586,0.21139579272970802,0.7072345516801382
0.5268498286166586,0.22193158582488168,1071.1352330263255,0.018296359228336424,0.01392292248115016,1092.852731614061,9642.494474572963,5.497669875114641,13.914503360468776,0.17033794596119325,0.44383441408197605,0.24076647390527386,1.6495147245723956,0.5438352766073765,0.8007743569183634,0.5705485452432021,0.7845616706818804,1.392270235689218,0.0006277907876661348,0.007366705212950698,0.0001674201612308353,0.10628635481964746,0.2115877567874724,0.7074314069664862
0.5289850133056733,0.22172534480303843,1054.0527887868145,0.018263937345935816,0.013679070041823067,1093.640270145428,9831.260713134705,5.506565960121766,14.020660948847361,0.16403825449197015,0.4389865188740862,0.23882509556515732,1.6497156226760639,0.5481067640343057,0.7989056686253664,0.5707595152097651,0.7779004912376926,1.4053617254594035,0.0006252151700707772,0.007403881994329685,0.00016671727645897736,0.10652119518970948,0.21034092839569934,0.7075640487594286
0.5269197960306471,0.22142463030558596,1035.289066254577,0.01827037311080143,0.01376407461517184,1095.7212215145955,9874.441303389463,5.514205700177476,14.13263231034424,0.16470474839962773,0.4390969267058172,0.23788969489173376,1.6522581364413182,0.5535759618054644,0.8009286395942029,0.5695272238979757,0.7699034032347518,1.4098129204433496,0.0006268831415214653,0.007314520022210018,0.0001654043545133071,0.10613058793776085,0.20887110299758654,0.7140663163476473
0.5286606914794078,0.22138801325097823,1042.0634592180716,0.018404833023843093,0.013648576800683949,1099.544766094734,9856.917442980422,5.509057128782587,13.863657763027575,0.15640846122164634,0.4426096652728679,0.2392079622025616,1.6636602548974775,0.5520794238568308,0.7993217137920422,0.5681077956558477,0.7784671525231075,1.4151073329131831,0.0006286129367406805,0.007428068648665297,0.00016495199475381002,0.10664198671462272,0.20866185919943694,0.712158081561815
0.5278364639124608,0.22153170822309076,1025.2147072640284,0.01816741622555778,0.013510986447337699,1093.5093974390543,9790.688209825701,5.504205474637019,13.877383824258407,0.16088492452224495,0.44637045311655155,0.2391941731395001,1.6704454467774204,0.5559314779368729,0.8038991274696359,0.5681347614560333,0.776341895376132,1.4205204577667767,0.0006245798210572878,0.0074185962471502625,0.00016417749887681952,0.10697418925628573,0.21015319071521227,0.7062029525505736
0.5270037671152448,0.2232358553763335,1046.6917850802502,0.018105112130550678,0.013602311669154885,1097.811731409297,9761.672167757353,5.522154389345411,14.005070579435452,0.16092719441187997,0.4433669113908942,0.2374500146338675,1.6598375388523032,0.5566580508752698,0.8021250233560945,0.5694353826158322,0.7810921293547056,1.4307295204863042,0.0006204056431640836,0.007391257083796129,0.00016312250246384847,0.10763585235846342,0.21086333405824073,0.6999845356885165
0.5295119640091531,0.22326087311046555,1039.3566768184935,0.018052785132704238,0.01347321877139746,1105.5378547950183,9675.062523921208,5.52117183242713,14.184181463608363,0.15640346063004498,0.44105445385718733,0.2363738855653285,1.6627869852340702,0.5583513428619088,0.8058450772942253,0.5683458310736638,0.7850475292465714,1.434366700342893,0.0006191504866087668,0.007386502543624151,0.0001638198569242844,0.10632156990744648,0.2131816473636076,0.6921246083797461
0.5309101161474757,0.22366759723644491,1032.2082910698077,0.01824664597058173,0.013318337073676587,1109.990467072064,9523.822971404164,5.539881148972001,13.943660885575287,0.16147623645407078,0.441097525660428,0.24066642418293777,1.6769049760921468,0.5618640834333848,0.8050039009185294,0.5697848259589612,0.7806512865212046,1.428661552278959,0.0006205107533815191,0.007482743572063295,0.00016335450387078802,0.10615691667958346,0.2166443652001342,0.6879565563525842
0.5354297520064055,0.22320345696431393,1023.4630930035754,0.01819837532258225,0.013446295416363776,1120.8943953549365,9532.53407041263,5.530787241736861,13.781734866545788,0.16589799377363104,0.4462252342176239,0.2423780084867073,1.6825666851456749,0.5606583945776973,0.8048408465240557,0.56959083364044,0.7777292237534813,1.4332309058308896,0.0006194747119091308,0.007437762726488871,0.00016167164581096558,0.10640586916786766,0.216113201709179,0.6794951592389956
0.5348809462029165,0.22202521069255587,1021.7620500334308,0.018120582423983952,0.013536630752311056,1107.880759832116,9552.567355063144,5.5257565440691065,13.759787688114644,0.16231787309412643,0.44185026050473475,0.23925355178134422,1.6717052240026071,0.5629015441812053,0.8115542608411209,0.5681773680533662,0.7665212908978349,1.427345127823002,0.0006162659719433056,0.007429391437422373,0.00015994668586631684,0.10534056008558909,0.21580010489123777,0.6806763575094578
0.5328565869963539,0.2222949856289321,1040.3503724964423,0.018105297281414523,0.013551668214486504,1093.3331194200268,9563.863135055915,5.546405784177917,14.0751495143125,0.15758345996001333,0.4365196439521341,0.24088699473679426,1.6716686401278904,0.5637136291513263,0.8081605772537778,0.5688078977109023,0.7632563809386324,1.4197530491576063,0.0006198272371768613,0.007428714912406135,0.00016006037685591543,0.10677634995675692,0.21861868214309366,0.6774150239294334
0.5295380753272747,0.22209192196383018,1039.4163955426068,0.017893115487004143,0.013424886977312707,1089.8836465908314,9685.282122611152,5.577064594449539,13.999384182278087,0.15410779480682107,0.4297526586073175,0.23864131916145315,1.680915520768255,0.5623587672007462,0.809498152580557,0.5679825177588795,0.7638526538778826,1.4148412479964736,0.0006114055239740097,0.0074328850884430656,0.00016192505363903266,0.10788623412169726,0.21509086354896417,0.6672938460516683
0.5303647529419607,0.2218031001490607,1027.9803213778644,0.017746869404943154,0.013551206317376926,1089.8481582127158,9715.29003388958,5.56568020954888,14.082251355165507,0.1611383969933206,0.42962494541615276,0.23371264348775733,1.6806922295427018,0.561239382803743,0.8103471626938087,0.5659174367499906,0.75527822168908,1.4098103701761675,0.0006133923737793403,0.007466366426148059,0.00016242301173028864,0.1074012811684014,0.21924458098176255,0.6710541592092805
0.5293133267986329,0.22167342451985006,1060.4268629422415,0.017679860960438092,0.01350908203945643,1093.5678083054333,9719.003211026913,5.576526861641039,13.845563078227256,0.1652880454085822,0.4292653646076041,0.2360688111948838,1.6691737011449088,0.5612292862154881,0.8125258556619587,0.5631397222024616,0.7550531408292988,1.4135594784273229,0.0006196131946889804,0.007404247995716921,0.00016314709699270422,0.10676427956590478,0.21985678712644027,0.6707177893204006
0.5285854707994607,0.22070715105473918,1052.134241199831,0.017555585498546154,0.01342756118376406,1096.5697252483149,9716.325326372953,5.589597563597234,14.055589248511124,0.16707117144697087,0.4216822150651876,0.2383262938675784,1.6684778819878427,0.5639544637755683,0.8143956910552462,0.5644056741110386,0.752611505823967,1.418591829595988,0.0006239619370188564,0.007445849639994213,0.00016251169499168844,0.10804078859722557,0.22104776135165372,0.6785186257390383
0.5326719125238993,0.22175650738570252,1092.0832200520085,0.017795693275862466,0.013356973595595695,1094.7526282969998,9744.2737778325,5.6005485550591825,14.128177097629486,0.16810320444050122,0.4183546152856523,0.23932839677445406,1.656126568853327,0.5588188792820692,0.8162861814107897,0.5673974744275728,0.7411304914598565,1.422920322464347,0.0006184450073510641,0.007417888124184665,0.00016218697648842528,0.10747039584085094,0.22379023903183745,0.6792254313848516
0.5340860681642954,0.22185293778218876,1100.4677396085333,0.0174888560886343,0.013202194210717737,1100.2719919237632,9798.329565869253,5.6053314304902475,14.04769802752672,0.17218070548100003,0.4116386143145824,0.2375306162126885,1.6484090714082185,0.5603003847953173,0.8189575176496954,0.5688819618411377,0.7448839287431582,1.421729276918586,0.0006173036984614471,0.007362448381978025,0.0001634537052033521,0.1083831912901685,0.22136618845068415,0.6768517804669448
0.5353994050304863,0.22205214954744287,1109.568675460472,0.017641583214380255,0.013068330722685593,1105.602183193789,10015.290247481802,5.6245434513011086,14.08449766649365,0.1803335692576061,0.41944220609737515,0.2382251608410105,1.6547760770290323,0.5556515833326342,0.8201926408928635,0.5719591081252225,0.7400176248005391,1.4172317708972475,0.0006140479816069996,0.0072856388934711205,0.00016140970046574048,0.10807358478902472,0.22058140690580424,0.6739272807895397
0.5335666467556275,0.22293777025427147,1110.0707044184228,0.017538855066465155,0.012976893996286425,1117.119672766572,10045.046244410658,5.646766329303538,13.784248522697439,0.17774061051507806,0.42216991174517826,0.23454004085277338,1.645353922755577,0.5536690326264428,0.8196346672793252,0.5731521984948186,0.7447240921180474,1.407990180361385,0.0006160267599726466,0.007341052683475667,0.00016106410215426174,0.10747190750705397,0.21959113326844976,0.6817030986256646
0.534355235334254,0.22300641823751355,1121.7117192442763,0.017350734269595304,0.012974980545473174,1127.793785896874,9916.259146529392,5.660315075580955,13.808919969634507,0.1819148047864724,0.41465356755503835,0.23642975274862285,1.6451086573422278,0.5552436394975443,0.8192711268087592,0.5753394626307131,0.7496317537681845,1.4085488197980292,0.0006139892240953842,0.00738996560789251,0.00016165054756654744,0.10696207568522358,0.22379302364659984,0.6778312838956065
0.5346482959314073,0.22298360911930779,1152.6239470740807,0.017624346679756313,0.013039102347391956,1133.3128313720924,10033.86787874728,5.646767401966713,13.643910006465545,0.18049010007311148,0.4135741452329861,0.23566261450960913,1.6445266934281841,0.5592690529204956,0.812997560396624,0.57498383848153,0.746044947579238,1.409162173933642,0.000618039579086263,0.007341198902855767,0.00016250526744787194,0.10651836123692401,0.22326942152910287,0.6832484973450532
0.5333584811058925,0.2223193078577849,1173.9890813808395,0.017531009795417357,0.012903630022462023,1143.2688894287458,10005.352008189506,5.633105789175963,13.728067143452135,0.18111141766182737,0.41755503533213606,0.23523617390998436,1.6578402428399617,0.5632568982952182,0.8173911681227228,0.5774397824087139,0.7454286949133382,1.3998421728329125,0.0006209958970354132,0.00737273327290907,0.00016107325156883767,0.108594509383687,0.22036660952203047,0.6747298020950506
0.5325219710223824,0.22263015588063412,1172.7715113774955,0.01744714601324649,0.012944782674257643,1147.495125133108,9967.736897447305,5.630260756335067,13.471352091705112,0.1736256323043905,0.4162831933714061,0.23473672950192417,1.661160807086658,0.55926886527116,0.8138983175493905,0.5749569394316835,0.7426374323748592,1.3986523356234635,0.0006164966299304412,0.0074233721111348515,0.00016017744634379098,0.10781271151888033,0.21965788679751436,0.6806830322234181
0.5333710984579705,0.2223519885978668,1200.728141529887,0.017221290374911474,0.01301804097061933,1163.631204449884,9873.665734236278,5.632839873355166,13.434333775844474,0.1802155945832577,0.4127791109472973,0.23831320938837375,1.6456204376319534,0.5574165954364524,0.8175071178676715,0.5796068315186771,0.744055533606448,1.3927331261378697,0.000618526853331409,0.007431677291656962,0.0001608721951512714,0.1072146843151454,0.2159802236165037,0.6820730150271664
0.528834677131097,0.2224838568859058,1219.6687483613168,0.01692674038802206,0.013127573568459878,1155.7639179253526,9728.578709004412,5.5955372856795265,13.619817561682343,0.18282765149269328,0.41652580419130314,0.24012090811669023,1.648465070552394,0.5587499395311355,0.8189260969397768,0.5779560027116615,0.7523391475497678,1.3976422748264865,0.0006209708928880598,0.007438807613402511,0.0001609921653308819,0.10694188080768065,0.21719888718353908,0.6839050420389752
0.5287869969312636,0.22254986970352378,1214.4513437276794,0.016994445967370004,0.013132135381944453,1157.7746540830874,9727.401564493513,5.590622531507885,13.90904707657751,0.17965837757746939,0.4247414966334125,0.23972794276630047,1.651066175572878,0.5619271891554195,0.8165263846296672,0.5802268418492099,0.7449310227460338,1.3875324839232086,0.0006222480559996817,0.007382834301773624,0.00016114528894957983,0.10631147198582427,0.2206656287880579,0.6764341515896474
0.5275152149499875,0.2223228455522844,1207.1928317249562,0.017044337579871383,0.012908622000635915,1146.4095268285141,9821.508506969787,5.581188486436248,13.59635607292328,0.17541206331492945,0.41876247851767734,0.24142090378546113,1.6571685954662914,0.5601790757257858,0.8143971208361165,0.5874214983187255,0.7421308200644892,1.380518177652729,0.0006237927619815864,0.007367407942030508,0.00016013090048699988,0.10668540617115618,0.22239244922189308,0.6792365434924643
0.5249326979844803,0.22140739878891005,1206.4982418268758,0.017013790495101242,0.012896891025368057,1144.485487203925,9744.937395961231,5.559293377100705,13.020463098763532,0.1726877819144273,0.42427348714681273,0.23986515572791617,1.6602894848023828,0.5618411477039834,0.8130547597270121,0.5864187347587133,0.7425707928319708,1.3750050924201092,0.0006237275081690947,0.007313910981985228,0.00015995128834659693,0.10728342554841695,0.2226981285730739,0.6830081485849123
0.5285975610702432,0.22262263425729076,1214.1312072952835,0.01713368427500377,0.012516406786829675,1154.3333834386588,9815.981162568694,5.535499656082513,13.314550006798179,0.16914849242220706,0.41999333316985626,0.23534851140679452,1.665431116604021,0.5577661504275186,0.8120611091118414,0.5792673411259734,0.7422176147338879,1.3749907513270145,0.0006280491710930256,0.0072891576269956656,0.0001583696141592261,0.10718248957506415,0.2218334886099747,0.6851554476543779
0.5280181935656875,0.2224284779700058,1224.8693390886979,0.017025153014091375,0.012380224112107627,1135.7801795524258,9722.601364291017,5.537073529899492,13.630496438065169,0.15870165134217026,0.4195548081536774,0.23874415341356756,1.671818832164521,0.5538908219214886,0.8068454118339685,0.5771418887752306,0.7392359247208555,1.3693107454929132,0.0006296234623692204,0.00724795698024127,0.00015628430678723816,0.10724025746014636,0.22151997984492758,0.6820905256068661
0.5286079136620766,0.22256753429669937,1241.8515519789262,0.017182374995724423,0.012361097430660354,1139.590674707992,9492.111347105112,5.525776050965526,13.588683519253387,0.1642131842828867,0.41986070308394746,0.24130871200199422,1.6653739084480064,0.557179292002314,0.8112177270368197,0.5763832448349413,0.7473324731471511,1.3718663431222637,0.0006220504649856073,0.007232060568538127,0.00015643313355669273,0.10729966836031639,0.22930606727941807,0.6865795580498649
0.5289491282329829,0.22228557478836844,1234.4854736598097,0.017058167675655368,0.012216758880680629,1148.445270620961,9576.82041353256,5.521281226240118,13.53020745158263,0.17345002860631423,0.420673453987291,0.2411984856612707,1.6664971969117912,0.5588138885464573,0.8108157227583013,0.5752597809048557,0.7508932445814969,1.3603402192345369,0.0006162547856141832,0.007200149513059741,0.00015745085519484962,0.10797263414223925,0.23561920358600766,0.6919694895839029
0.5279095370616539,0.2229814726270814,1211.5653620835726,0.01725321362033081,0.012335203790180906,1145.6278980058485,9554.449251041582,5.518962697964354,13.601468952735797,0.17547650029418513,0.42151493514077837,0.2410515046723998,1.6705882654710256,0.5549011364729638,0.8115680777293238,0.5758529526379219,0.7630842210691131,1.349271686516489,0.0006205258351153612,0.007181302541463885,0.00015712002922499364,0.10948056986806118,0.2353300143412723,0.7062022943765922
0.5260883241660096,0.22377678856910094,1220.834834780926,0.017653408184472596,0.012220355041569058,1138.6732487797183,9564.560753806787,5.514224117823484,13.4060829842536,0.17680493463251373,0.4124263944724638,0.23782829522642998,1.6665717991439797,0.5560067751821195,0.8111987429447721,0.5742231350824283,0.7652772955318814,1.3588488247285009,0.0006209113668937181,0.007202374507952082,0.00015587549327131066,0.11146536784026201,0.23824226450147865,0.6999982396199513
0.5278387703830045,0.22405753412008897,1246.026305403984,0.01723125342310428,0.01228521625144204,1143.7640115167499,9612.359513239515,5.511042354922393,13.682174999485223,0.17690749081191595,0.4111753838066144,0.23750022902524356,1.669023584307606,0.5556033986429406,0.8099429361739318,0.5747010902661881,0.7525543830844897,1.3503179628185649,0.0006227172926349268,0.007184727984515196,0.00015552916972812195,0.10986785843440237,0.23610738740500595,0.7027597399995449
0.5278141970713872,0.2245676635532406,1256.2935263562024,0.017196321335596343,0.012331334851632507,1147.8673079820192,9673.535191224448,5.5284272641962255,13.773729334607646,0.178151663659099,0.4115146504153594,0.24144681574851545,1.6661543768727924,0.554294406851109,0.8139661154989514,0.5752287408190291,0.7368046681535203,1.3432551163115047,0.0006249085742974848,0.007197020931735472,0.00015452158608784914,0.10874534819979476,0.23368417575949174,0.6944791755945416
0.5257617697552989,0.22518426672727065,1267.9882082785302,0.017540322050678844,0.012201503263173916,1133.4813011758865,9656.348730759293,5.527080852287422,13.77699820842358,0.17852534976337506,0.4112059242185063,0.2385015510158684,1.6725901626642965,0.5570590794488608,0.811091436550556,0.5734555757964321,0.7337824521447369,1.3494654601767537,0.0006267123947927183,0.007248207624044979,0.0001557002716222008,0.10799020981109227,0.2330929073555909,0.7035634257711865
0.5235720294377576,0.22601528825229178,1305.4352575329476,0.017306159683940735,0.01206721839682102,1129.2222286634417,9704.469672614297,5.514006766467097,13.703803972343577,0.17647834364557388,0.4133269323142941,0.23927024462765423,1.6677717712669824,0.5588474253290598,0.8099778348961938,0.5719085977601558,0.7345583807695165,1.3422627717564233,0.0006310462139017381,0.00732013864938564,0.0001549092072677693,0.10687247132399516,0.23148610869519287,0.7095692842036345
0.5218779559460045,0.227120019954421,1333.4043186545814,0.017527543263826235,0.011739028920494264,1137.8731025010864,9710.64000945434,5.491063102984317,13.807865066382655,0.18157625215112208,0.40979114092542956,0.23676447846084545,1.6697697447028115,0.5578459203108155,0.80958124342638,0.5748859167385713,0.7308040583231559,1.3331787923413736,0.0006328727516321172,0.0074130727230772514,0.0001541763845375929,0.10713336201373963,0.23231408224927494,0.7205668608200941
0.5229409197467847,0.225973281526029,1354.007538677036,0.01768585545399011,0.011680346361363352,1144.5146884449887,9816.289949361182,5.486950173412742,13.703819924732091,0.16875709984550524,0.41046643603922106,0.23646736408654534,1.6663111458474704,0.5582976613311492,0.8176168251005271,0.5730422128840076,0.7320371574188455,1.335833422312197,0.0006320007688237067,0.007352900689241736,0.00015440019953799852,0.10506877288773331,0.2325829625945034,0.7086458675998019
0.5256667859295295,0.22538072022963854,1350.5932925719926,0.01782734728288972,0.011783439945173155,1148.8240781913346,9777.02303003414,5.4742820507986405,13.45655523070253,0.1732816474727222,0.40986696276724643,0.24348780365815997,1.6665080443080467,0.5656454641500918,0.8175450438881383,0.5701929537330066,0.7340708532480537,1.3437687828970921,0.0006320760110017149,0.007396231524698137,0.0001549399122626542,0.10457966107345236,0.2362508202154043,0.7074614421685996
0.5248514318871074,0.22549706488414215,1349.0021652697037,0.017683978438408132,0.012055256217206704,1145.5637938509165,9767.195400330043,5.480129531192464,13.653625433736744,0.17683871974538745,0.40825893871143226,0.24237044697900262,1.6784768839992106,0.5668074754287263,0.8201517655197261,0.5726342705432792,0.7362256537636247,1.3439592372889881,0.0006390149123021657,0.007459952640317518,0.00015528730213474595,0.10388817439803508,0.238716172170453,0.7159466866088483
0.5243809868565783,0.22604323393864262,1365.5522251810653,0.017579769043799102,0.012199071557312327,1152.799588673565,9742.264785829057,5.497945800853726,13.602133443198973,0.17133481451206375,0.41729898560765644,0.24418524894104582,1.6850571394710139,0.5677292595571183,0.8165762421113943,0.5697294403709705,0.7362935858636158,1.3441152770409555,0.000639233646693221,0.00748549926587521,0.0001545661452509764,0.10409198385106215,0.24010348542457527,0.7080272069301589
0.5239153098116538,0.22550975107719085,1378.2779988700408,0.017657363172321267,0.01228830154399246,1156.4817737191531,9732.431818832101,5.490624561379747,13.549727141365826,0.16675513051989085,0.41405582997166485,0.24922286100094324,1.6880524328134043,0.5635601508191124,0.8179198254752142,0.5668933221618639,0.7362925512208975,1.349556834538679,0.0006406688190022397,0.007574392188826834,0.00015500251723509092,0.10378184856928392,0.23720887601965135,0.7007149701475454
0.5248277764013504,0.22620460821309799,1346.4419267667859,0.017884944416928877,0.01222476451945391,1169.9756076511046,9707.540569976294,5.464353444431409,13.581906923612845,0.16616342051791042,0.4134359533284662,0.2491876816861246,1.6895396098523372,0.5623488091816357,0.8180027578497832,0.569123108375094,0.7317690312100966,1.3539275792761576,0.0006419900860451925,0.007507622113266975,0.00015505217579004024,0.10436638246119681,0.23974147535071597,0.6980660150640772
0.5270664202715106,0.22572642352698657,1394.3124180117836,0.01791186734471337,0.012271368231336574,1174.3176884739162,9802.642983893285,5.461725186803341,13.330702082667036,0.16688642948448595,0.40516404475196816,0.24530661901865528,1.6989223090180308,0.559665870686135,0.8224405903633517,0.5714423383311159,0.7208324328046471,1.355647152627223,0.0006395349233756905,0.0075231814939566415,0.00015511506748051095,0.10583422901710578,0.24177887509113505,0.6961743408874479
0.5260095991721147,0.22610307386231257,1402.727185625261,0.018025574071809575,0.012387031081452332,1171.3295234107081,9766.539939197917,5.4650257256760515,13.220711430400652,0.16242454096033107,0.41055618164041735,0.242734553153572,1.698789340809957,0.5627228753512753,0.8239218519265089,0.5690064539578468,0.7184541755629599,1.3533815518851018,0.000638099503524817,0.0075328735295031625,0.00015557090416506297,0.10541957326354531,0.241718081079172,0.6963939389654913
0.5262756196518538,0.22672574879913046,1419.1770144905115,0.018188057101713874,0.012550233021545112,1170.3463423492474,9751.834523816906,5.462459828602718,13.262615685945804,0.16016982848205363,0.415179633929974,0.24523512214716137,1.6897957746005472,0.5617674011819153,0.8232406175072688,0.5696583373835374,0.7205478510638732,1.3546884139791766,0.0006383533343219698,0.00749623005401724,0.0001553618527336863,0.1064966417290193,0.24060656003989403,0.6902311644284105
0.5273644431366907,0.22804651482169178,1428.2948959942785,0.01847523016484277,0.0127254569409267,1159.107404426589,9783.119870096547,5.482233634324556,13.364422063293635,0.15475187413734517,0.42088418924932175,0.24494149369874627,1.6726369785193098,0.5610359637197856,0.8232136663166222,0.5718384727311476,0.7302951477598182,1.35122276096064,0.000637345145373609,0.007417214962192395,0.00015407418729034052,0.10706833106757634,0.24405858068731062,0.6898305660748336
0.5269857439016353,0.22826881169804178,1443.482976515774,0.018606035345234497,0.012532800434481446,1154.222076514482,9823.824828642984,5.478819971007419,13.174600686228134,0.14254510704996481,0.4218021083893869,0.24660768760293084,1.6713100193841088,0.5588953475182863,0.8186613843195454,0.5679123331997679,0.7265614079437538,1.3418883702280395,0.0006373350337173976,0.0074111865734342855,0.00015548994448870068,0.10690166548872447,0.2401280977234948,0.6914651604720412
0.5248320039985143,0.22704776759250747,1442.9132173630749,0.018654950538411187,0.012346677533228887,1159.8991638796672,9879.242741836844,5.458421966751968,13.281105905350616,0.14209991711179715,0.42269457459137566,0.24653981023929733,1.6679392157544761,0.560135583962325,0.8181578854986667,0.5691427946363585,0.7220474120728863,1.3332444904393803,0.0006345457614637409,0.007422993552427198,0.0001556080352594125,0.10713354804921335,0.24194803674779017,0.6978649916890797
0.5270684127301819,0.22712742724550888,1423.0169838574857,0.018923326108224975,0.012291345540448775,1163.3863537781504,9835.778748774745,5.481061716682782,13.320296886233324,0.14819956663684417,0.4209558673030858,0.2475966941059679,1.6616815508534566,0.5570156050698968,0.8190882731661884,0.5669162987594536,0.7187970779098063,1.3428601301848286,0.000635603664950521,0.007358644847712763,0.00015419416649097373,0.10668564688694625,0.2402199289533476,0.6951390877368437
0.524850953504853,0.22642882934878972,1435.9231739308007,0.01885161829872225,0.012315062794619327,1184.2647951555923,9698.731090551504,5.495444071280795,13.373888909634905,0.1452513360437429,0.41646027796638624,0.24380135847837167,1.6682727608879653,0.5554691737602035,0.816423231662071,0.5654044765113726,0.7151078198138354,1.3316313945210019,0.0006404630311037718,0.007304736945539607,0.00015200355211380075,0.10666589138658326,0.24083404183648083,0.6964441353964669
0.5257395819427362,0.226175616570087,1448.8347539195129,0.018880149257909457,0.012300199422317196,1190.9213347534446,9689.643690856814,5.4815636091220625,13.520568380987529,0.14625705273900885,0.4124149956224976,0.24335862927107962,1.6735777194188843,0.5529442229203865,0.819893194753237,0.5631109588284058,0.72205065919552,1.3295561401170723,0.0006407166695598737,0.007265966132557178,0.00015394825959814273,0.10634400404990765,0.24146633743471596,0.6896054929422707
0.5238305799000281,0.2243086631533376,1458.668789320742,0.018527463061407935,0.012439648682514785,1192.6396622444704,9630.2062501929,5.473056300006,13.585467351578178,0.13659241185583806,0.4175571123610039,0.2437732197180772,1.65890151471909,0.5556579958949827,0.8188317157318702,0.5604991470619994,0.7201847328546748,1.332201409419042,0.0006374127992044032,0.007206084213665608,0.0001548275732933507,0.10697008777072635,0.24079113547814854,0.6773956321971386
0.5208123979282857,0.22560319735844242,1455.903398981509,0.018056482129809023,0.012334898912167564,1186.17127717157,9724.930569674303,5.442936137412338,13.829680343486428,0.14187919078971484,0.41746484248505356,0.24635200015283928,1.659670119522332,0.5530216342088833,0.8152515261859948,0.5629565869371286,0.7173085291412558,1.3393926087276347,0.0006349184280053488,0.007242711163585756,0.00015367198452719238,0.10732664640657047,0.24115578234047183,0.6780015954865327
0.5214817254795862,0.22547689855281447,1447.9438127621586,0.018038155082839787,0.0121616269024945,1191.2009932467067,9788.824807991901,5.432438387209285,13.511089659521891,0.14473566697781318,0.42247534125916886,0.24661796818770657,1.6499745312458445,0.5503799392018843,0.8149765139302609,0.5631253191852454,0.7116763634454516,1.3349568626028099,0.0006390031880737243,0.007321753866937866,0.0001540323630708797,0.10803132963003022,0.24144548370404817,0.6828364024153144
0.522133924150738,0.2260441774676549,1465.7091697199205,0.017878307573325005,0.012083486141818655,1180.5924158352464,9948.896389572386,5.453101627398514,13.46844981845195,0.14544401206967106,0.423012135228122,0.2470289818080151,1.6368198728866021,0.5506893208409167,0.8164471128795212,0.5576262513647707,0.7037376059931688,1.3232056368756309,0.0006398343752894269,0.007342424856575029,0.0001538784610638484,0.10788128233327904,0.24126904121022327,0.6776245832715838
0.5220955001270736,0.22555766779990535,1487.7981318278603,0.017974242627757354,0.012079849928175384,1174.3235285311114,9896.139848712799,5.446374407885987,13.74306893307782,0.14160812533573863,0.42217928355216616,0.2482045186388312,1.6294365003349751,0.5522913234263144,0.815758507717902,0.5599001157111956,0.7010904315317448,1.3318207931390589,0.0006361497208209366,0.007453398266737304,0.0001531786442329809,0.10760810784877799,0.24182514704533342,0.6779260272709774
0.5208391007708617,0.2258071369935753,1469.4707242321715,0.018083266887790456,0.012228715384240054,1181.9721222706655,9946.117538761471,5.431844691749483,13.61859233715953,0.13852465499435723,0.43067512613135567,0.24632835490834049,1.624872282548435,0.548169388110957,0.8161098213541294,0.5562569950287318,0.7010598133735629,1.3316607164650995,0.0006339911017527468,0.007384996392323812,0.00015137733484998667,0.10730493168303674,0.24197305581150647,0.6756112679241055
0.5181682778410481,0.22452676289803897,1463.8683858533316,0.018318375480208454,0.012197611412356393,1191.6907950473756,9907.921000748702,5.416102902187435,13.822890308508859,0.13763811179544055,0.4380474989593376,0.24493349148235855,1.6227468657452682,0.5448944694209203,0.8180716354613424,0.5577392524749001,0.7073421559218352,1.327229663953769,0.0006291007444985118,0.00733144485157276,0.00015393229981957028,0.10734984886129542,0.24404356803135172,0.6809862376031276
0.5208179481556429,0.22537431877534295,1459.9308036982543,0.01843136229837825,0.01217191233082107,1183.3784391866875,9889.165729609853,5.413765558540436,13.835235574115547,0.13436707832377864,0.43408988906955676,0.24474227431703252,1.6189515898846207,0.5462909609930122,0.8210039507659808,0.5600174970974422,0.702249958870626,1.3304723898539186,0.0006305839701472152,0.007335086294955745,0.00015342821902668272,0.10725410055603442,0.24596090636718873,0.6771672220243523
0.5196899240156554,0.22496708233370044,1488.8925701023702,0.01841319342204706,0.011936790239766022,1179.8145508799305,9918.048074544082,5.41727164009369,13.9886455986768,0.13332682600583284,0.4305617663414838,0.24400325394780595,1.6158347568684603,0.5443961187492012,0.8210365253440205,0.5581613714467256,0.7084406413443496,1.333549217336453,0.0006308755178334706,0.00737070064279535,0.00015395303244720616,0.10663641803860252,0.24226200280295826,0.6717953611253783
0.5209956382273043,0.2245548186703403,1492.575184018648,0.01851888993378381,0.011621449336129155,1181.6375408085298,9833.581708395817,5.395977324515764,13.701408661157409,0.13084331307925492,0.43074040032290073,0.2413443581793527,1.6263618849091168,0.5479183485765847,0.8173269124298118,0.5588271331883939,0.7052410115848253,1.3385859769878214,0.0006302110535036185,0.007418815653720734,0.00015396803821833116,0.10749672030642102,0.24040624216312975,0.6727265389666716
0.5225127653060128,0.224671675028698,1503.8164905781923,0.018225961140429448,0.011487322351863163,1181.7083379410628,9808.07699224183,5.372575250399895,13.898148309281437,0.1320190096076701,0.4318179928484498,0.24061453055087811,1.6333351196353592,0.5485379807215125,0.8167286773731073,0.5606936406812832,0.7035955082939203,1.3413647325074431,0.0006285537368833375,0.007438982598443908,0.00015419968156784374,0.10762384885841737,0.24365207231425506,0.6672364178454623
0.5213701008871225,0.2246044474416976,1486.4204494868081,0.017999867452918684,0.011506366983512883,1187.8921412878606,9763.899690002017,5.35004473854896,13.967340625320544,0.1306550466120195,0.4319458672934814,0.23640456208173324,1.6281256485004147,0.5513727425393068,0.8143082297163429,0.5639336208487533,0.7066780754046934,1.3355469005025464,0.0006308647171823532,0.007413943259494445,0.0001541337389852807,0.10805135295699758,0.24092459962014287,0.6651896082880063
0.5190001745996002,0.2247482888047896,1476.1454881584093,0.017692378584908793,0.011334386632859943,1180.6232877044667,9783.185440743688,5.367861721237656,14.257612978973714,0.12795703006698333,0.4311927878274179,0.23835518410701928,1.6366819251573241,0.5514246565884385,0.8136009611738049,0.5608237108359871,0.709015295431638,1.3412098453795662,0.0006363606898628906,0.007448083384676346,0.00015549851501997353,0.10887654499133044,0.23904021809211887,0.6625019128717399
0.5189755512001526,0.22552528282191206,1473.7418047572446,0.017548060280933035,0.011265806062943808,1190.3140230244355,9726.772312859675,5.377362947203078,14.563127313732204,0.12081787096249633,0.43078738733138616,0.23868736175989924,1.6377239972931226,0.553846185279832,0.8178945238687801,0.5613449445050236,0.7130479034546238,1.3358305876667063,0.0006312292601594019,0.007463706290613084,0.0001538719455585139,0.10951455841171616,0.23963827696478732,0.6640842909539211
0.5172517033763211,0.2255685437500863,1459.6388723029952,0.01752613214186526,0.011200291894257383,1187.0474671030288,9689.904433165315,5.344824331987068,14.383343377241397,0.12464463940643473,0.43435041821736076,0.24230294579652883,1.6298722628538262,0.5501673914070936,0.8185597639572546,0.5614446948331637,0.7100760371393399,1.3472392189672961,0.0006362558186627248,0.007565960987006035,0.0001526317295083841,0.10962373960501638,0.2376825284715228,0.6568270168259671
0.51845538220237,0.22538545391008546,1485.948293780322,0.017598064825304224,0.011588690259446154,1185.180350294537,9849.29303199705,5.332043253848139,14.253211858968642,0.12509392119159551,0.4270029150533247,0.23847838573614333,1.6232178164195734,0.5487387187654081,0.8205865805444083,0.5629092045161702,0.7157707268000426,1.3604600429871374,0.0006376874164642389,0.007614798964659035,0.0001533159872068128,0.10940247775744123,0.23653727669679242,0.6684157853793712
0.5183324211298834,0.22461372056829187,1514.0887379117346,0.01765883066628283,0.011591101703579437,1187.6637975498168,9981.59860862801,5.337090910841385,14.012492346216018,0.1307913758888855,0.42679696960202085,0.2422704763797531,1.6285219737048902,0.5480536905546838,0.8190875241501466,0.561235058517898,0.7135131250778897,1.3600175015198117,0.0006384175274716968,0.0076577434026849946,0.00015477297944501363,0.10929284569372046,0.23850047627489707,0.6654438212500784
0.5199570963577892,0.22494518077362996,1531.7694903846143,0.017418327529950636,0.011685669326300014,1191.0863891828135,9811.883269203914,5.3467775312757135,13.781593944717816,0.12924194798345653,0.42221103161275375,0.24464201539476732,1.6239272102949276,0.5452432780680838,0.8168387827641542,0.5610914330720675,0.7140087179200801,1.3661798091742074,0.000638115944159808,0.007651806612420434,0.00015376599563144316,0.1092791780631434,0.23944921790393878,0.6632967005998127
0.5194191536631452,0.2250805945441751,1540.3576057383827,0.017459933142927722,0.01163841495597024,1180.9112716747213,9879.259702369933,5.328296813489731,14.017400324479485,0.1341890954537299,0.4118675518039265,0.25120115335951676,1.6142191925731149,0.5389342413041236,0.8167224086086102,0.5576695717379654,0.7169314717046081,1.3699129999738653,0.0006405609697218137,0.007660802496896147,0.00015202851299280786,0.10983238602007557,0.23897454456849773,0.6674209160156077
0.5213057093908753,0.22487487577440304,1518.6259849941964,0.0171372989310792,0.011548873339169149,1181.1945757443457,9921.292479180067,5.365394162627386,14.064929871778393,0.1355854179528085,0.41708615098497615,0.2459960404397729,1.619050091970024,0.5381226398591898,0.8213103228627006,0.5570838503654779,0.7128611183040172,1.3744914905204368,0.0006417106360863295,0.00762462636181905,0.00015433935983833754,0.1107940239318225,0.23837276575517802,0.6682025287412692
0.5181653130925714,0.22540847633437344,1520.6406880493432,0.017074015404095064,0.011446601061096316,1174.5835135210548,10048.51424203468,5.372952344072882,14.100176295779638,0.13990462389843014,0.4072337077307264,0.2463100054302675,1.605552441530998,0.5357393038485042,0.8175562967923671,0.5592036383404444,0.7154903284667099,1.3715551208061647,0.0006427397418855774,0.0076234392005546,0.00015436739446159642,0.11029765716441708,0.23927464398545895,0.6658843568578673
0.5157521444427269,0.22581710634049423,1503.4742455568382,0.016920477147240532,0.011656633691366545,1181.9216002150738,9979.805074346948,5.3827091391665745,13.9997758718063,0.14495033632645626,0.3994426831112187,0.24551239357887453,1.6117587702362126,0.5345945690835777,0.8147794223941326,0.5618050075164669,0.7151776806477564,1.3741078127785358,0.0006439486046479928,0.007653572277119623,0.00015570149114996044,0.11265357328788318,0.23919738995913462,0.6605378238122905
0.5170899992682776,0.2244970211926476,1518.367885518527,0.01684025529552918,0.0115411196652511,1187.58046446325,9977.561599655346,5.402018492121725,13.783680731867333,0.14722879261063607,0.40051420021759293,0.24895881014752294,1.616877353649209,0.539897842503518,0.8149598088150012,0.562538733553768,0.7078463511630326,1.365927647614628,0.0006484924517401005,0.0076615411660828445,0.00015696303976713756,0.11389200969393089,0.24010359968357625,0.6669860659766627
0.5181995223745938,0.2241016910841189,1552.2430846973568,0.016541705389477437,0.011514685013766663,1199.360126076714,9959.505568741719,5.39545554569319,13.856139807634767,0.15070001661062393,0.3970168151727068,0.25337702348554525,1.6180271854938524,0.541940540983639,0.8110167505696446,0.5620091943731204,0.7105313792242811,1.3722249054426259,0.0006543671442684749,0.007635804124764497,0.00015569184525284803,0.11336368334440339,0.23735966200876965,0.6737787821439344
0.5140548910170745,0.22330788724117834,1566.6432040307752,0.01657382425925177,0.011235617370559066,1192.3837091781372,10001.038003361708,5.408487503262978,14.089201762398552,0.1488398081545136,0.3985844981431782,0.2540378917893195,1.6303312723700578,0.5454456393798662,0.8105684979728548,0.5616286136262176,0.710962150728624,1.3643472067755675,0.0006519289345413954,0.007719420087762846,0.00015569824968242747,0.11249965636621481,0.23540613115342293,0.6806066677915907
0.5126767300936338,0.2223302321694706,1565.7946206083207,0.01631404076451013,0.011321661917876858,1191.5189177070308,9973.57310844896,5.409928985714159,14.172380812404255,0.1451603990212163,0.4002123187438324,0.2550564884795053,1.62942767602357,0.5424377295744677,0.8131907902203666,0.561918088889343,0.707792020516698,1.3580676365700146,0.0006505444005196206,0.007727091813994475,0.00015797744120295358,0.11340558459258272,0.23375379669128618,0.68391628566755
0.5119029800962693,0.2206836172461643,1561.4789902207294,0.01604145557752946,0.011001721244094084,1184.953673519487,10010.1732340435,5.417755609861607,13.814077262657008,0.1475767016738972,0.4046706320565031,0.2589735410159741,1.6301097903486461,0.5446141786967876,0.8136247520071698,0.5566381262310905,0.70200974952442,1.3449844807049052,0.0006504395987990686,0.007723671014513679,0.00015636913123974263,0.11457858562255802,0.2336368032091987,0.6851449482330272
0.5112201384593538,0.22135635181461238,1544.3002105149842,0.016187978008613334,0.011090404057066069,1174.7648254867438,10048.200356896974,5.441652738678415,14.121337681979085,0.14746267683542227,0.40269397953797764,0.25171136322430043,1.6169772220895868,0.5467795144101801,0.8111619954207716,0.5586622116870511,0.7058396079484048,1.3400332574968443,0.0006576155861194996,0.0077032859002594415,0.00015621352064733613,0.11623539737549496,0.2362447076144442,0.6858974398568248
0.5104101637420329,0.2213281870769519,1531.1183195102594,0.016672553905905028,0.011138760055417956,1171.2730266738956,10102.260656926002,5.459259563103088,14.008996676099155,0.14147493160256397,0.3904692194320328,0.25029666621172775,1.6027020875276534,0.5471512132664267,0.8088381773347845,0.5621157058603657,0.7047727089799419,1.3354488373418485,0.0006578584397607837,0.007725627919984311,0.0001559980000946457,0.11829339228866603,0.2359644704037798,0.6877933652414648
0.5129082280904539,0.2222735815430628,1539.128798333153,0.016637163862247176,0.01123828703306503,1179.0843329351608,9974.11178501266,5.4720866780879325,14.03648005534922,0.14445417817669715,0.39563922243454996,0.250592720665103,1.6087819179917637,0.543571885801471,0.8083847423713247,0.5598474634296982,0.7027802519648806,1.3375043643305615,0.0006579313019885032,0.007693634101107642,0.00015495114975798223,0.11773751943204933,0.23579644840108607,0.6916488871347097
0.5128136539203869,0.22270904857322069,1526.296860712022,0.016685202243797322,0.011095713810451178,1198.269741562783,10122.59403634536,5.491021004515876,14.116112121360803,0.1401646235994336,0.3961871547263199,0.2517066979907995,1.6024928359485795,0.5418223299253562,0.8091496330072238,0.5605878088256261,0.7121187991041477,1.3455395841396594,0.0006591277239744906,0.0076560723948553445,0.0001549305591645682,0.11744033318667209,0.2343543050521577,0.6866398749575852
0.5111004488344437,0.22076719010665563,1531.8171851267932,0.01673374443476981,0.01100520120130025,1198.726123923888,10081.72692129447,5.476561486085289,14.387041801419565,0.14248943708577477,0.3911385297295089,0.25189091533033925,1.6043826430338182,0.545724266989549,0.8072829422871904,0.5604502148568276,0.7170787080021639,1.3456327410612656,0.0006556862705328015,0.007627715562454362,0.00015595670970623015,0.11883415134550002,0.23157491428138308,0.6852491183220522
0.5120983717004628,0.22167588803190405,1535.1294592249365,0.01675016192619247,0.011071581549938618,1202.7064508881115,9944.371321393435,5.45148243609981,14.529733448980782,0.15043986435642714,0.392562011405473,0.2567971391858301,1.6022717885548319,0.5479938089516951,0.8078545466476864,0.5616884807471131,0.7152554859209902,1.3551189313729397,0.0006569269393115594,0.007692899455543802,0.00015687119957056303,0.11794340866058166,0.23365931511826465,0.6827903968193286
0.5133142593046448,0.22189567897162557,1507.7350576098145,0.016658230219461993,0.011083870137499842,1211.6611371423835,9990.131851910844,5.467095620587081,14.81623489094936,0.15498661177698356,0.3932430116590059,0.26068388048473545,1.606686655886228,0.5483255872120065,0.8081616433178227,0.56047838344751,0.7203951839367219,1.3679642904077056,0.0006574022826066294,0.007619393337356309,0.00015666613833886892,0.11816752500228808,0.23694589936450497,0.6837606427477325
0.5136540589017747,0.2217260037436772,1514.1963901617319,0.01701072121196387,0.011108062635987678,1213.4193069745832,9902.776053056961,5.462614351730318,14.90840508810088,0.15163622015073722,0.37880702111073694,0.26211132304817836,1.601599244270928,0.5472983011587483,0.8113598243629129,0.5600766628432449,0.718254082516721,1.381105405101795,0.0006557957615876641,0.0076386583127008925,0.00015750896130159212,0.11747337610290466,0.23807204247980282,0.6850867228652526
0.5153764141673446,0.22004315932232968,1499.7127379559638,0.017160248643471095,0.011067488807560932,1221.669613544651,9781.115307295204,5.446788556789048,14.973121347405616,0.14708993462479675,0.38004204611381176,0.26353253679701183,1.6061211439911651,0.5470657676878306,0.8095275956551975,0.5614218000486393,0.718035573637548,1.386208311640758,0.0006541987987949055,0.007663189599169161,0.00015724119079646396,0.117851680199736,0.23931740039286278,0.6832735345462219
0.5125792378907378,0.21972499960054742,1523.8916949246004,0.017193902547221983,0.011081907920740595,1204.997919398048,9785.001068624711,5.452861776884459,14.913228624015586,0.14835999751555842,0.38086505422169553,0.2622294798821275,1.6005234471624301,0.5465165844124293,0.8117158778844383,0.5592011776208939,0.7151403521046028,1.3895908167245004,0.0006569489072318486,0.007663990822708941,0.00015795688807438161,0.11788562737915848,0.23768857415507616,0.6793220107012451
0.5113694659617571,0.21978812179372514,1534.7435201243131,0.017051898101309717,0.011132533912094612,1204.0910984732457,9847.962865376887,5.452551412890742,15.215837193569996,0.14396261924169831,0.3835208144717432,0.2589666536154532,1.6003454407440552,0.5405675265003398,0.8121914341738167,0.5570229905664065,0.713999426172043,1.4055613707749184,0.0006530721984270186,0.007742611108058425,0.0001582686717513986,0.11935931066471853,0.2404556430624723,0.6841742284603554
0.5099000670414651,0.2199246367577461,1520.014683281032,0.017319629805254477,0.011102098844622313,1215.0515304139196,9775.123148118853,5.435053977624126,15.3810924706085,0.14825992031563182,0.39224744805943734,0.2586580571908473,1.603189730911441,0.5403890147640362,0.8136176336491862,0.5562433364572196,0.7169826930552846,1.4082890886831578,0.0006591709481766355,0.007759318647260248,0.00015962767065985788,0.11959435920985313,0.2398453325765083,0.6877043139969621
0.5100097028519842,0.2202327096349351,1523.5206997380071,0.017417784082614837,0.011196600610643773,1201.7788634230706,9739.729196191349,5.43090749228406,15.302564786117076,0.1391496688901422,0.3788691813354816,0.25371164023817805,1.6032148162059001,0.5392295153305827,0.8132463959147755,0.5567336643054336,0.7211656163447518,1.3991867085825738,0.0006578068415856317,0.007844573608669157,0.00015893228682671974,0.11932151459038494,0.2403203125172594,0.6898668085318165
0.508270425481149,0.2194110531689665,1502.55958544288,0.017579309436503935,0.01109967268208972,1205.3170068368956,9849.143831360836,5.4307146108020765,15.054927001558228,0.14269918333765058,0.37831480080718327,0.2545193118511394,1.6011010120700435,0.5396378715008633,0.8171386054426277,0.5545441476688729,0.7186679906456541,1.4058052025073098,0.0006540782967399814,0.007791615768883794,0.00016007330544157624,0.12008707070994724,0.24490917591059205,0.6915011589954968
0.5081219301511775,0.21885915967536484,1490.0603808256585,0.01756673401046734,0.011245884451875045,1207.994765443082,9773.77959086449,5.4200686198167505,15.143650435796834,0.14297832225526158,0.3755579554765596,0.256387585800471,1.6041890316157787,0.5378159024937099,0.8157248763726785,0.5536156144806856,0.7307223126895862,1.4124298606618755,0.0006555257188196455,0.0077501817021256025,0.0001617234508746037,0.11887341059973458,0.24798947067644284,0.6906443617991487
0.5085684856042427,0.21829280706414228,1496.6535143142364,0.017481416223699458,0.01116059537976696,1205.605293032539,9716.63872372741,5.4256732875457985,14.927654817389843,0.14660861719998203,0.37435034560902064,0.257081918114173,1.6080305683734495,0.5399505579632767,0.8140876013025392,0.5544803148169912,0.7236136053278922,1.4123390999740932,0.0006523683885216853,0.0076788642350778865,0.00016037731602999632,0.11840064962287634,0.24705218883387292,0.6958342448319621
0.5075981131736644,0.21781159271000766,1541.481745706997,0.017293750345730025,0.011121107552191185,1201.4252114411458,9910.899491504704,5.413134249584006,15.021728115850715,0.14398623331651353,0.37486271048749414,0.2560068223571413,1.602347440002695,0.5349720156233887,0.8153977758231192,0.55779327099098,0.7333000154338785,1.406860209383828,0.0006544359016611542,0.007636111919531176,0.00015754349479988176,0.11765015099578334,0.2464367277729108,0.6881723227669397
0.5093089208421268,0.2181306607046061,1534.6687332370434,0.01745777871538207,0.011261000458836868,1214.9633827496627,9899.9870857329,5.442111507633487,14.925110247921939,0.13418754570918584,0.3759469595415346,0.2540207418572205,1.6036452047907466,0.538364338309915,0.8132674639514393,0.5594874479955985,0.7306045820205465,1.4012858723265835,0.0006555209013278405,0.007550673684753236,0.00015631764225603755,0.11811203686175338,0.24846639568920947,0.6875660618191151
0.50851560726329,0.21803986553114632,1556.7585729230248,0.01783924620064638,0.011017291142035772,1213.446885607996,9909.375424797141,5.4577031751444,14.93626264413786,0.12923602705913115,0.3891964104521849,0.2510670867378695,1.6036747657463628,0.5391383174431857,0.8135857690786132,0.5555120886329046,0.7350071839261526,1.3973665356820044,0.0006550006092533803,0.007525919144854795,0.0001584040180327691,0.11769820517018213,0.2498403220943826,0.6855527602212819
0.5081527656700262,0.21741464560072765,1517.0484313525958,0.018031867527283932,0.011014309121182755,1213.5541644537216,9793.780021400977,5.432788224365735,15.1525563227756,0.1271283703040563,0.39203169938278987,0.2562981846293899,1.6054455882683676,0.5367221850472199,0.8127095540424512,0.5552392340047092,0.7418114024302149,1.3946079905225266,0.0006531383733834596,0.007533686465596508,0.00016029848803964775,0.11707182417719036,0.2529080252870067,0.6704967717595178
0.5103058765375994,0.2175596461993233,1552.2620443795865,0.01811613659128539,0.011012667650363834,1220.9201361102346,9816.87682081054,5.463409830397473,15.310180243358467,0.12640006572043555,0.38917555641183194,0.25993698261855075,1.6079902152702272,0.5339276650483811,0.8135849336304025,0.5557111682899699,0.743494363119921,1.4093469092613855,0.0006505342510469671,0.007512622948963048,0.00015874936257514514,0.1176013771799036,0.2536157654073096,0.6667615453210551
0.5100520799148398,0.21740799355629795,1573.882932534649,0.01811801019946857,0.011073883817190797,1237.8227099258202,9776.877852884869,5.466967793694327,15.132105000698518,0.13812395392794266,0.3837702510104571,0.2576094277085768,1.6143077725881216,0.5316300163674316,0.8157859061753793,0.5593772983083282,0.7473584281308479,1.4168641631716938,0.0006461868502136837,0.007504353317156167,0.00015968701887037785,0.11846958242768676,0.25227253188951143,0.6752499104106141
0.5127994807930475,0.2179733823904188,1589.062856867421,0.01798123319689358,0.011033682844117687,1249.4738635148933,9772.14047493634,5.476051856900076,14.94100575400079,0.12835876490965464,0.38739591577147836,0.2616936701738947,1.6198352354176389,0.5311352603043114,0.8179477597513979,0.5605938910568724,0.7434896073994683,1.413162755904991,0.0006476599100346124,0.007585285739944878,0.0001583724632250587,0.11845166879739985,0.24677204165712008,0.6793654118799998
0.5135705653552218,0.21922524496803011,1590.7133818270906,0.0181012490168752,0.011110653254548318,1238.4985053724824,9746.08997316762,5.453273864561531,15.128496047859262,0.12284933538974938,0.38305307298242364,0.2649941130529849,1.6361827072339001,0.532466064807884,0.8146164320921563,0.5576933857139221,0.7369207649179567,1.4410056118268708,0.0006518094337136955,0.007618544318923639,0.0001593882083170772,0.11756123012899364,0.24860740326954456,0.6850237847137095
0.5082462850096572,0.21975926654355832,1629.9940590700608,0.018166865001735585,0.011218601160412572,1229.7310875179398,9587.204598165454,5.458337388768449,14.986761625599248,0.118472486418542,0.37991873900556017,0.2690015703979567,1.622781218541043,0.5332377599327831,0.811627175857504,0.5590492612153165,0.7403678777142962,1.458450558221761,0.0006518922950055403,0.007604785538429299,0.00015950858920839845,0.11796758462816019,0.25041162591281646,0.685551206758105
0.5067863140090424,0.2198254038503186,1629.8572631137192,0.018181107974168248,0.011134735062662398,1258.2523418166213,9564.680001936715,5.4575915763269185,15.157910892773934,0.1203064253444099,0.3807978054319594,0.26720446741352755,1.6104320263468548,0.5350447161146134,0.8185911630631894,0.5607137163175415,0.7419662997663884,1.4695140346178353,0.0006533342061654768,0.007467294389871242,0.0001596832765896014,0.1178154196165707,0.24939167168655177,0.687039732780399
0.506398270524382,0.2201901956157089,1632.1361041759608,0.018153543819791597,0.011420866630664925,1245.7923596696708,9461.295197584992,5.439750457411207,14.89043700393127,0.12801096132227527,0.376914483687087,0.26673774566323083,1.6037866932286422,0.5366252383348399,0.8158129618928728,0.5619456777986984,0.7457589705839279,1.4803371145392528,0.0006490934692033807,0.007433498535110651,0.00016008794469741123,0.1183064448266331,0.2546493446429535,0.6921233303042079
0.5035748534013913,0.2208486984352204,1642.4241610424185,0.01811970703822608,0.011450214596991255,1247.1402801542984,9460.0648522258,5.434273037830323,14.792513363511025,0.12861854838598935,0.3774178836665728,0.26915644750195655,1.6002253641876187,0.5346506794459254,0.8148338474730877,0.559687239210982,0.7479553331945538,1.478708511784168,0.0006527043223788786,0.007401264256805125,0.0001591631282172874,0.11728517718960113,0.25505870692667676,0.6866182074358044
0.504388811308608,0.2204988796092953,1661.8921207358403,0.018283103309209826,0.011708948854006983,1253.0905317032716,9537.8637622827,5.448933883705327,15.126704592721442,0.1279252670996099,0.3766280826866023,0.27219444610475413,1.6012796071712128,0.5377636665639312,0.8121602484378816,0.5563485649312251,0.7537761637871727,1.4925170567153478,0.0006566080471421259,0.007392073526561865,0.00015787954849481975,0.11699276668894462,0.25200235917654595,0.6836785955258429
0.5048610031025234,0.21985006404533358,1674.9263079295622,0.01871578802001099,0.011569602260576285,1249.9731034918238,9442.592144901879,5.433366626888663,15.295257663084646,0.13504628613561423,0.3810356065946659,0.2714998861716306,1.6021788784581656,0.5367455058955161,0.8087239747290081,0.5585832222685002,0.7563010676528745,1.5001405320507988,0.000656967114878376,0.007475271232288519,0.0001579976324513681,0.11649530153691036,0.25717402045228155,0.6787284867058727
0.5051945612838005,0.22018157700520097,1693.2513221289107,0.01871946279885785,0.011533837663818764,1240.756440412425,9381.243297468358,5.417441567049286,15.195129780933618,0.12878971974506737,0.38328732010384364,0.26668648670739836,1.6051852169896679,0.5345176275246573,0.809256978947513,0.5627231070574408,0.7650391116993748,1.498123848731403,0.0006571328502663838,0.007505502717875798,0.00016126476664712238,0.1173733144330704,0.255258591793309,0.6675024293384475
0.5048017554140921,0.21960670484808448,1713.0043363889051,0.018321500601485095,0.011445557523299926,1235.4470334751106,9443.091669810825,5.4259079917827036,15.077680762106402,0.1314331697386775,0.3879026196664165,0.2709611084381909,1.6057714279234632,0.5406769078577063,0.8075456419749185,0.5617096065704907,0.7638439456881446,1.4937537828432959,0.000657098100316074,0.007499228616264214,0.00016121441796890286,0.11678391381991456,0.25565319711038353,0.6689498864152507
0.505352322149642,0.21957231220646245,1705.3412812662636,0.01807001497804098,0.011448861803817077,1239.2279041014115,9332.636783328551,5.436942917523456,14.991921510306609,0.13962924027741766,0.3949893472777341,0.272187916128202,1.6032790158565886,0.5373197309216836,0.8096988363995881,0.5615043754483526,0.76429620166639,1.4952893202669764,0.0006552002533802474,0.007541078762106531,0.00016044138087710085,0.11634475418557799,0.2556072663875458,0.6738527520953025
0.5065612569130524,0.2190827389735056,1717.0947918587215,0.017871795531817135,0.011459240703165055,1236.148141755655,9362.199962645862,5.442196540944842,14.804303796031677,0.1319393394255905,0.3976022971026231,0.27389536916178797,1.6109929242301828,0.5419060666509572,0.8103908661410575,0.5616941174894114,0.761152178559328,1.5050830178038908,0.0006528479867410864,0.007581270522803677,0.000162030202540949,0.11617579926936136,0.25599243995752513,0.6662492354093785
0.5065170781721453,0.21912750530833733,1742.337401856298,0.017989840352136324,0.011320119260701585,1234.6980919698387,9449.327196819748,5.425271718009606,15.014274420923947,0.12588110090325652,0.39343954964786015,0.27816588576310086,1.6151746414165773,0.5398182402516558,0.8081906950475036,0.5629340273931447,0.7610390281788112,1.4960482155266401,0.0006506968789952655,0.007499626368503342,0.00016148769148863757,0.11566244092951654,0.2562466588110323,0.6678401749361235
0.5051831862404148,0.21969058244739798,1725.1032567223158,0.0179095181514864,0.011108312000100283,1234.6933427404608,9440.111189637088,5.422365709073732,14.748923303900716,0.1292451845114782,0.3935191006832016,0.27542466423319845,1.6105920779954839,0.5419565319965748,0.8114220122071415,0.5651799083488603,0.7588773424849624,1.4936119280350932,0.0006509149084421062,0.007562998104642537,0.0001621215046439861,0.11537739979493751,0.2569773954224069,0.6628387220568128
0.5012271028378515,0.21806190757967997,1743.0460580246684,0.017927985270859873,0.011244302608860775,1240.794289573496,9477.52284709063,5.435295495361559,14.952628362614952,0.14304439346155626,0.40235155076330964,0.27274463381071395,1.6039849751239854,0.5401827778670573,0.8077687855761411,0.5634712034573498,0.7653762426726084,1.4891096951775844,0.0006544886971143406,0.007652587819412717,0.00016175035756119818,0.11484671774416515,0.2528155022736784,0.6587547390045325
0.5000938117231594,0.21838257118687587,1745.3977854752204,0.018072444423472486,0.011103202914278522,1245.795860877445,9392.43697923313,5.460373106032466,14.72257845154686,0.1353548835460469,0.4017186863532553,0.2753088206460519,1.611731924193113,0.543197160158268,0.8040195534292726,0.5660664665431384,0.7680356049040622,1.4643231449862002,0.0006529007366430763,0.007635868171147878,0.00016207043858241593,0.11519877725017076,0.25454619869831424,0.6575594116074502
0.4980699805171822,0.2182470232045561,1754.013874980218,0.018192779094236607,0.01126178929437249,1247.484538463299,9550.42955993013,5.404061311717958,14.545643983993191,0.14534283635285905,0.3956861497573005,0.27528390335406894,1.6078325331128653,0.5385455367094594,0.8054885506741393,0.5626032367598163,0.7711917006971828,1.4551645263181539,0.0006521307855043511,0.007654256494447713,0.00016055013509779057,0.1146069665609531,0.25654411751852196,0.6558028789912103
0.5029805676655112,0.21921590414169473,1756.0126827956462,0.018101300484869177,0.011171439801837438,1264.03537565122,9502.447991870255,5.413057186699499,14.378868381357725,0.14512168371261253,0.39746659817457225,0.2757578507359665,1.6152853775731921,0.5416216318100626,0.8088959575580982,0.5600252617887034,0.7826030901138327,1.450770397218625,0.0006493344504576823,0.007647277068775667,0.0001607699228459467,0.1168230662810279,0.26029764849801645,0.6543069464537636
0.5066407430365663,0.21916065864914416,1780.3854342501193,0.01845254989790708,0.011081275861824603,1255.758761100385,9314.986187372884,5.4074974076109354,14.483374338712204,0.1374907346155843,0.39514000002200284,0.2745649130464125,1.6191045590103452,0.538539442149129,0.8068753897208603,0.5612603853138463,0.7882855035581399,1.4587134761750227,0.0006497105084941838,0.007747462491158788,0.00016128304007123403,0.11762390234749556,0.2616960785454227,0.6654104809387587
0.5032132992962821,0.21951666647125576,1813.0178612063407,0.01854216143308614,0.011026506083137926,1245.081728192902,9228.039215847051,5.423801230581989,14.459967477981577,0.1363151184383207,0.3926454310084397,0.2758451446116633,1.6176350873942411,0.5411955732586871,0.8116458592136785,0.5609483037524586,0.7892300453913753,1.452234330976482,0.0006460112807088538,0.007666280385931551,0.00016091282684517488,0.11797997300333395,0.2590495396414777,0.6657258988895537
0.5052260751905351,0.2200387673932912,1820.0183901178457,0.018569121037883416,0.011065953472196006,1238.4109533720361,9231.041851215308,5.4106787785167105,14.072637804928041,0.12700382855564957,0.38983846525376853,0.27515954708016926,1.6196803337257821,0.5406030165497925,0.8127795464044448,0.5603367023077138,0.7924478480922995,1.449081743664796,0.0006457756669216216,0.007664054656854739,0.00015961900018613678,0.11764503115273596,0.25561520022181217,0.6658279774364363
0.5048668186028132,0.21971775634377486,1805.0912004817437,0.01878204421694015,0.011008495040270837,1245.6598854332965,9132.645836453225,5.428939707247994,14.286742459927417,0.12707238373475274,0.3927604785821187,0.2741085203943301,1.6191469671836587,0.5412436935532412,0.8140501300307654,0.5573692123713648,0.7892209743861781,1.4460461175256392,0.0006419990187506458,0.0076843443512026365,0.00016131674830765152,0.11822262992675232,0.25748096407814586,0.6736592491793126
0.502333030199338,0.2195009318373173,1782.7195668638685,0.018804150608704943,0.011198200978314787,1236.1096168795448,9174.799604542965,5.421991298416457,14.466259763154536,0.1354154729938297,0.3980311185043734,0.2757662897832093,1.6182173348040763,0.5429689370780082,0.8165938283017534,0.5566785329508344,0.7837787188252657,1.4485003726027026,0.000641314511810404,0.007736238469571502,0.00016147541212315234,0.11874058954619629,0.26052187235099944,0.6829112960701823
0.5043431289823436,0.2197432230271211,1780.7337460819529,0.018922091486044228,0.011187371852628235,1228.6873228964992,9122.508614423337,5.423380027087486,14.354247763881544,0.13991166699440924,0.39752857385270357,0.27404739143792944,1.6184710305459553,0.5447982385013171,0.8177621424624308,0.5576303639244067,0.7935950859560775,1.44743636194523,0.0006411212603567183,0.007690989020026753,0.00016021545119910635,0.11767894811153248,0.26382134924763084,0.681229060765206
0.5031636313701611,0.21994701528617874,1767.954240054398,0.018868550906978313,0.011248330434161177,1225.6214035946234,8967.385160891426,5.4185470162250295,14.116112848445079,0.14294782304339182,0.3995326126784194,0.27386109259245467,1.610800238283609,0.544683783878461,0.8206853728724979,0.5550572141211624,0.7900794507189975,1.4517885085964481,0.0006429796106134623,0.007610142392348771,0.00016109632523829425,0.11878626904665182,0.2641880976172524,0.6859640898975895
0.501055275973633,0.2199323713308711,1744.046827148423,0.01872866839450872,0.011297040965202376,1241.3747869285955,8965.56229125571,5.422989930528705,14.001841083811632,0.15135312672990484,0.3999602191917505,0.2720647687611168,1.604349411810971,0.5442072282266972,0.8162478650417879,0.5569917796109034,0.8034359172948441,1.4428351281711074,0.0006464899414709088,0.007634958180023888,0.00016200174204854582,0.11822549514109354,0.26594803655490973,0.6927696240519725
0.5001822458619782,0.21916386280974245,1764.9403004369483,0.018492559460754013,0.011213249082138091,1249.8205733100651,8897.378062106478,5.411696804682322,13.930903966038862,0.14170141543864187,0.3924727209707681,0.2764238220629554,1.6047681354738226,0.5443612021992043,0.8166758846050499,0.5529591468367048,0.8057236693401165,1.4320298140777366,0.0006449204133042368,0.007699091708285936,0.0001609533657889558,0.11794009980984137,0.2624363581964165,0.6845209354155559
0.49745005897182026,0.21933410855780014,1750.3054881498963,0.018576172461809,0.011370875312855428,1244.381867883534,8960.20882143911,5.39754303384428,13.810253597835718,0.14245541441508394,0.3860055618842682,0.26951212414441644,1.6095138943741383,0.5446489206438708,0.8180588654671197,0.5561380821221711,0.8084029267313085,1.4218330968193515,0.0006490351584277993,0.007672868140625724,0.00016126067134881477,0.1182160433444275,0.26255817106636714,0.6882902271866101
0.49624961683619784,0.21970297604856234,1756.1014441122325,0.01860771356903537,0.011445336873506072,1225.3948499237092,9000.71945584448,5.40512217457425,13.5733083418156,0.13847450183464458,0.3899677896861211,0.27070062507447784,1.603270142362339,0.5414970834202154,0.818287856279606,0.5540045888874603,0.8080087381957958,1.4166152438866562,0.0006482675246991173,0.007596045215161499,0.00016345117015079184,0.11712540168430761,0.26094301524288094,0.6924907948874179
0.49631833898669575,0.21926560891526004,1772.070331999811,0.018708459346374183,0.011407766403140682,1233.1670608038112,8939.880488190054,5.402022168036394,13.633811434659167,0.1348912952177694,0.39455710087762497,0.2704265845153157,1.600668209527863,0.5429342067216266,0.814941638571544,0.5552079546949275,0.8077909740376735,1.4059686853768707,0.0006538614252207677,0.007590632477132024,0.00016301603499208915,0.11527647561481573,0.26241146490561995,0.6830018662709819
0.4980255780247885,0.21969799898949235,1772.6990352355363,0.018555664952697577,0.011397563743472231,1238.1686579192133,9010.360427115407,5.396084070887034,13.629625362846802,0.14019251518472994,0.39915192080666706,0.2670438720425625,1.6048063026067665,0.5430299950399659,0.8149518068991842,0.5565421912846202,0.8143608706250434,1.4008475645037997,0.0006543760995127801,0.007620923452837764,0.00016277661049452947,0.11504352284260874,0.2614365542792152,0.6841870957816004
0.49839217889906345,0.2193525655321184,1777.4053329835804,0.018359744793514994,0.011226326987331139,1248.7682816179085,9071.418353309742,5.392841626276672,13.630746022153318,0.15048331063280596,0.40050981077021036,0.2656495014713518,1.6086408925574276,0.5408355245195231,0.817039852705862,0.5536034402381015,0.8134582668162973,1.4005985315676208,0.000651354928462786,0.007550772633038587,0.0001627955086491105,0.11458180070713729,0.25900075215149254,0.6769987177269764
0.49834729058072863,0.2198444044708047,1767.992713950192,0.01831758724556501,0.011361576575568827,1253.429603815234,9145.821777825067,5.400778062691085,13.36297389464549,0.15227146230411437,0.39624718749123783,0.2632429674286187,1.6035774942919296,0.5409959539991391,0.8139415419879189,0.5571293841541216,0.8081618572542849,1.3991367174988583,0.0006460221281273527,0.0074913737069965455,0.00016294092382061387,0.11305188039082222,0.2582757364619627,0.6840724141566691
0.5006479875480239,0.21939678800341555,1742.2123131127673,0.01826230395541317,0.011679884703770314,1262.7037167011024,9058.400219327905,5.3683920227481385,13.114530641479439,0.15128234732053744,0.3953969416978449,0.2612250288784621,1.6094411148084484,0.543158410011019,0.8195744132234578,0.5566932607631868,0.7973296805239618,1.4122939871338624,0.000642258893096505,0.007519436171414315,0.00016286517495072442,0.11387537124800227,0.2578799195080107,0.6835402204053623
0.49969716484318927,0.21962132508206403,1753.4069438839924,0.018486388497084786,0.011639472431341525,1275.2913236925128,9003.256001548178,5.374719445107842,13.332558169380196,0.159524813819672,0.3944980923396525,0.2629679594007064,1.6113503689861521,0.5380174345606126,0.8209378627341998,0.551402072003909,0.7973335329525466,1.4131474564303947,0.0006416336697413509,0.007516301646628396,0.00016408403378645911,0.11272107048030562,0.2600032361354055,0.6785437143326436
0.49750441844532284,0.219205239112229,1719.5319959459252,0.018730517688650118,0.01178605686050835,1284.1883446289917,8942.236276590827,5.393834850920681,13.230326111544942,0.16174495116301807,0.3954263386971307,0.2628643247590641,1.6253730113622638,0.537873456521481,0.8227099129970873,0.5525455690996147,0.8077933996417163,1.4019383284704587,0.0006437233599060155,0.0074199349315401866,0.0001654176216778925,0.10981891318999631,0.2615292990024712,0.6796057476426217
0.4992479528330795,0.21925969089197195,1721.8130645285717,0.018720982323613914,0.011748083966733961,1294.849119587699,8937.614662012431,5.3964306437630905,13.28269684730771,0.1562714707182844,0.3865782006592419,0.26027288043117286,1.617245284309007,0.5347221782365131,0.8225824030622269,0.5569381318744199,0.8086309687297137,1.381822854076704,0.0006449409686072614,0.007438644631140916,0.00016472895003077567,0.10965424187613623,0.26190894021658345,0.683020487862649
0.4999223020207197,0.2201131720217743,1714.9391415197595,0.018838350178604663,0.011575365421613809,1303.0718541966157,8800.928905137695,5.389728171609751,13.421946344545784,0.15166405748761327,0.3942474280164667,0.2654584810182126,1.6229027544392227,0.5371961021409032,0.8214390729417713,0.5571297437481527,0.8120144543591711,1.379683894535649,0.0006512178676725059,0.00748891024900915,0.00016618816157328066,0.10935552582300437,0.2608990127569873,0.6835893767686456
0.5039034555592731,0.2204731931916806,1725.9265966987737,0.018792373996226328,0.011706469154526786,1294.3610180239632,8840.89439704888,5.401717403406597,13.526811708705612,0.15765867983713763,0.39896492228543945,0.2631000236808886,1.6230998204929759,0.5386664590457845,0.8232960303242924,0.5498422500898782,0.8080664337870151,1.3775699091014226,0.0006545969474282474,0.007516965516017843,0.00016609790662729936,0.10988384370488867,0.263235255113995,0.6795255528950676
0.5039261598264201,0.22115628611644053,1731.9812397805986,0.019171693340481657,0.011732176715842113,1295.2519479614207,8819.244061416208,5.381465146745943,13.502109075161622,0.15464442995039618,0.401686256274177,0.26753815490413807,1.6142382465724252,0.5386925477699026,0.8230975485611775,0.5519357510790418,0.8113381614285087,1.3774022724106774,0.000661973497428298,0.007462451196583234,0.0001662098054052237,0.11035364140082357,0.2627965739441031,0.6855941027988325
0.5029416543275501,0.2217987302334435,1744.5809569885312,0.019447628640932985,0.011820595409816767,1311.2017431432544,8787.806064952018,5.349415542198002,13.243795274185675,0.15383876643464234,0.40479416179860217,0.2679189773355536,1.6107033798058537,0.534050329568844,0.8222037355635646,0.5480690111924341,0.8142832616628082,1.393951731984477,0.0006634673746526884,0.007513555008968955,0.0001664236783573237,0.11060690641579315,0.2638854037149019,0.6824159190270609
0.5084515365730687,0.22120997350752925,1733.9253828516605,0.019524961234464604,0.01173563364107553,1306.1226156687637,8850.225984877614,5.390096049562607,13.25285300144867,0.1515693081755828,0.417052422344266,0.2699534732821699,1.6034849810778324,0.5312921227804009,0.8236442768885606,0.5510954213577158,0.8136463284580571,1.3941590139208642,0.0006604303005813428,0.00749752011846586,0.00016768603532814666,0.11106164312823473,0.2668075873516519,0.6683747611868092
0.505955278369612,0.22100803329870047,1753.7350688078313,0.019523237761116644,0.011531444314386052,1309.8434520149515,8768.61196076237,5.403881690630383,13.214896541986143,0.1608866669060464,0.41452576714236206,0.2712732025968642,1.6002429791877788,0.5310128252475207,0.822200493995459,0.5529013723368263,0.8155972114117146,1.3886618556712997,0.0006599592398437039,0.007564783629058407,0.00016933024053177636,0.11035716841103381,0.26657560348593967,0.6735644425737617
0.5029618119202077,0.22037462101321093,1767.8833317526446,0.019617040263390503,0.011378228737594786,1294.3738410932535,8607.271413343917,5.4146652778246604,13.358997557189893,0.1521679032847437,0.4143026649414538,0.2698473470066037,1.6059391862692054,0.5296049852773832,0.8248157681962286,0.5496324551119299,0.8154096464984839,1.3794858955203684,0.0006603082659491796,0.0075643403860671385,0.0001696592449129096,0.10989545266312586,0.26863440609839023,0.6774085634854659
0.5013125852096884,0.2196428315375949,1789.923578490033,0.01954581075016458,0.011214697569963704,1281.8248464846388,8623.203877985996,5.392464045301072,13.211778150101877,0.15345417172149395,0.4142817076410507,0.26894151352403983,1.6049306457610495,0.5265987741127331,0.823379324698545,0.5470181542778149,0.8144767952101674,1.3856247312007832,0.0006631130908905765,0.007586340291651133,0.00017183900810599945,0.10924924812830172,0.2651135385917904,0.6751967854288641
0.5046557243689088,0.21931012452396606,1803.0398873872416,0.019600679318780845,0.011294580513562635,1281.2934178362175,8672.607671715994,5.373726147246324,13.388394927271476,0.15004128210181708,0.42314044086257757,0.27314680137143227,1.6010356613153314,0.5261610317092346,0.8254871063207176,0.5479554798721892,0.8022770300340335,1.3701034350745658,0.0006633339679642322,0.007542547138094846,0.0001707934760766941,0.10837843286085871,0.2675748789593907,0.6810659063881173
0.5050563327100241,0.21982042779910843,1772.5679083860527,0.019519556178404753,0.01125807635088291,1270.0373628076052,8714.380393897252,5.392940195944796,13.26924387052671,0.1476889690515856,0.4172520202744532,0.2759354583234458,1.6065033759124359,0.526473341614325,0.8275316110560987,0.5490264946736303,0.810223225367124,1.3759606353995852,0.0006647538009611101,0.0076258802629143975,0.00016892282327755386,0.10841244057025878,0.26595931005788487,0.6865290566395893
0.5051150507738595,0.21911756105567423,1735.9937340941642,0.019668193070186895,0.011382974366080595,1285.1119003953586,8793.650855984753,5.373514265849858,13.261666357061205,0.14481312905625368,0.4165982639378842,0.27449032465176265,1.6023258473212212,0.5273393908784212,0.8246961529370107,0.5476277424543207,0.818390910283925,1.3854371701038608,0.0006639499707535875,0.007670931112414468,0.0001692494180170785,0.10889573094173201,0.2709559921146778,0.6836591703309127
0.5037666608974758,0.21879700620598883,1727.121459922828,0.019586438466732477,0.011244761379803509,1276.8597364382147,8832.2665804256,5.369545005218359,13.200313046992354,0.14693761190619992,0.41549164379253345,0.27441662059382044,1.6014721993453043,0.5264813047821243,0.8301301477597277,0.5483690797113324,0.8197727950260159,1.3974600336628782,0.0006672857093662769,0.0076038926564013344,0.0001692059639093077,0.10709197157015812,0.266325614952789,0.6909740343754226
0.5037577688841642,0.21802054637941606,1741.0096400690609,0.019625147006864893,0.011271804480258732,1285.0233723058277,8811.812482977071,5.368163949204705,13.040913729325126,0.14672366926798425,0.41075367884306574,0.27495517820615684,1.6108457840239037,0.5214667235236792,0.8324764831184517,0.5489383806594814,0.823624685273707,1.4025059318687343,0.0006673767621604776,0.007614136212660591,0.00016838873575226294,0.10819263983239644,0.2603908178331352,0.6872307226174169
0.506848687951657,0.21851482975659653,1749.7460635396417,0.01956848322098508,0.011604272785669993,1285.3502758977181,8918.911720517714,5.324931672852895,13.160094483378392,0.15371241571347627,0.4128174214851887,0.2735657628527946,1.6113713335926663,0.5187046439086378,0.8297097335286955,0.5475983822182645,0.821037868573914,1.406649566780862,0.0006656541936691194,0.007576684561003153,0.00016765725670900335,0.10842172041418016,0.2640870364637601,0.6857184081281716
0.5083243442602153,0.21854028293823635,1776.1234253742803,0.019344201317277817,0.011670571095455839,1287.3220494985708,8881.010210801534,5.300206342936395,13.016084406117237,0.15649800347906165,0.41157939076182243,0.2742435117603099,1.608317649039367,0.5202810513549064,0.8289711246185436,0.551909701844754,0.8196920998515502,1.4042572487707548,0.0006606069834883832,0.0075352338445338575,0.00016679691076065088,0.10830637146455281,0.2620285334002868,0.6907629279075583
0.5097878903494611,0.2169162928562529,1774.5513937081282,0.01924539643462767,0.011686169896730332,1260.0032692678974,8899.422352413785,5.33605948019053,13.20601708106918,0.1593018586276487,0.4139755945240616,0.27471644828715847,1.6153675920975081,0.5194377257407145,0.8306565938755185,0.552680665368851,0.8100777084181007,1.3954003681855394,0.0006634535547096864,0.007532065352858374,0.00016630044275953534,0.10828960954871754,0.2636203660007947,0.6929993611486199
0.509046302530155,0.21594543646222858,1755.7047588478047,0.01939237503267985,0.011839455822974241,1265.3610893441708,8907.500008662886,5.348146346800288,13.00831758142006,0.15385991070154087,0.41274428318653605,0.2749477361374815,1.622884367180028,0.5162601888818124,0.831435213088351,0.5544368071643041,0.8106586819638572,1.4082247000986967,0.0006655501248826456,0.007438520358286089,0.00016609941275588861,0.10864659820590951,0.2669365143649017,0.6948496364597903
0.506940664809513,0.21491092841374715,1751.5862627782235,0.019357868147554705,0.012179784697048482,1256.9552102427015,8700.483176368562,5.339143526898032,13.200874260599386,0.1486671921182369,0.41390795761040733,0.27542170125292753,1.6234008823788313,0.5164324952390282,0.8313856087171222,0.5546373629842073,0.80762581695832,1.4161687521441606,0.0006652639545512592,0.007427858669386081,0.00016478868099267373,0.10793599496181812,0.2662921241285265,0.7017427536735042
0.5066665214696129,0.21446578846200282,1730.03968088412,0.019490077707115125,0.012052858835799674,1256.3264827561056,8752.05491080691,5.355877359743216,13.228693817833086,0.1476681629987008,0.413072312406384,0.27236938724611387,1.629246428299387,0.5155007446448995,0.8349165657318788,0.5543748351679537,0.8124929804497721,1.4245218886309352,0.0006620253522762631,0.007486633112663065,0.00016641799361467944,0.10833773487427655,0.26263609242502683,0.6942549631936855
0.5071126342233796,0.21482878802635613,1726.5324552861114,0.019653760942072176,0.01244892218239961,1250.8279088679174,8740.596619646,5.35363432904513,13.288590557766872,0.14264289360408888,0.41809612396446144,0.27594050975734974,1.6399845034069933,0.5186287441875428,0.8380616888123459,0.5541843303184965,0.8177571236474088,1.42981323214496,0.000658651286395369,0.007542110036990992,0.00016684651599614995,0.10917296055486671,0.26775124589084026,0.6901774641650984
0.5062096917290166,0.21481194012429425,1723.9439066143823,0.019846875938563994,0.012712454809898969,1245.0801645723811,8878.666277970337,5.360956092706146,13.152322339384485,0.1476697179041294,0.4129186047715174,0.27378224996094935,1.6422575707965612,0.5145906498582407,0.8389199734778631,0.5513210703606473,0.814477349629917,1.4382764973831972,0.0006614201654929498,0.007679651696212029,0.00016719530942304461,0.10969955630116414,0.26674419408311434,0.6862092396388527
0.5059349780678042,0.2131909240401808,1733.127707922348,0.01962582032258367,0.012904121913124409,1234.670501485637,8870.38183104518,5.3431629154259355,13.047393728388219,0.1479287265540854,0.4079410546462662,0.2690508442699716,1.647154425316241,0.5131744445725324,0.8383094294751633,0.5520952443114168,0.8165896992535889,1.4240326006354325,0.0006601468400450679,0.0075917202152,0.00016660068285589207,0.10953121890520788,0.26191866174275147,0.6758676522210068
0.5053908609559778,0.212411056644113,1735.7635107116748,0.01976661724503713,0.013047936795083611,1228.0355113672724,8832.801647119211,5.342020613754611,13.06935773013417,0.1530617323037243,0.41124496937952243,0.2704444414380137,1.645208579241375,0.5098064288189751,0.8384990836546031,0.5548232918142145,0.8213566673296794,1.4240626615273901,0.0006565735235119093,0.0075690726825928985,0.0001667066318495752,0.11073260581379286,0.26338227099044914,0.6743552214780838
0.5051546374034988,0.21270993855833778,1760.9549525642935,0.019867477438732326,0.013290799998425754,1237.4039686639912,8836.512443473437,5.328142071543222,13.528195630226648,0.1486370135928648,0.4126441472989132,0.2716478150934371,1.6438798040458285,0.5109687563385863,0.8404160871506972,0.5558692671789679,0.8144773340309145,1.4211352406473576,0.0006572704522097874,0.007598627795995975,0.00016547146600659403,0.10943346947578894,0.2635632920820063,0.67997061872274
0.5058606305547592,0.21220122316646622,1749.4561667492928,0.019809274112169387,0.013118276693477001,1224.1469953487867,8754.81785482189,5.3410451306356475,13.528597588307042,0.14811507990836648,0.4165102652304104,0.2701852003171622,1.6539964993804193,0.5123323240690086,0.8385334301491629,0.5584786968089407,0.8092539922235463,1.4162547664604903,0.0006525002642558404,0.007620350408230372,0.00016591061196826902,0.11031665649165351,0.26406104695104055,0.6763293487450794
0.5069281799503682,0.21119377023161778,1768.9857816362294,0.01962857795144939,0.013221570589788345,1219.8368979056002,8876.094626212904,5.365005211600075,13.257685927891547,0.1542869667431739,0.4127344692610812,0.2707815462592969,1.6533423995432655,0.5126700255532955,0.8397292148467973,0.5651421679535932,0.81578138492651,1.4227571277516629,0.0006507662592854725,0.007649791122253947,0.00016746867440537447,0.11025155419211728,0.2643786900949239,0.6864059852303255
0.5040892671592972,0.20979534430033991,1784.7804899494204,0.019550121707000514,0.013323816337736244,1230.9050023970874,8914.567973417303,5.339582421583422,13.295745228838863,0.15144560413935743,0.41703651758683746,0.26641401348119315,1.6616178426597277,0.5138718212148995,0.8403788710303804,0.5651750873902505,0.8168617553351238,1.4303098798738905,0.0006528804343796953,0.007687189791548191,0.00016839844508161173,0.10982092272869405,0.262268761936494,0.6857504272813494
0.5044135987372406,0.21062277840986668,1748.7729136244327,0.019299711228206267,0.013062045124154646,1234.4180281931594,8861.14223243863,5.3359449458226615,13.465226623209762,0.15129458634569712,0.4176018625966377,0.2631404419259875,1.6522879191407298,0.5132733359253189,0.8425219106646743,0.5611467048647908,0.814991475005895,1.4164857486286162,0.0006483102362767773,0.0076459480622730214,0.0001684486807142704,0.10991278652280279,0.2649352937448551,0.6924105572179832
0.5040578157116641,0.21022747944602657,1727.4848364935565,0.019733153788208734,0.013160142482020677,1233.990830886959,8878.604367358987,5.3318126056738535,13.449584765490073,0.15421730452212612,0.41642105167403154,0.26242292693087194,1.6569469271487438,0.5144602824242167,0.8388210941788429,0.5593074168121172,0.8090318799586954,1.4172217744452964,0.0006461290323226774,0.00766160323596298,0.00016758751212344388,0.11052581301668647,0.2625926580618276,0.6898474238126239
0.5036085804053586,0.20996272342250938,1708.5411362436726,0.01976719573884377,0.01319927180839289,1241.013025962501,9059.83112145567,5.354988199298789,13.727007185119342,0.1529066558020129,0.4169433131579976,0.26657309495452985,1.6366394387808743,0.5158915552014591,0.8416928195765043,0.5596670870822884,0.8049782526833227,1.4134448722201103,0.0006465003781042868,0.007635679663867314,0.00016866929005896554,0.11100714103546468,0.2628977028498259,0.685933487069086
0.5007970077387104,0.21012219888140882,1667.893815663293,0.01974940602468636,0.013125238252378818,1256.1372604113121,9172.542362807313,5.354301859625353,13.718539492737023,0.15230020105383693,0.42568541130281584,0.26964646005599907,1.6414111244336913,0.514621541469207,0.8416018688264767,0.564941557740189,0.8051925471902955,1.4061064358995163,0.0006447080634908594,0.007573488925067826,0.00016774118728570697,0.11000535873992824,0.26432351150466027,0.6903378596811117
0.500660685460286,0.20964319028925113,1689.6103397499137,0.019624509511478327,0.013288910899593488,1253.836665888407,9056.442764040086,5.340158441196107,13.544781199145977,0.15346674790513257,0.427477212382647,0.27130389037219316,1.6387834398138394,0.5165589205037149,0.8446202789804094,0.558624642857912,0.8097202202200794,1.4071920653910708,0.000646640239536699,0.007504304766807365,0.00016764412705830872,0.10945076087649415,0.26172892878194703,0.6965852600148266
0.498547752028004,0.20997961154711353,1669.4218420570917,0.01958478789280407,0.01344273774216558,1266.087481990336,9006.570224838673,5.329333025307659,13.762945853451493,0.15325663918548568,0.419354937711741,0.2699181044812356,1.6440471186426597,0.5158981704338811,0.8487859376485688,0.5517189822364145,0.8089989700210951,1.4026702012105372,0.0006433013787883509,0.007499108334409624,0.00016659751702697632,0.1099498534006368,0.2578306043134162,0.6896080384687117
0.49862943079731026,0.21077744566820267,1676.9078561690023,0.019290813371744518,0.013308012462186792,1267.4557333647317,9075.442665388597,5.3392764014319445,13.881062150472143,0.15052282102875061,0.4271929638455676,0.27142015989059487,1.6457836826513048,0.514729077533252,0.8485801084416469,0.5511201474226247,0.8122958612575787,1.3907094219321936,0.0006397103576041273,0.007546899257051351,0.0001660660313130619,0.109571667479065,0.2590653230221185,0.6889235824435118
0.49868150233214725,0.20987100467709366,1717.1056748036417,0.019240284095451633,0.013044719409395176,1265.0294555593243,9086.562719363179,5.323397180976279,13.69383573583499,0.14969804392338865,0.4217142958501502,0.2729372586000484,1.6444413791005883,0.5185620367632103,0.8432182690229607,0.5489054438395443,0.8152929428775735,1.3812374407015986,0.0006402435587183985,0.007569485667568161,0.0001669431510873367,0.11057499408920721,0.25640554432008394,0.6926413985283241
0.49808260144285377,0.21076516686385816,1710.2558916029443,0.019087095904947702,0.013310729070867108,1268.993346721719,9189.987470443342,5.306777400361798,13.552629226607973,0.1465560735786687,0.4255808402380001,0.2717501277160247,1.6481028196303191,0.5178310630155687,0.8467258910505565,0.5525717888497419,0.818208865577302,1.3768038086618248,0.0006414433017123347,0.007577346182064097,0.0001646814221051923,0.11048346077642981,0.2592651480407504,0.696243128925881
0.49699348931449355,0.21073674082338442,1721.5444024139579,0.019269570642726965,0.013532810772627052,1271.6802975877386,9118.456126905441,5.318391057648405,13.222448545439292,0.14671797582406362,0.4296422758086757,0.27414524764244563,1.64393667597425,0.51887640913152,0.845092262450079,0.5507962186072775,0.8212837240011343,1.3645102349178506,0.0006486048620345431,0.007536717171780748,0.00016523130046776393,0.10905385028947029,0.2619848620281857,0.6903561713556634
0.4955836093177033,0.2106302393645884,1751.4814549667515,0.01960948022747541,0.013342184685036874,1267.5994455746481,9196.078449142035,5.309456376050747,13.49013925227183,0.15578780833118389,0.42468635440414,0.27326164833303207,1.6434559898127368,0.5214618491829017,0.8425592240235196,0.5484157993813763,0.8164826573200171,1.3740802444766254,0.0006477605938244405,0.007649620630967007,0.00016522530765020066,0.11006165919688513,0.2599671228843321,0.6912704506391643
0.49799286771304924,0.21040689722726488,1774.6415384267245,0.019346765737106048,0.013328875840304757,1274.9835722543332,9190.7527018374,5.332581684122561,13.572233494324223,0.157846750753849,0.42294946907276226,0.27239731928470895,1.6441201137751618,0.5250445122794631,0.8470589136727433,0.5511083202552993,0.8144084424946821,1.3634925833995948,0.0006473329157791727,0.007657087889313927,0.000163894507456553,0.10933072194415445,0.2650126609636244,0.6865363768915315
0.4949901297438233,0.20973556095111637,1767.6158130355907,0.019275539880276128,0.013192651865841221,1271.6340814641424,9084.966006071101,5.324322239855258,13.740170252978517,0.16497428074920964,0.42308139707523573,0.2721407756247081,1.6467842435222764,0.52682606540035,0.8438718099075695,0.5468950435760818,0.8113735567037917,1.3656164155248856,0.0006453958949026487,0.007706839064201054,0.00016377250103660908,0.1106274417288105,0.26175752102248473,0.6897109733772293
0.4977733816252248,0.20996028988748291,1761.8340762112825,0.019344815605480594,0.013091435924315597,1267.9885439631691,9190.392354811504,5.338558788346165,13.882780612135702,0.16247607224037683,0.4271670008203108,0.274109175457883,1.6448866949701166,0.5290842344347312,0.8436619367560179,0.5479312622428129,0.8191863021314354,1.3586854018110979,0.0006476476795007107,0.007731912291955063,0.00016291873978182658,0.11083657830317988,0.2631879032889405,0.6955781468780137
0.4977421808905335,0.21012339824285928,1750.5503245658467,0.0190915566431146,0.013039410618824713,1266.673113123105,9204.37465888117,5.325450446375889,13.805524395660202,0.166166874794944,0.43640540632977387,0.27441678090599103,1.633972136900357,0.5316047201550173,0.8411866406293472,0.5519107643027946,0.8239276651697683,1.3553294564743366,0.0006470964768827125,0.007656668503946941,0.0001633466722424498,0.11021398355749223,0.2671287734792826,0.6974174429540462
0.4979562858690219,0.20899752270007668,1761.8681475867977,0.019392438996169454,0.013358904126366344,1264.6806524536735,9212.74549638935,5.330995193873105,13.743174286576474,0.16249252704734657,0.43093778744857114,0.27185977397908173,1.6409793687642016,0.5345343519856092,0.8397931155385425,0.5549994666934892,0.8205915143141596,1.3503247920550625,0.0006421605570993236,0.007612488161011342,0.0001656150614176745,0.11093525684713416,0.26772877720003657,0.6941620341470576
0.4978500134380449,0.20890389114210933,1761.8259017401315,0.01931105345028437,0.013549106608467908,1268.5497547791151,9234.524143940804,5.38208583225075,13.406529056228521,0.1591732347316874,0.41873223405283344,0.27369175986000965,1.6415202507694677,0.5367024309182288,0.8395657768627053,0.5580810030255662,0.8309611226231643,1.3466143404241626,0.0006467029068434175,0.0074940362923562615,0.0001653176234270546,0.11008107286885709,0.2673487173214627,0.6964013713363072
0.4973717297169268,0.20744442309107414,1771.5935882873225,0.01938302592910867,0.013635387905521944,1275.5326892803155,9304.328975079661,5.404732886771751,13.352409160885035,0.15016194994586698,0.4234978798184302,0.27115588215996494,1.6539490895224611,0.5397834336636202,0.8414778362800633,0.5564819758444645,0.828733808018619,1.3440683087534648,0.0006489679446729184,0.00746910207832155,0.00016608827773096686,0.10852047176332215,0.26689669423378914,0.6977999245892208
0.4958382988592631,0.20607147411040214,1766.1394234156733,0.019293717664569755,0.013750182139501839,1264.9027378717897,9204.903697416206,5.378322690223708,13.40897289308815,0.14202508488914334,0.42702254744353163,0.2747765410604413,1.6592478385176972,0.5405076167743316,0.84230379250725,0.5525554077535257,0.8261874814137508,1.3378830003390563,0.0006525112830094339,0.007487928314576262,0.00016642178558957772,0.10874667560491384,0.26774337625102057,0.6930774710977519
0.4958269434303562,0.20522212006518434,1768.87198408745,0.019321580014197235,0.01365740450795169,1272.5733214948339,9256.633290260277,5.387795865768958,13.779939936141817,0.13736163265196968,0.44008461029969875,0.2770150764577736,1.6640967942435265,0.5400302819177953,0.8415126090144628,0.551053580094966,0.8319482651793858,1.3383305876869813,0.0006508217979173293,0.007566919441480695,0.0001669675278147531,0.10885237667484504,0.2674797851898973,0.6953146898579692
0.49396214774470365,0.20546620650982175,1774.8611343780435,0.01922375567647479,0.013563282540658297,1275.2848113643468,9262.79114924804,5.402470230006906,13.634028828663299,0.13637122498802035,0.4411576183003801,0.27952355988595545,1.6627480260683265,0.5363905938392768,0.841323572139465,0.553648561423461,0.8267532257947057,1.3533988188450754,0.0006568449445536948,0.007538674541120322,0.00016732495277890978,0.10829402283591938,0.2656562723032126,0.7035344205102704
0.495754798239966,0.205616447782509,1783.0518152925765,0.019257316115053942,0.013535578786635166,1274.581206498415,9362.111645865229,5.40582625854631,13.83039641260516,0.13638004148956598,0.4455845911492217,0.27512687922487167,1.6698622356171915,0.5384272049237276,0.8406410551193382,0.5536112254217156,0.8203097043610524,1.3513932183649935,0.0006534441414053624,0.007527951938488538,0.00016765497634575944,0.1094669355788532,0.266326661098268,0.7102997279263139
0.4933835448303618,0.2058842318680117,1756.5343715615538,0.019043115632919275,0.013713880063686078,1277.261655730466,9333.414413392953,5.449024217528041,13.72492336737613,0.13192105519520403,0.4393121126348036,0.27477952279082407,1.680736895640556,0.5408968521117679,0.8371367339665139,0.5547526368416373,0.8215345710187213,1.3596978221233527,0.000651120646392508,0.007494954823327831,0.00016853168792454865,0.10872197318043775,0.26441488562231374,0.7068259913390882
0.4892905194049675,0.20494506923466535,1732.9190443270245,0.018940863778709478,0.013697431528517528,1261.133825029737,9393.653627810294,5.451036607741002,13.706276716432308,0.13002218688304334,0.4431941870438453,0.27723875329233044,1.6838167429024453,0.537555910143724,0.8433601679470385,0.5548271119279305,0.8095916608247966,1.3690012839701893,0.0006560790754205776,0.0074966665427735266,0.0001662801285569929,0.1083108048079956,0.2644813139519124,0.7094161552474566
0.48876448027642316,0.20455502027932929,1711.5616467924767,0.018749961244568313,0.013592892545161502,1276.8484312583962,9427.614960842415,5.44105248449545,13.70107384917065,0.12476668938305917,0.44501031514248246,0.28213787907513976,1.6916298156338028,0.5370704019183833,0.8448465056989006,0.5547402902718958,0.8074262110524496,1.3721395085979051,0.0006542418573572309,0.007349765532305883,0.0001668704687237656,0.10802305475718262,0.26518021686378646,0.7102812814428057
0.48734178986995774,0.20440583453830008,1710.829867053502,0.018780327215506598,0.013430471635820626,1282.1361093936316,9323.629995190115,5.470484028734698,13.70352634856467,0.12876038996188874,0.44314300650563215,0.2795985810111643,1.6762727891272788,0.5348314388434665,0.849568276338507,0.5571991375307622,0.8048604665523444,1.3798935368666454,0.0006509943389806182,0.007420776246401021,0.00016831696579792805,0.1097556248684232,0.2649464805193357,0.7182310023947622
0.4861476480977456,0.2051247023940263,1674.4246776376692,0.018870456638515925,0.013367334119434764,1281.1114584492,9361.679912529815,5.443728146790502,13.544059333362107,0.12625645804229535,0.44855341508409746,0.2809336557475221,1.6744309344070583,0.5329899364981387,0.8507970104883361,0.5597860995088287,0.8037493350489735,1.3928047268556332,0.0006523773838203017,0.007464535871183129,0.00016795393525574254,0.10878096446645692,0.2656198798337157,0.7048322398341508
0.48596596188151897,0.20552705272486818,1658.5224402256397,0.018640474808466385,0.013533758717895304,1278.0996441885538,9219.535572484987,5.437668490165777,13.36405942427346,0.12661642546936222,0.45214636149110254,0.28201366370088315,1.6806954098685079,0.5299028187584541,0.8522973120793974,0.5599722641932545,0.8054161781838832,1.3986796814255869,0.0006570867647336386,0.007511689492411953,0.0001677387691320156,0.10948023682056139,0.26447398700725383,0.7108133724321563
0.4879541985561212,0.2052590295806451,1658.1057025784874,0.018514373966022762,0.013707469067585368,1280.0504208961738,9177.591061560894,5.439433287487718,13.212303983564707,0.13339079702398418,0.4552300175297608,0.2803192785210821,1.6786514296399482,0.5326313012116823,0.8525236156322236,0.5599192766656339,0.8004258681074593,1.4159582611134796,0.000658110050550025,0.0075649185896879126,0.0001678016316241553,0.11144628894387558,0.26302801269575143,0.7139181342986077
0.48697846956590396,0.20611163761729256,1658.7390355249154,0.01825248130351519,0.013660729593129785,1281.9286809835594,9165.865696022633,5.4455649605547265,13.197153030994597,0.1391762658834985,0.45664657071507053,0.2785827179397363,1.6686465900077694,0.5328168128951333,0.8549206494400564,0.5626804409062717,0.8058837353608196,1.4054055080036543,0.0006604971371182319,0.007554516993351814,0.0001671877915716206,0.11128186887275907,0.2652852527735743,0.7101635617199007
0.4857257716012038,0.20545377880166396,1695.320220244287,0.018403656827628324,0.013602336424768319,1278.8375435469027,9170.624644296162,5.458009937105364,13.02484557975865,0.12860827512305983,0.4549967460209358,0.27815854610841173,1.6738743593630856,0.5332155568236895,0.8584085433938942,0.5583425907569021,0.8098173455697011,1.3968652755482838,0.0006613765124117009,0.007573895677677346,0.00016843487638640433,0.1115032259742582,0.26651699649641664,0.7126321285652811
0.48413218223061294,0.20491175841347106,1735.0649278174244,0.01868754431058899,0.013856680763244712,1289.2443632703973,9200.574082040876,5.442308384515484,13.09785945319645,0.1271677421330334,0.4558294267884412,0.2770882610925035,1.688488122746743,0.5361919853959264,0.8582196197331622,0.5576731272237234,0.8071382282222237,1.4201253855652647,0.0006635130737613596,0.007397884148572828,0.00016768637673980548,0.11312873606241478,0.26955367954611104,0.7119981190731475
0.4844618416764619,0.2058231565545884,1763.1869283922185,0.018408551220848095,0.013692162202311614,1281.05611451861,9174.831285844602,5.422805259091092,13.122252709739096,0.13224059026066026,0.46187181265346416,0.27609669272013493,1.692140353016276,0.5354399792333119,0.8575987749514334,0.5592016356302841,0.8028257503800478,1.4180180632648667,0.0006578087741128483,0.007390346179659555,0.0001680615326216289,0.11162711535738565,0.26505990879572827,0.7145321882584621
0.4844214813505186,0.2050558122278591,1791.0573026595725,0.018091316188867123,0.013583970770651703,1277.7969231970567,9119.922610201302,5.405077965038858,13.231015537287547,0.13351086967522116,0.45511469502617213,0.2767311636415987,1.6972696592877834,0.5369897336341095,0.8602974685292214,0.5564250913847898,0.8064509372723976,1.4091006456605766,0.0006667788486989725,0.007275122169096316,0.00016891283600392438,0.11163023783245718,0.26709037259277757,0.7146240831073802
0.4839962446482926,0.2065109495595516,1778.6497920358227,0.017885944227684886,0.01351306061949909,1278.053205937009,9206.100215483235,5.4390873725416125,13.16639134886796,0.13666688006835637,0.44965281757004943,0.2787970910074984,1.709606247086459,0.5404212762159196,0.8665942820120504,0.5570156207355688,0.7977160277476654,1.4133939000678142,0.0006644223432851134,0.007286191248539626,0.00016956272813718393,0.11132344665756588,0.2612355553917471,0.7178141495175099
0.48225692471609233,0.20661389904503114,1773.4973779082882,0.018053864815466218,0.013645251771219865,1277.2749014579522,9107.558004760354,5.4606195557906,13.246281527987154,0.1430422366380675,0.4438274880678632,0.2759473940636718,1.7116550632173386,0.5447522163512364,0.8669986331202699,0.5586341491961426,0.7844414487443692,1.430535572083315,0.0006647356264910914,0.007272141725036109,0.0001689132060277272,0.10929343540548997,0.26428791408267,0.7249321629852643
0.4823189545510858,0.20552927195534665,1770.0809432595834,0.01782228308629547,0.013932542801036337,1280.1437070548097,9205.398737791947,5.475932447697578,13.004140096120915,0.14183193041955242,0.44175685080256555,0.27983408039675445,1.7133771079100513,0.5433585298371778,0.8673684676731324,0.564002661768406,0.7885378574224801,1.4322228730360358,0.0006607306645013251,0.007264026903552214,0.00016820015873816985,0.11014478624028817,0.26212615427857483,0.7307175606393107
0.4831385182253364,0.2060608443094936,1766.5729895411403,0.01788257818809962,0.014033370244086036,1264.9588581471817,9135.390846922162,5.479922370229425,13.096356456732105,0.14065230718625063,0.4385226754165209,0.28016147735671054,1.7185918797377375,0.5435379730709968,0.8677878965182019,0.5594546330196022,0.7883519706092135,1.4282499181951238,0.0006585866401724605,0.007258698941762615,0.0001678738676169175,0.10963852241628698,0.2636059089453617,0.7314534400392528
0.48487293597845077,0.20596891668947018,1792.3661763991854,0.018076989029375153,0.014011152971372313,1261.8663457260016,9081.928264922075,5.494323858063728,13.341902385729565,0.13914766278976945,0.43872063168056025,0.2786438893295,1.7174645101889396,0.5410028026744128,0.8669759189388568,0.5576036280828631,0.7943555712371786,1.4314475196832266,0.0006603001643417984,0.007297726996700428,0.00016962853413689006,0.1096043579659125,0.2635568681491332,0.7337827922957739
0.48608581838426956,0.2058296684042877,1793.401704796058,0.017769025471792224,0.014072188578626478,1250.06715154572,9068.064848432536,5.509209112537328,13.382239457855963,0.13523145918990004,0.4408398873830934,0.27885969400520927,1.7264728539088616,0.5378651361279934,0.8677519722547554,0.5581171521029986,0.7850545374118063,1.436964409289639,0.0006578997299468231,0.007321450944544678,0.00016951524305223905,0.10980474227686648,0.26049338257490195,0.7285632963058044
0.4885483762018067,0.20466862815560627,1804.7309802971681,0.01777886819175524,0.013938403836534583,1243.2839306101814,9189.158798099052,5.504457073332884,13.132216438368173,0.13716530288950263,0.4387723652889164,0.2803662456359937,1.72468160125222,0.538427587426827,0.8673922457561386,0.5590890654060808,0.7946742227139951,1.4325039447509462,0.0006518570925314594,0.0073213644545780205,0.0001706422248061372,0.11049786669033079,0.26262732903720515,0.72778557737068
0.4894310810856917,0.20485212433075298,1811.7613159125003,0.017915962530207295,0.0140409888134151,1226.9785197289184,9218.306286170702,5.5094545964886485,13.048380589111773,0.14015926178152063,0.43986677812527125,0.2816062115795414,1.723533207376251,0.5358880159585364,0.8670992065899519,0.5610136853880391,0.7886544623136085,1.430323139934348,0.0006505476321296696,0.00721680632137815,0.0001700235464006057,0.10897302177359668,0.2622488199074756,0.7380036306806618
0.4920084653297522,0.2050415127603599,1830.6426390565016,0.018208100330438248,0.014304363193587667,1227.3077151646237,9280.988642569391,5.494091369758037,13.121287580935212,0.141816623617968,0.44012811659278633,0.2828059664147775,1.7197831079834487,0.5341697665089442,0.8649068828796878,0.5654053720645675,0.7844494870270083,1.4383813966304642,0.0006477373741590679,0.0071910044049907475,0.00017001104375692045,0.10944506192516139,0.25932719897000855,0.7372240697559617
0.4903835595432599,0.20586727752410947,1822.9064407258943,0.018210987817945463,0.01433115580950732,1234.553618307505,9321.266208688345,5.5196532929946684,13.497708053580771,0.14719670640298435,0.4463118587558732,0.27820657369548935,1.7176958943429876,0.5364575616698424,0.8618376273168666,0.5622467065399385,0.781521676282543,1.4344037083247059,0.0006498576129088029,0.007156379505225826,0.00016935475863327277,0.10853641004166556,0.26026491843415434,0.7343817158652979
0.4894098131276755,0.20642164176313435,1807.7805440491975,0.01807990837749986,0.014336115702013796,1239.0114674488184,9392.03830917949,5.517507370573731,13.473917271135065,0.15380083134427458,0.45421345246974043,0.2785849506188057,1.7216871987336684,0.5311974146561088,0.8592994767730937,0.5616946130910426,0.7724534775834472,1.4364744825474258,0.0006510326877282393,0.00716336682301003,0.00017073319812298512,0.1079039036107712,0.25615631321950183,0.7314794726118876
0.4884130714645043,0.20671916567156612,1848.717060004562,0.018164694074084817,0.01465677183337256,1256.4705185940597,9363.43720869278,5.543781484833225,13.740598021530406,0.1598927605164941,0.4525294800843055,0.2767036531436649,1.7174064737368533,0.5339148632148546,0.8599898193522192,0.5642216534178675,0.7740975858498967,1.4341717221800598,0.0006529892922737647,0.007175404234933875,0.00017198247287638258,0.10960522403853536,0.2548870551448992,0.7222742070631032
0.48697763805137717,0.20728445444560437,1856.880772454336,0.018035361345061993,0.014450465273045445,1251.0007371514284,9590.597665358666,5.564709618587039,13.534234470068487,0.1577510563760287,0.454135848491509,0.2756053157875387,1.7229448134329823,0.5346214044531106,0.8591130887448105,0.565365181500319,0.7751365144036395,1.4284343342603898,0.000651115579624288,0.007149239207471213,0.0001710736846149848,0.10985316793838619,0.2560972670091162,0.7164039951093105
0.4864989619759284,0.20669533531855255,1881.0204784210368,0.017870928338909138,0.014434463638560917,1252.2283026896102,9540.543723273246,5.5664805739461265,13.650305782540903,0.16476078698898614,0.45727311096680245,0.2736067621640851,1.730506448345747,0.533871841496721,0.8601248051369752,0.5659297123840438,0.781144810605074,1.4251347823604337,0.0006532384429046241,0.007147961399102155,0.0001709149392977574,0.1104399547873336,0.25655642323831707,0.7089743380297665
0.48823969124365596,0.20535066779150998,1884.9979617438805,0.017744334196390536,0.014488735723187152,1257.496651960887,9580.15495530024,5.563219204866779,13.810630822606928,0.1685675023567185,0.4545907842041679,0.273677842366206,1.7344607045408056,0.5344880942977394,0.8606048307029214,0.5682526589525575,0.7806128327262645,1.419165413809106,0.0006587001986029392,0.007160353046044331,0.00017127983539307965,0.10836827960858285,0.2567236729791973,0.716520714501991
0.48899488483678705,0.20506766120965889,1899.3688783418236,0.017844473780984565,0.014388857120151102,1261.279127286329,9557.911682901615,5.544019732637335,13.730123822744485,0.1654649602863201,0.4461580781513153,0.2762562144392622,1.732436491029202,0.5346223072015343,0.8634225538050319,0.570147031888454,0.7820065660856094,1.4175100075014808,0.0006528061273608166,0.007112072055215556,0.00017235328429555683,0.10892660625368665,0.2562801814059889,0.7112620121622076
0.48885880900529805,0.2047813929259305,1911.5021537661974,0.017746831958560267,0.014458063445589569,1266.967852690202,9552.70559273487,5.5044999487425335,13.769379413492096,0.16389600757385878,0.4589037916056936,0.27349063000571033,1.749783651948589,0.5307843734418983,0.8618186132260311,0.5728059539980724,0.7927463012373216,1.4128582344480294,0.0006549718763372512,0.007049731083182253,0.00017263795449545474,0.10973822891308267,0.2563214975262198,0.7118966262515395
0.4899098600277893,0.20562778719355457,1925.6238316268427,0.01798104739810484,0.01430276027259485,1267.405947257231,9547.028748917386,5.491976458977232,13.522155810148073,0.16490393951873414,0.46407526018041445,0.2723103657998476,1.7552613036058269,0.5269016895146886,0.8613866050893416,0.5711137045901536,0.7980752732167409,1.3921114625153999,0.0006479432761186656,0.006979146584822424,0.00017226118173703156,0.10813451015095567,0.25557304445031814,0.7100990396727163
0.4898629323551561,0.2061122822278621,1945.9339746699422,0.018015931880870202,0.01408666441998273,1278.7428603827102,9636.922608236315,5.48620946023757,13.737816515842523,0.1558440701812398,0.4656575960783813,0.2757296927907625,1.751531689141389,0.5271478189061393,0.8598423109656338,0.5725547997516942,0.804257617638186,1.3904035592491502,0.0006516399863777198,0.007032306063047522,0.00017200877048744172,0.10905729879080397,0.25398121452816946,0.7043866524579167
0.49218187196946017,0.20653165489319777,1944.5553924665705,0.017687738499531064,0.013896265676190615,1283.0944705745399,9680.676848952295,5.497862969666189,13.654463552167943,0.14731054482008865,0.4609570987090613,0.2776726280190097,1.746238796639784,0.5240963709619422,0.8613185287541782,0.57086946604558,0.8053124102409027,1.3903662333228504,0.0006480280828158326,0.007078306128122827,0.00017159439128458425,0.10746164378838256,0.2561848957430834,0.7028298971898629
0.4903444479519316,0.2073110657091865,1932.7192502235403,0.017800927462792184,0.0136997533920948,1283.4723441619753,9728.601586330748,5.484746192675585,13.798522699901547,0.14592513495297557,0.4641662906723114,0.27800533249269804,1.7443803593662512,0.5302472605332611,0.8656716688927432,0.5698427888170174,0.8074688958896192,1.4088880745882932,0.000645013942507199,0.007060250141268161,0.0001695470957649869,0.106871280397187,0.25314097224654847,0.6944362794543806
0.49177085728640685,0.2065196804263603,1918.14681333784,0.017656042857340775,0.013733475464498884,1274.1150065155393,9623.060875779958,5.468393891909691,13.970207772755517,0.15360903651716334,0.4637723454440473,0.2769688194300588,1.7356234142029277,0.5327331380882473,0.8683362335493848,0.572986685414527,0.8136712017067118,1.4066020472602858,0.0006500082496105744,0.007025646439735697,0.00017120315938350898,0.10740639222783979,0.2563847227067514,0.7001219608119837
0.49203151636995784,0.20726720175186786,1899.2540641741743,0.017573867576241214,0.013516610506147634,1267.9156464645257,9634.8486910176,5.472754705377799,14.04151924415626,0.1626417869689532,0.47421029470828213,0.27498272322231604,1.7412512713214903,0.5349590875998363,0.8634664201407024,0.5701522326925866,0.8046475261497353,1.4095246953354168,0.0006509144473154081,0.0068934822355134285,0.00017291268954255248,0.10668162141623488,0.25597223223740545,0.6939976476805219
0.4932361352204303,0.2069312417017509,1906.493880728766,0.017579920725632067,0.013516327166591475,1276.1719934030011,9658.655318635341,5.477697649994496,13.955547494553405,0.1636807117266232,0.4738720519044885,0.27788871148573835,1.733569594432437,0.5362562174387576,0.8647570701010403,0.5685776164475485,0.8050675591057549,1.421692266409454,0.0006505819248603563,0.006877586720620188,0.0001735697462414494,0.10603394905421006,0.2541487101624934,0.6886268234974527
0.49500918514316744,0.20658058571271692,1935.2048543310316,0.017660134114615644,0.013487934386073581,1275.007572298348,9622.280257531154,5.461306348297195,13.685405842351786,0.16168689283330942,0.472429066703851,0.2813016158138147,1.7321943392033674,0.5388867953777912,0.866842038471063,0.5693634212256226,0.8102667634587843,1.423276147511912,0.0006494982054981239,0.006859906893497757,0.00017396925294507618,0.10641159903528244,0.25480957177000374,0.6892769915954643
0.4961280811441367,0.20794694669776434,1932.9867623174316,0.01771766014273574,0.01352526458764962,1277.114877146577,9602.927343186951,5.455537435818055,13.595737553865304,0.16412618123377523,0.47020013087282736,0.28087407531724823,1.7328281353317256,0.5387122141931918,0.8655832154934193,0.5708435928633776,0.8027739084230344,1.4159322138822854,0.0006484963072923236,0.0068685539375591565,0.00017237130729319208,0.10670329270811228,0.25251087641972964,0.6880831044133716
0.49648783430473914,0.20823639815719203,1935.3036877587733,0.01777998863003646,0.013593563620844058,1284.5274353841482,9692.86497284992,5.458914114611351,13.366573473605387,0.1710059930045257,0.4716997685767033,0.283703198431958,1.7347919269507508,0.5366305846702957,0.8635436839457379,0.5673413875870846,0.8033298653539711,1.4182835085483392,0.0006474303245334818,0.006899457257599808,0.00017352476245132423,0.10808691912155044,0.25133602931474186,0.6913475185225649
0.49820478998783946,0.20902861125109107,1924.6598911488265,0.017900030059043285,0.013716398982873383,1280.8967070790843,9825.242226912454,5.469467434085181,13.418078861460682,0.17108058589054492,0.48133197503542074,0.2847338426584862,1.738245273099774,0.5363209213859249,0.8671647598114893,0.5664231019538575,0.8078849052867271,1.4339044033964943,0.0006484805090904826,0.006957871373378515,0.00017391042422500012,0.10806526676718499,0.25410886390851856,0.700693555991479
0.49943168158772483,0.20877979654019202,1909.4442153528507,0.01781106893998499,0.01375545328247768,1283.4329773460242,9741.92934583002,5.480266121400477,13.463460659523042,0.17055589215904596,0.4757095798703951,0.2783375930523185,1.7334999965368456,0.5374193890559296,0.8661479755725775,0.5657507913047409,0.8048195076097382,1.416142512460943,0.0006565810790470589,0.006939992621426958,0.00017425472204678024,0.10896261909692735,0.2555681750003247,0.6963755568585643
0.4968128848672402,0.20935938642988472,1914.625116063963,0.017929349666474772,0.013785439216532781,1287.3511172219035,9841.39110825677,5.461248509112566,13.5376409049992,0.17503354611320746,0.4821958013749784,0.27840126956686007,1.7279263821444337,0.5345657462077895,0.8654470324801204,0.5667020467184937,0.805106958075432,1.4222556021662225,0.0006576730019721264,0.00694008653696851,0.00017623052802456066,0.10782728199848293,0.2562233733339227,0.7019516861042739
0.4954583917852191,0.2102158038488658,1915.8090923115099,0.017728813720555982,0.013700156441777096,1308.5665102588455,9871.346798904147,5.448777138148195,13.590313006821185,0.16927561091288418,0.4839582079869284,0.27779837219288456,1.7219084034811503,0.5306342393409016,0.8620204488742513,0.5671933058920766,0.7981001071884044,1.4220336256502575,0.0006556033947653593,0.00688479900577655,0.00017753518097012085,0.10656752577274163,0.2574773131705036,0.69382990484005
0.4980814790778888,0.21077023042618812,1906.0891701785586,0.017627858789718173,0.01353354212499235,1300.984716934684,9872.035067967248,5.444444242588846,13.615151240974303,0.16883708344534512,0.48485156421962256,0.2749950807442948,1.7241552075000472,0.5305489020921508,0.8599551700468978,0.5640752301152943,0.7988268523060946,1.4154905767685813,0.0006579716402828398,0.006802235114893079,0.00017651750656617763,0.10577426164311406,0.25348553105753735,0.6868327099193897
0.497264890038823,0.21185289654597395,1878.547945540495,0.01755831368501721,0.013785729953616844,1293.6393644458888,9869.825377863724,5.4330656158700865,13.812222849508343,0.17336218141843196,0.4882602182356657,0.2761924496728653,1.7284733964326857,0.5300855271973347,0.8615864961828307,0.5649806422412856,0.8050214476643031,1.4259160149828907,0.0006561192678487538,0.006788545701254674,0.0001749323517905617,0.10565378851232995,0.2550605423264869,0.6843851429468946
0.492924458879239,0.21272311425899448,1875.7644682684218,0.01751807563031398,0.013878974511325583,1289.6032817410558,9901.641077869568,5.423932176842245,13.92996276218642,0.17712344712887823,0.4877442220731746,0.2749588372375175,1.729790230519594,0.5338222207847123,0.8658321892669579,0.5639842716870548,0.801031083253287,1.4272426040140311,0.0006586629263640248,0.006846990658207201,0.0001759785862068505,0.10573146610757038,0.2541990139449918,0.689620668499267
0.4952029884059829,0.21294035376133671,1886.386270300287,0.017697433099293704,0.01357319991983628,1286.9382935005751,9969.654838226408,5.409383091248001,14.061906148709369,0.17288860489452987,0.48320906994203144,0.27640972542748576,1.7209195481829656,0.5314070078761819,0.8628593931273872,0.5595484824050442,0.7969875596921201,1.433678937235101,0.0006599972856408936,0.006953356224427792,0.0001770906103934127,0.10535219735169432,0.2554250216177271,0.690960886024605
0.49336159352057696,0.21193013085329315,1861.5243299167182,0.01779322488954117,0.013571222986820088,1297.7598318135715,9995.681075158118,5.4055433302984985,13.865408591219808,0.17015100815858672,0.4838479407395596,0.2762705621659769,1.7145539222779058,0.5321268874514935,0.860301071137914,0.5583240213618471,0.8001217460519786,1.440181072060142,0.0006644875512224162,0.006898585090552979,0.00017946334790945766,0.10564899480144828,0.25316425664395126,0.692835907355252
0.49236474472811703,0.21149930048710222,1852.36896053987,0.01768062514447649,0.013518231183177529,1293.3709896280163,9980.222590852502,5.408375332449015,13.801067088147638,0.1661425186487371,0.4799455536755851,0.27376136965308023,1.7229630525748953,0.5299454161488963,0.8590671856554843,0.5587110483294919,0.803504359800787,1.43827417765878,0.0006594037767866333,0.006900453611295023,0.00018001957661594088,0.10641565442636368,0.2549345259916489,0.6952169567884791
0.4921116157877636,0.21232003004109617,1877.2833032451736,0.017936959869974296,0.013290829395452411,1293.6267057623493,10007.024464241755,5.428687473650771,13.946186962069671,0.17456038839422303,0.46788571745844176,0.27209144816409125,1.7211785627315783,0.5268445674492681,0.8598177705542199,0.5578496123034317,0.8045625596818684,1.4644293058807776,0.0006581114662287823,0.006834268438112399,0.000180952532107456,0.1051457783148511,0.2553126815867427,0.7012232336654315
0.4940026639577954,0.2131393873704275,1894.434093248592,0.017819170545946467,0.013283964882797246,1310.2517066019386,10055.587774846097,5.413574053826833,13.98836390715891,0.164351069783846,0.4669068568644334,0.2707632838302341,1.727411470905217,0.5287139005967605,0.8574859187589142,0.5498282642367404,0.8094255751819712,1.4635896842070926,0.0006569224183425033,0.006876396853077648,0.00018016967080842678,0.10601793130144849,0.25582674657659665,0.6979009702104174
0.49592676770388894,0.21293697293212743,1877.5842447425064,0.017757879090938115,0.013577394282346734,1320.2276526226342,9964.049575882807,5.423299303301236,13.548404488064088,0.1716726624303514,0.45170704948465606,0.2667216024736603,1.7274592728436589,0.5332209926659532,0.8592809713977458,0.5499962351872808,0.8118941784220648,1.464014671981171,0.0006533853703775638,0.0069149617924339655,0.00018001977358955202,0.10694643263987388,0.25557660323274295,0.7007746379264042
0.49640142134050724,0.21351747929975776,1886.8394869726446,0.017601503964230072,0.013480459121677371,1335.6486553323857,10020.278395449272,5.439920584143369,13.80069378197164,0.16929652037180049,0.45617722749480283,0.2657168726650465,1.7292929907433567,0.5317060243465773,0.8635209666915011,0.5476017576660172,0.8148157067379433,1.4664983471173447,0.0006537593990280291,0.0069093133472513816,0.00018106721619439792,0.10742106105937717,0.2567332594586549,0.6967340808136975
0.4961854988513361,0.2144232506190424,1919.2070891342673,0.018003182088362914,0.01353896147977749,1337.6739084318122,10185.975382594048,5.435345401399307,13.804950228485565,0.1708788663818048,0.455344265359122,0.26504749352835916,1.7239471418770618,0.5318134232289355,0.8648938872021533,0.5486940239415171,0.8117264518914793,1.4545148202495404,0.0006531117688261478,0.006848386463307893,0.0001801603195147384,0.10849934819248216,0.25425240259783743,0.7017985281817145
0.4979513194591756,0.21453031883013302,1908.0577947886986,0.01811272610847993,0.013738625673905892,1322.8781706617358,10239.155009027407,5.437291019554567,13.84077269361905,0.17277343420657582,0.4549891386480398,0.26919042383511343,1.717835793809332,0.5313116168493742,0.8665502700982639,0.5463705222930657,0.8143961548936314,1.4595952649819115,0.0006521010134252834,0.006897332660028595,0.0001798792590319302,0.1086135606912366,0.2551855143844281,0.6973752055910761
0.4981037813411633,0.21579611052048994,1895.8853397681135,0.018021229344804473,0.013805783375956277,1328.071087307536,10180.385379098569,5.443096172198718,14.176868717352045,0.17022957093889668,0.45701346129353215,0.27225150113545354,1.7126592159946064,0.5320924119929964,0.8654618255882831,0.5399475415788486,0.8089566193444235,1.463440535613606,0.0006535734524569585,0.006868460984673242,0.0001818161372546065,0.10797625100040967,0.25371511623386056,0.704134226389974
0.4970831483613402,0.21574841680386755,1907.9395633106926,0.017733030564725465,0.014096899505152454,1329.461676632066,10139.203427552968,5.433439003697039,14.383254321106303,0.1734755951192074,0.4657642221835884,0.2723194892358265,1.7273537608216005,0.5317049175497544,0.8687979656450863,0.5416045353963566,0.805520474393235,1.4671271273721795,0.0006511812376798293,0.00689033765348515,0.00018261647495458854,0.107533350074342,0.25444471485476156,0.7077687605279943
0.49518966362895345,0.2149865870076289,1933.557691955339,0.017816911558333547,0.014138862084174923,1343.7820161430159,10301.2390150482,5.422620620257439,14.289891426354583,0.18013905998578417,0.4695876918779373,0.2708001082048047,1.7324217518467988,0.5326380399980971,0.8683312666218991,0.5438332091842727,0.7979503179225724,1.4726554945183912,0.0006564947424048501,0.00695632725648825,0.0001828301803223431,0.1058587834965016,0.25259224737344593,0.7147947683925654
0.49626499667487,0.214747976271461,1976.694042364247,0.01740586850791683,0.014143427602609001,1329.0477740826855,10357.365045735636,5.394566672435367,14.33772202457074,0.17986441517831822,0.473344027590161,0.27385482933538924,1.7285311739768996,0.5355109479619146,0.8688335719146991,0.5420181367275282,0.7963847550817278,1.4652023585741822,0.0006508430397653487,0.0069803523167671945,0.00018164602649218647,0.10495450883716856,0.25345183569856966,0.7164541061335379
0.49691061067058473,0.21551833216208305,1958.0621525408187,0.01714409405805667,0.013870513306035535,1319.4445129627934,10479.00891923248,5.401883439641612,14.598292892230894,0.18202816025697144,0.47000622252407215,0.26801632424760924,1.726460671543215,0.5406980091898497,0.8691264107751041,0.5368614877002502,0.804741011029275,1.4662049004241768,0.0006480341803925849,0.006992321020162196,0.00018208236142263902,0.10388126109434652,0.25442353128604556,0.719486830734951
0.5005690468023039,0.21538933553915565,1955.195038119092,0.017409298024830648,0.013805341547796909,1323.0984683460472,10427.686232229806,5.370799903938009,14.736697023618689,0.18617934186816018,0.4736897798808869,0.2630961379269267,1.734294553284151,0.5382204292586363,0.8707616890805132,0.5388303037214777,0.7985069986326403,1.4510989293764107,0.0006476242287459257,0.006901646879455312,0.00018138719137299268,0.10282646078937985,0.25276729174443385,0.720013165383359
0.4996608736126809,0.21548338968227249,1986.7726312058821,0.017391518476381915,0.013736538765727193,1323.9730675571561,10436.905142201083,5.404861731635967,14.474470766078563,0.19020976340772683,0.4804744361381092,0.25873080701597134,1.7305608635899452,0.5379067272445824,0.8712286351289371,0.5375115840189976,0.8086405552679634,1.436149450593052,0.0006467691752631698,0.006922796032680951,0.00018148091350298507,0.10258563788216056,0.24812668900584284,0.7171349096476352
0.49900144455765827,0.21577186832761186,2020.0599041920514,0.017179532151833526,0.013567225578652977,1327.538606312909,10392.930007420338,5.414322462360066,14.461363394189137,0.18828328659799368,0.4800978017350936,0.2579321659702056,1.729684967026903,0.5359331483908149,0.870686680927555,0.5359584793241942,0.8099105052400026,1.442514722561648,0.0006396976957479292,0.006860669583056912,0.00018148947882880536,0.10403167671215857,0.24894508868988446,0.7245913168337288
0.49619385750034606,0.21489701064779124,2026.1306636703723,0.01722382914499915,0.013912985478669253,1337.2282978021674,10417.936824849485,5.423294710419453,14.274091238158721,0.18674885512583253,0.47727743010609086,0.26006787148728644,1.7369302661699428,0.5356978583238229,0.8684143467143995,0.5360010071013244,0.8052221457454586,1.4426795027532222,0.0006397971246258025,0.006851503022591776,0.00018212172235593333,0.1045694328645179,0.24743870135349927,0.7226934661535027
0.4959445675568739,0.21565649671686768,2007.436270354138,0.017130505169242003,0.014127576197618775,1335.7357581843455,10344.43681814513,5.417135602733905,14.152302971395164,0.18405637829595667,0.4848345414008379,0.2564724436284052,1.7425488141574794,0.5371849098360961,0.8715918904118606,0.5302985890765332,0.7951865361506484,1.436252668436765,0.0006367483476524748,0.006915033839590849,0.00018187375871661296,0.10528527933227572,0.251232254890367,0.7193167078800896
0.4965758931880409,0.21556068496285113,1987.6291102690361,0.017066881337961557,0.01414654360857355,1325.570109103841,10341.62856059733,5.39733073852497,13.942873594534966,0.1756411208165827,0.47515428708979535,0.25867521151530426,1.730592199785032,0.5375077421521786,0.8695564581435307,0.5315029531416499,0.7897604690079224,1.4395911556264214,0.0006394487442642572,0.006934256826762707,0.00018104529658860143,0.10579284508867813,0.24813964310581446,0.7112079001003757
0.4952949734191021,0.21660912012271738,2008.146784179276,0.01694108334934445,0.013784804052465962,1326.5929454986845,10441.45544803391,5.3936862151184375,13.59996686634197,0.1733852398288396,0.46898011543605483,0.2588304264512491,1.7349655102503792,0.5355799695098765,0.8688974028511846,0.5284245299155147,0.7825776267727107,1.4342236452389487,0.0006402710355042133,0.0069671976245463275,0.0001809509192265881,0.10547954123790489,0.24938292072650972,0.7174789954491866
0.493919289957906,0.21631114999448894,1981.2775398474516,0.016805728165044952,0.013954841018786723,1328.9127778768252,10341.470572816264,5.40237172347655,13.273986124544678,0.17031726715558687,0.4688679328002495,0.25865226547258535,1.7429909809496156,0.5390441328545535,0.872377418602501,0.5258991825255903,0.7842118787389654,1.4328344377033204,0.0006437184358799591,0.007002212835769623,0.00018238420352015983,0.10581138909956356,0.24671370172104848,0.7231191070697914
0.4902625595511425,0.2174073404052068,1990.5428303471,0.016840759489561298,0.013885471955613522,1333.6940374480466,10370.470516033341,5.382426605046716,13.299417249234887,0.1754029866278631,0.47107941856794794,0.2636109473718087,1.7473447664909472,0.5456464670034743,0.8712248810598247,0.5260665122008651,0.7894931021075258,1.4318177095179287,0.0006446225074471492,0.006888779328002862,0.000183791570659834,0.10683404662306893,0.24799088619936013,0.7279852666289799
0.4900440234039432,0.21782501231888196,1976.970802809222,0.016792896410355897,0.013776240992661911,1340.2680198451642,10325.993171117349,5.389169740046272,13.372973859392557,0.17397966166744672,0.4676500357868067,0.2643386769093221,1.7521395728602336,0.5474324215504246,0.8692642644092836,0.5273915799959498,0.7825307447723375,1.4294195606385856,0.0006441481540823764,0.0069605791158712125,0.00018419071104935805,0.1081238187290613,0.2503049052989176,0.7308232064281843
0.48992243833688054,0.21606014426357115,1974.2488460127906,0.016717128482293286,0.013784995751369341,1349.1049947894683,10293.085482527116,5.405443567036917,13.298053882301,0.17622323234448772,0.46777662385786173,0.26837643264441324,1.7507460733586178,0.5448935312535568,0.8697122551643461,0.5276800150587767,0.7841855469052786,1.438482386980063,0.0006444821016610476,0.007044045297929397,0.000184636615936686,0.10995568301431652,0.25588951974235946,0.7360206519324739
0.49007925334158375,0.21700962161923762,1963.0733159884473,0.01702590496632272,0.013576651962545483,1351.9697149934884,10185.669787459417,5.386322543964558,13.109405969376619,0.17391532314839972,0.4723353688849862,0.27058449088186326,1.7472902256247873,0.5489099121524921,0.8669276687707363,0.5282750030993706,0.7901874921640671,1.4335499481456297,0.0006470152998034214,0.007049007312012949,0.000184765730495131,0.11035487979321906,0.2545535280057648,0.7413589275193779
0.4923409084345522,0.21676298070940142,1951.2699365990845,0.017173769372068083,0.013301335398700233,1352.5787998114502,10161.453339663385,5.388224365747555,13.06175235500944,0.17361600289700735,0.4758390136015811,0.2715375957585858,1.7522003107952606,0.5466013695235395,0.8612747818850567,0.5307492794687799,0.7952921333228924,1.4438040234486171,0.0006483443325481809,0.00697304954558515,0.00018628506841560357,0.10961752442369302,0.25408143886687506,0.7364536150066614
0.4902906479327219,0.21567664354940183,1966.5253682718228,0.017197406878711092,0.013318487263562849,1359.8439913781235,10048.85658091162,5.402465111698644,13.156296526002961,0.17171311203586273,0.47937611851189554,0.2754027419959437,1.7528081863916358,0.5467856453449834,0.8653589094054859,0.5289408559261559,0.7948057205486132,1.4523291047636262,0.00064666297539496,0.0069255119207300465,0.00018595536034095975,0.1090333158817841,0.2543726425508226,0.7379528904836217
0.49007518123881794,0.21602398828283426,1962.9568751612553,0.01680644318642484,0.013229463985143625,1370.345337699742,10038.165882360547,5.4237525107960005,13.302732133580689,0.17017002514667895,0.4791808487577221,0.27006186881420297,1.7537715202805515,0.544408521621448,0.867453744723003,0.5291124638640704,0.7912079570455072,1.4535120792732463,0.0006492393094051002,0.006981649656709675,0.00018653812446400343,0.11084554275794672,0.2539011424047736,0.7367691483481104
0.4906136106218399,0.21700610547882548,1950.429279107332,0.01701280065123735,0.013168208251146675,1354.1380650535498,10065.319649751465,5.403713221374273,13.279596547287932,0.16589223888533836,0.4819005841303039,0.2719065763062906,1.7579790816228287,0.5455964655084483,0.8683699808683497,0.525798148757467,0.7979656435424258,1.461636548181676,0.0006540006761427387,0.007005226866834808,0.000186121595243895,0.10959089901438007,0.25022094596651595,0.7400741749662828
0.48726422507870054,0.21628584886025648,1965.0469516211756,0.01687482485348351,0.013579682284844623,1366.9390529819307,10026.573725200511,5.403481799134386,13.227060163258386,0.16403073760622694,0.48109461319677677,0.272064432602261,1.7673368885675147,0.5450727823661394,0.8700902463349636,0.5226625398569426,0.8048876814240813,1.4656119202221674,0.0006544293791808845,0.007043762647563292,0.00018547061546657703,0.10908380976499975,0.2518124645259854,0.7408032185296871
0.48643432539174963,0.21605114726877203,2001.8333117699062,0.01674294970854319,0.013488392190132604,1365.6695271387641,10060.4503540574,5.417521276704429,13.217925271252565,0.1663472516367569,0.4774967114523454,0.27542692612431235,1.7582853439245916,0.5468236241571843,0.8687173851272773,0.5240115220533702,0.7997247772361686,1.4643983876027284,0.0006539408014631409,0.007161915246046147,0.00018543008874507695,0.10851592684799963,0.25165041902685864,0.7332047763586338
0.48663856317468696,0.21646698824213034,2010.276759875934,0.016512256499897845,0.01332236424552052,1368.8397157655818,10176.45247753253,5.406274554789219,13.23662333722129,0.16466693728680953,0.4811633071448924,0.27752729099238294,1.7471411545547,0.5456255126685828,0.8681918994705649,0.5178596394779685,0.8027388015611594,1.4718426018996797,0.000651665044596995,0.007177934628100847,0.0001880803919638713,0.1075054917682769,0.25191321235632014,0.7300724448773341
0.48847368358307236,0.21668026950018976,1983.450414555893,0.01667179906317996,0.013546215823949865,1376.646095215239,10187.891075362577,5.420895966933667,13.381049207892596,0.1658778466520263,0.48689120004693354,0.2785496873407769,1.7454513244599497,0.540825293906856,0.8654147844360935,0.5167210783098269,0.8036438743408132,1.473829570706362,0.0006489721691573992,0.007253298811551419,0.0001871382618319141,0.10549612073798037,0.25191249382297015,0.7310244428670831
0.48422430269976785,0.21586620610469526,2012.0420743191441,0.016987990747011197,0.013622302530753208,1372.5258360775101,10239.44719591346,5.419483059878755,13.69119023187631,0.1698098848077268,0.48945230786535043,0.2813241683756368,1.74298252567324,0.5414191294259946,0.8610610021793613,0.5169364205692398,0.8098309986428531,1.479689056694781,0.0006544588574855126,0.007270681453794586,0.00018828529940917576,0.1062529827654349,0.2530244135662678,0.7299934229169932
0.48276521555494983,0.21580892912188263,1996.9792681046824,0.016878245947014283,0.013355003013822175,1374.889841988225,10266.860831658892,5.418517368800077,13.56341065607573,0.17212150276695615,0.48886995732142513,0.27919141038128364,1.7250547192018664,0.543925147192932,0.8576740576245768,0.5202859626896167,0.8101959957192225,1.486685340775124,0.0006610161885295736,0.00729402147817386,0.00018861959363826236,0.10718833234066025,0.25651517552140457,0.7295949023605459
0.48449358818850724,0.21634876565419453,1997.0175949653508,0.017041662702035002,0.013316517098141321,1390.7106663824334,10416.631549401278,5.402153625169169,13.849820459728301,0.16726163446671077,0.48354496195307717,0.2792140552944452,1.7280313037621562,0.5427381674887151,0.8538414999981667,0.515918539494329,0.804433721463389,1.4706836849192617,0.0006670350144796706,0.007341644837721,0.00018953801955639378,0.107520113048477,0.25693966563835346,0.7284960043112877
0.4844701991640001,0.2156085941241737,1951.5494201128784,0.016997985110891935,0.013722731487519664,1385.078917492649,10395.295445402824,5.41491258558546,13.845970136925654,0.1678786594472011,0.4870971353637238,0.28234384001676877,1.72188879040074,0.5432003666221984,0.8495275993615815,0.5163905483978193,0.7964167804385229,1.4707617809588907,0.0006701963439040391,0.00743970274828958,0.00018813820819035492,0.10638293066420042,0.25601631597159247,0.7222075432664834
0.4826414843018815,0.21551165559454138,1947.090851823933,0.017059430638843263,0.013700060603848131,1395.0150875511006,10358.555893144812,5.41076271145466,13.86275761009144,0.1667088582915891,0.47868063814903816,0.2867032436583046,1.733121399395031,0.5400945793874004,0.8532976941340681,0.5140784954342008,0.8112665110370315,1.4780766450524907,0.0006735537556146681,0.007448211249239563,0.00019010042284232145,0.1054686905872702,0.2562374006648164,0.7202163180625522
0.4822259686264482,0.215858037777389,1950.9787162118753,0.01729657673368323,0.013715950475354472,1401.5601852725804,10384.061728228595,5.358920204716626,13.891406066943006,0.16765729107920094,0.47618083131701927,0.28509084262521905,1.7467774495117907,0.5406652431840423,0.8536510918661218,0.5124029692905858,0.8081859858081912,1.481406586185815,0.0006765854042372102,0.0075370211229307035,0.0001902795134360743,0.10687326835903378,0.25511650188149865,0.7261376804280965
0.4807617995246693,0.21521762151253976,1963.689964717248,0.017209462337770154,0.013272290326080275,1405.9135181517436,10447.496186758892,5.363739019700933,13.915688597652894,0.16152723952972192,0.4742063991071417,0.28413464987563214,1.7448899754556229,0.5409529488982848,0.856480390602157,0.5189243553971122,0.7997883887941863,1.473453354476662,0.000672051683861293,0.007508660989122657,0.00019142847518348297,0.10647519984388756,0.25509026914047045,0.7343142801830967
0.4809722545355084,0.2151335442720946,1997.91453040202,0.017280500556870436,0.013431391931652692,1406.3052243599084,10401.032359661775,5.374046524913488,13.858472037925564,0.1550916084604197,0.47544406389532345,0.2785895427032232,1.7324270906591086,0.5417918129760452,0.8567318385927029,0.5188807022822386,0.8005542753264508,1.4722867422976453,0.0006738556876512757,0.007471781488554405,0.00019155825273848136,0.10667625609272031,0.25453668586762024,0.7405717123826779
0.48140525489723646,0.2149543229104361,2004.2292201391494,0.017316719884310047,0.013531654098794067,1410.2030389574509,10526.182448047224,5.375605744295788,13.915938177899822,0.15604743022528653,0.47704745400055193,0.2767539471530399,1.7281729206822385,0.5355310414998425,0.8568500415520187,0.51702257352464,0.805356346632655,1.4719936630655692,0.000672206614792186,0.007503536788525443,0.0001909725911251785,0.10746945461617803,0.257625615762566,0.7464508017330143
0.4810688097029079,0.21465153057353836,1995.42738904623,0.017141031319532103,0.01363769537851607,1423.2382921177225,10553.992826923932,5.343267071887195,14.180545704232582,0.15940197065112754,0.4791695173843699,0.27596171188875,1.7226945353165761,0.534933746158238,0.8559446728980303,0.5160755569530706,0.8125213580008317,1.482717558088242,0.0006693773988205462,0.007467462463482686,0.00018856724743759556,0.10788863348543211,0.25342965624645236,0.743975746703524
0.47836788912300954,0.21534447706384677,2008.608463762304,0.017119549365445155,0.013628495590484466,1423.521839215779,10508.812792103357,5.344324477754746,14.22096847301768,0.16010227215512035,0.4798654371228824,0.2763046665659004,1.722956499275068,0.5316540568394521,0.854912002047655,0.5187648749942383,0.8206719810062736,1.4847721114854837,0.0006725550750523264,0.007468592516702343,0.00019105774304728723,0.10949981929907854,0.2541843793893388,0.7409387804124402
0.47711391000408654,0.21375734615286823,2004.8240190702302,0.017128783956485927,0.013794565189274959,1412.9202043284447,10576.239086144104,5.327182315095688,14.608712133397155,0.1620540467568,0.4822095605610497,0.2773009021171998,1.7276493660293546,0.5255329524369821,0.8547728443697653,0.5211821553587473,0.8266370529043078,1.4870983967780755,0.0006724871172561478,0.007473834938512866,0.00019063719462834766,0.11026437216885109,0.2566801510956344,0.7402011040587332
0.47564915152828874,0.21520018788313253,2013.6802745870705,0.01724986760824748,0.01371387155401464,1403.4587371323614,10492.726576010022,5.324341991694606,14.222657688746652,0.16705798572683914,0.4858807874102146,0.2809766129688005,1.7255643476732527,0.5274529480424349,0.8565986691649443,0.5217646947785202,0.8295013639290538,1.4786552076824995,0.0006682659819357237,0.007409378587830821,0.00019023166021670107,0.11088428299338357,0.26013665789408585,0.7375245216846696
0.4753679799667132,0.21382154303053694,2013.2168686177426,0.017100573876310712,0.013954106248320502,1409.962730391352,10485.831596871416,5.3409169935387,14.11802167834266,0.16999096010955464,0.49076671207309247,0.2841192030001742,1.7201900050523693,0.5251931061941174,0.8577255931053697,0.5223607683871784,0.8276779908167118,1.4838149424310034,0.0006650831453632312,0.007367817663286726,0.0001904108030490584,0.11204927816391265,0.2598534563062254,0.7368099984625573
0.47547223630018,0.21339974757344282,2016.9568421079523,0.017227898490162406,0.01415147848712267,1405.2581297293875,10296.543232165322,5.3508430297860246,14.09214907688291,0.17041486636217384,0.49037337543949405,0.284875772186191,1.724030668516821,0.5277683772208057,0.8633364028428394,0.5253446517972156,0.8229332689029956,1.4892882384651511,0.0006645213449354264,0.007403497599176674,0.00019046039649341093,0.11376317983111804,0.2613957333904612,0.7259418811242689
0.47556211056216735,0.21311808284491437,2024.7569665015435,0.016877926441935216,0.014018271224156508,1426.9528007782085,10233.344507881471,5.345917523237644,13.999826770737352,0.17217571718982885,0.4937334692478905,0.287074023041717,1.7385311208148597,0.5258749575811158,0.8639218732875714,0.5272338382611625,0.8267512004409616,1.4955292230862247,0.0006673126799303217,0.007287849458885683,0.00019165555305499063,0.11471802927619582,0.2603325730129999,0.7166404037928724
0.4741206011037255,0.212232968209403,2049.8114969934263,0.016548161902691292,0.013811135213254314,1407.32839177595,10243.35367945892,5.349349901247566,13.746893613681197,0.16997959515415936,0.4964610972611336,0.28338293993239766,1.7413652931392005,0.5239575595783013,0.8634616664475109,0.5282265574242647,0.8231448635264308,1.503264868874181,0.0006674634991564953,0.0073770673516883505,0.00019218327702254175,0.11312710609364189,0.2560387682233467,0.7203724087045087
0.4737031963310297,0.21207598718393358,2031.6540623171554,0.016543966019604794,0.013728668881362356,1415.6388530403965,10084.122235451858,5.342163934432825,13.81698682985435,0.17065432404358957,0.49131874694140926,0.283282029201108,1.7487266367018228,0.5259891118741695,0.8618905045508481,0.5277264121879963,0.8284172956318095,1.4977409108451822,0.0006681123793725053,0.00734143593572797,0.00019155452506413605,0.11259559453648386,0.2578567814346635,0.7167666851952897
0.47513162059548575,0.2111414799540693,2032.6145365702341,0.016271256411586367,0.013565633485425325,1426.4483561799402,10085.64498878051,5.325533620022983,13.580877910883373,0.1679148185504354,0.49075924446033836,0.28355912246747683,1.7472471238668021,0.527832372838773,0.8621257436089369,0.5275395256938583,0.8373104638390352,1.4880542279933933,0.0006685773883234066,0.0072650912685303555,0.00019288070862753456,0.10942169491537782,0.25726579325792964,0.7156002688945353
0.472118745914192,0.2108424514693864,2064.5714477900865,0.01625811664013657,0.01370780557311291,1414.3493478762116,10191.097283523168,5.327257658321714,13.490113512785012,0.1705401065506378,0.49549877288574196,0.27715381094292424,1.7521510017697237,0.5257893242621011,0.864872361721664,0.5279337111049889,0.8397996162744358,1.481906055830831,0.0006684227703639167,0.007251336559605817,0.00019234710042971434,0.1100695167756626,0.25726208738215967,0.7269633240593941
0.47095538636330314,0.2097767281291089,2047.2785897027095,0.01639121343806675,0.013827735031315295,1408.4581317917646,10176.397883721493,5.327138834561643,13.670482122920577,0.16145034316059542,0.49612062343375984,0.27711891916710807,1.7509413130932863,0.5268203704240194,0.8654747090709635,0.5264852930455115,0.8452605084866592,1.4836981812502352,0.000668938106956269,0.007274318114742598,0.00019130829335623254,0.11117507107566095,0.25939549823978686,0.7203856571961815
0.476097716014958,0.2097947852498721,2068.678323473716,0.016486439002658403,0.013812091761497803,1404.261928186344,10169.554687652537,5.34414957007108,13.747516243488935,0.16249649791166015,0.501076911572965,0.28309900599003235,1.7526483156616035,0.5279987653210225,0.8646402818969494,0.5255841578332605,0.8539213310345795,1.488884097132375,0.0006730425415919373,0.007246366441178964,0.0001926515480701963,0.1102444539549583,0.2593662329659086,0.7175557847681773
0.4730643500950919,0.2096922023013146,2036.1383237830407,0.016506088777794987,0.013819153275307658,1397.862800283308,10067.052622033123,5.358297983168426,13.595097327825863,0.16309898785418633,0.49202656359702185,0.28128599893687817,1.751265258826281,0.5319327254707861,0.8642015818899779,0.5237842302505845,0.8553302306074417,1.4978592023491553,0.0006760064561020696,0.007240760973002637,0.0001920207108313481,0.10977420270604425,0.2549988500115951,0.7219197673190368
0.4731155605473543,0.20945224955725494,2039.1922439843493,0.016508326305884023,0.013698340957108342,1390.7211991896675,10128.236790181378,5.348024136139449,14.031460786091975,0.166899017037595,0.4909329179682474,0.2832024475565115,1.7538072302392762,0.5342824364057379,0.8640177076055235,0.5244813326291945,0.8587000283308965,1.504783780178711,0.0006686975903230233,0.007170520098041379,0.0001928952686216179,0.11135251161896362,0.26047582676343284,0.7209403986892576
0.47357319055790625,0.20982347164959822,2037.7965305451721,0.01674519767279467,0.013663791364197877,1406.5387396547685,10009.526013931432,5.362569014694978,14.176146037524248,0.1738005245440811,0.49291766003782767,0.2874975591948658,1.740773960887471,0.52835672286046,0.865272852656021,0.5235408958015249,0.8543250139259637,1.5038949780081134,0.0006687138347100594,0.0071392896220220286,0.00019207930472569452,0.11029952343877328,0.2619876115850793,0.7156400162365756
0.473170148677722,0.21117591387498866,2065.3334745572893,0.01688432889405759,0.013678672989121786,1411.3719348781683,10000.008160493137,5.334638750068814,14.029938936710607,0.17748527585589383,0.49616489411247183,0.28936168257228345,1.7478257129361063,0.5260423528505493,0.8633726188466119,0.5205727954476355,0.8483434383555268,1.4985377634068193,0.0006710606584240322,0.007214584744004708,0.00019417543745788558,0.10861798231092708,0.26188586848945417,0.7106703045658586
0.4701405084311275,0.21257950984046572,2090.336667138183,0.016722306686750146,0.013749426375656341,1419.132758165188,9884.602085740982,5.337006499623051,14.125819286788659,0.17814925729780973,0.4950177532250198,0.28965657925399835,1.7631092222024172,0.5255875386058221,0.8597963953006525,0.5157054393309359,0.8557348418646278,1.4885922339754893,0.0006773186871946303,0.00717993967532058,0.0001933118477815621,0.10946083277062553,0.2567330421568117,0.7051044593312907
0.4709075634850405,0.21195102759333245,2091.280713394756,0.016651682757970486,0.013713682537573815,1440.8382722216645,9832.821807135942,5.339706563926722,14.01820397658977,0.17066365992644494,0.4883390065467443,0.2874975531782569,1.7607912490716655,0.5272622584230485,0.860500616605028,0.5161086663312875,0.8497720525597345,1.4836577826789175,0.0006750097632809695,0.007270715710972879,0.0001936184069792054,0.10931957227290126,0.25641840784258035,0.7118087760759626
0.466369294718741,0.2111503197567924,2086.613101943499,0.016511484429193476,0.013502704989619908,1439.9044168172334,9874.256629880187,5.343618797040835,13.821409874127795,0.17876756380921002,0.49225395723201953,0.2861082368456933,1.7613985302454835,0.5301893257371051,0.856379499213932,0.5189217866833091,0.84515946650931,1.4690446667301404,0.0006789337684185644,0.007312417418886488,0.0001939053173960441,0.10755794125404142,0.2580346492288148,0.708029753904529
0.47141434806329746,0.2110351815652534,2115.081802884517,0.016420245679040275,0.013332015499303244,1424.2794025403496,9835.200903033845,5.3423496043276675,14.10051019965633,0.17432022878029102,0.491801063332376,0.2854001103959611,1.75595045168225,0.5261089292505485,0.8605019436998138,0.5186572606904365,0.8582350710468003,1.4613460910992253,0.0006818904415014807,0.007222695407664328,0.00019623769309614025,0.10906839954021594,0.25655884262503065,0.7009670216239791
0.4702883453095887,0.211243938993426,2121.625407989094,0.016284811340933434,0.013495268126273512,1415.6758891048912,9856.94773279821,5.336456023162337,13.78212247926615,0.18544989847482965,0.491068206642556,0.28921487925643025,1.7559747255498843,0.5249356468776516,0.8589694244638998,0.517769233226488,0.8559004263832625,1.4449880820587881,0.0006831647579182946,0.0072202914734440906,0.00019693436065041937,0.1068046158814499,0.2552820825333685,0.6974045430122525
0.4685048302429181,0.2111169912925421,2105.2947558890005,0.01605139409275727,0.013236531079589864,1411.53026880116,9808.036028362914,5.335190349977358,13.363159595783038,0.17913657200518643,0.49389808909741556,0.28940649814842717,1.7428332226442715,0.5251132350104637,0.8530802451844407,0.5175430460884094,0.8596352851277684,1.4344118963790256,0.0006840871510264513,0.00719967369316955,0.0001960228266909077,0.10511855881470535,0.2573200006098934,0.7004807243558955
0.46973912531234524,0.21072334562725226,2096.0667256861257,0.016106750132421112,0.01306470472285907,1394.0944842330523,9842.574130466079,5.3501776009954325,13.123898224960108,0.17738210220937417,0.5035305200951682,0.2872312580931455,1.7363582363553736,0.525341760021853,0.8505736623303322,0.5181455986389565,0.8558430668700014,1.4262705579714545,0.0006788497639465983,0.0072021907624430235,0.0001971584286552692,0.10455679478529467,0.25750898531469035,0.7020320313661995
0.4666092702801469,0.21011608130451473,2082.559869059642,0.016032205984881264,0.013203094776978124,1398.1876219687854,9907.558093131154,5.363071389989304,13.17008855881137,0.18504803786043364,0.5035528767825465,0.28554004108373926,1.7410502702013573,0.5215520654552159,0.8486289717216938,0.520573161197532,0.8609162642588246,1.4326848773768295,0.0006786410076663798,0.0071887925896598195,0.00019546345908317094,0.10475461592958936,0.2567928915315625,0.6953137486273073
0.4654967677318186,0.20951069318132748,2076.5571202830906,0.01613879150468592,0.013363313879744546,1412.0564201310783,9886.062014835972,5.371794097238153,13.018377603233265,0.1869414455218035,0.5021615437963384,0.2847796273148157,1.7389206723400197,0.5195622563984702,0.8470075950657986,0.5219538090848717,0.8513617934812647,1.4238794433895385,0.0006817181391332431,0.007248511926662656,0.00019616645031826074,0.10499018050134362,0.25592871027668457,0.7017641275372226
0.46577520777942555,0.2090419059712312,2092.0747325654334,0.016138852521366806,0.01325352264832352,1417.570883209133,10030.469471664028,5.371723366297319,13.098545504197043,0.18397590981542164,0.4978433884297436,0.2836638457217634,1.732210296501397,0.5175328733000124,0.8485244841731134,0.5209652140373656,0.8476479435972804,1.4333705080270662,0.0006867848951004051,0.007106589196009189,0.00019526732068324873,0.10535254215957887,0.25439981376662746,0.7020316473973165
0.46459254250316323,0.20982237861601066,2061.4169085715257,0.01627620661900153,0.013333097357250736,1415.8948319862482,10169.37708340981,5.401692971569749,13.152729706278398,0.1818588607411697,0.4985165052719328,0.28672503443762687,1.7187372336112403,0.5189045735195496,0.8486973012092134,0.5191773069523115,0.8480179043484042,1.4251446031384332,0.0006911511238139274,0.007117561089150436,0.00019551263505897755,0.10562889060285546,0.2535432719499273,0.6965572353380853
0.46466343824239503,0.2099322331128171,2060.552683142053,0.01628552129289911,0.013119076033855462,1422.9014778475519,10141.267774897047,5.407391385303259,13.097093903432999,0.1847286865078472,0.48988841724411275,0.28514134262365215,1.7123178696818446,0.521755199719637,0.8503223796016743,0.5158331066344226,0.8526779347281804,1.4277506409851055,0.0006968434158420346,0.007188780646959215,0.00019723476358975814,0.10520501049426455,0.2557136861038628,0.6958123109170489
0.46444299717233833,0.20920244055968654,2076.9490978238714,0.016208855408554726,0.01325634803040057,1420.8266660221084,10303.152289094754,5.426924067650272,13.266054528948155,0.1839207611117009,0.48525541357060736,0.2834619062452173,1.7130354179660814,0.5207737045300989,0.850066331894231,0.52051542859722,0.8474582858529026,1.4240397748581073,0.0006934130827274396,0.007180640992107163,0.0001969744670976391,0.10418222846722261,0.25712925600136755,0.6948447029504028
0.4634706461656629,0.209834506570769,2030.7502878955042,0.015816980612819265,0.013098831341696655,1422.8927942279272,10264.745671660285,5.442911875502627,13.314758161000043,0.18509453513535307,0.4882500087010261,0.2858899890097268,1.703036868206565,0.5202388613764817,0.8520560774461075,0.5222584179119688,0.8402158750274318,1.4132911680843705,0.0006880969599212365,0.007191244478800925,0.00019737516507774204,0.10356654102479619,0.25681990260864684,0.6902468974051814
0.46605915239394025,0.21018769546729119,2041.9832106208007,0.015756670706844174,0.013385749679283162,1403.8935946929046,10406.620519538541,5.440605602029385,13.615076820896693,0.17526937598047912,0.48570398182120655,0.2853299757361763,1.7141258614443406,0.5195833690364645,0.8550641370225713,0.5226142154199773,0.8435804736185843,1.4079454844385229,0.0006853076878304471,0.007306193499983554,0.0001977275543011915,0.10461353078067293,0.25784408132193476,0.6960774724676594
0.4681131668292325,0.21074609894476368,2049.059326937463,0.015611278363039084,0.01320423454098106,1417.939352935492,10397.021536853765,5.42676072967395,13.594738725290709,0.17167448949273245,0.48093912606079886,0.28250788783142233,1.7141380782626918,0.5197379916769989,0.8561843916697134,0.523858425415272,0.8414375674799464,1.396506962747296,0.000689175493594339,0.007289859330694065,0.0001981728820667051,0.10492536825512803,0.257483456610571,0.6998581676277711
0.4717892075244198,0.2098432665345048,2075.3273464644994,0.015470324508744216,0.013261493188161765,1415.5193634108298,10354.4453691304,5.41040435558816,13.67972079651776,0.16055575578501666,0.479386025862767,0.2807249083393432,1.706878118625758,0.5183886973580987,0.8534306340280843,0.5239365720223708,0.8424385139882652,1.3891820656146157,0.0006860121785985158,0.00732121090880063,0.00019700237278462763,0.10451042574654779,0.2555600390037756,0.6948359383693804
0.4715692791274554,0.21045768298927936,2053.3114499507246,0.015440899934173883,0.013245716041777518,1421.6060949718646,10181.697550685914,5.439201653522507,13.592729571505586,0.15355536036997336,0.48003686431129716,0.2783938670770589,1.7110505524122268,0.519723611482192,0.8561457885077988,0.5264830721978162,0.8388594195600791,1.3989256721760068,0.0006860184013230023,0.007341498647388945,0.00019793181205696766,0.10411963040799718,0.25163142894211304,0.6923275383017345
0.4706040245830626,0.21012154402658345,2083.777811917237,0.015585628445391035,0.013210923853719152,1416.615836432316,10159.63076898134,5.456436195315338,13.37787023459251,0.15088444372424972,0.47067630283846107,0.2792510813729549,1.708453455629922,0.5145456828052345,0.8535448417420001,0.5244175304766782,0.8466124770397889,1.3950251527097528,0.0006847462705154082,0.0072540325663914655,0.00019978202439516782,0.1044412141021534,0.25418706935358176,0.6889803382996171
0.4713988635197096,0.2101431480853498,2077.060891401064,0.015783471490012753,0.013525314831129037,1425.7079897379206,10183.134088348022,5.464437747527473,13.217749784530982,0.15681180626857458,0.4729586819434031,0.27740328877006,1.7043283815713686,0.5155742051883644,0.8528341260566084,0.5253710669175602,0.8428325768302151,1.3940877015337358,0.0006863295716977526,0.00726966531523924,0.00020065242655232143,0.10415583381123691,0.2514798689241342,0.6898169350311012
0.47166871679609756,0.2114531514372496,2069.0871393223533,0.015623957348040531,0.013394166345154316,1426.018071717968,10256.014516341133,5.485698137387219,13.176426383983559,0.1613966338672684,0.4720585177782083,0.27581790725120625,1.7022087690369432,0.5148332310111841,0.8546543717285204,0.5276606968192655,0.8394530353317098,1.4014928437363878,0.0006829348506333651,0.007192499613235729,0.00019906343197865302,0.10439704336188903,0.2521525645133755,0.6796091248245844
0.4719711540684573,0.21147043133263374,2054.5773233027357,0.01580256688530738,0.013472840220778291,1411.787313273828,10151.474130394714,5.492402181483932,13.178380131405472,0.1536552739227803,0.4700975190025074,0.27657442930526693,1.713865862815481,0.5177467196668056,0.8537905807458394,0.5327020515453784,0.8353084467245326,1.4140764542167938,0.0006821924693455561,0.007145730543062715,0.00020259300793296273,0.10340774572685871,0.25059290420560204,0.6801690565465388
0.471390486910172,0.2103821009672738,2070.36762432349,0.01587996411763134,0.013508684142168444,1415.2671509460947,10278.736477778733,5.4746365211839985,13.139637232470845,0.14984635492343434,0.4686528877950855,0.278549953203448,1.7164612892932885,0.5212268019129994,0.8577214386582424,0.5355128677665246,0.8316576747067311,1.4168727614517338,0.000681650480847653,0.00721750899876632,0.00020311156873933724,0.10410506866095445,0.24890842598430848,0.6804531159595746
0.4690413798848863,0.21073237980977824,2058.5372228598767,0.015794623963939873,0.013597292444765463,1395.0966696285086,10293.38161026137,5.467879126243086,13.197623660765503,0.15796027641537197,0.4668325986861866,0.27828977727015947,1.7201601156954125,0.5190635615302368,0.8577211818048703,0.5365565462590773,0.8326479459044912,1.4306242147200314,0.0006853667954902481,0.007146693234006536,0.000203939939995115,0.10274595779845527,0.24793291618993696,0.6826104396742195
0.47116935451594394,0.21204445131094413,2048.734745305951,0.015840955703986283,0.013785253982275028,1408.2753644081986,10298.172724813618,5.471476002260318,13.183344360607476,0.15673531970028043,0.474922504671855,0.2788823905325205,1.7254579863390767,0.5197599607951388,0.8581627337585128,0.5346347323386405,0.8330317997487282,1.419745359920582,0.0006844603592440029,0.0071644287165548385,0.00020242464675426092,0.1007036880920536,0.248021142506364,0.6820678521984553
0.4676700001855587,0.21216643963239637,2025.4531092718964,0.015893077116001582,0.013998864753739033,1415.1232340456875,10316.041438049975,5.480654834203883,13.326657781718696,0.16100714753368164,0.47789948308265245,0.280413375085107,1.7257537490514905,0.5194930117489602,0.8619293399490778,0.5383182891145949,0.8483988178012999,1.412359688287137,0.0006895032056780594,0.007232626106818962,0.0002011395743421144,0.10172826282560331,0.24868318802243744,0.6741396896203142
0.46790977028042813,0.21316873897202138,2031.756741585245,0.01594448332631653,0.013941975819482212,1434.5613493367036,10257.530043845263,5.487171544846308,13.421906443346563,0.15811023604172997,0.4772634959655052,0.27815696019624947,1.740631292877402,0.520869281416156,0.8625189229230333,0.5380897326153407,0.8457163443171928,1.4191100643553816,0.0006922368179172583,0.007309989778536861,0.00020216953432508478,0.1006495920399412,0.24982705074369058,0.6773084426127863
0.4703702053295798,0.21292774450165783,2027.1990029411863,0.015903534099080845,0.014101747095371571,1463.8851564477136,10217.753475418773,5.503667912808803,13.284050748855714,0.1613265140001633,0.47961729522863783,0.27910606230293833,1.7374341195524239,0.5214557008709392,0.8621612989714522,0.5406131895770908,0.8498976943815209,1.409760218382472,0.000687643577215183,0.007389452560419976,0.0002031786762152846,0.10130706983079182,0.24958202427392037,0.6766803575830618
0.4702081696263283,0.21270266396555992,2014.3672546155105,0.015645192966936897,0.014019534832167224,1453.7462297217776,10213.396567289996,5.4965006135654875,13.19390295871677,0.15891078615735613,0.48158819113669205,0.27798378320938205,1.7363670010014163,0.5219104580099343,0.863416276190142,0.537734925120773,0.8441616445815897,1.4138009638431142,0.0006832353651334252,0.00738641073668971,0.0002022628403962834,0.10165407843394302,0.24801460595942845,0.6760199268176198
0.47162548344842836,0.21291635406292864,2002.162543446531,0.015674850619110513,0.013851769214516517,1455.6065752554432,10133.069028758246,5.495178103637555,13.286695789598788,0.15462460662461222,0.4800798179548922,0.27814821378340426,1.7482243302832545,0.5225754934085947,0.8664254575487407,0.5356419259146841,0.8442731092932717,1.4091137712887605,0.0006845315917725169,0.00747022796267631,0.00020173358341100682,0.10392093104684844,0.24366827707095162,0.6733393803924927
0.4702140150093363,0.21423323997402757,2000.788793456123,0.01584614199511224,0.013739630182403402,1484.5124698674629,10091.681131477497,5.520295318414998,13.383062621471765,0.15753293206190444,0.4792279306603837,0.27984840277074624,1.7357319465692753,0.5257673792392843,0.8638962119150586,0.5383317353503518,0.8464680697953555,1.4176800670443992,0.0006857005056984228,0.007555544006413126,0.00020082529560488263,0.10357468246080621,0.2440896557670998,0.6765474350883591
0.47163567151708485,0.21525482263491083,1973.627222988186,0.015811500074256534,0.01367308330286108,1487.8830557875344,10059.145595372536,5.496859097132924,13.370361856222209,0.16143099151522075,0.4798998402150775,0.2825333651352564,1.7472110174422077,0.525439412599711,0.8632324126338792,0.5369053403916901,0.8502606034131054,1.4130883116289839,0.0006871086347888838,0.007592690566646012,0.00020033344371434488,0.10352048139265937,0.24449148452177694,0.6738973492734541
0.47377793167064913,0.21421687836936595,1977.4472681180177,0.015656299780204913,0.013745408379143804,1482.8851194850206,10074.818256047502,5.495237615655842,13.592379721204658,0.168407122166236,0.48145470178880856,0.2843300571899972,1.7476120399029955,0.5232156938689753,0.8631542926000796,0.535388452357017,0.8464044996208042,1.4200094438340947,0.0006908498013528947,0.007506108612143634,0.00020180365939739792,0.10366737114718032,0.24765610612545644,0.6727219856911208
0.47235499707531725,0.2148271074505638,1982.8992365201593,0.015486491509421347,0.013492374879681725,1479.2137471255776,10215.286527061124,5.483721832497354,13.60179487194028,0.1761004120860848,0.4772996618265192,0.2858287054446241,1.7508769464048661,0.5217457775954198,0.861500570512688,0.5354284581670307,0.8427820584571887,1.4114387831984059,0.000687105015141944,0.0075135584728835214,0.0002002279220770351,0.10438909750086363,0.25010354041483496,0.6669373224644954
0.47155508370055943,0.21464875137933187,1996.6223913596552,0.015416205056149716,0.013502143477062,1489.8519058026538,10095.41550272808,5.483169802941708,13.881530320310075,0.1740191141626967,0.4805715305980367,0.2910605169815356,1.7458388047848992,0.5203583731662655,0.860806164333675,0.534914922319598,0.8443562570795337,1.4086396493322935,0.00068900238335601,0.007563399447145957,0.00020099182565032884,0.1032704116138294,0.24769069060252843,0.6662182617873654
