0.5397227057116833,0.206465480469801,46.76886686345974,0.04414904034574097,0.012908669357032039,39.35022960967277,12328.851587437504,5.6450957332723295,24.66929579346882,0.15532482032392605,0.14578686126477086,0.1780303477209371,1.6320221967871937,0.5218347194241774,0.5389071408078144,0.7451045186416155,0.8590357917630969,1.3242596052085291,0.0005913610023530905,0.008522964373884567,1.684487285787415e-05,0.10335640844652762,0.4939949246215718,0.5066904624007226
0.5395974598505566,0.2063197515190019,65.80103532628962,0.044278387974900336,0.012877595522856096,44.69666001890286,12418.52373966885,5.63964894456013,24.642444068652477,0.1530710216923614,0.13809748751138204,0.17885697193216468,1.623538087070056,0.5196204155492219,0.5380073085130114,0.7447651594420217,0.8508631876501586,1.320617219682991,0.0005941766455306252,0.008464986251727738,1.857115333658023e-05,0.10306294992003322,0.4954209464737972,0.4966937802548825
0.5406329997388232,0.20728417060536286,108.44806268940067,0.04442940959107502,0.013030756812042714,49.4570505922121,12458.62494385942,5.633495732504826,24.9004826015713,0.14682498656559473,0.1364176019590935,0.18093929235407646,1.616147379821313,0.5210829354163872,0.5366350332226569,0.737645220840989,0.8511955031702905,1.3324880146122144,0.0005941027368404042,0.008514822625473067,1.7953084395279298e-05,0.10215120811971458,0.4987281107789645,0.4895174889170581
0.5439117701106171,0.2075186606009619,141.90272649408294,0.044351969013548424,0.01308695636934806,54.56755822831114,12453.536152629138,5.614288526483821,24.606381799143083,0.14770955156779578,0.13528786178294594,0.184196829108172,1.615093521460477,0.52315161186408,0.53349097990061,0.7372000237673867,0.8398104678527533,1.3424127037819706,0.0005919395475049489,0.008503770187149814,1.726920841759572e-05,0.10265745394714161,0.5000883475946994,0.49434875662181127
0.5454905119512803,0.20681081812268767,110.50745774768069,0.044187679768228426,0.0131728264401287,55.575138790885816,12340.53786830671,5.58302535641486,24.614408029092978,0.1547720398230478,0.12927523104401412,0.18180805134815162,1.6098869149718167,0.5221103384832543,0.5332592984938969,0.7349322693261756,0.8427798290945058,1.3235729156033627,0.000593438913678914,0.008593539541737942,1.4747827494045448e-05,0.10340605305841136,0.50073471383455,0.49359940572185285
0.5452931254657775,0.20744169417040662,94.46402600221629,0.044001050396667116,0.013321779479920234,62.65723861624086,12345.719507374166,5.598544203769606,24.76539425810481,0.15479066493743016,0.13472730242768088,0.1831302300940998,1.6045254371960398,0.5232085703242519,0.5330769479743085,0.7335998313671372,0.8414548143938257,1.3306439689304852,0.0005943892306453407,0.008617851912580899,1.6118833443327543e-05,0.10379288330644883,0.49645450053867995,0.4932624134790885
0.5442448248969572,0.20770905206170534,98.60873970699139,0.043947364599363214,0.013266068680831055,66.42621464786897,12294.658106888466,5.579059470580488,24.762349612026096,0.15846351750443124,0.13754360651348355,0.18215716206977425,1.60322098133358,0.5204853561032325,0.5337726928674547,0.7385258346364441,0.842835970668999,1.3215832479939646,0.0005949959466668232,0.00851649737758752,1.8552608817692e-05,0.10484879369762531,0.5023839757793526,0.4906340949071242
0.5457420844427114,0.20802552661646792,63.67628162770823,0.04384312987478385,0.013345890689716729,67.3858379023648,12298.757151338319,5.582631839313677,24.802100444591407,0.16697962472060146,0.13902424284887155,0.18324361978157805,1.6164463256156947,0.5177136365039767,0.533082592086095,0.7362983783518742,0.8418493214350563,1.3196379079210763,0.0005935282162865598,0.008523794047821632,1.906398882175818e-05,0.10625826744440695,0.5148792672005488,0.48524092090359183
0.5443507651527713,0.20792010043465997,54.335036316343306,0.04394805832580921,0.013491139031294848,73.00127202243026,12373.883321872205,5.562196025601435,25.260187465675006,0.15702110796926988,0.14666734176422674,0.1850360216326531,1.6256293564165005,0.5162886073104639,0.5335842395111453,0.736568534912826,0.8486325108165313,1.3266079246523776,0.0005959730903330044,0.00859238684099748,1.8326563125607394e-05,0.10516006826216981,0.521252147441345,0.48867882082252717
0.5457468286393277,0.20966145622399218,65.25270926796242,0.043691518127945764,0.013442942649493068,80.44528326766212,12365.742241161131,5.568107418326914,25.333161582991277,0.16119880179557958,0.13941580612481635,0.1822523025830502,1.620216687208511,0.5197011992516058,0.5331991110252108,0.7373727980131926,0.8518507677561115,1.3143771184781117,0.0005882007987317138,0.008565857217330962,1.9199667510849103e-05,0.10517829300486385,0.5250576785472687,0.4926903719167903
0.54828930379422,0.20954194865760564,65.54658471140905,0.0437677985376401,0.013458768096150797,82.5229618086122,12384.161450978356,5.55701212527694,25.249244468654577,0.16354694329251804,0.1354747219504839,0.18281653398118541,1.624476204014069,0.5202122358224799,0.5317618520602945,0.7372683457415895,0.8522629013700699,1.327920723192003,0.000590511190140712,0.0085748582060354,1.9259233280376644e-05,0.10499749552873681,0.5250840133860163,0.4922026825734193
0.5500811893631672,0.21043969147409497,64.02861256470628,0.04381979701775156,0.013618561123797269,86.72311192415918,12606.147860467625,5.534073832830076,25.40931332117957,0.17526296493700103,0.13978019598784097,0.18569779169518,1.6244391479315872,0.5215951883399242,0.5313927514670073,0.7332579095356696,0.8577394108040177,1.323817999506979,0.0005972542005770303,0.008550327011450146,1.9333942632747214e-05,0.10589294692821652,0.5224916384204785,0.48951773691714273
0.5492692975372782,0.20951726540916388,64.03458163196382,0.044109895560875044,0.013562631379521536,84.72020035099045,12725.623138981797,5.535263919075861,25.09049486524716,0.1881577399421123,0.14345462077038038,0.1872364287526844,1.633675471287898,0.5197914046564367,0.5308455355776083,0.7345632138459254,0.8648750354447869,1.3285316384637245,0.0005969930706234303,0.008523017460144087,1.8087986361308882e-05,0.10574596201559028,0.5270490430357458,0.47815718997740597
0.5461075327409541,0.20884077311156443,66.5818518205644,0.04404055269229725,0.013732661250662408,88.2431449067764,12823.234597680244,5.529257205920328,25.205886729902574,0.1976060050782776,0.15163196039763724,0.18371273266132632,1.6293542814894237,0.5171010509067736,0.5320133391611892,0.7312935011618603,0.8567267139724661,1.3192689222140939,0.0005962832402167819,0.008454933105917342,1.652462133262771e-05,0.10751787304763416,0.5292147748571641,0.4783793637859406
0.5454743424867815,0.20914507749195135,92.71924245446036,0.04402692680453621,0.013822627705217815,98.10213286193833,12846.310605916682,5.5273125659715205,24.907859982873767,0.1931073992802298,0.15785959166317276,0.18524856062765138,1.6216571125672872,0.5182671160600305,0.5373861790011137,0.7358757423758249,0.858790311555372,1.3356123833934208,0.000595602449984301,0.00838632192637942,1.628819710385815e-05,0.10885616857609726,0.5303855877436603,0.4803599071055086
0.5446395428236251,0.21065240208624714,128.62175664816075,0.04382867463824647,0.013863894148151314,105.32914987912524,12882.087882726968,5.496693419979399,24.925048800189124,0.19420640131866107,0.15592141733578746,0.18523416581436183,1.616362623699188,0.5219711368931048,0.5374068392675722,0.7393454614601622,0.858659641939405,1.3181984688014454,0.0005982089973180036,0.008324115974520655,1.7772267879066367e-05,0.10862414594932698,0.5277180261754095,0.4760076986896321
0.5421137060709388,0.2113754212929512,121.17289091529913,0.043913357128542066,0.01396697565801454,105.34561515835178,12882.143009550979,5.497057186153609,24.711656691609505,0.19916595250920485,0.15417309355185063,0.1857045114484997,1.6183856541596937,0.5159517974809961,0.5360722531337376,0.7411119182442266,0.860529174710816,1.3185597363365382,0.0005969306928457056,0.008367208368931478,1.7577945364760732e-05,0.10740964146399819,0.5398174264498499,0.48091495696320025
0.541538868054841,0.2111565109548255,136.02216474924685,0.04382217222454253,0.014104512154300402,113.9906481360394,12897.359567978603,5.520573703984199,25.014074699290994,0.20733780229700902,0.15472305675298878,0.18119763731220895,1.6220306326749085,0.5196017987211357,0.5328430990406755,0.7380101698988302,0.8660089725049408,1.3174905069537732,0.0005985803707920967,0.008348806087180104,1.9438797007629788e-05,0.10802335006699386,0.5447304774939961,0.48222576124269584
0.5394933810755543,0.2106633153025469,153.6681112630415,0.04378170621582979,0.013983941431476958,121.09872260185753,12863.985610757152,5.526185507942247,24.8037195859612,0.20507022806248057,0.14669659849896366,0.18156830589489095,1.6205933106192263,0.5170827443245078,0.533033151293984,0.7373522583430857,0.8703899377946993,1.3208007079702768,0.0005939683739561643,0.008316868013918757,1.7312941197179428e-05,0.10855676187892421,0.5446677586481675,0.4799739335538675
0.538849074079551,0.2100447532058528,177.07565877223826,0.04350848448465144,0.014101983320239363,126.27066891345437,12780.695605516752,5.506835341567047,24.766341954605526,0.19579609065459236,0.14186478133054756,0.18685168045103712,1.6163896096800727,0.5129890476874653,0.5361967052785707,0.7375414658344446,0.8757383726443719,1.3163841814151338,0.0005957523907050286,0.008290909366071535,1.604709896508287e-05,0.10824745593818921,0.5440524105154029,0.4797305381546831
0.541350817372287,0.21059439400434546,203.75149227862335,0.04344815490253854,0.01439529368748155,128.8187429392846,12807.584356166573,5.519648811526845,24.742954014018284,0.19844001374929282,0.14741083335820632,0.1888563949007815,1.612942583554732,0.510827048473165,0.5334363291410888,0.7439813961350946,0.8809675246662008,1.3166883468429011,0.0005954806374329264,0.008298283309853579,1.6033130660609784e-05,0.10738399382908398,0.5502285219022277,0.46969574019157523
0.5354775443404375,0.21163122616416166,218.2042906282491,0.04322859731323971,0.014535790740476104,140.7172937281347,12849.13497120961,5.489964094362458,24.45744165620443,0.19927839525766042,0.14720753500372502,0.18681893879849368,1.6062696150907818,0.5099645251836553,0.5337252579144816,0.7454480525925692,0.8746468571559215,1.3278864323049295,0.0005942366664861685,0.00834221150577082,1.7677047305694108e-05,0.1077344690288113,0.5512285120962117,0.46906053528337877
0.5374016595213101,0.21106981895291493,215.82722317207995,0.04327146116998555,0.01444657963198839,137.58162491065153,12638.553092008304,5.49958030711229,24.559372132190664,0.19954229936392295,0.15320674589999453,0.18569388890573482,1.6036021650539067,0.5109873447602918,0.5341422629658978,0.7470758991859778,0.8745714218864017,1.3146181699176938,0.0005911962306576267,0.008381010136539172,1.8189813059823496e-05,0.11009062940590428,0.5552655332257597,0.46887804859462284
0.5368507931450118,0.2128903289011338,194.0169884063384,0.04327516460093069,0.014655618148821622,138.13898195785325,12699.651367736098,5.486437793768429,24.4978801206409,0.19705792605106812,0.1536338869032352,0.18143070838338768,1.6035672644590102,0.5077951315316809,0.5340118842132702,0.7466718920149154,0.891112591171913,1.3082379179582695,0.0005910610853384007,0.008423345304298302,1.7003911721500894e-05,0.109890967548541,0.5586565810534474,0.47395709794695257
0.5358459848156121,0.21335473089145396,148.61413809494474,0.04341039703208705,0.014560164042742857,140.61276034090577,12638.359116273703,5.477726325034003,24.62968653501557,0.1970989774558262,0.1601348660701339,0.18321872773063322,1.6065888339302878,0.5057760893771436,0.5327841985331603,0.7451749936172597,0.886924739717088,1.3155209246600486,0.0005964116360653582,0.008413031762913343,2.0579840177295267e-05,0.1103454855842311,0.5580111888485221,0.48482438852935983
0.534672253322653,0.2124029256360044,141.49554044196927,0.0434989802147424,0.014734670550233102,140.57847788612753,12678.547079402533,5.4655762376171735,24.604410797349665,0.19112578243065112,0.1512833683743762,0.1768572021231304,1.6085493796282784,0.5050913771716954,0.5295687951005618,0.74656726065415,0.896294371575274,1.317747956564958,0.0005964148927553364,0.008475805892223683,1.9725281630546807e-05,0.10917868431585581,0.5626789357360296,0.49200664065548755
0.5374934470537515,0.2134579969755789,130.64888809041668,0.04339600554107035,0.014747336000077379,139.7092051055865,12587.236998659,5.487684959300831,24.686419405411467,0.1976002671698487,0.1481393360965783,0.17496830463784174,1.6078794463796309,0.5032453850001293,0.5288767788911157,0.7496170595548239,0.8878435810424176,1.3170746234698765,0.0005985321675544784,0.008415635754921092,1.668941473482518e-05,0.10920764975004818,0.5648717205996298,0.4886955141186595
0.5356578204570941,0.21360965214353825,172.78758391171152,0.04351656432255335,0.014803749639743022,138.63867462875555,12551.467088817832,5.483975302671025,24.6464215316306,0.19731936622075372,0.14535895236767687,0.17745751930332943,1.6063479777767884,0.5067758427855317,0.530290513990876,0.7486684804741066,0.8921028268402749,1.323342685274379,0.0005942296500272062,0.008397409381865348,1.8413665742854624e-05,0.10889195857481959,0.572239507016745,0.4881381482242682
0.5356196972015347,0.21255327059788076,164.66160234856417,0.04352881128927999,0.014958075960083242,140.50879387687328,12643.890659704224,5.471776771685674,24.367406200461325,0.19623482524636027,0.14342684711446435,0.17757293004908398,1.6009803997189131,0.5081470478332457,0.5254672622894883,0.7506509010715512,0.8838451467441544,1.323252241365413,0.0005874775215628173,0.008472207905925812,1.818657633045843e-05,0.10966677241520732,0.5697386736803864,0.49235008340729625
0.5335483942297202,0.21266913593588677,160.54694123238335,0.04329462201480796,0.014930053079826318,141.52955695264103,12536.200879874023,5.477446071554251,24.40004152656302,0.19732653560383934,0.13656769570035213,0.1772815053314016,1.6004527952145253,0.5077499324454304,0.527034378549178,0.7489175368223843,0.8804852960314793,1.3324343749759548,0.0005913011710518146,0.008492081109804043,1.8521157652413796e-05,0.10966964038742914,0.5690602475194301,0.4867645306553526
0.5343127880904444,0.21403961096004986,211.6471958104101,0.043125056151784316,0.015066486736498871,146.6375595555798,12630.311371713906,5.460011613126201,24.259598388955737,0.19403920401175453,0.14132115244573568,0.18194596557432938,1.6050558264081616,0.5075655287461892,0.5279845720304908,0.7553389299483987,0.8807593433155015,1.330596384368732,0.0005947480702172818,0.008426503302702124,2.030073715931296e-05,0.11017027852037597,0.5673352670621533,0.48966767304047226
0.5340051877821885,0.21331252191374486,191.86224651139898,0.04321970992541577,0.01504733636149829,149.6507129089704,12636.111615875965,5.462011851883156,24.15428719851573,0.19860861362695106,0.14336861235975,0.18275240387387684,1.6088784894504844,0.5014196217306293,0.5256719766483434,0.7599182788507358,0.8833056698291525,1.3318069171434532,0.0005966954605044091,0.008455786881559948,2.2614920919321636e-05,0.11064851778478314,0.5624354752116323,0.49687519363939603
0.5328349220343546,0.21412434291299107,203.8613727097919,0.04315268477484468,0.014975236800575411,154.2743901241169,12597.777970583324,5.463816842639602,24.006291855505033,0.19318445461135753,0.1385426769211305,0.18347199329280547,1.6037183514277147,0.5044627655978157,0.5252056559875945,0.7610825326796007,0.8846850825608827,1.3321217586196838,0.0005956201664604309,0.008414336883582077,2.110791484758265e-05,0.10809567220296229,0.565980878264746,0.4923834626452728
0.5303954258788223,0.21400774668970696,195.31672320205237,0.04310970156973348,0.015306705806195002,153.0735865743649,12596.275557493556,5.462765625268251,23.583506084294235,0.19599652493770928,0.13765809318380257,0.1846368850701983,1.603338912239722,0.502165989108212,0.5260598126453824,0.7578484688673096,0.877330078031272,1.3415246034412127,0.0005943928426965811,0.008367054249460036,2.1006950998455683e-05,0.10726130049927311,0.5742451119515675,0.4992344932615658
0.5320130465297411,0.21430806331271093,211.80948951263647,0.042924675748621154,0.015459769474504056,157.2917361084203,12592.666752804214,5.449761808765089,23.469901470692452,0.19223434289691543,0.13143461894941363,0.1834091288297904,1.6057074198401586,0.5043986520835406,0.5257968588163072,0.7597013733260718,0.8715982328291686,1.337815369561388,0.0005973067390476207,0.008406803384747799,2.059278119694845e-05,0.10797696436715781,0.5740804003040795,0.49769228038778196
0.5304314419023738,0.21371296249616747,226.14739368239287,0.043079750167764476,0.015592110555029081,160.1970329144717,12744.851332517868,5.441916509657973,23.543121933677,0.19762022911716673,0.12358578294484854,0.18242259347639667,1.6029386392023834,0.5043920469036897,0.5302354301593001,0.7593993040510942,0.8706783731894654,1.3363149059292818,0.0005973917199865937,0.008417497949922168,2.0574821888831566e-05,0.1069110215335252,0.5779430006599517,0.5008031970285133
0.5329013878832825,0.2129964576321515,224.10214978660986,0.04310532118202734,0.015641895342180193,158.47076200902066,12828.245873647656,5.42041022886616,23.611409991938743,0.20303220605888544,0.11913024305391819,0.1798926084341638,1.6020148666115523,0.5081644529351945,0.5291800641006617,0.7539289958235135,0.8745372110456101,1.3350442849584199,0.0005997016719709888,0.008375509227495137,2.3847912527410298e-05,0.10701934589771696,0.5800746042458904,0.4912866414491668
0.5337885165125487,0.21260179072566415,211.190654405781,0.04309349879841254,0.015543257940895462,155.90665219420129,12850.985873809355,5.412192189322284,23.82675909147447,0.20551416364618258,0.12691799231847883,0.17981697358540275,1.6081843472849315,0.5100190456468572,0.5275279335559216,0.7557662943879352,0.8706828539173361,1.3407656027378947,0.0005977313640108614,0.00836970572034061,2.3857976171265432e-05,0.10550144178366679,0.5853385980354845,0.48889544139872826
0.5335112912241351,0.21322286543295843,197.16146408696676,0.04314510199833728,0.015593348311388432,158.57443038351934,12794.737688874955,5.378513027859326,23.593127003956855,0.20537763204236856,0.12872839286377305,0.17695449233555832,1.6003421057494478,0.5093875828194316,0.5242580644279159,0.7564025368942363,0.880531640640162,1.330488374501483,0.0005965825268050692,0.00833476237065786,2.3853058716000032e-05,0.10716618700581873,0.5873365936351952,0.49299009760991946
0.5326298649218911,0.21395942420773187,201.7355952037332,0.04309425120485076,0.015610223151792203,164.37018383875352,12892.75152453937,5.365376369455447,23.555996733173128,0.20461906035354419,0.1284441523183018,0.1735270889776027,1.6053126741608357,0.5058119307722053,0.5261009413029157,0.7518552218758422,0.8876042634745784,1.3358636368749686,0.0005990831301794878,0.008337022472514768,2.435304478061372e-05,0.10691778860278377,0.5876677313791259,0.4890333652952545
0.5327056989598887,0.2143355318692498,196.45189726773003,0.04313944890621046,0.015713502476550293,168.67654154215498,13036.27701075337,5.346818648012771,23.647217575704143,0.20486013678632448,0.12577371347278044,0.17384238834970517,1.6063253652436005,0.5040697887855327,0.5242121168717169,0.751514745934732,0.9025556522405226,1.3398349065435746,0.0006013275951916819,0.00835791939339436,2.423292201427845e-05,0.10891532726338661,0.5898578462764633,0.4968811661166032
0.5334510565232432,0.21495472888017503,181.2372028662603,0.04303921752589746,0.01568305701144987,169.1144588216474,12833.495335260388,5.329165646420668,23.754951249315184,0.2078443312779075,0.12190323589969757,0.17106875498909216,1.602323368524896,0.5000863306584966,0.5223728018970566,0.7504620386870955,0.8996613884927552,1.3455945674620564,0.0005995442115767264,0.008225748569277786,2.4804505564741545e-05,0.10851440464785028,0.5907340046390007,0.49483760123160603
0.5330375499414813,0.21680617924540155,167.2410100053137,0.04300765939431255,0.015665561403496644,169.4648858204185,12824.995413346365,5.344113245511956,23.63174990998481,0.21681522731744612,0.11927882440390847,0.17116823684717586,1.6031685949838583,0.5016548084565777,0.5275587966042963,0.7498311824079169,0.9018483327987316,1.3529056672105022,0.0005998799887594809,0.008185143790364564,2.447732086731022e-05,0.10762464503589493,0.5920527896028005,0.49350315510565884
0.5322006393970237,0.21735336160949115,162.72264716706206,0.043004001721974945,0.015674227315148715,173.32704327633576,12841.507589751669,5.352909555262928,23.766317486268754,0.2106727939912944,0.11361841506540843,0.17271484195458134,1.6136682421730038,0.5015977106238607,0.5231548536659955,0.7488618840347424,0.9043989113609571,1.3627126236077576,0.0005992981623595674,0.008150465501819144,2.5292444553013475e-05,0.1069433263889041,0.5878356147568979,0.500935623400219
0.5313024744281133,0.21789864477800447,138.6064981486451,0.04304794769728339,0.015536499941796957,177.4044416553253,12840.390765282491,5.346732805808782,24.175196517467207,0.2138408033774244,0.11182736183239088,0.17847622780368422,1.6167113701488511,0.5025882004627839,0.5239421623278175,0.7468437592400567,0.9041909661394327,1.3669611734558185,0.0006065023834301301,0.008106894819977463,2.6920269377243042e-05,0.10965251595549876,0.5840967763604847,0.5031551748074599
0.5318201459144539,0.21652171524611077,155.22279342718048,0.04300106119081607,0.015230545044543306,176.2943206378585,12674.869316537022,5.330472078436838,24.244448838124544,0.21739473141970844,0.11013683721835608,0.18066996356717652,1.6177697660977206,0.506355180708785,0.520090874498784,0.7439910830879631,0.9064860374116448,1.3623915028309768,0.0006039631475163819,0.008062353128221253,2.694896531758908e-05,0.10964762219905581,0.5852486831940442,0.4967511137094317
0.5349524631136872,0.21677291295647766,149.9491389990845,0.04282521303828371,0.015317668303461714,180.48113748190173,12691.743487024916,5.352019178223202,24.6205386960727,0.2161053062156604,0.10583825163066721,0.1795607530298596,1.605004282484404,0.5042637071528273,0.5195775792189402,0.7447171994702293,0.9059284639341741,1.3533010655196145,0.0006030086632699304,0.008178525959186674,2.676454753397239e-05,0.10943852008212795,0.585302394906516,0.5025276946437092
0.5354438345986755,0.2168740537030879,173.51107394914922,0.042845600090487816,0.015464753993057922,182.07515221849894,12827.68519641774,5.36621021823006,24.599068647688906,0.22327838090568383,0.10756899212405613,0.1808947553364517,1.6025987348584052,0.501726146264769,0.5187456240038106,0.7476018984238232,0.9058546841717976,1.3484298873282694,0.0006012232985182762,0.0081479003378147,2.922733641463042e-05,0.10856170214104595,0.5828784064411702,0.5015577688723923
0.5377295554925994,0.21601767879390912,176.15549932715632,0.04285063264368083,0.015742745057720844,184.79479488872536,12826.539985257545,5.366993578991631,24.582584963538295,0.22551916878303643,0.10502374683508806,0.18209145797559426,1.6046427317591443,0.5039608238463497,0.519429137654446,0.7433980450267444,0.908872079550938,1.34893625448736,0.0005980182830695551,0.008178926222113017,2.8710714470951316e-05,0.10713411945228277,0.5899844053258502,0.501490603770274
0.5379486798262197,0.21650662006345262,177.2063677047475,0.042756184120220496,0.015744359607615128,187.84091057147663,12777.201547834922,5.351408656320804,24.76198963193337,0.2282643606372723,0.11347048943977069,0.1839596159227418,1.6078568281770114,0.5011500111569248,0.522010455664285,0.7450263508094372,0.9176854836814009,1.347377404388318,0.0005988669576903011,0.008221505031327712,2.7850701098021038e-05,0.1066091397801386,0.5931834828588932,0.4950396410049386
0.5392401394444312,0.21682100142808186,143.64735408076535,0.0427633517334131,0.015576506719600985,190.84556420470977,12903.930105075273,5.354256095998693,24.8306812977656,0.22370257481481418,0.11847513540875886,0.18188405218317785,1.621881561261242,0.500057005783165,0.5251578652963496,0.7428870402942055,0.9203896540654555,1.349457611231276,0.0006009849145514435,0.008194444500791199,2.8680868415918247e-05,0.10758443582287422,0.6040312666248872,0.49461153012016695
0.5375494913445285,0.21740212654388272,164.06108276230339,0.042744080624272054,0.015607603070565263,191.9123636750775,12912.184676690496,5.342335195885477,24.6619769334306,0.228461291139155,0.116171480611541,0.18235769116635114,1.617087144928005,0.5009264166832261,0.5253619354026222,0.7426429668907278,0.920027248255146,1.3376237771211004,0.0005999337455855743,0.008229641878700575,2.735877769529489e-05,0.10702714958995152,0.6057648773532877,0.49194531210429626
0.538551379946586,0.21774817121871234,154.7404813794465,0.04273095285351728,0.015579797945915387,196.65785459929916,12855.17903815998,5.360557025741234,25.040181867274377,0.2238849893469038,0.11399345951838478,0.17728505410564338,1.618051650474009,0.5016267809429499,0.5273477461364088,0.7405485578453059,0.932329378693687,1.3519331522306608,0.0006002085094960031,0.00820541379057745,2.8680964966352896e-05,0.10737516462781363,0.6036462549663463,0.4914948861602439
0.5367266416049239,0.21679428269064052,162.55003531931376,0.04276354594910011,0.015739616525491922,194.57773227878465,12832.250630594808,5.378473058390651,24.905774821711358,0.21837219722584894,0.1155844227126257,0.17700970765935672,1.6219857859765183,0.5013888948620338,0.5273918137988162,0.7399043598802494,0.9442222112107764,1.3540806290168994,0.0005997973244728617,0.008152860499541436,3.061214715205109e-05,0.10863866395993903,0.6057426050446058,0.4949816448991049
0.537395320756854,0.21680820772937998,147.17931480722578,0.04279028463190553,0.015957251567023698,198.86406591665033,12680.002061675259,5.341306013447693,25.003086728542037,0.2213973006928773,0.11644050416779209,0.17653884525550956,1.6184193680704744,0.5006063718560789,0.5291659681550668,0.7379623792606201,0.9495543040636231,1.3625938991379214,0.0005994417383675187,0.008140705306135976,3.079393806511591e-05,0.10836720148027527,0.6089495109141656,0.48637935691202283
0.5383436178574494,0.21686489469847228,129.07578709218095,0.042972437234972696,0.016063360912212943,209.38776979793863,12636.736145041701,5.315757675345564,24.964337229861606,0.21858825603403606,0.11518608102406311,0.181033351878506,1.61397623997255,0.5029151130735706,0.5311966448719481,0.7387869226973701,0.9527587330929788,1.355619925926967,0.0005941412469641222,0.008133368461109503,3.2808190834704127e-05,0.11034280934879569,0.6069325043237033,0.49130137131123575
0.5360253830622579,0.2185166140126085,154.1982083955541,0.0428249733112311,0.01611281406637421,215.97319562842907,12683.958579120284,5.320036208323214,24.708814850077868,0.22260387011951094,0.11320830019145199,0.18084765362877553,1.6150219083160817,0.5033837016483438,0.5276765395704499,0.7411369831714807,0.9526847334642725,1.3505876236573353,0.0005955318363281397,0.008116595395137257,3.2046066296824074e-05,0.11111474638667287,0.6056507814254108,0.4921127994705414
0.5389800719914754,0.21835286736204204,164.20520387162367,0.04274689516808172,0.016480248318304573,218.16306260872273,12712.96982245915,5.312497297722613,25.07874748739597,0.2282651130069417,0.10576097441409625,0.1777908771924373,1.6204359243465836,0.5002826641822942,0.5276221560137057,0.7451683177951625,0.955711681660812,1.3544695339266084,0.000595612206796331,0.008113130699539776,3.168814518178557e-05,0.11099245512565736,0.6078765107297004,0.4894767637629329
0.5392967875924867,0.21862643840508295,161.53755129485685,0.042675368329048675,0.016608146069567297,220.1207312546231,12716.301382670954,5.32205316804125,24.922697764831515,0.22196971631130927,0.10043013217780161,0.17534524916783217,1.6213216526073035,0.5004459772809778,0.5258261721674722,0.7456952904161568,0.9539490034412598,1.3344913969679317,0.0005931061133018426,0.008095012416924816,3.270722015319286e-05,0.10941801290472497,0.6046576923553687,0.4854211369393224
0.5399646297377749,0.2185977562552426,138.4796343947738,0.04271765611048812,0.016627732368569903,222.69525243635596,12680.745390857277,5.299097459980229,24.766208752857914,0.21922912707513317,0.10136911842242262,0.1747906571556708,1.6299445307440712,0.504341652838443,0.5246260437337179,0.7473298902196792,0.9547798033879022,1.3278224671811127,0.0005938040580298287,0.008182945324530256,3.161119773631576e-05,0.10913553783574055,0.6006307741022493,0.4946978869223116
0.5388532797120513,0.2188842721616682,136.81187574570558,0.04256810328073114,0.016426806636267218,221.13320173526665,12686.081273221589,5.329261339424767,25.01935823825205,0.22479644561851184,0.1002999624320813,0.17540841686417422,1.637597913069331,0.5101159530397411,0.5246867077303394,0.755236085529689,0.9596338152943861,1.3237115301589184,0.0005906840895731106,0.008217705406202166,3.1828023148432235e-05,0.10982474345354178,0.6012284555603747,0.5064014139713613
0.5402776486564269,0.21880759272813993,129.0036713448117,0.04265538190112895,0.016398709414886053,221.17110051731788,12654.154476855985,5.346278125992308,25.074241370747337,0.22514381315589882,0.09798759688280201,0.1755289850967574,1.6369832495630021,0.5091011611551715,0.5247381867877042,0.7577620502569141,0.954363299448968,1.322536002575175,0.0005876535215846276,0.008253860052117758,3.161055776652464e-05,0.1089341852756583,0.6077798561526754,0.5022391718730874
0.5400264327499555,0.21953411505162726,160.52542817494947,0.042591184833971917,0.016476406569053515,224.58376358665924,12721.999621083549,5.330340168561785,25.383940041438358,0.22831448846099842,0.09769376919135303,0.1759686243448951,1.6435106290628312,0.5097600997500947,0.5231644026961175,0.7619307811653891,0.9466443381119274,1.3288804475542748,0.0005830277634935543,0.008287356546416628,3.184960155890347e-05,0.1110872647058063,0.6149397398249816,0.5036417267028793
0.5369351249136819,0.2190459723353992,176.2644719644163,0.042648850570300066,0.016452316579641944,222.31454174190475,12702.613113353602,5.317588728079482,25.64079918349492,0.23253214179057197,0.0919971377114989,0.1762194869799421,1.657576309711514,0.5125090348153548,0.5231145300552378,0.7620604822590641,0.9492258509027038,1.3353350548281444,0.0005829612999806894,0.008247801732059357,3.3387426733504263e-05,0.11206742254265976,0.6166054133438532,0.500689028140011
0.5362595036359068,0.21871929516357003,197.89194121817133,0.04281115433030118,0.01648576856726052,222.01923304977703,12724.425066440424,5.313563196946193,25.873857327278923,0.23082747990292357,0.09676351817596976,0.17748041707033615,1.6529440386013865,0.5145162273046693,0.5214914744217526,0.7635013623807859,0.9468220250911688,1.3444112722541668,0.0005853847873484909,0.00826686853047979,3.180901396112281e-05,0.1121506521429515,0.6198313610221867,0.5074735637613352
0.5343791320480419,0.2184953088295533,234.29440653521306,0.0425737895216609,0.016153990414143803,225.62257224833186,12723.398796619711,5.305402098600027,26.13349303932731,0.22343926109051104,0.09814297900599639,0.17818953654015968,1.6522834823394383,0.5171210386263126,0.5248747309945663,0.7596658426056627,0.9511729670604842,1.3572371843838182,0.000583601744127271,0.008337971970770687,3.079748812062514e-05,0.1113581669930278,0.6148831072946565,0.5151903933675472
0.5306216168719231,0.21827143586185715,246.68625252053462,0.042667727068279454,0.01633673008959344,223.72611629933132,12758.20047525439,5.311101058628342,25.933991716197106,0.2230422609996593,0.09865796707322795,0.17386575277089097,1.6484470761200787,0.5157060782573941,0.5274017836316348,0.7571465425563851,0.947179965973534,1.3606703794439248,0.0005883115489975273,0.0083551611433388,3.161853197930406e-05,0.10987369582467561,0.614228152060962,0.5168302610976764
0.533035260421681,0.2195149479427531,258.7744075754609,0.042546083503048907,0.016194134094869576,226.82997650162895,12826.246701833788,5.312123073308667,25.757106262051355,0.21660077337103067,0.09286805821328394,0.16831885872691268,1.6348263247102848,0.5134212954803014,0.5256986602188326,0.7564144111659858,0.937788835188449,1.3590081235973268,0.0005875155651421669,0.008437739765883823,3.120212695522126e-05,0.10732596938306826,0.6176602631781384,0.514936764224435
0.530112306607404,0.21934934478008902,260.6098443250882,0.04248388861893016,0.01638072439990094,233.04320005115122,12835.827996560503,5.303199819455155,25.753737971281225,0.2089559574981367,0.09910468642441383,0.16900383460933047,1.6375437676021625,0.5125140286403723,0.5251973612085673,0.7566152399958874,0.9410445095762477,1.3615868181007493,0.000586176897535978,0.008406141946800075,2.8811608879471255e-05,0.10612968111059426,0.6206995241611775,0.5156611617822449
0.5316564333199404,0.21876728688844552,283.333082318392,0.042444874556432304,0.01603746524918015,234.1662724846009,12812.45752554538,5.315982979505897,25.779745347882393,0.21221760585939828,0.09839854495468331,0.16738281971100624,1.6312447702554949,0.5133133291106606,0.5252500751152502,0.7598871738526797,0.9438687373573729,1.3668094858635438,0.0005865886363810152,0.008317016524019828,3.056623501062916e-05,0.10483004010127772,0.6261931041777252,0.5241883150512502
0.5355608034806126,0.21849468257276453,269.4743619030366,0.04249130652082178,0.015985581569892972,236.49132331670504,12781.558977695493,5.327205843367139,25.826997301891797,0.21558253788316592,0.09511129155948622,0.17049581131312505,1.6197652033316063,0.5164634793500925,0.5204603014346909,0.7587874796717751,0.9319656531109145,1.36941303677524,0.000587235321481473,0.008283693784334429,3.314712974539634e-05,0.1055483492083319,0.6266292011661732,0.5300286112443223
0.536410732570287,0.2194131643117057,261.86337414751625,0.04222352627339452,0.015864458222138896,243.95846579473792,12764.829258893531,5.322695721554397,26.139826221433434,0.21586421624573188,0.09403218664804965,0.17483018919443077,1.6150221168730319,0.5157627192819062,0.5198951965027094,0.7580201131978873,0.937099825979732,1.3657917907511796,0.0005890355184544181,0.00824549813490871,3.2764193149999365e-05,0.10398352057977328,0.62627803551554,0.5270964199622635
0.5344306692561793,0.2184208125345232,253.91465032185945,0.042171293646316714,0.016037057046244026,242.74446420086576,12649.571006244916,5.29309558898454,25.80043429894973,0.2153266294251049,0.09539232634949932,0.17224207691214444,1.6236070335230222,0.5160263697298414,0.5251003814384295,0.7612363961337981,0.9289207448607667,1.3685813287131432,0.0005897523651060793,0.008288325829413218,3.295908298904344e-05,0.10344269381457424,0.6351400739342669,0.5308650080002331
0.5338846721897391,0.21967654743673046,242.34286755974404,0.0421215115202233,0.016045471020461298,249.39053143257635,12615.545214804717,5.318135256489579,26.201960320705147,0.21716284388891655,0.10076682294291137,0.16882346913177487,1.6144731891691582,0.5125234756695722,0.525927571110413,0.761525941342186,0.9316502277107056,1.366459022895412,0.0005868213404154698,0.008236019854695653,3.457067908995834e-05,0.10437940912915235,0.6347286180824713,0.5216806567151743
0.5306961208913563,0.21984398782580877,218.16634156584365,0.04220264846553448,0.016100685396533705,249.20128509516644,12494.679868397183,5.345223169411398,26.064708489390423,0.21797485353113566,0.09900562578918409,0.17095723709915328,1.6057964247554515,0.5140535820607119,0.5272239849691771,0.7622340439764616,0.9255151061711591,1.3678893579283298,0.0005861293059984189,0.008211845993007904,3.574748301496922e-05,0.10505545033842789,0.6345325607256199,0.5122910593441912
0.5300814329259727,0.21871736448338772,207.31121762090606,0.04209551332701087,0.015816613602360436,248.68376548487998,12487.85548030187,5.362318581181797,25.99650216849507,0.2234915182630156,0.08752929757446741,0.17197719792741867,1.6067963209731684,0.5120795359091508,0.5285812704975298,0.7653264482494413,0.9188001395432702,1.3766429495524701,0.0005798463415804288,0.008229269244696897,3.754937899348458e-05,0.10398939321438043,0.6334422018514343,0.517492635612415
0.5311976353218192,0.21794516863096738,214.60666175657823,0.04223708137999745,0.016259257498682487,253.71499491476698,12286.80895611441,5.375613523222835,26.079771402403335,0.22014177659873774,0.0908743689964632,0.1707848214033598,1.615591652563411,0.513410587618351,0.5291277158779544,0.7645755983956705,0.9166708977767288,1.36511198920268,0.0005784313126915988,0.008181215238136492,3.852395364516354e-05,0.10352848351388383,0.6396261799732766,0.5184951470789547
0.5296463334359209,0.21839582374462949,234.40397696061495,0.042335683041527086,0.016326147014056457,261.3464855627279,12347.998954303423,5.350880489685006,26.181557452106816,0.21147251636425796,0.09303633449381492,0.16863130102338506,1.612724569191172,0.5160999820020837,0.5266625321996332,0.7679992774585874,0.9147918232922594,1.3663945340895578,0.0005752403773259202,0.008187135945229856,3.853382659984458e-05,0.10532855941097631,0.6431461243774279,0.5152938857387168
0.5304628442735927,0.2180849666976116,223.59510710261193,0.0421664520826512,0.016390208487160465,270.4445123618423,12420.666529988868,5.345379201894136,25.810084471178474,0.20222565180396535,0.10105548945474103,0.17122396432477605,1.6179042728245567,0.5220009201630569,0.5283926724328725,0.7670144953855209,0.9114425500947727,1.384088823489791,0.0005741312205175931,0.008173406428171801,3.7629805830659025e-05,0.10524595293872464,0.6468582002150222,0.5215903817691185
0.5305052692379589,0.21830300251391235,208.56736235924126,0.042095871845988064,0.01627644063485083,266.7133659221499,12503.96702747045,5.3397010652347845,25.69321411612871,0.20530373019145948,0.10696380628371423,0.17161943959067066,1.6157109839267838,0.5233691520256353,0.5310480668949568,0.7691445690021262,0.9085176709002989,1.3846509029409877,0.0005741228424060867,0.008187101590557305,3.9982909521319876e-05,0.10533016212119418,0.6483624382176328,0.5212199587187687
0.5292854109871494,0.21722869409249543,236.66384351861248,0.04202697409623536,0.01618512060050668,265.53422598249875,12526.854299812996,5.331796148492411,25.65775955517829,0.20600189931805624,0.10414362636130181,0.17121386838700184,1.6175158884860583,0.5268997303772378,0.528327075223321,0.7702671294816742,0.9098720460739644,1.3857685763297365,0.0005807690987377263,0.00808577262549611,4.045392777683021e-05,0.1049695958726388,0.6481506190895656,0.5246418333366056
0.5282019127437594,0.21684185104738407,250.49989686383478,0.04186204226633069,0.01624255281943606,266.2954188069129,12523.223907533775,5.3491707979997996,25.669360639512853,0.20363456953715522,0.10344432827460792,0.16742582101320402,1.6160814606660892,0.5277788477942662,0.526998312026344,0.7753585975760391,0.9159624688084586,1.3937224700077275,0.0005791376076388536,0.008123464574399657,3.845494963182414e-05,0.10445516123006612,0.6507200717112422,0.5139730937659549
0.5293703930650263,0.21683909680162058,251.53831333629992,0.04196279989802382,0.01619983590325083,262.76759020486395,12457.62935847258,5.3575561385970705,25.879675942384473,0.1989042050673419,0.09658841181704744,0.1681281104037195,1.607029509235036,0.5280510773466927,0.523942267027841,0.7761313758843692,0.9112831384993721,1.4013410725910935,0.0005815831949308736,0.008223991602490871,3.835825760728539e-05,0.10309156912745575,0.6512998284438999,0.5105845671805238
0.5288580117623851,0.21661184544564355,215.21065591097573,0.041875398588885705,0.01599756108159106,266.64079372169397,12589.520145415334,5.366587160632009,25.8755616265101,0.20119690902710347,0.10050173450340724,0.16757633233545768,1.602621920071717,0.5235118240510894,0.5286105727039376,0.7763761493225371,0.910260243172698,1.4012077695712302,0.0005841163838989598,0.008231578142252163,3.8773807329545456e-05,0.10343627467602985,0.6577007512509956,0.5052517797143645
0.5312880308002986,0.2161938002982475,201.20915504553753,0.04221909060235369,0.016145694644760532,266.19472543222827,12684.041649096916,5.3690526300069195,25.768349333632848,0.20076134961433467,0.09776021600292502,0.16871709711939087,1.6002755089519132,0.5255567541014096,0.5271743578041892,0.7716051981038079,0.9134972761045475,1.4029131973369497,0.0005884427523153267,0.008274232466324015,3.824815808618782e-05,0.10278761174082897,0.6583866167614449,0.5016632934670489
0.532435936436518,0.2170529186887686,227.00249566424955,0.04224759082621826,0.01603887043436638,269.6705496796216,12779.661047513262,5.345254086474919,25.99437312655012,0.20397201455020897,0.10244121115643263,0.17169625991756166,1.6056948874543835,0.5248118154827955,0.5250762832363656,0.7738041340776699,0.9134457410582558,1.3923125892816282,0.0005861345189076996,0.008248118107040837,3.7215383999421435e-05,0.10393939548107864,0.6623786933239756,0.5020755100943392
0.5331756849922773,0.2170341140725636,221.31588565347678,0.04211293950877355,0.016372501362471856,270.9328956812596,12823.022425507585,5.327783458320293,25.92016984774953,0.19974663548165547,0.09537179994888498,0.17073138718670186,1.6026262519992405,0.5266941988342001,0.5175421962148091,0.7712053153414952,0.9117125414587541,1.389541052553026,0.0005892443956160316,0.008217342386911974,3.7003651750126434e-05,0.1037722154254003,0.6611222843512198,0.501910978461191
0.5345503617824903,0.21726233015032848,210.41602677579488,0.04209252914648387,0.016616453853133914,272.3666270059318,12878.589593296798,5.342629682725652,25.791218235480063,0.2020164015014154,0.09288025576406354,0.1671106008455625,1.6145106959327926,0.5269684260877905,0.5215441557138739,0.7731490226709308,0.9064888272420499,1.3734040931467282,0.0005889445903268051,0.008200485182989771,3.851947374011591e-05,0.1034395367844276,0.6612564419774578,0.5092399758453411
0.5311415561784001,0.2169795567012919,218.86564976886498,0.042211289526772576,0.01650263191567998,270.49751006414215,12728.389574772274,5.356238312544106,25.5631986310134,0.20270521217529294,0.09832370586551512,0.16610891620693555,1.6228255019048992,0.5304213760845908,0.5241423561059247,0.7781126633862953,0.9071504504193456,1.3726578779141203,0.0005928369987098937,0.008224623739525401,3.919598847028478e-05,0.10375886341854644,0.669226966261702,0.513551491913752
0.5334301741060979,0.2170046798996,230.07495108294341,0.04206081244936145,0.016544166812677542,278.67922801248517,12769.18714545521,5.359204581385711,26.016010452946883,0.2005525647158144,0.09920785736009644,0.16754808716478686,1.6189466247044444,0.5310316554601553,0.5209955272245397,0.7787188953504641,0.9103281208631325,1.3735650755216102,0.0005903881344351634,0.008339266657184144,3.936146168731016e-05,0.10434869745399876,0.6749439069928415,0.5116245164103371
0.5328807781811592,0.21770527528745387,272.0210985938692,0.04204100750895401,0.016576323692384255,274.87958486659767,12857.25813950799,5.396527033442184,25.866423206234323,0.19551145626564564,0.09844699545547399,0.1664863500140745,1.6020801235958804,0.5305245312849471,0.5237928401083655,0.7785737152266623,0.9058697226053682,1.3692607178384242,0.0005877664812763248,0.008424521585302306,3.9351577621295965e-05,0.10291266452234143,0.6775746214981179,0.5049916900195716
0.5323544916777274,0.21866448927550253,277.5863848863604,0.042294226818700736,0.016433183177881717,279.86306757760383,12851.592841380463,5.3932024042413875,25.726259049624858,0.19529775680004222,0.10004495293678976,0.16132756489586259,1.6077084413514757,0.532009565686996,0.5241323480005532,0.776712615455529,0.9061938192585774,1.3637668737785822,0.0005894922500806968,0.008359067320124166,4.079898354505434e-05,0.10296862227165408,0.6799307941671238,0.5082867081239676
0.5328930631661543,0.21943139926070113,271.9536923025977,0.042211696270876065,0.016582492034410267,286.95985021775255,12765.864301628631,5.385040438086226,25.96816619966117,0.1976730997765134,0.11025222037978628,0.16169685342312087,1.6058224993063426,0.5306729387716319,0.5256942555949954,0.777111695043725,0.9069108188634399,1.355005935802881,0.0005865368774600235,0.00831126731402159,4.3367234657630695e-05,0.10431383771462845,0.6799511053167522,0.49938936009456075
0.5339902055392891,0.2186380526188661,294.7479600341939,0.042173645205904504,0.016693076458621246,284.3543882658026,12652.737302958412,5.4016018189566735,26.06657046172894,0.19199693129208617,0.10543610688769472,0.16331129357866864,1.6126513142218035,0.5347361668699921,0.529388901690435,0.7796599787481406,0.9082145018851782,1.3584694810573754,0.0005842128461035845,0.008380023035728315,4.513563741337105e-05,0.10258301420364815,0.6712226336174989,0.4938683909590963
0.5350134935965062,0.21860063056800277,291.1615104036519,0.04213629000683428,0.016918890269062063,292.3761550049953,12727.677707980685,5.376509167836653,25.89603489524213,0.18259009598881426,0.10229805390131241,0.16420825697441918,1.6112046432554774,0.5327701219992725,0.5328777464254093,0.7774960312124215,0.9010466670881914,1.363514729822226,0.0005845003306016085,0.00836672026472234,4.5043902000860575e-05,0.10350565306601563,0.6618417657222644,0.49645629678058145
0.5317092931330478,0.2185045340551173,287.521349838537,0.04200231977661213,0.01702988593027467,295.36398551613723,12826.875212540976,5.391982766264843,25.827682572976354,0.18013036087641696,0.09469952764106387,0.1650463772409836,1.6080413102242428,0.5309942667567623,0.53313488352018,0.7745154612399249,0.9056730476709189,1.3539453934201995,0.0005840726545744225,0.008403309548792613,4.747534575548581e-05,0.10386777891019347,0.6633094595241219,0.4955836312078843
0.532288651895829,0.21788445121174607,267.739677876413,0.04199985633872045,0.0171579857736214,293.826378547815,13008.799694512372,5.406046498398863,25.86353788992797,0.17186322020559203,0.09486530592076194,0.16542100156011474,1.60291473116483,0.5344070901718903,0.5379124407175967,0.7744886763481663,0.9072997759073903,1.3560317547255836,0.0005816797702724304,0.008485255132972403,4.839576379736345e-05,0.10493835238886481,0.6634486068556467,0.49598058351384705
0.5309229950749946,0.21902958001669337,263.74557895135246,0.04206578966300564,0.01725703464433353,288.81114918887954,13012.67558131973,5.40867476457139,25.79779721862534,0.1674743518749527,0.09576651649198635,0.16673630224488484,1.6057427493209235,0.5326269674335066,0.5374477383063485,0.7807723371153469,0.9099767853399838,1.3461776383464656,0.0005818490826846667,0.008449062872137293,4.9371560860914866e-05,0.10342733206566451,0.6709923848525349,0.49655495856495524
0.5302237728900804,0.2202921711087061,284.5244928038472,0.04207348643796919,0.01713818004993265,292.902045095443,13029.260073524558,5.408576338594255,25.673753106665593,0.1642512086852699,0.0956926424986713,0.16663843399521794,1.6147975483230534,0.5352196847248994,0.5305320363242622,0.7825047509172637,0.9130437103536881,1.3476092122188956,0.0005770878940229129,0.008443623705637485,4.973586895718596e-05,0.10263651895720786,0.6686164230406213,0.4936686997282882
0.5297321188696015,0.21975971176290113,317.57354365157204,0.04227119975277128,0.017218845581839896,287.7706210583864,12989.48482590777,5.396192743060013,25.888377995147103,0.15472899003432256,0.08886790098471865,0.16857109660849576,1.6260332784084712,0.5337674840183995,0.5297806252876639,0.781073332203814,0.9124731811110209,1.3658682620565994,0.0005766386497121315,0.008447250679035238,5.054373183891359e-05,0.10309545430481651,0.669034878990128,0.48315688260635037
0.5292637283867472,0.21995703158927807,298.3291950857334,0.04239182039999105,0.016968010619279852,294.87501345867105,12958.333270095069,5.398038703364479,26.062024739819773,0.15979351223982116,0.08828151097026296,0.16687890309846354,1.619048109963715,0.5350879834141024,0.5305270029642363,0.7782326505346951,0.9175663396584592,1.3785639118093842,0.0005738839055553597,0.008493386224844924,5.0884573551536705e-05,0.10212559268809532,0.6767478242394735,0.4818674437435941
0.5287017304963032,0.21921452085287038,298.9371986576303,0.042140409968111775,0.016797537643389038,293.9763781929292,12943.775775297387,5.408406694462825,26.041584672410906,0.16407549929795856,0.08643798463297193,0.16987552611991674,1.6183789587157758,0.5366037591371782,0.5289727366325067,0.7814975418422172,0.9208904544550129,1.3787311952374164,0.0005704207175546397,0.008429157997537774,5.013975243916827e-05,0.10124654739969852,0.6820312683650119,0.4758087165742824
0.5282832457874699,0.2194039036843785,274.70444420711,0.04204403748487976,0.01670243049496755,290.99824192830886,13028.038333865428,5.394016011750939,26.041406325534233,0.16675014118956036,0.08800772797561689,0.16689649899488537,1.6153312781254123,0.5384554750164141,0.5249481970366164,0.7773377438501864,0.9206776729026216,1.3710291528428247,0.0005701383664084769,0.00838435368909014,4.8842685549352574e-05,0.10181319526193004,0.6904133323098539,0.47682322094839374
0.5261259403131958,0.22022916820252442,273.37663545023224,0.04185508860295944,0.01649783079876389,284.73400571247885,12915.100321579215,5.384861567770501,26.019038392394716,0.1589902295035538,0.09751516095077446,0.16671219402025436,1.6180931668820864,0.5386879389682914,0.524316693084566,0.7793055248794106,0.9155300455388221,1.3664602715402294,0.0005635647179068858,0.008282496445728092,4.9294005931733064e-05,0.10146885746230573,0.6863107010067098,0.47890021506198005
0.5243434467840229,0.2200919181108271,264.88925675136574,0.041932443801311774,0.01632988676993602,287.577791453198,12848.6909991593,5.389092183278235,26.244222927126785,0.1540417258957963,0.10165752355341634,0.1619147459347372,1.6156452749485979,0.5352086504285312,0.5271350926734314,0.7793034477043571,0.9086478967924831,1.362244419620636,0.0005707741000332919,0.008208428862568853,4.947087903791132e-05,0.10286455460233088,0.6919567424203577,0.47790305158328106
0.5265916079964232,0.21940200890747236,271.4039451361503,0.04194044930066939,0.01653073853924473,288.25530644279945,12740.606896012781,5.387543184661022,26.28489195742257,0.15753763383123362,0.10328571514621515,0.16451721048338033,1.6219962583101128,0.5356018583478863,0.5299686873559467,0.7780675242904412,0.917223542265255,1.3682998815391054,0.0005706438886164479,0.008170642464315363,5.1533094799383976e-05,0.10340533567220768,0.6901223162965979,0.48501933128814384
0.5250473630514815,0.2197209550408192,267.1947643853513,0.04175415085409317,0.016690087219098693,292.4078400187409,12897.943637523007,5.365991577076543,25.97532472133652,0.15824696371998126,0.10576445457318144,0.1650775921976867,1.612356457648465,0.5321689342115873,0.5298779618953566,0.7780812874968094,0.9075457911829117,1.3663026234327633,0.0005610761623646357,0.008202028513401134,5.178816046901121e-05,0.10233118863422262,0.6955640597918757,0.48386558347371766
0.5250958795722173,0.21934023846284592,262.7398184946683,0.04192729656078143,0.01669050753396673,293.96182221661877,12981.692515200499,5.383996955948561,26.34939836238755,0.15731823864599645,0.10169175897402194,0.16917318949260252,1.611016196386234,0.5358935094074618,0.5319712815152157,0.7771857332411273,0.9088149628791424,1.3703515177586487,0.0005636845956417944,0.00827730127052066,5.13414938232277e-05,0.10168105848558029,0.695089175273435,0.48282044235061844
0.523116534568886,0.21894887035400165,251.85692634277066,0.0417956960327631,0.016609943037445264,296.58361592786287,13148.975190727475,5.36656141865333,26.05082341740579,0.16079598348270388,0.10341194708804984,0.16696773837189569,1.6209571063267596,0.5363745277982459,0.5318180522159044,0.772483025282736,0.8945946848287166,1.3642471233219968,0.0005552520937112327,0.008311479438363177,5.2311380308820055e-05,0.1030194182552579,0.6983192883458239,0.48168187779949445
0.5238973645346515,0.21827193864843691,211.81128749001957,0.041744729299347985,0.016867819090111074,303.88614968233327,13185.479616593082,5.376882160971994,26.31521791908212,0.16286200252608649,0.0978533211244881,0.1688114551698994,1.621952941224252,0.535483127875546,0.5281471289824425,0.773792296425635,0.9093639834371916,1.3480418961850662,0.0005562728896479033,0.008228866969967686,5.326509829333488e-05,0.1034566029378524,0.7029525751174311,0.4781045805024713
0.5252139555367477,0.21811944024045538,200.42348507108213,0.041863787900980116,0.017103701661130455,305.29163481489076,13185.817033118203,5.348595967808639,26.431540986507603,0.16521921043438106,0.10166163122852466,0.17111729168822926,1.623022137513675,0.5341994869462532,0.5268963795185219,0.7760030827383624,0.9085022816318118,1.3561910914820225,0.0005554602221853095,0.008147000521670717,5.408973264547357e-05,0.10396373369410081,0.7059845408905668,0.485359153362297
0.5247217686567781,0.21726971633676198,219.33401841875875,0.04179357029753617,0.01730875294227794,313.74866356800555,13278.273301319761,5.375690361405293,26.406570084854305,0.16881845876290016,0.103419068883153,0.16926280175578973,1.6215836402684445,0.537412527608904,0.5289170098692246,0.7768728373662482,0.9149474554988722,1.3482186183612028,0.0005544708516132973,0.008130022115967436,5.349030883837388e-05,0.10486268317213848,0.7033041199340887,0.47901679804244524
0.5252264062617281,0.21775994318741304,217.01382776559564,0.04180145797748759,0.01711646676121193,316.0646321191924,13220.338244487377,5.387052622361314,26.23857773943355,0.17447510967610616,0.10642139165511107,0.16965072569611345,1.616825042435009,0.5390433226285368,0.5301021290493577,0.7754196121577557,0.9163559203964594,1.3560565124908972,0.0005587290572549293,0.008146394525095916,5.355680513126258e-05,0.10287111472329895,0.6992175548646895,0.48065115208681175
0.5244034299527286,0.21829380494101552,204.6442426251824,0.04184032294333769,0.016818178371630785,317.2733283681836,13152.632984996559,5.392483225475601,26.17649645649653,0.17479156036837928,0.10959686299187484,0.16932957361239076,1.6281285422089593,0.5429012450995181,0.5254424417203334,0.7741999575751216,0.9130485669205277,1.3563775513714356,0.0005584546837636816,0.00816488205314384,5.314462492792388e-05,0.10258991894931226,0.6984153163628223,0.4847661041258642
0.5233707033042015,0.21786181473612126,178.19339104953877,0.04189439342124206,0.016958528779767744,318.54561445218155,13072.87451061977,5.432170192992229,26.283597397269283,0.17787446002246812,0.10537264569723173,0.16828727410483027,1.633154937539711,0.5456960300922558,0.5287047335478606,0.7710853993987319,0.908053850054339,1.3611040847558078,0.0005550993294479367,0.008052062618735253,5.418789382561613e-05,0.10083803204388846,0.694052570629279,0.4868048827929476
0.5244633180170065,0.21986902063795977,173.32756143577552,0.04171684874660608,0.016812381935159913,323.7188206059339,13008.657261779123,5.4265269530144655,26.431498862517195,0.17661164457333522,0.10566757920627755,0.16272710126036247,1.6365063845321282,0.5481877417866319,0.5291396314450585,0.7728245977932128,0.910296582649326,1.3693095926780587,0.0005501001885303921,0.008081908751257088,5.4435276650460817e-05,0.09876300724497816,0.6966251157949519,0.48321347098492723
0.5261801185906244,0.21991800409926132,205.25718950793313,0.041666762864772215,0.01657768142659176,325.17396225874325,12970.581850186325,5.429467922506424,26.57942008270909,0.17434841499507894,0.10355050784797006,0.1613800151145464,1.6397764991084536,0.5501904342169356,0.5287978353376168,0.7758378601025259,0.9071579428466121,1.3753649039904796,0.000551410854888413,0.008040740160405674,5.667632599979145e-05,0.09910887333418164,0.7031474698611043,0.4725398282963077
0.5227206472546482,0.21975248961144192,256.55430953165416,0.041472773476170385,0.016490381990153912,323.1532115419336,13129.375123715212,5.413296292301065,26.927358173546338,0.1724923469176345,0.09657566442612547,0.1589707864974193,1.6376273443233182,0.544664665149292,0.5292902953215861,0.774785319251472,0.9172393227465274,1.369399673888449,0.0005504987906781537,0.008015194512507717,5.658358875013813e-05,0.09851611849606806,0.7047778607370345,0.4737821039685833
0.5225541507874253,0.2188224231464101,243.93340422652173,0.0414393926588889,0.016541797552903446,320.3948179014101,13212.784090741648,5.407304855022006,26.878547603252052,0.16040896592303158,0.10366619742472298,0.15644968661558195,1.6417920235424404,0.5393451018859304,0.5287905128935884,0.7759747543582961,0.9241437985625214,1.3628733699877134,0.0005549654224879833,0.007986272573472526,5.684035746450197e-05,0.09880587664923365,0.7076691828451257,0.4782239361178417
0.5183703357794778,0.21780131053165808,257.5785450258911,0.04134373076323785,0.016440542609361567,315.99659841901484,13163.559001426951,5.397411595981835,26.742995339103814,0.15927055291435396,0.10063022409395946,0.15912851749590404,1.6366639859984897,0.5387682323007805,0.528476839079004,0.7748311322879549,0.924740900161144,1.3736289536933348,0.0005536454039523482,0.007964746963300854,5.860760651940298e-05,0.09980479923517607,0.7085610315911649,0.48239455127262276
0.51902271376544,0.21924820034073794,248.34411554824814,0.04144104056407937,0.01623115222573547,315.92876975464145,13236.121175766684,5.40148465937496,26.814613096288095,0.15518217050479816,0.09790675719625565,0.15863280668740468,1.633859636494611,0.534944449674107,0.5271488876850224,0.7681500684573844,0.9285682310988705,1.377886621121278,0.0005547979064038179,0.00792293414929252,6.102950005371457e-05,0.10059631096069248,0.7100592409683669,0.48948400516574836
0.518751368998518,0.21949066677883403,263.575371312567,0.041372289051655665,0.015705530993948585,324.02369296585596,13150.620850292315,5.381155519943515,26.82521878117265,0.15044306503318458,0.10122088588267174,0.15950186486928852,1.629563325129892,0.53555029511099,0.5293292915071821,0.7679274553435438,0.9421333168450027,1.3963457073378953,0.0005534920211572585,0.007915229610207079,6.150009051533934e-05,0.0998935295320753,0.7060850009752165,0.4866550823484161
0.5186224502231984,0.21913042058486001,230.3790752438537,0.04137865523955146,0.01599179439008989,323.34077898963665,13119.29710834719,5.37675799104759,26.607621697830123,0.15227565753744465,0.09404651425297308,0.15932186407849147,1.64022604115056,0.5348746042830991,0.5295372644442607,0.7691695879647897,0.949144159144479,1.402560910366157,0.0005506774253641108,0.007943181540102923,6.107012280431226e-05,0.10064838743114463,0.7110345610910831,0.4933109833155308
0.5189220174116396,0.2196653132852573,221.49183566165854,0.041492963867007585,0.015964604636412142,325.1393618867355,13159.537170737503,5.3887693682555575,26.802246199371794,0.15012099154498887,0.09934486988046319,0.15851551318038473,1.6326376666537994,0.5367573831175174,0.5264109152407005,0.7739116774739718,0.9487329682750548,1.4011907989080596,0.0005465344842590432,0.007904629681886157,6.143799931151966e-05,0.09929283474739371,0.7075323966438447,0.495905622352468
0.5200867355817181,0.21958959479688875,211.26348397991902,0.04156255048783965,0.016066155390983543,325.02564486494424,13207.894842716665,5.36371868574601,26.882420305501856,0.1618162062237826,0.10929146815071758,0.15853909492372611,1.640792549614818,0.5388805255464516,0.5236683229878496,0.7758715097762268,0.9424951001926576,1.3950264923082276,0.0005503241085577342,0.007824844153812875,6.373546181467054e-05,0.09871916166198363,0.7142546931168401,0.4908606895867829
0.521167673838515,0.21942540912479802,185.1010563462812,0.04161265413583178,0.01609545386606087,330.1672794535061,13311.091667458248,5.345002493736343,26.804530722035636,0.16258681689393473,0.10627891874473146,0.15988272294185257,1.6256192891482513,0.5404571117377798,0.5244871070935426,0.7779567520504805,0.9429830037327335,1.398891395050161,0.0005464563411042166,0.007817158218540624,6.427181835657196e-05,0.10056889154851904,0.7122255088735209,0.48308283485961984
0.521953891582822,0.21866139624957406,167.90202624260564,0.041636567822613206,0.016126068318049934,334.1365277001313,13277.813418865207,5.341336139779655,26.66509293369667,0.16010832198860614,0.10787322364405282,0.16507852374911527,1.635523632556656,0.5416343358588047,0.5192621552709036,0.7743764042281607,0.9459190234468208,1.3856263728409441,0.0005491992812221709,0.00784106926723262,6.510530606272685e-05,0.10026448686993733,0.71314265446288,0.4797957595411911
0.5219451226384313,0.21959345297276026,171.268568216407,0.04179329143800201,0.016026451801443086,334.84891813329125,13224.85428139507,5.337864395430419,26.624053438821935,0.1567477008718467,0.10924606420881673,0.16697318585653304,1.6226798822203268,0.5416748733594537,0.5194872816661881,0.7759878087422456,0.9391733430155497,1.378343957173592,0.0005522811168889687,0.007838087968903534,6.70351837940075e-05,0.09972803458593196,0.7102179866463083,0.48310715865585974
0.5228872290523924,0.2190487060771658,185.90885787406782,0.04182294423342716,0.016283761510067704,335.517123711375,13207.997579695362,5.3445768196008,26.460312593026693,0.15663709138533422,0.10780216688657834,0.16957391461052582,1.6154580985037414,0.5406989386460027,0.5228783571472592,0.7762519669743951,0.9329979758141909,1.3744429656664088,0.0005560279250979312,0.007843783014767548,6.500840754801401e-05,0.09903125425727267,0.7159498145174258,0.4833204177578632
0.5244902739012599,0.21940889515709452,199.41561881673982,0.04175025734146592,0.01620000477836034,329.0746296423611,13151.692292113828,5.357713801522416,26.20109196543577,0.15205357400561553,0.09938394313212089,0.16756985956291878,1.6087271864739716,0.539516100122887,0.5234517328745577,0.7773763097515801,0.9345260173156277,1.3542691762837211,0.0005511384135525879,0.007711269273564622,6.49425939670321e-05,0.0995278832012883,0.7136162839404244,0.4852323906187989
0.5243777498136668,0.21926540096681488,209.33465643906234,0.041829125998887856,0.01622050364010069,326.5848944893928,13094.424702931363,5.339464864779787,26.256310524370804,0.15537454267710815,0.09979147400934592,0.16536244597638047,1.6019310933118547,0.5440315228565721,0.5216147991455273,0.7749918936278947,0.9255133925634969,1.3588729855455817,0.0005534612444887181,0.007725699184834396,6.663572448008617e-05,0.09961886709737293,0.7143360108561998,0.4866777099630355
0.5242696960220359,0.21827829620116707,207.0929781466228,0.041934350639136454,0.016482772664278417,326.60765478952555,13211.447567442026,5.381526207250846,26.45667159117944,0.1624795263950504,0.10725750393361291,0.16942790531717014,1.6026783710892056,0.5486594235589873,0.5207679684620842,0.7772302609421554,0.9265256757738658,1.359370458057646,0.0005553459161320731,0.007787930871412101,6.563523433607767e-05,0.0989476101778426,0.7195754413279022,0.4796965649294855
0.5206834276355671,0.21872509317572,182.0861959893094,0.04205012221923971,0.016174301943808696,333.2182963819336,13122.821056674971,5.3813512016532234,26.548859384326562,0.16247998182213907,0.11320402234259958,0.16846811894690264,1.6102228037386046,0.5471705235469738,0.5161272892279624,0.7822033298095171,0.9319047647840084,1.3644233611607746,0.0005550305678426651,0.007757425535798068,6.62250349722506e-05,0.0975863054022595,0.7153315750651393,0.47846876574247643
0.5227438453402835,0.21887250796504748,167.79032987592834,0.04194140339723724,0.01632584041656679,332.369219598814,13101.953716637649,5.370292362819208,26.401731857143755,0.16217120196437174,0.10985093159789427,0.1691752716036862,1.6019719746708196,0.548725486346608,0.5170652412172645,0.7835590213304112,0.9253577234494715,1.360916683462351,0.000556715530829188,0.007789808395606987,6.679908495628026e-05,0.09794353064674567,0.7173247021032284,0.482080555887399
0.5231064147313859,0.21952734688138675,155.05494468543165,0.042186330844424136,0.016316143288744304,333.7666720955888,13049.879979347334,5.366640989865193,26.518254562044927,0.14800488981745877,0.11105295431028904,0.16880018426189466,1.6163793105095163,0.5431654471083721,0.5192843386785381,0.7810499089106212,0.9286890705085142,1.3665827288965537,0.0005547003593137954,0.00772462830113988,6.746427522339342e-05,0.09837678435179001,0.7172380633058367,0.4860725887402339
0.521584278005817,0.21916035317148072,147.65010478086882,0.04207161698100652,0.016347740410326994,332.8298775640373,13083.235154286898,5.373189707079038,26.636914864703485,0.14346165149758072,0.10944367735886798,0.16667867265196615,1.6248664681394418,0.5335792144085759,0.5185448756418813,0.7773968264777,0.933019383098976,1.3732672080643304,0.0005461542733573676,0.0077124343811972055,6.637263190226561e-05,0.09807101235228004,0.7187298608718777,0.48170959926128326
0.5199436037160695,0.21853974774900867,167.84607042304907,0.04213050214680115,0.016215687401419404,335.0896897410029,13102.12964063287,5.3515839696232534,26.997545386576206,0.14039883416208732,0.10920719315370216,0.16534422471132856,1.6212864203566684,0.5324961249730862,0.5201249669365249,0.776607538653122,0.932967403475211,1.3728740769510483,0.0005462520529755399,0.007687941411357208,6.79199964290471e-05,0.0969361559237783,0.7166764786201685,0.478695985734596
0.5207485282906874,0.21805469143687503,178.04911583663764,0.042118758439304654,0.016215661953282258,336.0975562378229,13038.790656918705,5.3653992046507994,27.120381626841578,0.13638997395787367,0.1209823109508084,0.1684687583974131,1.6087046868986854,0.5373913476879963,0.5143505582896436,0.7780223498938894,0.9299779052856704,1.3714399172890874,0.0005466370725956994,0.007700704282643461,6.827596798829101e-05,0.09770094742123232,0.7118117228175193,0.47338230240905693
0.5225022260664063,0.21771686185537395,183.7258598778574,0.042402588310834675,0.016221562222615456,339.2865455758589,12954.71167844487,5.372264967694081,26.994265190957957,0.13550720242578024,0.11700530489843987,0.16915705410876555,1.6004792042870848,0.5345170678831767,0.513576811245835,0.78065541321524,0.935274436908335,1.372157658950435,0.000546401581806198,0.007656568058106752,6.71859292036944e-05,0.09809815669806572,0.7110942520838875,0.46873165670049993
0.5222432062172466,0.2176935117844083,204.5688004298886,0.04232115123595755,0.016158173567901155,334.04697097980994,13007.82480568342,5.372467837551071,27.41513895866238,0.13190831419699142,0.11546572834717736,0.16956310274105915,1.6066105040400713,0.5357888304008522,0.512876048958498,0.7793893749096505,0.939133753843812,1.3755968062903754,0.000544394621197993,0.0077177729659117815,6.765363774231227e-05,0.09908531211195362,0.7161937632842027,0.4641640123727103
0.5246531531424482,0.21768172999929128,217.3506235836644,0.04226939167438513,0.015808760600852918,342.9268429811654,13074.000475611943,5.363393791847028,27.36174383521651,0.13339284862665865,0.09823772408222507,0.17078342129097177,1.6045552163539194,0.5345721998772381,0.5112487051683671,0.7818780557135802,0.9371371158160724,1.372541954043188,0.0005423532452944511,0.007732499043514751,6.724958306044154e-05,0.09912552044507926,0.7191001226242157,0.4756948093739926
0.523379188173306,0.21680905968437164,217.46825463427328,0.04224864687122931,0.015907234474533547,343.4961165191876,13175.935126391456,5.348243893094945,27.355372245803036,0.13767795312622105,0.09804266327274457,0.17026559804453403,1.605598891483562,0.5338235215312698,0.5127420882698864,0.7767482050477059,0.9395465323570783,1.3692772351295428,0.0005439804964955359,0.007688365035953458,6.845319659810886e-05,0.09776306506650584,0.7176955050955552,0.47021340253113775
0.5214617847912201,0.217283561015535,237.26839943264787,0.04220661576634583,0.01599380978677876,347.4710416959737,12980.2796017994,5.326553479533066,27.268114897767195,0.13414237268010334,0.09686466318499594,0.16725857364219396,1.6062824403434088,0.5325007056735594,0.5138742655834931,0.7778806765053923,0.9499525108970739,1.3633747843815642,0.0005477943242252152,0.007684115044134715,6.751995771400066e-05,0.09869495125734243,0.7146349473364284,0.47074755103424143
0.5220970805336911,0.2165096044500393,223.02173806778643,0.042349877988292095,0.015873980826565017,350.0308980521472,12997.869564881765,5.321144591466151,27.148061928795897,0.1287967317500487,0.0943876453713552,0.1651003556649555,1.6113537903184283,0.5349584959577419,0.5125857602849118,0.7796206669702072,0.9424588609579871,1.370997178374659,0.0005522156882598031,0.00764726633597152,6.711566137132368e-05,0.09955118325065147,0.715958643396133,0.4716455780538779
0.5226918564354321,0.2168699236301684,212.12813910326625,0.04244500684270511,0.015849442711676934,350.7050752742349,13046.712456549914,5.3052115058765335,27.331359525602473,0.12696435760205993,0.08991665255764608,0.16423122489390723,1.6119300620122847,0.5366128790613548,0.5123607684309341,0.7778459011278394,0.9352392176455636,1.3720428587740152,0.0005553256537488006,0.0075503205064379525,6.86169395701333e-05,0.10029270954695026,0.7166903630499323,0.4693179157875196
0.5195758865586287,0.21608495987487958,226.66281446054867,0.042592220188428676,0.015927058271526,352.86005884664235,13055.82290203117,5.288666695120595,27.315814235844947,0.12233256647865992,0.09243278822975713,0.16032297833614562,1.620329354487235,0.5366367124563527,0.5104393557662259,0.7783117284477804,0.9337021713688409,1.380877084893423,0.0005570478357870823,0.007620236163202679,6.826414324573195e-05,0.10108270301273252,0.7158897723632465,0.47433074856466884
0.5154925136331291,0.21546216247220898,230.76268649877144,0.042613788560089336,0.015946383284126016,352.2877116931279,13077.571917898971,5.269287344208335,27.252033113028144,0.1272455959659098,0.08409030629000185,0.1619441346194054,1.6173724565047947,0.5329876372947395,0.5091410604220676,0.7733022407956186,0.9274003010953258,1.3723253309094476,0.0005544609378081317,0.0076172700737745635,6.953172214056239e-05,0.10087496828888044,0.7195439169487833,0.4808256571816565
0.5156298176032543,0.21529651108314266,226.81817363676686,0.04242845884720126,0.01592015891232557,350.2177979673411,13122.847058538757,5.27979654185554,27.36900442214459,0.13153200841144752,0.08560289662951714,0.15900674565585415,1.6209299851724843,0.529967334575353,0.5100963685006199,0.7737457072595241,0.9234892576644135,1.364056870052046,0.0005544075757896006,0.007556676408800926,6.970180466349792e-05,0.0993402045934456,0.7243052096075728,0.47604246793940946
0.5163581751648927,0.21415269159719222,182.65231542933424,0.04222629833115621,0.016072042827839892,345.92364811037055,13229.430842723366,5.287280375998501,27.66154814777255,0.1279387501932872,0.09666656404969676,0.16118046246320764,1.6308566271841076,0.5317310020651252,0.5088221694520588,0.7714641747474479,0.9191421486197547,1.3646097505894434,0.0005568636733061708,0.007519709388911823,6.916802431755445e-05,0.09948148794700139,0.7345784712199976,0.4759513439411213
0.5181142439650048,0.21426303774454875,183.43166623910494,0.0422091202204917,0.016015740726038508,346.5039103480123,13163.043217016197,5.302216438423732,27.656168713543046,0.1355674715828432,0.09043436129232735,0.16547089483691532,1.6211537012911492,0.5255274508220102,0.5087462740635809,0.7717114304603163,0.9240602616924207,1.3644253630403131,0.0005614557042339382,0.007468496776541723,6.966057544417147e-05,0.09969631234224768,0.7345211624528843,0.4727826124410098
0.5179658388875776,0.21377059169928248,182.79373304427284,0.042252457671253386,0.01602970149732715,343.8458246411514,13074.864835634966,5.32071072774657,27.73500991101516,0.1383862649291311,0.09753765962266739,0.1667770470290666,1.6229807944111263,0.5249418896509029,0.5151585368145569,0.7714183884409179,0.9173578117271415,1.3575706672543217,0.0005688081331018514,0.0075181187238210065,7.045730141560015e-05,0.09989475653908841,0.7365370080191831,0.4716383724377757
0.5181695131943259,0.21372953818318552,167.61920075314873,0.042127432623853565,0.015982443926108005,343.9089887524361,13021.929289979613,5.337003805899656,27.721039427388476,0.13577956730227198,0.08861339442702604,0.170285125265592,1.6322334787332116,0.5232997195415725,0.5149355473363567,0.7719299268724666,0.9138013672724545,1.353575070558263,0.0005688145716671016,0.007373993331304732,7.112701969856641e-05,0.10006426118163786,0.7372837715004994,0.4717114167944558
0.5181719467699218,0.21283484751117426,172.24142581886997,0.04235196670357976,0.015869496071370514,340.3440780881521,13018.716405244488,5.368805592043588,27.850851136717928,0.13105653188441885,0.08118367423713431,0.17131385877793887,1.6328515810626973,0.5219964261719643,0.5171273272075787,0.7716587257818514,0.9182755494065656,1.3566349555655708,0.0005690877500001568,0.007331870239502599,7.200662378501609e-05,0.10215363057187671,0.7426284254964539,0.47927822846970064
0.5212124787260142,0.2137861671519223,153.7354764404896,0.04238493200884791,0.015913988213156673,341.49982799743975,12949.551605959998,5.389652810696033,27.838921147749453,0.13059377745574166,0.0828766970262298,0.172576203519042,1.6450474315833257,0.5248003379151376,0.5157686619868068,0.7735394353808613,0.9190692113305187,1.3596439211336744,0.0005683844784732016,0.0072655833315909135,7.290846221830873e-05,0.1004003164044431,0.7409840979075887,0.4773826727268775
0.5221279275302554,0.2128810159194982,161.8765690654184,0.042293826565339206,0.015798265938301085,338.2381571452674,13061.077621055132,5.361263378798146,27.5126232066708,0.12526753932565843,0.08515651555223253,0.17433953722266585,1.6373784082035052,0.5240787977117459,0.5173238834057802,0.7728695919486896,0.9099295333266139,1.3726834380860982,0.0005747090003354234,0.007276839263104332,7.177252124698525e-05,0.09996236372725781,0.7412220982963005,0.47218007523045025
0.5243924235790721,0.21240244847468379,173.72593930204397,0.04245199576622256,0.01575288254489303,333.990201433339,13081.642706214936,5.36466181423762,27.249478059912597,0.12529233614119678,0.0808796079114611,0.17082087616964287,1.6297514605978698,0.5256307510195236,0.5138653625413522,0.7711253684919063,0.9191434666294309,1.3670718023633717,0.0005759340652540001,0.007272028814452413,7.322148957859962e-05,0.09947814499652158,0.7456525330136403,0.4653822617357908
0.5252846924592762,0.21196583431697028,205.02605818027322,0.04229746824756929,0.01579054441375255,335.32256382151775,13119.654295494145,5.382840913776854,27.245481660453787,0.1205430689548507,0.0736778092970784,0.16745353589480438,1.6200681866204527,0.5265283736149791,0.5119241158229123,0.7697166344457399,0.9157846713449199,1.3620409647669067,0.0005807374716254851,0.007313178240473941,7.42846035128673e-05,0.10131930405777942,0.7477288151657318,0.4696205695029472
0.5264985306888756,0.2125578360830692,207.23844479508395,0.0422508438334858,0.0158890533920516,335.07482160685976,13144.31693742503,5.382182849115176,27.38792803681262,0.11625914708136666,0.07970829464442467,0.16422100242675877,1.6233243361366725,0.5247803047168305,0.5145233366411648,0.7703107886547205,0.9190800012506238,1.3553936125462953,0.0005777670890616042,0.007319586868600203,7.43978842753852e-05,0.10006155496189525,0.7470263211990342,0.4724076275103954
0.5251042419131094,0.2127378425589404,182.20805280930614,0.042269132763339705,0.015925332261781396,338.23134904915673,13094.563002769793,5.3863062982664625,27.374653076600705,0.11053490244744474,0.07980177053620319,0.16444262576073287,1.6263158679674101,0.523549230923635,0.5186499907325923,0.7702465676069817,0.9171548196911645,1.3566649013330665,0.0005766619594324583,0.00729826942876187,7.391894626285153e-05,0.10186088762458681,0.7545371085607055,0.4768731829748377
0.5262445150267473,0.21316018992586147,184.58114616740417,0.04237983443923476,0.015852470282352735,341.7632330756757,13169.80274515229,5.377403999749233,27.098478345245052,0.11694517877642098,0.07821894916257546,0.16422807182307667,1.647610082787224,0.523446515861222,0.521327865768061,0.7704545690917701,0.9192691091721292,1.3539832793828812,0.000579430490972099,0.0073667235305717145,7.284549825333651e-05,0.10128792113455924,0.7578207088628448,0.47977722883001
0.5253442860207751,0.2136628950930352,177.32416519586783,0.0423474726889675,0.015366539941425034,341.0234029377611,13078.73856457163,5.373702556531604,27.164955902929158,0.11770843332994775,0.08266419272756946,0.16421112474192492,1.6365436554359687,0.5259639980846308,0.5228391572274065,0.7698164864218429,0.9200088851734523,1.3618251309620402,0.0005860452331056906,0.007375725871475738,7.444752053736647e-05,0.10247058025107551,0.7521399387354267,0.47992125806362296
0.5267809712960702,0.21327704497354052,194.4083817773951,0.04219946658220093,0.015490670390509735,338.37903031692196,13003.187044541672,5.3718210945348615,27.237914059375466,0.11192477736850354,0.09234185754255984,0.16714006819452856,1.633557935829434,0.5208606289744078,0.5249168463674514,0.7655386425082009,0.9266653955134357,1.3681909122507914,0.0005875176097486858,0.007334110854102138,7.457254093773478e-05,0.09994119050486867,0.7518197851855428,0.47664374033738943
0.5286741742882266,0.21331793360315124,228.18539212196367,0.04224457466783021,0.015596370728673075,341.73324350397746,13094.922854930472,5.351778780554054,26.832618007963145,0.11278088271469681,0.08864136026816918,0.16383388755925476,1.6355960267108758,0.5189354385599784,0.528192908748509,0.7657852139204963,0.9114802438692199,1.3677975517522365,0.0005860113893317543,0.00727911409663458,7.490546343703101e-05,0.10007437067492385,0.7512689643230677,0.48486226731252485
0.5281913244402087,0.21220783631180035,222.9964856474912,0.042355704776517046,0.015480373270846412,340.9031457349822,13084.191966671353,5.355469124131067,26.819533692980496,0.116031661600174,0.09641120856204459,0.16584506034414,1.6398549861900755,0.5222278748166393,0.5283961687514128,0.7633802884040005,0.9148875382312357,1.3681815276718035,0.0005853623869365866,0.007276525981857899,7.51209542620291e-05,0.10101268553910137,0.7562913666006258,0.4804272159148556
0.5301185689236,0.21157299143459143,206.42842048220444,0.042439499107476394,0.015578968010032047,339.75452328555434,12903.075776682557,5.344517836989866,26.98584479209825,0.11718502866816549,0.09368179079206951,0.16269331447353602,1.6414880935211027,0.5245812436557773,0.5291741225459944,0.7696948844110714,0.9082417700168735,1.380690709605732,0.0005870804142766937,0.007206795039252712,7.627158280112979e-05,0.10032703259341766,0.7542339871179997,0.4770702622160827
0.5328902230210433,0.21127937535439426,206.39412636461591,0.04240407753724778,0.015749637602568037,342.628123902932,12932.548422740543,5.377952810878847,27.116696680233414,0.11523265304217141,0.08692401958841207,0.1602567169941126,1.6416397028596306,0.5189047183212417,0.5350706562953077,0.7669097845706719,0.9045956940562212,1.3759040902632964,0.0005842953779507568,0.00721977533451252,7.812918368186771e-05,0.10184762793528768,0.7556114603293945,0.47661430948742434
0.533791008376968,0.21122375876833963,211.81571523193918,0.04253013200020982,0.015575915226565228,341.4468835112506,12973.081488770877,5.378312478920009,27.22888600987412,0.115249891537973,0.08760150698764847,0.15656954270285173,1.638225780270448,0.5219350433699758,0.533087637728778,0.7697617588567114,0.9023442569177116,1.3658662397886856,0.0005861480755450358,0.0072180790624985286,7.703796276989917e-05,0.10150861786117309,0.762734665505821,0.47615418667745496
0.5375950061737902,0.20974296802826822,205.0926033361466,0.04260491796266301,0.01559495963903952,346.16979589360807,12943.175960908187,5.388190091247185,27.230383653873556,0.107929136524456,0.09278054623216597,0.15397374356291482,1.6399439609220856,0.5221749492664686,0.533181495423509,0.7703304274993318,0.9000020476930809,1.3520534469942693,0.0005858174591504876,0.007225490654874349,7.810493950682051e-05,0.10210470722919913,0.7648935367131371,0.4790294610341192
0.5378881382768729,0.2100313143962141,158.15624706073982,0.042614172594100545,0.015737827682391525,348.37754989390214,12929.68233241225,5.385692822501432,27.225345105026246,0.11519056195950378,0.09319784248190788,0.1521396414192943,1.6362539926814736,0.5248762820470444,0.5347323733962043,0.7688412057362828,0.898065578995527,1.3516018296390409,0.0005876714438715452,0.007238848656349661,7.868672440027507e-05,0.10187323738741359,0.767463504247025,0.4719394540999214
0.5351474836430576,0.20967525277116086,116.0981633221339,0.0427090928374306,0.01563013219644913,344.4343532504923,12879.330363730907,5.396655842352401,27.108385851518676,0.1041041461300539,0.09938309671571119,0.15374888088155958,1.6310597563569493,0.5257907054358211,0.5365977063039222,0.7678738930518801,0.8981656426338718,1.3487113142880647,0.0005885608458673562,0.007290743726517987,8.023928431049316e-05,0.10041129411794858,0.7668658301156049,0.4727995209033638
0.5396465861947226,0.2093615330482478,132.66713873844682,0.04265000049576454,0.015536368398561248,345.6757317861223,12847.801409760386,5.390663814518765,27.393482051248203,0.10571329658557904,0.1029608047472919,0.15577128482246297,1.632551444068947,0.5256053351057735,0.5415019130388631,0.7675753085707379,0.8968297844803426,1.3524391150195518,0.0005848760625849159,0.007299901558053809,7.85055354702058e-05,0.1003288082927195,0.7693850803269496,0.47716474160998584
0.5411230959737933,0.21032922353272832,137.58925262719916,0.04259002268903029,0.01591728511116371,350.1639266168382,12800.197163988209,5.364531125175335,27.735445024228643,0.10693650886143144,0.10504819528919604,0.15930055833039203,1.623829728893918,0.5278318477389402,0.5395200717851588,0.7689227384829804,0.9015044808478984,1.35624164807002,0.0005840209509872215,0.007373254608605523,8.137436788499269e-05,0.0995739689115431,0.7733707832336716,0.475417873740273
0.541196660784055,0.21115014146064534,136.72600655925828,0.042600807164248154,0.01618631278140029,352.3975264198836,12873.375645891036,5.338938777389174,27.797655046200735,0.10640117364517464,0.10710005817342519,0.15754214298991362,1.61923574814395,0.5259052685754692,0.5374620910489831,0.768565581106258,0.9046867017058065,1.3628118497228594,0.0005864962574333442,0.007439598036795011,8.293609618726501e-05,0.0996198474412833,0.7718488334307654,0.4822042432566235
0.542176621094037,0.2109944859255923,151.68528978054218,0.04254857402329856,0.016349700047822113,351.8529476528664,12875.039663618303,5.346289815302331,27.80795524355002,0.10301848079599397,0.09910947636667812,0.15728877390527363,1.609106183177768,0.5207918395560633,0.5374704437979051,0.7725285031726495,0.9008118410982475,1.365517739853927,0.0005829262027450223,0.007403789274875774,8.396626865904494e-05,0.10020598083899969,0.7729754074705916,0.48331363678453537
0.541667748422196,0.21101483543574423,181.82177661346267,0.042531141425620596,0.01631355542457503,354.9430750877354,12921.754165313016,5.343495948473665,27.778301319649444,0.10347347533496956,0.09356275229335229,0.1548322566861909,1.6066310044413916,0.5225718041270921,0.5355315422933852,0.7686558230262138,0.8938971038080437,1.3731687455273611,0.0005839506444259014,0.0073674822490651425,8.564544074430749e-05,0.10134778255627178,0.7817968757373301,0.48457580662746025
0.5418607970301795,0.21243504365012342,167.0121328293857,0.04251596591843344,0.016086836416626903,359.2431549865977,12956.200020905926,5.334826802268052,27.658834859154034,0.09630007948069197,0.09273862335792525,0.15402819571848272,1.602920112651122,0.5225003099053651,0.5354753858074215,0.7706481165694647,0.8877382523145543,1.3704118618115368,0.0005824411166704259,0.00738061183445573,8.590640103760171e-05,0.10177647110109159,0.788100543914519,0.4811773530296286
0.5403081929058985,0.2119615754919495,157.1759811863107,0.042336582058025235,0.016052196313991227,358.6599935611062,12721.105501961001,5.333474512083147,27.82082520495985,0.09304702165199635,0.09723334351124681,0.1529069464047186,1.6043644211588297,0.5205982792725458,0.5383424673551681,0.7703123655941306,0.8867180905983878,1.3743713687658254,0.0005861730122749423,0.007419738592972554,8.864881779024375e-05,0.10135531691724001,0.7892414078415942,0.481175508787429
0.5393710190537723,0.2119945083484202,171.26575984492274,0.04238554141466558,0.015836210777699207,360.0383709356287,12778.929164683943,5.324602856344753,27.5825503080706,0.09261510000857563,0.08482763817939702,0.1587467069259927,1.6027564201814526,0.5184238292241045,0.5403092873106594,0.7724079228385282,0.8777347721078909,1.3848822039746318,0.0005762976727557359,0.00734708999617735,8.742963247401223e-05,0.10072519702546907,0.7959179742277701,0.47411345978654196
0.5394302367235058,0.21136974587249344,201.22849161474545,0.04239237225666241,0.015805566711964866,359.8405065147503,12699.665268405768,5.328119517919648,27.827375282873234,0.09216580387080006,0.07681748264778361,0.15685550189040376,1.604981121296718,0.52467242452282,0.5350152722238923,0.7693112170851111,0.8742274911927573,1.3952804572457855,0.000572608425851578,0.007262901517422529,8.727047312791241e-05,0.10276450164317472,0.7990708352036923,0.48024841500314036
0.5397294415597491,0.21075152619055793,234.40017344133005,0.042291674731130144,0.015854022052286698,359.4479548262359,12630.225653297031,5.331853327258418,27.74156802626599,0.08832040793654018,0.07425856655861951,0.15732334618497648,1.6056612345129406,0.5225224917828524,0.5376262721162716,0.7723461394327403,0.8720629534956303,1.3853455975928226,0.0005741477874506248,0.007197849799932548,8.827677733924314e-05,0.10364538034732336,0.8013348539621935,0.49294033872028903
0.5406803959666955,0.210580825211465,231.81831063478376,0.042233391663502304,0.01570181065984962,361.31634221360514,12607.15697090651,5.297218583629076,27.46337323188194,0.0895398809210061,0.07341314928709117,0.15688986878034847,1.6070963877815982,0.5253718861274199,0.5372996317752853,0.7741443570784831,0.8744717300014089,1.3767930882367299,0.0005716403973632028,0.007231366349326683,8.755672328685424e-05,0.10305604362115432,0.7955587788201859,0.49767885076269364
0.538487325003594,0.21078754010624412,196.77988436907975,0.04240362161957085,0.015441380520055748,363.35365079867324,12614.380520352428,5.2735085272124715,27.469018889423513,0.09021297532154644,0.06995801471126167,0.1544030903588485,1.616430647507577,0.5240610059645945,0.5357418385158025,0.7747319088969147,0.886047739493145,1.3782959967270574,0.0005735102775715824,0.007279629901470693,8.736412125762768e-05,0.10216280226042249,0.7900709045524458,0.4963585251498555
0.5399398148479811,0.21149281709277393,213.5499181155872,0.04244700570583196,0.015526999383545471,368.10904941691535,12530.46340536779,5.28514352221626,27.377972005479723,0.08393445161746582,0.06645220499308105,0.1527931755037524,1.620578467897567,0.5271522998696849,0.5320687191339447,0.7764768767223741,0.8851546260634873,1.37802716095828,0.000572567733978038,0.007251971856574594,8.728935730932842e-05,0.1011087798912176,0.7866517484893901,0.49722575390555346
0.5393235589501559,0.21140023766625032,214.91826158254827,0.0424952601726614,0.015337334130836352,367.28787459083395,12549.497919533045,5.265832801619631,27.243502370372237,0.09078193102138411,0.056090817572101125,0.1518192256411568,1.6144999041951185,0.5250867514274535,0.5274635255710208,0.776404732645154,0.8843241696187226,1.3794534935414526,0.000571782739559573,0.007250458072518024,8.635671052203686e-05,0.10090229931755161,0.7916486984091388,0.49795754046940893
0.535904071955698,0.21220298750627342,220.43592173243917,0.042421584345182985,0.0155989322613394,364.21355006369964,12605.245670049924,5.224082622518788,27.30966896243273,0.09612383178734044,0.05829042817799258,0.15074323112359791,1.6133136555071106,0.5237169935561504,0.5267771707067965,0.7694479527186022,0.879680260587595,1.3776719685022611,0.0005672403919412262,0.007254301392298289,8.724284289988734e-05,0.10100338118950684,0.7896893026821843,0.5022486196763015
0.5368313264426753,0.2112321010944262,220.84253801201174,0.04242229293100029,0.01559833252537232,363.3878023163506,12584.563574902417,5.231643325924583,27.513243752543307,0.0950637285387825,0.05715484425409254,0.15220834767237407,1.611747644839283,0.5213949606701229,0.5270004033366309,0.7655028511176566,0.8914076420520899,1.3644145233151805,0.0005690980211191258,0.007239449658500213,8.990176760564505e-05,0.10036751539739709,0.7945096682907679,0.505088188469839
0.534935254419028,0.2106955926786396,210.52757121906905,0.042219825083426414,0.01594668630333086,368.6133635177515,12474.541351610664,5.227278374101034,27.378124597609215,0.08940541790345546,0.05413315676450684,0.14809604737733517,1.613361109991447,0.5257276594808702,0.5232865933215425,0.7640498549621697,0.8886277168012947,1.357216142853302,0.000574455961544022,0.007301068106925382,9.05237513655576e-05,0.10036505173918765,0.7996736733033393,0.5080092517593934
0.5341091327985671,0.20915840418108508,186.54403930812725,0.042221260990610424,0.015902786230778957,367.8774279194093,12331.251062899304,5.221815452796538,27.270103600911405,0.08681615593409589,0.05259507245415758,0.14393051423741868,1.6157387931816798,0.5294258618360784,0.5262257325543475,0.7646342515554071,0.8861857337567719,1.3552661057908457,0.0005756638851258988,0.007272654693782077,9.014162904301717e-05,0.0999276773719478,0.8051045425721644,0.5094563447465789
0.5337116521625334,0.209437639372213,202.6370982792755,0.04217094617723276,0.01578227505063235,369.1887167773926,12130.438894172612,5.217936127179387,27.484311912632492,0.0909677227513235,0.047113464022069014,0.14545562799822623,1.6190391389656158,0.5260638676034315,0.5256840732151263,0.7641007360786574,0.8873490945110925,1.357801151433033,0.0005768718340834244,0.007226220332384164,9.191972246005428e-05,0.09830653967828469,0.8069247632316539,0.506955118452741
0.5318659883780161,0.20975659725572704,150.11508608183257,0.04235784083220135,0.015792200096056263,366.6776959147244,12168.956592452021,5.218236457174676,27.701743457363467,0.08768504935259133,0.04502165654295318,0.14603166631754136,1.6267579286044271,0.5269652617121425,0.5217243940169792,0.7656637681483015,0.8904948542785686,1.3630936903728887,0.0005734952528613334,0.00722557594796175,9.465432731851149e-05,0.09873859156699545,0.8097668436472687,0.5060776050374015
0.5310521761611209,0.20848277969538895,145.00696996016964,0.04231180659962588,0.015877170695732464,362.82096221051705,12105.746664838405,5.215461807182743,27.701905994405035,0.09083996700057363,0.036509748494869564,0.14366800837681407,1.636978019137626,0.526586865262117,0.5229169475476929,0.7612829646685471,0.8873805986854787,1.369448329681908,0.0005745335692712059,0.007180668088506425,9.372714213883758e-05,0.0987022925559005,0.8158808099845916,0.5023799153389491
0.5304811713373246,0.20802568454354523,130.65163336687314,0.042172790671119294,0.015890899932719353,362.6809129751145,12171.954392503734,5.194427784871773,27.72801802949285,0.08443553725145442,0.0397559621528142,0.14516603910898496,1.6281565944682614,0.5300686690532419,0.527428396037407,0.7641448135906901,0.8836865384832276,1.376996024083524,0.0005752771383381811,0.00709980077734068,9.199793414322478e-05,0.09639288461909803,0.8241087186842493,0.4933343114555964
0.5324605089194862,0.2076666558641228,134.98361858632967,0.04206590496729024,0.015884331620300823,362.82529854816244,12130.890073510596,5.174218015066638,27.803439905781755,0.0817905887330939,0.03828779454326884,0.1442233334699762,1.6202119362250864,0.52889805855962,0.5287584656986324,0.7614327663808674,0.8890902461934796,1.3782014827057172,0.0005775883563576661,0.0070897264512874225,9.235070386181373e-05,0.09663820014322777,0.8241887958268157,0.5015484673005971
0.5329580090553482,0.2063078451374967,135.67627136832002,0.04226277962161858,0.015915744301553493,365.3630457085857,12104.808654431465,5.142982888140387,27.725971367932882,0.08635987728737515,0.037480234214134316,0.14353984268724015,1.6227681097715532,0.5285815111157621,0.5298914175483727,0.7589490605280494,0.882479816478591,1.3870778116751425,0.0005769384154337658,0.007068043578760478,9.477996768322205e-05,0.09511583353159944,0.8209461597132415,0.5020256996090873
0.5310246672642995,0.20490822350338866,156.57118160341093,0.04214411025789072,0.015855989916279806,367.9819218757357,12115.067747674504,5.141084678210113,27.565424621703787,0.0856928921077079,0.04729254709292758,0.1442403688271597,1.6291128343072632,0.5282246937673118,0.5301003055850525,0.7564650166289081,0.88114967212081,1.396529203474237,0.0005787682890140769,0.007130570236026786,9.351077887767051e-05,0.09537069919057016,0.8175231351834464,0.501232857848542
0.5320186450622522,0.2056813784188138,172.55688545124312,0.04210361311661541,0.01586030461839189,366.0217120787159,12194.012077827725,5.135350610409903,27.111068589492984,0.08034636858030055,0.04822506887960998,0.14462678470499382,1.6352985442621748,0.5245422200174915,0.5299396572194276,0.7527802822169023,0.8670039736532784,1.3932423206542999,0.0005808141251045757,0.007177870659222256,9.616309697521507e-05,0.09536099278591596,0.8249363182274185,0.49572326668789507
0.53117952464831,0.20537350057296566,190.92849000149164,0.04209405405487569,0.015755414892079007,370.2601848882338,12031.639168043228,5.1566539046261175,27.27533978309575,0.08561817464032702,0.048457463795733256,0.14693648626576544,1.6266486273031424,0.5258907720454911,0.5287673735602784,0.7547870582629831,0.8689120970705281,1.3936678170966417,0.0005741264607273808,0.007167637130394584,9.567041024158297e-05,0.09587287383207779,0.8210774057704513,0.4919525501465879
0.5333898594223524,0.20580360929022412,134.8071356111398,0.04219726448206198,0.015613826930631701,369.58344303736465,12201.49126039877,5.142399216845798,27.359347811942264,0.08768354817108381,0.051993163666087264,0.1464613814127707,1.6374530443168926,0.5275426196926306,0.5301006502549639,0.7569508497118613,0.8703626684611204,1.3701647358410693,0.0005744054500056595,0.007235188650531693,9.4336288276986e-05,0.09680878356791907,0.8256596096852955,0.4925867347939895
0.5344534687564537,0.20469891771688956,119.8128422575944,0.04238695617355079,0.015768456594359395,367.27658523412094,12034.129546540551,5.151228371085528,27.321334859711097,0.08872035453201946,0.054799239090485743,0.14545491338554917,1.6343451551347652,0.5274606529126633,0.531088213555418,0.7570745564429048,0.8666523571655059,1.3754438221374632,0.0005815999725912022,0.007173605869438608,9.442811693316368e-05,0.09789375107851907,0.8268659110826895,0.4948721985467956
0.537163592788978,0.20463886688045776,132.09204887075308,0.04251837876575271,0.015651818843470812,378.65612262466755,12040.93472905586,5.156831498802501,27.43878421505644,0.0974345675134159,0.05611775771880185,0.1430888825714399,1.6277818473396701,0.528651064145196,0.5269901486644676,0.7545841584233386,0.8662429040072556,1.3783587345185593,0.0005804402517599439,0.007201747579524611,9.419005613802956e-05,0.09729167854858992,0.832607778297172,0.495788836941559
0.538227123380435,0.20481937981204149,156.5763965526758,0.042440707651918076,0.01580277392526248,373.10109741754286,12105.826996029879,5.157382945691107,27.472651379841256,0.1021344097624334,0.0582862353882337,0.14366994560064344,1.632335569354091,0.5322365806774165,0.5269726360924173,0.7557125377507161,0.8792971767463307,1.376597861279689,0.0005783541090974818,0.0071910700485801286,9.52999886943122e-05,0.09563616077896157,0.8281610166597304,0.4928494140534847
0.5407718531538989,0.20473155139964871,146.69289796629835,0.04244977760488173,0.016251010908258864,376.22567045852344,12162.545662551514,5.17510931038078,27.237528531984786,0.11935694868331659,0.05851863760385592,0.1419168852144655,1.6357106822168506,0.5335043003415773,0.5314553505751333,0.7547927742815713,0.8773544567112311,1.3678493818526276,0.0005755234741456818,0.007307151646121365,9.69287595523548e-05,0.09587511996214958,0.8313379971946925,0.4947754711359118
0.5416189498212377,0.20634082983540855,163.80062088170848,0.04239509603067161,0.016205939318022267,377.41404389549166,12279.938123087073,5.169313269785082,27.2181874063535,0.11801433625950622,0.06715052309884113,0.14462535684837255,1.6481078735054964,0.5324978043589098,0.5309484060964501,0.7523938673309952,0.8690955380689512,1.3585604309164683,0.0005813940363033586,0.007250830114834768,9.858473096782433e-05,0.09577336338752403,0.8321682382044706,0.4784878001871607
0.5400958519945256,0.20652436370953084,180.57620170456988,0.04243835533283132,0.016247456965642622,381.04384835521745,12293.716676130618,5.161419540073628,27.27106203537821,0.11942066616904867,0.07282372422264072,0.1440714581926956,1.6499064075944578,0.5411695749592518,0.5326558150791335,0.7494747183489866,0.8730038618863871,1.3669840561454292,0.0005827410090940116,0.007149934924453091,9.696210029395695e-05,0.09585552695038577,0.8311964970639355,0.4821365443256366
0.5413037935088204,0.2069583668744694,149.83745575632292,0.04246049699961877,0.01640627874699064,381.59877143657695,12276.54361746738,5.139720305825562,27.08943018057422,0.11843932171819316,0.0664890490632806,0.14375638970110904,1.642736475068555,0.5456399531311856,0.5333391973560475,0.746836434382632,0.8686486963258544,1.3702030054773338,0.0005776103581743049,0.007194375786991877,9.613686406995907e-05,0.09566874947786866,0.8324702775016274,0.48033677310415746
0.5418028380923722,0.20775506125751955,182.58056550638722,0.04255416349170143,0.016323193070926775,385.7174331662097,12104.394352336629,5.144022453762316,26.909334617978175,0.11768542199196348,0.06055284555872129,0.1451176013953815,1.653130946950876,0.5473212208944037,0.5306681692020089,0.7455734661847513,0.8726437096687886,1.3533311250627311,0.0005820186277819392,0.0071656722905963635,9.632841091787097e-05,0.0947103123467717,0.8399153584307072,0.48050878090496346
0.5428007284020221,0.20693049650337442,172.01071646173145,0.042629893511328655,0.016116606674604853,386.2650945719199,12188.956860152271,5.142762033322046,27.26864859932496,0.11666279611557204,0.05671411079431903,0.14720272845969012,1.6583315258159257,0.551119295076507,0.5294685574241952,0.748221878364697,0.863588225172643,1.3557694169604808,0.00057975436411666,0.00718030221288065,9.747784835060513e-05,0.09332349217897062,0.8471700882394727,0.47991211916604404
0.5404052579016912,0.20704500872024137,180.05689132156533,0.04241270194678674,0.016268501084863534,390.75058068061935,12283.87682455268,5.105871070559774,27.491189344292792,0.12319297072943287,0.05494911824435614,0.1500859485064893,1.6462761462992739,0.5483915716215682,0.523863073741993,0.7485441009911663,0.8650980712455538,1.357184588039785,0.0005886618480071387,0.007105927600139645,9.918719842615117e-05,0.09328691236331917,0.8432081820041692,0.4732333348694711
0.5425840515692893,0.20589308767296752,134.4830051873854,0.04217154284059441,0.01640754293967303,392.6634683906428,12426.577212329206,5.063763492426393,27.43937860097924,0.12558482353049,0.05860532052205868,0.15296896132850715,1.6404762914527447,0.5493219781048178,0.522846555061937,0.748539122721099,0.8740049627498017,1.3656264734288495,0.0005935679790562684,0.007134567625487825,0.0001005182045490875,0.09430662271101194,0.8472275528723795,0.46987323942258963
0.5423686267123317,0.20654213592919807,151.16694335696056,0.04222506967491285,0.0162174290121981,390.7831998363546,12367.441663273294,5.057130684367793,27.53351253085674,0.11940105987003538,0.049029773294722225,0.1510213907012467,1.6388924200740767,0.5522124145635051,0.518472956391721,0.7521008578936377,0.8639687819889347,1.3558078215142861,0.0005917793274798177,0.007097218704957491,9.998021007186057e-05,0.0940815510716727,0.8465128611892075,0.4650739710892918
0.5426546698197743,0.20620039263958043,145.86381833320507,0.042303258613579274,0.016092801791980763,390.740623209776,12364.7626766082,5.053976903050075,27.403848724198337,0.11807563557851994,0.04295355175536317,0.15233562831048275,1.6282909610483283,0.5552114970738451,0.5145119904792129,0.7491326657822974,0.8683574227807045,1.3548598064148996,0.0005950539575148213,0.007015546630927872,0.00010054701535371122,0.09455519876126649,0.84999173648942,0.46884936127742777
0.5425157475536158,0.2055682237473066,127.70292320367159,0.04212953130929217,0.016205060961592795,395.00827043009355,12380.685638267107,5.047797595558635,27.18875802425781,0.117104429846678,0.047538070968990064,0.14925033898370096,1.6254374469240322,0.5557219779179484,0.5188595868730039,0.7471759669783946,0.8613218159605007,1.346402449900916,0.0005979038342013112,0.006995318105799175,9.8939366069922e-05,0.09484107497619533,0.8536830223598467,0.46119147498446633
0.5420715749555141,0.2060342373249856,137.66137434324918,0.04198517995230591,0.01633147999841858,388.29951932552586,12492.2725198077,5.052965663082232,27.12744851319102,0.10805138264595011,0.04547840471506236,0.14670696194889668,1.6215029714922564,0.5563356246905778,0.5180855066069486,0.7430270103173531,0.8653520460313747,1.3589137872449961,0.0006015357511904676,0.006893872205976653,9.99772009158753e-05,0.0940088182228248,0.8590667090908931,0.4526532040778224
0.5424945671708423,0.20586507094830286,150.29699466158664,0.041931862638166145,0.016371361889534936,390.3498624995072,12423.872717508582,5.05542843785068,27.109031712968857,0.10298342382432094,0.04482242707518844,0.1446393287513249,1.6221707903379772,0.5533032852262763,0.518640864412462,0.7422796439625136,0.8524983766391749,1.367532381953087,0.0005992355384469262,0.006920031613044184,0.00010147468263301488,0.09423143329154827,0.8608146214533682,0.4477837082828824
0.5438206683642857,0.20589880103898875,172.66963151538036,0.0421092448687452,0.016098917270394315,388.3630543155635,12334.557330644031,5.065767683194572,27.244868686200597,0.10350933335704991,0.047930689167670966,0.1449111854277987,1.6290607172318237,0.5563765196035638,0.5180745625605223,0.7448156886973514,0.8481130396102382,1.3654279847787758,0.0006028970207628387,0.006934294088539664,0.0001008326817472598,0.09535692125972607,0.8614809147272147,0.44637234737211207
0.5433365451384966,0.20558133305739398,157.9371975405671,0.0420613260663896,0.016051806479583892,388.15642540662554,12332.49370218728,5.049417822893265,27.2791210616452,0.09919096263927991,0.04877354845281293,0.1435736146086001,1.624438089499905,0.5577833126410766,0.5171297596123671,0.7485454231032952,0.8330566365576046,1.3679022618827603,0.0006034854539576107,0.006865137229839458,9.812833856713736e-05,0.09518297910088258,0.869140627156739,0.4426193323542103
0.5419139831849411,0.20480674567787197,137.18682228585476,0.04197620453399558,0.016175212315705057,384.45685777276066,12359.783234240262,5.0213010010800225,27.38131708358825,0.10426286965844762,0.045075359962271466,0.1458004612374958,1.6241193432017889,0.5583507782001702,0.5144270979138742,0.7509645476902382,0.8247902345551095,1.3680718936370566,0.0006046348914027604,0.0067876764198237715,9.879554592067404e-05,0.09494128418081858,0.8713238688401841,0.44302777968489904
0.539998093799359,0.20480440749928733,132.01827881294582,0.04198920984485675,0.01626964048295274,386.04703275305235,12185.761023914047,5.028811898279939,27.409774323342575,0.103936934915764,0.043829974092950925,0.14395550926832232,1.6276874624407716,0.5564035614793787,0.5148677934015125,0.7502003697771774,0.8291204835931493,1.369544836080847,0.0006015080002178322,0.006745522365736548,9.974229932404639e-05,0.09397305854341483,0.8768278864273619,0.4407254389111321
0.5386358546454855,0.20497042231916263,155.24894691595316,0.04174559506369621,0.016446585719104772,384.28712200725073,12252.702072917722,5.042943174205623,27.559464298650138,0.11167296582591506,0.039457741300851154,0.14024148142527304,1.6274508275485375,0.5580790789489378,0.5145472792919684,0.7488409959394884,0.8316353777472482,1.368490345909172,0.0006007045385807386,0.006794491178586631,9.977013241317948e-05,0.09377425075994344,0.8769330388933895,0.44403030449629904
0.5386751758981703,0.2047694441555205,125.85766013432483,0.04183292796190592,0.016282205809332373,382.5960241902299,12289.046768615082,5.034302395177006,27.296588277481767,0.10575301793086134,0.03511377474701642,0.13969660568857886,1.6366185290704036,0.5588530076761936,0.515464149362271,0.749868889250279,0.8260220924149517,1.353985097969566,0.0005957306617826581,0.006828509160428725,9.971280491396894e-05,0.09106486389533268,0.881839638322562,0.44292465459458996
0.5369504382203444,0.20440506486207258,141.06496934608018,0.041751310881011236,0.01622028465670503,384.9648251341112,12421.715471352005,5.039070694845763,27.1789353809644,0.10830198237577579,0.0412924631030277,0.14005888461418112,1.6374702840909747,0.5578243930270413,0.5161603495236348,0.7543234365422288,0.8271805330865989,1.3382127901052587,0.0005941782847937425,0.006841345080195967,9.976771502453223e-05,0.09274199396550814,0.8883856232684465,0.4336672541140213
0.5368247912735462,0.20413175105394696,109.39527534895147,0.04198474362467182,0.01589652830066739,393.20774749226774,12445.734855477409,5.0543827780128,27.077782642119015,0.10502395987504042,0.03987155182966142,0.14091286995437194,1.645039259036296,0.5603680857629708,0.5162620754790518,0.7507853921727409,0.828629741397043,1.3326049134419056,0.000594155621908835,0.006829123764660788,9.958549128013227e-05,0.09205892908338256,0.8920874540163325,0.4394840568014474
0.5353782680407773,0.2041519873575255,142.35450240108585,0.041871505439562196,0.015661751702481005,390.39303007680763,12525.27902803268,5.013344480700785,27.01464276730507,0.09613874900936728,0.040674488673999476,0.14017107037604465,1.6457404741167705,0.5640713604631438,0.5114058042562445,0.7500260724500102,0.8289765272795313,1.3219322409836791,0.0005949387287973821,0.006806224687181312,0.00010157548852163614,0.09141339719161841,0.8904132582085779,0.4415786126512046
0.534533804720986,0.20290348300217548,122.33905137476287,0.041704520232183455,0.015597025907718373,384.10455429613125,12446.80338037291,5.024626064313427,26.94335610832452,0.10858548142367509,0.04392300687345812,0.1392989130381135,1.6407232043424442,0.5649807862064329,0.5156973237678573,0.7504456274567768,0.8330611423190086,1.3216217578825633,0.0005926171630953026,0.006839106497754935,9.997575055535088e-05,0.09269219381502544,0.9019477250492246,0.4302989622508619
0.5303270628939695,0.20290934190588011,138.37813683307158,0.04163241788723561,0.01577794611981468,383.1815433549452,12464.153410137025,5.015444491517569,26.542510184760875,0.11095351768134669,0.03994595029025128,0.13586730637144434,1.6384103378820776,0.5703056648362117,0.5182358161900927,0.7481988642295613,0.8300496609686228,1.3171326628179303,0.0005883374990792654,0.006855764375626298,9.949755888046865e-05,0.09377639002355771,0.9051407516604032,0.4333770768366172
0.529619148639858,0.20382061937658497,107.35433108270385,0.04146760088893514,0.015818369681137427,381.20170604621967,12433.199416358004,5.030856304359548,26.56678168499767,0.10373458127922873,0.04150503047026322,0.13446083826559085,1.6512618770473506,0.5681197942732977,0.5154907131464714,0.7419869608477577,0.834681636023084,1.3205560251307118,0.0005844355718812421,0.006720885350419692,9.929045654981546e-05,0.09378965317411289,0.9035054225043652,0.4384646233764573
0.5284663549301425,0.20527314143160513,85.37228183139393,0.041365498913993826,0.01572430987285924,383.5531649085536,12343.174499942486,5.032562337317742,26.429319339215976,0.10968968427252082,0.05211950379172446,0.1332030747845975,1.6503615522995576,0.5645347575266553,0.5129652510404236,0.7433252627514306,0.8283051463382348,1.3307525175586399,0.0005817589973413173,0.006685251634884457,9.805830114892648e-05,0.09482228864524435,0.9039867832501705,0.4437521499100048
0.528759697410901,0.20561636382627999,95.69133533693898,0.041398396112347545,0.01583878325330373,380.7857886207565,12391.69900989585,5.009026624228786,26.45732607825008,0.10930866881643865,0.05247076234782747,0.13134579014040834,1.649344032063655,0.5615358000037771,0.5129101118378875,0.744741189376336,0.828294216664679,1.3244778798130672,0.0005844228953606684,0.0067245852636363965,9.882450498559934e-05,0.097113474191065,0.9079126619315422,0.4428873693994363
0.5281418177360897,0.20653973408551995,79.4930301211729,0.041392708015218965,0.015657015738113175,386.9261756283277,12481.649343722798,4.988025709874768,26.49270961405612,0.10441694675654187,0.055097622042164125,0.13091786228491883,1.6528143520965655,0.5607096481815584,0.5142428729303908,0.743032458165187,0.8288101035804774,1.3112909535781092,0.0005832265509144583,0.006729000200565558,9.782334156247907e-05,0.09692960964830326,0.9046278365310314,0.44137925860393923
0.5262901890633314,0.206528557491375,76.31128797550089,0.04146814291205004,0.015926597671604543,385.5671558341548,12596.05293169557,4.970760283099958,26.58123996594731,0.10035074673630932,0.04765804135631076,0.13006573085694953,1.6597836697629784,0.560743921358704,0.5138453272004986,0.742719203473651,0.8266209096263797,1.3267967731326762,0.0005889567530802643,0.006725686143689989,9.77924806314133e-05,0.09811763557068824,0.9034696665215494,0.4547426777954013
0.5250676828279117,0.20681960383969397,71.8405506484,0.04138967502032867,0.015965527422110038,386.976070861275,12595.82163315525,4.970889133758949,26.436690831879304,0.1014140533037497,0.0430329910678935,0.12976569725952633,1.662900384416286,0.5610301808628092,0.51374470768394,0.7422872448689687,0.8272045924221356,1.3228436628571563,0.0005854838033308185,0.006784622445168201,9.977095252635432e-05,0.09887705116037848,0.9040701400762141,0.4496376965324308
0.5234619861348201,0.2073569030404304,69.80909058394201,0.04146335006910171,0.01596554705293585,388.35172566644263,12555.404083607884,4.969060308031775,26.620904086254146,0.09465348623600038,0.04688398149500146,0.12795666754841714,1.6661898813847973,0.5599814664208644,0.5131325513358429,0.742289772932023,0.8222426970797669,1.3207143891306936,0.0005827676558654183,0.006830131798642743,9.928680254717067e-05,0.09784882376731324,0.9080162088705148,0.4506587314781544
0.5207116888493803,0.20841340536090772,104.93361454416603,0.041343068932092206,0.01606150772530753,396.88738551977,12639.378310384946,4.971599561209603,26.932244253389914,0.09018205181372355,0.041592515935188416,0.12692987348136178,1.6728576232444587,0.5568471729042933,0.5107360918648527,0.7401482296383763,0.8345584683308636,1.3216073261452341,0.0005802076158986272,0.006807494930638286,9.809377471909481e-05,0.0992676005599526,0.9064099723930461,0.45053920402223513
0.5167314563296815,0.20880526699866533,87.4771554306931,0.04141166693003446,0.016299724624494093,398.6623483413377,12697.626556194,4.95903802969814,26.72706518794258,0.09250325025252054,0.049719651703342485,0.12641951632615211,1.66761808856503,0.5628262191576304,0.5101414436387707,0.7407541624138155,0.83315021670949,1.3298632132907908,0.0005766023356897923,0.006777930542771467,9.786344275946891e-05,0.09745079390593955,0.9150923467230999,0.4425271539910881
0.5161873041335375,0.20860725090560855,115.9320155687799,0.04148160197363409,0.01617472253232085,405.54336000552473,12599.252516483513,4.972665968726539,26.92504839803115,0.08641415121511711,0.06103201470893869,0.12802431390801375,1.6680792883329403,0.5652777186760203,0.5080600704933924,0.7424349582003918,0.8292333219971599,1.3294881717184879,0.0005817556184338915,0.006756893946279208,9.67948735881366e-05,0.09741609614672836,0.9124158668658026,0.4424573299244642
0.5175082034272042,0.20813290099457885,108.38652970254881,0.041237592773989085,0.016071744582166106,408.56947993471084,12574.607319324898,4.9629839882408895,26.97944981697426,0.0926100719596782,0.06106367736241372,0.1274387389791675,1.6757620581107842,0.5659911990009397,0.5070578355967328,0.7410133803916733,0.8286293731697585,1.3326178600920129,0.0005789199396576716,0.006769626489537275,9.713217016153079e-05,0.09832798279198512,0.9159420731643324,0.43487469738427564
0.5195400929653702,0.20839170776219482,95.82960041548765,0.041190811555186654,0.016265739098765407,410.1347360265996,12551.289742021285,4.961872980694577,27.047067341512555,0.08231836563066562,0.06673452334293017,0.12524598992310365,1.6845980129068785,0.5679533144446977,0.5065057082092685,0.7430990600226651,0.838864867228165,1.3163804944605564,0.0005774626402379334,0.0067236485595164016,9.826662828371234e-05,0.09913925004526251,0.9134273498981881,0.4379468856350296
0.5196326970294833,0.2088482550202089,125.14943043007756,0.04127448755279946,0.016406653538356134,410.4517320165308,12619.057981366715,4.947735019067595,27.133990009956513,0.08486822007220102,0.06505930871360655,0.12600152721645258,1.6756790306611595,0.5685524448998357,0.5100679009604414,0.7393388242877972,0.836307252601477,1.3129527564066088,0.0005746429921373625,0.006740636600098491,9.821168720519875e-05,0.09836971022953045,0.9201784961980803,0.44059370693321165
0.5187871427262751,0.20872535447917914,134.36210300457213,0.04128381010054744,0.0163564332892397,414.2135326038627,12525.581666672952,4.953043360878131,26.921490926261917,0.080332438020817,0.06445659950822621,0.12557607665596912,1.6777101151973228,0.5650705336359697,0.5130952525053332,0.7418748274622482,0.846809036882817,1.303337821402598,0.00056970153905995,0.006712729231221611,9.975847261032231e-05,0.09740638231634952,0.9133358361137023,0.432091712574645
0.518791573427265,0.2094294345981943,125.01663506337789,0.04116753689074081,0.016268079876637493,415.2540798488676,12601.374605683122,4.944343118799271,26.8195095426211,0.08213926791142394,0.06437163791893966,0.12478108932998142,1.688524342087017,0.5709973343309112,0.5105512638784473,0.7461590122374947,0.846215678445598,1.2934324647499773,0.0005717483269231874,0.0067823043670793915,9.998217855331003e-05,0.0980404848809118,0.9217170120720569,0.4225521003602714
0.5211554855002026,0.21111115135426403,105.64965597759189,0.04123364046183275,0.016003607158066226,412.76208139688515,12706.354738904347,4.933197814650189,26.819221856078013,0.07876913199972677,0.059106468336095896,0.12486129305374337,1.6913618506670638,0.57262054474971,0.5111898535407872,0.7465189308143084,0.8512953896888605,1.2903284743423593,0.0005713973172409868,0.006718190336262471,0.0001001627531096772,0.09722515465931192,0.9248353949919821,0.4230179054372739
0.5214197757114473,0.2105280062955352,115.14932566113626,0.041380824429214376,0.0160797365906156,414.3399867976427,12575.999081464679,4.951852812660257,26.82299755571597,0.08448671162676136,0.06416040102998576,0.12401454673223104,1.68441914301443,0.5709686879717075,0.5114383037357187,0.7484935273862072,0.8535863699056451,1.2832059245782304,0.0005715732226114333,0.006651168841141807,0.00010007250853766688,0.09789969390847363,0.9253767647735242,0.4290787205878255
0.5221615174003352,0.21171746759807164,102.72858161531506,0.04137467285401231,0.01605296989652948,408.45668960404976,12599.793770751936,4.947718779095458,27.005277200929157,0.08733355261700886,0.07022016607062083,0.12955996110126147,1.6850776445428475,0.5711896926165283,0.5081146135301159,0.7495300779954505,0.8534848702833177,1.2793121111924874,0.0005720706021653217,0.00664382655531519,0.00010256000281079628,0.09877793186344763,0.9299039716790843,0.4266145057862918
0.5204825369188849,0.21135511000238827,89.0510628131323,0.04131919266381825,0.016028750450093852,414.50451221233277,12604.070644255737,4.921752317601002,27.119838588648317,0.09516097430646928,0.06704388648276852,0.1300749086608467,1.6727086821412749,0.5733433464180363,0.5080955169679219,0.7481908825688075,0.859288896617585,1.2781815058936397,0.0005789899305924123,0.006625121962447447,0.00010094192660960115,0.09933363857153936,0.9279700868570904,0.4321475140091052
0.5192551233086524,0.21139799331109646,109.04003164403758,0.04125071241273833,0.01620246855598756,416.92765754872136,12580.159085386535,4.91846699216938,27.239326896752544,0.09501446371829973,0.07294255286509543,0.12884478372447267,1.6578811492438388,0.572757630230416,0.5086445248579323,0.7494338665631068,0.8639138070550466,1.2701793953078424,0.0005808982150906179,0.006719523535922906,0.00010073910772360978,0.1007908257142773,0.9311800281763385,0.4326921707924958
0.5184567889997238,0.21196815704794925,101.52303936341221,0.04109897034644566,0.016344818591108003,418.6530816697619,12582.840948151847,4.923896507088511,27.018302158050858,0.09416140692132456,0.08078163042848567,0.1284901071614371,1.6543619606611306,0.5715410884451699,0.5120086507008863,0.7487431746820692,0.8541897889540581,1.2681623120322578,0.0005784867233397881,0.006774264518906019,0.0001010628850479403,0.1006206043061477,0.933555531437174,0.43260511795022827
0.5169252388537557,0.2117876867043195,87.17365085054622,0.040938464807446825,0.016218893636430195,420.35328947207375,12466.427253342537,4.918445630029905,26.880712576123962,0.09618695817319624,0.07919307218496412,0.12981696687947583,1.6566376548866821,0.5714779254656923,0.5148496114825357,0.7529603370081417,0.8413776130903348,1.2427974156876977,0.0005781435618463298,0.006831903873258647,0.00010025157918758385,0.09974826958766417,0.9386796722833569,0.4296404122984052
0.516408523737023,0.21142973857245476,92.01957993433555,0.04079317215423149,0.0162939342112102,419.0418932492461,12434.359102879122,4.894440434356066,26.939608594004966,0.09112979371177225,0.08122426193283586,0.12794121625074206,1.6591587892935549,0.5668438616614436,0.5128152062870285,0.7539494215061138,0.8368139030017177,1.234203388439073,0.0005782669813003855,0.006799371451029128,0.00010093836806976843,0.0974976058226215,0.9397382746461863,0.42968560511588383
0.5139252960516834,0.21224341043767556,104.4945988855268,0.04067588546136436,0.016067746387412,419.81640642081527,12351.444333452931,4.918067500611705,27.110565334805187,0.08901420577013389,0.08139839644254623,0.12886945880623443,1.663129114059981,0.5694454756285466,0.5084762403452724,0.7573852509464245,0.8281535785862324,1.2309912599531823,0.0005803679257426783,0.006745641001148707,9.868842702559002e-05,0.09807637028111876,0.9382941546721699,0.4303652112733124
0.5101927348896833,0.21203855944981864,130.1111417164633,0.04063898829119116,0.01610776491576514,420.15301058244137,12258.995752170407,4.928637316197429,27.09416686899143,0.08875389887708232,0.0799361669616226,0.13052359524852344,1.6774324359686066,0.5678324523830728,0.5083506391303163,0.7565380970197214,0.8215241309409235,1.2298257348126267,0.0005809155196708436,0.0066840247122127595,0.00010032213353200158,0.09883835142771479,0.9370433041350835,0.4369542572387262
0.5132531889851494,0.21201512476736886,116.82199397260764,0.04066780030739563,0.015856335436695738,424.8910176141625,12344.43923833834,4.93710098546181,26.700939738488056,0.09500605557703291,0.08953333699880105,0.13222311412303306,1.6846535143302528,0.5642772790359856,0.5099810131939733,0.7593157286696028,0.8169321427269791,1.2236737360181704,0.0005750028134725137,0.0066909458683978296,0.00010072405228278209,0.09967202718215455,0.9482254379567906,0.44044674823199614
0.5126110629785596,0.211335666447542,127.48242468838346,0.04064450671273449,0.015813893167653487,426.74603103081165,12440.287502472556,4.917020574171334,26.617518839255613,0.09055145958157632,0.09721557803720958,0.13269221484894125,1.6837400122037833,0.5683615012928073,0.514797140567774,0.7599700840721405,0.8019632875186951,1.215545194332869,0.0005753469296610424,0.006701274108662499,0.00010192443899518529,0.0982656020933896,0.954771987066254,0.44486222003182935
0.512364791168863,0.21015399274172897,98.1246938770364,0.04062866312022618,0.01563887378917314,425.558477448048,12562.686452490187,4.892182674871603,26.68356332320311,0.09907108477872723,0.09876119421980177,0.13533648160347245,1.6931795721994694,0.572787536305,0.518821955841167,0.7609996161036984,0.8031980764495582,1.2191541640828518,0.0005760370116640909,0.00674288084856295,0.00010202798201637687,0.09726458868803743,0.9643846494414846,0.44419656406972857
0.5125942673366433,0.21088066843765718,127.98583255392998,0.04079380116806953,0.015808584925670218,425.1483483347572,12715.924741022422,4.89808410901647,26.47883640940519,0.08709534559276126,0.09763200597736811,0.13570722155635123,1.6903327843672986,0.5788893387486209,0.5201210303323427,0.7630158122606905,0.7906616583760702,1.2101539231242269,0.0005766182514183975,0.006823937622151192,0.00010189668928517713,0.09550859173406087,0.9661434563273316,0.43759916159403806
0.5141967661290833,0.211710693508691,132.8871203639122,0.04085603942037185,0.01567886980267296,427.05385387667457,12685.776181658473,4.935762111092856,26.73660836105716,0.09329996520453868,0.09911787544652965,0.13774332699344993,1.7030586174703704,0.5761350422738368,0.5161089744276766,0.7652159544553291,0.7861225281444079,1.2081954733477127,0.0005718930217166093,0.006778934133939763,0.00010106265981770257,0.09627669025368431,0.9673441111321465,0.4358183996404391
0.5144693608867492,0.21048067330167117,160.54099463178684,0.04106131707962376,0.015557340496399109,424.7889150601864,12618.358582475274,4.943134260937125,26.75283076065777,0.09016992535643266,0.09771830205593746,0.13596693493991424,1.7024925059500768,0.5747923262350384,0.5153792298368995,0.7660960295834803,0.7918958371531585,1.2162395486020343,0.0005740347794507753,0.006834605571268594,0.00010200529616807438,0.09737688366300806,0.9682833989077729,0.4331767162843519
0.514742893011491,0.2102858612170676,161.53209258695617,0.041074500301313946,0.015600063179406138,427.6847656374666,12640.974614992114,4.944261480565866,26.651070009826885,0.09030172365204077,0.10105611903896213,0.13489026454712638,1.7004593976376354,0.5786614212842222,0.51717554830174,0.7674026182263006,0.7846476457678023,1.226617129092445,0.0005718920182216231,0.0067388004410777495,0.00010190708671382876,0.09712694907086412,0.9636404476026231,0.4349247048079784
0.5175086223961247,0.2104248437109203,183.05572924808564,0.04114200296867465,0.015586101815043602,436.23406184435134,12690.047536437554,4.9648308685537526,26.575722759694123,0.0909095561254508,0.10101017318641604,0.13997659467761933,1.6975530455558288,0.5808817155007727,0.5155393979438335,0.7656964995758146,0.7871675037596593,1.2294766158972765,0.0005722412431774283,0.0068377894219611495,0.00010253887838769135,0.09771033603035882,0.9697042061176899,0.43637293269594246
0.5151294004696458,0.20983351458157454,196.35509520457146,0.04086945876686108,0.015569946642216448,434.0297070518463,12729.900689799408,4.991280916392779,26.728460112952146,0.09517829214735066,0.1009152498840027,0.13989618473621115,1.7067391185296614,0.5798167532405545,0.5132511845717092,0.7648984470419526,0.7814850685796629,1.2388882183301753,0.000572643500771002,0.00693674950797314,0.0001050109389861731,0.0971657031893479,0.9677893161819267,0.43857007251923164
0.5144771489630661,0.20849812882980512,211.86902958334252,0.040889585328227236,0.015442007490713533,438.57066178821685,12689.692806290495,4.960722784803934,27.018276086531564,0.09365112170178799,0.1019437253251606,0.1384347596215093,1.7032444754124216,0.5792417283587616,0.5126538822518873,0.7690541996450596,0.7817421591249537,1.2437789667092982,0.0005716084732397379,0.006808929612324952,0.00010277827941120039,0.09580271851263322,0.969381647143317,0.432354585827433
0.5144049275459743,0.20872411820206133,222.07636980345828,0.04097600706257674,0.015412291065442193,441.3633862611543,12693.852260876827,4.965897375936734,26.98742990187002,0.09432742816900987,0.10193707564921002,0.13582937529813363,1.6943714246763142,0.5774881617590589,0.5118574730524035,0.7688314977391357,0.7794225879360182,1.2540584338886949,0.0005706248281981322,0.006853272227873774,0.00010443671820457382,0.09464947261627679,0.9726739145567254,0.4275504221416445
0.5162103578868231,0.20855792822076435,181.84423893313772,0.04072877829617497,0.015333799600450001,440.303071706057,12710.112925155529,4.971704312493559,27.117182075677288,0.09072079933462623,0.09468667770750801,0.14176400482575288,1.6930457789601352,0.5790802186858586,0.5138948996981008,0.7698257063170861,0.7801166328358724,1.2686898481300313,0.0005704140954702637,0.006966482485779531,0.00010314921477497694,0.09415429753380841,0.9778068386669848,0.4210092981313976
0.5163950882526539,0.20725178778358325,155.47944393908224,0.04058559283338944,0.015301938618345112,434.9277095800957,12700.957363224485,4.978824907489444,27.341104212807206,0.08768341040925227,0.09680074508534876,0.1412671511153252,1.704348057850895,0.5732608886916106,0.5129223774504995,0.7676473114550544,0.7822256808527059,1.2703171487715832,0.0005675405418606222,0.007017984966332608,0.00010393407849558584,0.09481592994074126,0.9726710366085661,0.4175355293990888
0.5195718230795637,0.20775775322015097,162.6328287047601,0.04064522069629311,0.015278865453907706,437.8965067686125,12717.526046834348,4.955410253117709,27.131076015957554,0.08456616464043779,0.09699149402058539,0.14532560684561197,1.69557460486673,0.5742213870368253,0.5103977310881532,0.7673657447440732,0.7839275246498304,1.2696157198803626,0.0005709128727404301,0.00693109042128978,0.0001050909315693043,0.09465845320385315,0.9686160056501187,0.42008027175185914
0.5194880733203429,0.20787995970418524,177.40523130650595,0.04067910022630919,0.015003116692368266,441.43713258870866,12760.389763577949,4.967514912117972,27.142262945159274,0.08226556862394474,0.09317733592061575,0.14635452890476724,1.7004277914300328,0.5737270190230374,0.5114327331981449,0.7660735361854014,0.7847517832075238,1.2739994129442487,0.0005701575688416535,0.0069121676299305716,0.00010562300279262066,0.09454483566957524,0.9671352764594915,0.4201209100108823
0.5182421710576649,0.20732035873634852,180.17753048158193,0.04053549650035779,0.015421890125828732,443.22127370031836,12887.498051198472,4.974179711850228,27.06006652584802,0.07457897922269449,0.09416868478946512,0.14591153257373932,1.7018014196412798,0.5745305023378773,0.5088257530989426,0.7631601081689399,0.7765541905993257,1.2747614323044165,0.000569952343754892,0.006967492575720679,0.00010592207554917581,0.09663909539832143,0.9679313091625507,0.4172412261517553
0.5184711003837275,0.20823726713990381,155.23516995592416,0.04054973518189467,0.015422811360196964,441.5130111804764,12774.735489680992,4.964067971114422,27.24274061521944,0.08556688499764831,0.09549134346729315,0.14163580298827752,1.7121887494240668,0.5708492659051336,0.5091210721569795,0.7630164267171401,0.7758471256648014,1.2764143689420182,0.0005682023590828224,0.007012419515597289,0.00010577978973029089,0.09572697833080537,0.9700476505949723,0.41570102967443445
0.5211380677445729,0.20817809838835388,155.9735908861033,0.04063764692091511,0.015302732215314328,445.776340894849,12861.824012214565,4.923416489248914,27.014767604111626,0.08120290447808806,0.09772640562033603,0.14390633017953472,1.7010956865159206,0.5715474054720879,0.5111799353855372,0.766487533507954,0.7731744122509183,1.2796274754062078,0.0005660825814793483,0.0069975323343829145,0.00010670108617234216,0.09508758307580314,0.9742584298392643,0.41932258104774883
0.5204386631163012,0.20886676963170894,163.63439363436143,0.04069090766827628,0.015271087858946078,443.6255028458736,12921.239052762616,4.941561775509731,27.21710380153207,0.08276169248666586,0.09914926144764147,0.14173224427267897,1.706821082056048,0.5731127721493432,0.5136772254430841,0.7672220113344143,0.7755511011400377,1.2847307354629967,0.0005633855894562513,0.007015752920517103,0.000107125751127217,0.09511076728470788,0.9752670278680937,0.41221521601791167
0.5195186633506813,0.2095285465079396,173.07668345522612,0.04068478420350461,0.015086553627094794,446.98179777743536,12728.903430356553,4.938049686574401,27.167574489618822,0.08086474917386334,0.10115896416805652,0.14453950577882818,1.7056850786558433,0.5718614406853733,0.5110323349641026,0.763536813887632,0.7730018346226707,1.3002350417839745,0.0005635989065827117,0.007036732453453626,0.00010676050147061642,0.09451627677390748,0.9767098591233528,0.42053046941072614
0.5153983759140001,0.20916998136383713,192.32451874367217,0.04072745597344356,0.015142934054740795,449.5868261561575,12591.66023055204,4.935733187989404,27.05328632026758,0.08349975610769289,0.10874376953288949,0.14259811718296753,1.6896328420275266,0.5754344836921224,0.5113140764023293,0.7617237929082514,0.7677282415882585,1.301311184611265,0.0005668052459207678,0.007037238042887126,0.00010560713406917522,0.09378291488881144,0.9812576217379482,0.4199031823140539
0.5143788160606068,0.20940336860422024,168.34972320347,0.04072774402034926,0.015199301602558273,445.3147171054548,12528.201603091224,4.909838018177741,26.823974949398828,0.08307793162471112,0.1099176527474746,0.14036165402896206,1.6855900306762537,0.5759603828571719,0.5092442416293946,0.7635639828816247,0.7676771714810939,1.2987089607629494,0.0005664435395894759,0.007101226544922072,0.00010494158058324729,0.0939035758128046,0.9831935188035891,0.4199259102322156
0.5199653870090638,0.21062754799457822,175.06274461259196,0.04064443857413066,0.015026581024384552,446.6652549481419,12658.032177083518,4.920149592296964,26.46942477613021,0.0883771578512011,0.11012502297399443,0.14111648095197693,1.6938882306671446,0.5762529710030536,0.5074581069210865,0.7645946471461881,0.7672030726461272,1.2985340721175778,0.0005648652951937577,0.007120151336358477,0.00010534277052042968,0.09454882595994378,0.9801704886764644,0.42515667865949647
0.5178707154536345,0.21056023339352753,181.377590069819,0.04058567082263591,0.015138823227957933,443.787112938943,12516.969993776891,4.948878997234923,26.67464413312762,0.08529722404898421,0.11561712308783882,0.14153324443769114,1.6875562824058397,0.5765853545002033,0.512519042206616,0.7611456968995927,0.7643358158993526,1.3002042565240461,0.0005595357775006361,0.007097798656494489,0.00010592064985991007,0.09332687497203743,0.976484317612364,0.43381900617587293
0.5170076201660515,0.21115963253498918,185.35959745216945,0.04083975403277561,0.015214073815510772,446.65411933250226,12424.239811586238,4.931811685746616,26.36064165150156,0.07869082743259519,0.12047613196700922,0.14062198514616714,1.681716571554195,0.5756166820081979,0.5116819247838889,0.7574506660841529,0.7618870338587038,1.310967219033556,0.0005547607783668566,0.007151401092222645,0.0001051691851384537,0.09339001911316419,0.9747562436045248,0.42338800217638706
0.5169948973847239,0.21268529724162086,159.56275693633427,0.04101067334344629,0.015215341179618348,444.0286934489805,12454.723832479951,4.925523126943161,26.182897466442192,0.08265725064350347,0.12539448127851582,0.13766656953994308,1.679686730714478,0.5763883198418573,0.5162597019915691,0.7578256333354283,0.7609895542534708,1.3112869069880984,0.0005579184780449665,0.007184789991782946,0.00010533717484908043,0.09326106150365736,0.9783126158206085,0.4232993391994793
0.517781927928576,0.2140176572674458,182.8750449430635,0.04115272921487848,0.015310127321740821,443.75191702081435,12364.61166322896,4.944145514690334,26.28689444285768,0.08869287343762446,0.13112620480476797,0.1396973638050167,1.6795966166649756,0.5758424608368159,0.5140997822376566,0.7535614561633921,0.7509730569817301,1.3025506931487143,0.000554169357004538,0.007153737231325695,0.000104987131599738,0.09218145834383089,0.9800063648241562,0.42472663727278315
0.5170011038594292,0.2143761874124721,173.98271076800876,0.04116745801780902,0.015284708621442737,448.18764983480486,12344.661385688658,4.944654251911054,26.090709883268822,0.08968209068314643,0.13252661984593023,0.1399993293576699,1.674045273069291,0.577928506731917,0.5129604253462554,0.7603703264689341,0.7535854021943305,1.2920128471846875,0.0005541680828110997,0.007131180430451252,0.00010594001598285835,0.09227869036023584,0.9775206707638575,0.4233391757607588
0.5199746595430755,0.2159986569259327,179.37021647291152,0.04113939783697965,0.015372202144159616,447.3187728063386,12441.184412811746,4.938800932638916,26.238071156079496,0.0888396842489017,0.12949153506951872,0.13772495919567762,1.664056083880829,0.576536821408427,0.5143571814374076,0.7598837538649701,0.7579703555917452,1.3020965021523154,0.0005557810745383633,0.007185960564283025,0.00010423000553547095,0.09285854311448231,0.9807367494076186,0.4199410976354683
0.5231731627712035,0.2155529857721143,167.90837149885738,0.04110881448893513,0.015437900493682837,451.3495063039834,12326.607140429836,4.967537387313605,25.990065978181775,0.08950425756339632,0.12164553761586229,0.13939924382838145,1.6587979700164146,0.5768039756836105,0.5172118503085004,0.7595437547410738,0.7587542982029973,1.3021785102997059,0.0005563024731944015,0.007183075697570863,0.00010769480549533633,0.09204731208515522,0.9821077108491008,0.42167029385560867
0.527820731331168,0.21566773300278447,179.49114998387924,0.0410611552398393,0.015528140051612608,454.248018714398,12376.474622069025,4.958713033291979,26.130069165014323,0.09340228753143276,0.12854473271536696,0.13910803151357856,1.663270354686105,0.573059581027339,0.514749519367368,0.7567749236075786,0.7547904426226095,1.3080367214905622,0.0005578874270043751,0.0072493800036857745,0.0001059953559568821,0.0938970260098803,0.9859609330251633,0.4186229215592149
0.5286503780687445,0.21661451194508893,181.87951489407007,0.04112264611482229,0.015554696607595547,456.06252610797884,12404.575444741255,4.975445891214414,25.88527614383552,0.09730654295296659,0.13261062569613746,0.14033466954614043,1.6602700172994993,0.5682547071310462,0.5173458302269316,0.7614508928302937,0.758547542094166,1.2973148397507306,0.0005605282606329955,0.007195798086520087,0.00010655126314940829,0.09466767424879466,0.9898043544797165,0.42216267948864084
0.5278014477974173,0.21606420610181715,163.00208044687696,0.041089513588771207,0.015563914393903124,457.2406141910105,12460.728884796614,4.98854855776968,25.7061567612742,0.09975981049076696,0.13902769176720337,0.14101519990814362,1.6592176517481387,0.5691696431767609,0.5198324282989896,0.7623491722606072,0.7619214569129911,1.2907520065064912,0.0005603867160267154,0.007211776381383712,0.00010856913388823643,0.09601246923395683,0.9954276253097848,0.4243650822196884
0.5279961023234886,0.21603846362424445,175.70894454834897,0.041241830885838056,0.015370346117408134,457.80591105063553,12464.485632107988,5.015409341933546,25.999877145656008,0.09538106431241225,0.14883182304252374,0.13961715287400794,1.6654664744548475,0.5672179337732458,0.5234452767335144,0.7606169130162329,0.7592555788093911,1.2970302861042131,0.0005640833278209075,0.007300907576330934,0.00010690287092966133,0.09516465783876707,0.9936054307509099,0.4262402439384823
0.5284433007364772,0.2161839109973093,162.28191870329928,0.041248849614816584,0.015330021577318664,455.2845463846463,12568.165110438771,4.991163201245506,25.675461748837066,0.08634148027444129,0.15521941354011978,0.13762947828421276,1.6753846530460694,0.5688984971217069,0.5215218400403796,0.7635318885219371,0.7679756974679887,1.3110998616085108,0.000561780061004314,0.007247806768415675,0.00010702171595558367,0.09356013571061332,0.9891137376989765,0.4189231122248223
0.5273072124580176,0.21600657085522923,144.5227730012991,0.041487056713783624,0.015193050045363681,449.45961936282856,12568.739665884055,4.988778939380892,25.706638015097052,0.08626723785267472,0.15727492988627315,0.1380469196711126,1.6569405056901285,0.5631909266166815,0.5226537610246137,0.767567288488153,0.7604553623866963,1.3135634548813715,0.0005576894619081992,0.007263939171817838,0.00010758578721305923,0.09445882588949915,0.9952292372214362,0.42495622735583766
0.5241506514935407,0.21590810007757172,165.4363367558701,0.04135684776111446,0.015270482123002046,450.9031705739472,12583.35449147259,4.972068069524958,25.911023530174617,0.08174215643395213,0.15296460037507179,0.1368693227936815,1.663743339075574,0.561481749109804,0.523002095510033,0.7674258788033905,0.7578701128120304,1.3177369001764798,0.00055950713069466,0.007295606818895307,0.0001093594539034802,0.09539904810250475,0.9977579082280067,0.4202278512611437
0.5283221590850543,0.21433505093305685,149.8701473931322,0.0413336406007604,0.015235289316529125,448.79007438237295,12598.72961671975,4.94763717612582,26.11242388809748,0.07912273317355903,0.14837679020311698,0.13549984973154583,1.6722721300706986,0.5612228282889694,0.5212155198768043,0.7649919115292384,0.7584076965880808,1.3254715230676537,0.0005582319008452577,0.007331869142711381,0.00011109799250022535,0.09631777087697732,0.9916638715645307,0.4190598279761313
0.5299033739773947,0.2157086797984297,172.24261808282213,0.04139809033804854,0.015203727940309436,454.6172347375356,12486.293639056976,4.915184653158788,26.16834933447186,0.08142564148621145,0.1420747643966294,0.13795947881811507,1.6592144026046654,0.5571268841597525,0.5224548479999168,0.7682621053762665,0.7751413668952087,1.3293939365691605,0.0005631878968273057,0.0073324473350324885,0.00011088328423872169,0.09622192470213338,0.9847178491233783,0.4199885703204901
0.5277502567368227,0.21455120874727468,178.63732075279646,0.041135692096814176,0.015216412214086896,463.10286068091307,12548.992627466805,4.936425602832565,25.946773233642105,0.08604003099776149,0.1424992134867557,0.14064821016433943,1.6560566506873238,0.5580122739103325,0.5216869310683755,0.7664414160815899,0.7719857141695868,1.328152583802459,0.0005685962003848687,0.00732296352215102,0.00011234078514637374,0.0969515533951647,0.9893347362873032,0.41740448066689795
0.5274452021985307,0.2136861191509753,158.35030194623747,0.041201624228853345,0.015016381160877312,464.6005905116612,12442.719922786247,4.9453122964688365,25.749263552578547,0.08767334555661116,0.1416290781043225,0.13988920415878156,1.6464287694526198,0.5613130654849783,0.5175968865342349,0.7679500663197026,0.7627743537064796,1.3190170457815447,0.0005733670056469763,0.007362196672388131,0.00011432154787860772,0.09487911432293354,0.9936555523171985,0.42358553417303685
0.5293102999323074,0.21412564735286746,164.54879908628698,0.04131369541476885,0.014977402168706097,464.71756454261515,12509.410845099408,4.939213973249752,25.81655284207355,0.08495123841178011,0.1345583988676173,0.1383791865882149,1.6514120534883525,0.5604708201080179,0.5172604217934242,0.7687504292624091,0.7597115839410329,1.3265419883511744,0.0005690626517966164,0.0073883011584017525,0.0001125332847135072,0.09446278920984195,0.9924561745448774,0.41790395994076424
0.5304279393015726,0.2142931756907998,190.92785788723586,0.041223622080201874,0.015213553284817619,466.6374205485158,12528.21885206814,4.94911044471512,26.08008275265165,0.08357169743863092,0.13211467709332939,0.14246619761075408,1.6521011516235706,0.5645339247410303,0.5200645805869721,0.7672175451535123,0.758439238941745,1.3216782930848172,0.000567174838294562,0.007333388545833562,0.0001147177126950951,0.09465681152025524,0.9864964080382342,0.41775974642168295
0.5296807291507226,0.2141554859361455,201.2179546242991,0.04135116590876351,0.01543715252518262,473.5813486859532,12420.158566362219,4.9492889805282125,25.95761773017491,0.08453384399925008,0.1315311057052579,0.1432524284792786,1.6525008854299705,0.5705770641495977,0.522781393379129,0.769008286481565,0.7669193637064975,1.320948434659924,0.0005681075117050425,0.007317731027324324,0.00011464804897383331,0.09489899991702411,0.9753466236336229,0.41993785105380155
0.5309304216109897,0.213870456132912,204.4586083617304,0.04153018018674479,0.015472858793548124,474.8450432398272,12389.879560594647,4.955967722659197,25.773863007504104,0.07982317088755797,0.12877968740132548,0.14478638477180802,1.639886363236677,0.5736278744758964,0.5254967795419037,0.7667216558671971,0.7701150964015688,1.317533055211726,0.0005670806776025508,0.007321750470433475,0.00011650935350328003,0.09370753435466365,0.9728995923845528,0.41566458892969604
0.5287113466040986,0.21412362588115294,220.58029567540498,0.04159183534353148,0.015638768155202903,470.8355145651291,12310.94944709641,4.9419253198174085,25.78046993016942,0.07225434624563119,0.11935414444563036,0.14600160905794823,1.6255315802350507,0.5736635712802505,0.5250370214015997,0.7661850732144279,0.7705025142791259,1.3147821507358841,0.0005676581035118926,0.007324087966491189,0.00011679195747149184,0.09092948215424096,0.9739947862584806,0.41426854683263653
0.5298788955650626,0.21417166186402575,172.01361995161977,0.041592974497452515,0.015463327081295554,468.48332634835845,12428.828195234611,4.956566802433765,25.979023722581868,0.07044742340988414,0.11212160408479248,0.14104096180091802,1.6215511099258892,0.5707894993874503,0.5226082512937119,0.7681093050934197,0.7786973445048978,1.3003824423177326,0.0005651402919546306,0.0072806430729120625,0.00011779193987868257,0.0917763663360016,0.9724958283802998,0.4162700151664243
0.5323972038551347,0.21434247819565153,196.0809818020269,0.041795332090191206,0.015377629709215395,469.0959898407537,12386.792764667078,4.925842868428193,26.111614219995438,0.07843934273971187,0.11837356523729455,0.1433425495485423,1.609356245367403,0.5699346447241034,0.5265041962135552,0.7671701587528043,0.7770309967603027,1.3110106205210967,0.0005648824957890273,0.007322662375757727,0.00011772518011922859,0.09111177062072114,0.9773667846106062,0.4202525159420704
0.5368399026807243,0.214023864621759,178.95130357628835,0.041853997210486694,0.015264367916749073,471.3533381545611,12449.966652874713,4.94514103192433,25.8672528565408,0.07455009888984841,0.10951040478166675,0.1388829956560753,1.6032933406806849,0.572791012253218,0.5295640364815665,0.7655008338803562,0.7784319143111708,1.317355814862882,0.0005696460743377246,0.007305262377138886,0.00011735699134855005,0.091899116924378,0.9744820225607344,0.4238252196165814
0.536190860122601,0.2130441793458554,190.20971975671094,0.041820772252624885,0.0151964748896578,470.73771271746756,12575.757507637743,4.937152400868385,25.77920129426305,0.07359627019312634,0.10893965883228973,0.13834514870308395,1.609860513606901,0.5671698147535088,0.5313406002977262,0.7630666557519623,0.7894574230774124,1.325379320677998,0.0005657486433678721,0.007293596799145,0.0001166024489326673,0.09278512551154339,0.9608803522986354,0.4231194000900189
0.536950227696938,0.2139212231792354,167.89396744033826,0.0418360552973971,0.014922962135181054,463.06992783865604,12634.567845006202,4.921542630376563,25.81538113609648,0.0732479016990797,0.11131446252977428,0.13731019793726365,1.6031876500217885,0.5680584787129845,0.5355864929391001,0.7614423252200982,0.7879205629700727,1.3417618866438565,0.000569211916580103,0.007259143932631997,0.00011777589543093189,0.09283514465194677,0.9628242476428204,0.42772955220048003
0.5375181817093669,0.2130101261052106,148.30511514075957,0.04179208858955847,0.014983727635732514,468.134333196494,12645.66280105142,4.887533635227549,25.884457387671244,0.06772469567437067,0.12132758400236163,0.13521959981989423,1.601564078467453,0.5666494135812136,0.5342695635389155,0.7603607554254989,0.7890645873614437,1.3399220602739914,0.000567985500164453,0.007251545116748613,0.00011782336983409625,0.09232576309982814,0.9674324401134096,0.43352674728476853
0.5379450459264322,0.21328363225353014,164.19291395816978,0.041536371681935934,0.014877015979684011,464.86700181179395,12578.778659453697,4.884494170806786,26.001762692060083,0.07480154573595185,0.11942868021194102,0.13190213710861,1.6002384936475134,0.5706595688981768,0.5354939154159425,0.7631459646063393,0.7981506014976011,1.344922145949946,0.0005697861525265977,0.007248768665667486,0.00011596874399607568,0.0921015406308497,0.9714222894228365,0.438790946082477
0.5384627165146938,0.2143718526243223,157.96085725807794,0.04158282670439301,0.014849787473293971,466.1385755850956,12663.858277299978,4.891318019428133,25.99707965247598,0.08310207605053331,0.11129023219130725,0.13239695739188975,1.612378944029112,0.5705517399877017,0.5340770431168458,0.7676351322744847,0.796332010599766,1.3347391325559943,0.0005698549955205291,0.00721154417914974,0.00011455591152147735,0.09310881446184463,0.9659713471325855,0.43665872935078
0.5408105350731693,0.21485335068578307,111.20227225779291,0.04137335550786233,0.014672677858618444,456.0288349079639,12601.572663064013,4.907634095829153,26.28978857230594,0.08291579396414334,0.11210473134909778,0.13731729422895325,1.6079047643509348,0.5719797274390384,0.5394611957758793,0.76893127801159,0.8064242560401361,1.3423685450138008,0.0005685138008515986,0.007220928804325867,0.00011470856859908218,0.09381505258807854,0.9625488973192321,0.43420385138149986
0.540022609731834,0.21379623283287136,107.47912533071015,0.04137362550565978,0.014532195336170704,453.3075448311709,12535.609341956624,4.9018108532697315,26.13650066283261,0.08966413188188371,0.10852658477912058,0.136855954396884,1.6147154915483277,0.5689130174385476,0.5413135500247923,0.7673212049608288,0.8021921452936018,1.3346689942512162,0.0005724554582989293,0.0072542354392947225,0.00011619272509219782,0.09291439970452958,0.962682683523604,0.4322717578351203
0.5372434152569092,0.2133997581018438,92.96051055897655,0.0413521973742402,0.014526177903264055,453.6502364903099,12581.304481212597,4.89557267502417,26.26849890565841,0.09426576420570154,0.10749283959992917,0.13803761096697567,1.6145719276287598,0.5686262645431057,0.5415859201515792,0.766572523345038,0.8080156417990458,1.3458773527804078,0.00057060047306796,0.007299959398657413,0.00011594491800674523,0.09282031825259912,0.9587191626324207,0.43683431723878846
0.5383314808802746,0.21284507114736248,113.6794096265061,0.04117507802243882,0.014633117975326073,455.02292150427144,12737.20292436638,4.929981934683329,26.350688933719297,0.08939637025570006,0.10400318381422166,0.13773770676433994,1.6080325675801008,0.5718862317351706,0.5392822639609327,0.7630402522310453,0.8011299274693169,1.3395332808399552,0.0005691857452326606,0.007358346081947235,0.00011481975185830787,0.09144311607990113,0.9577946158608865,0.43232464119071573
0.5409460426281311,0.2127076286389747,125.41140372816135,0.04084939915262166,0.014443891037087427,457.5708842653572,12705.96169263957,4.897257244549404,26.29810982345536,0.08596942599479292,0.1032275756466714,0.13663215434455445,1.6089505366890828,0.571632196736135,0.5375513950555159,0.7597025907466785,0.7973986545765382,1.3327728116243307,0.0005726161228353895,0.007291565703165791,0.00011590157737720399,0.09128310244754141,0.9550836578214376,0.4376829528414299
0.5383239272941286,0.21318283951973369,134.2727048644969,0.04098115313076674,0.014415959105513099,460.0406311523263,12670.746561755395,4.866615858127216,26.10120978545512,0.0885858531912313,0.10535098883172396,0.1377016814990001,1.6052246615638124,0.5715753497737441,0.5385580078769869,0.7581365893538397,0.7996771075662978,1.3355661062094877,0.0005733597967450302,0.007391852353280967,0.00011490816458295404,0.0922311687423837,0.9642876830017809,0.43615334457116356
0.5408048268270097,0.21394296444197577,124.32814732449091,0.040963871415954506,0.014449650332825664,464.4010927104926,12685.098038030024,4.880277251874114,26.004413143568886,0.09294699910357525,0.104824525572401,0.13638434810888578,1.6063094623583776,0.5722733154496286,0.536455329767909,0.7536048646832381,0.7967233150722468,1.318534730950518,0.0005803240944467186,0.007347444749194719,0.00011527202197805393,0.09126214806819209,0.9668402352479146,0.4355584736545343
0.5400110651969287,0.21284383949491958,131.13290682833707,0.04105953172252734,0.014590861761204575,463.8533735557248,12645.249338782138,4.860758542057298,25.9669951320035,0.09128026608479407,0.10274895163347082,0.1364478451071445,1.6064010916797133,0.5743841208284556,0.5355677786765158,0.752331838657802,0.7979930277647286,1.3219997826954926,0.0005777706500675909,0.007391417194393958,0.00011573927076108243,0.09043737982815198,0.9675268209006891,0.4306038321600495
0.5370127479902083,0.2124447907374282,116.25042021810017,0.04095217514600126,0.014546802724856379,474.2704326783008,12715.74282373477,4.863240682539378,25.688761345003076,0.08027376046822642,0.09951572760488074,0.1367736487150909,1.6084772595963306,0.5771886223644143,0.5366318455689376,0.7542366222164236,0.7951603060430591,1.3242687335137107,0.0005790243817298161,0.007381262967435408,0.00011598987998540735,0.08972637563031974,0.9630370724556697,0.426849136907763
0.5348461058259609,0.21301566647427592,114.17978614558263,0.040962577781030796,0.014372511877287088,475.276644315605,12760.673902732762,4.874981008976035,25.44315810367196,0.074954959001499,0.10705000551138019,0.13950127828311606,1.610623220094086,0.5803240060647477,0.537079504494237,0.7552449735349281,0.8023966231533074,1.310832985064407,0.0005740183224323045,0.007456132269214717,0.00011507852401935109,0.09068982571044537,0.9659248732842134,0.42965693014643114
0.5328301918864434,0.2141931524253757,109.40120849885764,0.04086239246639103,0.014251262687529236,472.9861122506302,12680.098792951887,4.855381397296412,25.259886172224196,0.07301581048356239,0.10389376999316886,0.13956533263663054,1.6070987218513522,0.5827640146944405,0.537063323543644,0.7570730509924299,0.8035653424237255,1.302994487674192,0.000575295957084768,0.007451037640462416,0.0001165328842534931,0.09053212169579486,0.9675768169680149,0.4289297447346818
0.5316435277674063,0.21390222019345737,101.31514321330759,0.04091817166276251,0.014412628785118838,475.51796342974154,12679.284258666214,4.856626698977559,25.515303599207574,0.07520651040346313,0.10426208973773467,0.14166239523388957,1.6094900958577327,0.5805122519600368,0.5376701476939831,0.7574328361354183,0.798381057382556,1.3130132870111264,0.0005729573711869537,0.007411977589715431,0.00011755367765962334,0.091741272977217,0.9723525006680398,0.42407892483991144
0.5299878941666125,0.2128508382013529,120.60840924460534,0.041000099601386994,0.014533355929888837,479.3469155142202,12698.327866536805,4.890571471712134,25.683889913279828,0.07869932192090875,0.1045659699795335,0.14343949798088074,1.6136385988061481,0.5803435479361784,0.5344121860391227,0.7597225935251022,0.7954975473587588,1.3306310032023325,0.0005732967350629459,0.007329350724941616,0.00011788259164779829,0.0908582592925503,0.9705678308863022,0.4180119036856822
0.5300756325441168,0.2126260934208738,127.49156206518968,0.041005816560511915,0.014590879896859442,472.33235400274873,12756.989773513587,4.9070336782390624,25.537274313585186,0.08365067856158598,0.10818490670319954,0.1380791309577428,1.6135488728381793,0.5794899454329993,0.534585299469679,0.7610902151132434,0.7898804287035635,1.3317433691605574,0.0005733000885487854,0.007456814941291329,0.00011834650885996391,0.09104651395738243,0.9607008603791398,0.4220018250344702
0.5272793010604457,0.21222296143487066,156.1833879941436,0.04112507387862107,0.014732177651720751,472.8385214022233,12779.024088005175,4.927394200592025,25.608823077471435,0.0822842144369559,0.10723215742164781,0.13738308442531427,1.6222607810463237,0.5821846078515486,0.5317802677400679,0.7605782076690072,0.7936439694028021,1.3338410753016883,0.0005685954357714348,0.0074251557931550105,0.0001186443751782887,0.09035088697694175,0.9629329917453715,0.4275697249231095
0.5264560069020312,0.21179629761764335,159.74002171251914,0.041100501417717046,0.014694490135010766,468.34373573193614,12625.292187200097,4.9427322398301134,25.595892867175717,0.08374850032242426,0.10590626520728137,0.13944539978098633,1.6176163067556442,0.5797524114784627,0.5296452512059161,0.7579821623684397,0.7972786881630045,1.3349010101706997,0.0005645054265547416,0.007441455949896651,0.00011761746858322604,0.09034209130290742,0.9697505452921679,0.4343021030470495
0.5248039295904687,0.21153118170319887,167.87593438458072,0.04127725903510015,0.014399488803227386,467.43507607810704,12601.938970484453,4.9212044963028365,25.302983155021447,0.0807100235903989,0.11127875240074539,0.13633682290521162,1.6157224206995409,0.5854900717929697,0.5297861371218501,0.7612641069849067,0.8071619405686454,1.3402191178798577,0.000568502257455727,0.00744799123676633,0.00011705789557076574,0.0900361897171968,0.968368193927442,0.43720455313852347
0.5226950342350625,0.21080555898011338,192.26785178352472,0.041129248158252765,0.014667839868979217,464.88678986800346,12620.173947058362,4.914146950443295,25.48488786369689,0.08472821345826004,0.11144643274393416,0.13826835386329636,1.6277806940946427,0.5810246425814103,0.5299271249962128,0.7593118137655129,0.8043078292260204,1.347562534898743,0.0005724809403992488,0.0075074102611420055,0.00011713496498945884,0.08956648546340602,0.963444442333935,0.43704010409320565
0.5209443178793982,0.2101348764035593,172.4738054589308,0.041106041020722,0.01472827210997889,467.4586128383996,12637.97969991029,4.9117976337036255,25.972016692436725,0.08394595484931397,0.11510278451274364,0.1408915560124624,1.6256112957991207,0.5799697323831707,0.5282972267026448,0.7619764799230491,0.8119058160086674,1.3688384066431913,0.0005734398111365878,0.007485345409710518,0.00011796925341466636,0.09144630225558475,0.9673188404161299,0.4387635857408307
0.5210620664924159,0.2111589769809893,163.84624604999277,0.04111559608029883,0.014642552437769905,465.61041409498097,12615.595654266788,4.916023611783261,26.225121186173364,0.07968102624655704,0.11745226798631328,0.1389873283849342,1.6219951384679792,0.5738820563269701,0.5280149232424199,0.7602746300847444,0.8111347970658,1.3689227551926186,0.0005756018266145786,0.007412951174963667,0.00011762691605671382,0.09284354472058208,0.9652306335002322,0.4469702376673073
0.5224572598945488,0.21121506355958233,142.67542162938315,0.041007062748389875,0.014796029044710718,474.700372759662,12615.077361272008,4.9032412637510046,26.16581740727211,0.07862469211375545,0.11062330792751139,0.14043117150878837,1.6230665375836537,0.5703506633506328,0.5287903171447728,0.7613303773428505,0.8061153281510884,1.373979059739677,0.0005794726876295996,0.007410528631518739,0.00011733321154861135,0.09099818918843991,0.9659222209564894,0.45247942825996895
0.5234936974388172,0.20932121033642964,106.7865882265144,0.04088552280915236,0.01494965656961508,479.2745833596906,12613.823282442734,4.8916854257086975,26.117235043533043,0.08413147702490155,0.10397891738963183,0.14292541724552457,1.6222283478550603,0.5713322652112273,0.5309679588790581,0.7582330564488091,0.8050271692855997,1.3840907482891487,0.0005811183886793947,0.007494594104121237,0.00011755873535776017,0.09113636056865618,0.9689736610181342,0.4473757101357859
0.523017722449664,0.20959330077771646,111.02491008752126,0.04084815557774232,0.015022558790044466,475.01250846955395,12605.042734808054,4.86968037836599,26.19186144203955,0.09257680613910205,0.10476274659332746,0.14233947763370783,1.6136765682984555,0.5712175270133982,0.5345546218584731,0.7581255633991975,0.8148058534923638,1.3888596205995507,0.0005777121915413939,0.007527028452720456,0.00011843513662010705,0.09154858572246773,0.9663393948329347,0.44312731172059777
0.5229135805093502,0.2099621707775208,108.84673343855741,0.04100923188854851,0.014969116300768802,474.4414894492783,12557.212851003647,4.874971910666647,26.267991111389684,0.09200127036641387,0.11420925656053582,0.1455383153038788,1.6187669175727746,0.5747460204766441,0.535417905244919,0.7547872413675342,0.8177022834640358,1.4004550638773152,0.0005776018267743175,0.007536734720835548,0.00011725376358454905,0.0912769475900126,0.9666001565362218,0.43902848452526955
0.5216012725250861,0.2105608256035699,100.75185444011872,0.04071505919161919,0.014865146635569447,476.22498957072946,12434.203834278605,4.8603571339270095,26.589542836348624,0.08886307813421435,0.1140071847603932,0.14757603354545284,1.6145368422920865,0.5749226925599812,0.5340580902014096,0.7551635493550711,0.8141504198886259,1.404887033696169,0.0005772109342068307,0.007507964648654755,0.00011817317537002175,0.09135710285316119,0.9690630569864265,0.44016003430836786
0.52042887960484,0.21166710288172402,111.39122899138869,0.04061612364252814,0.015058958652020029,474.31322187186123,12417.763506426114,4.859584012514514,26.5120466181384,0.08704743164701526,0.10406228137656633,0.14157939238070408,1.6131592545195135,0.5773208256220588,0.5337059329844541,0.7493221760114724,0.8162971824308846,1.4033050951961095,0.0005756091598553051,0.007448958625190586,0.00011740682122367749,0.09191826791789962,0.9626952227378633,0.4462752972782976
0.5182701171452457,0.21114319389819572,141.50626211772237,0.040683803222423494,0.015377677590586418,479.83098268906133,12471.174289770932,4.847128980902204,26.81564963533481,0.0900476533716613,0.10726621413784539,0.13811706358754108,1.6012073304333703,0.5786659386549912,0.5268065106052596,0.7490018545959091,0.817508441935988,1.4144491215233086,0.0005755512970169139,0.007456551154964149,0.00012026949277197987,0.09196815432075092,0.9606825424358124,0.44920396392561296
0.5202922626421194,0.21111115921632173,148.82783844836555,0.04055346626473614,0.015201240577529399,483.6341596091755,12480.795704993869,4.8018564335106655,27.00354201601459,0.08585197938686054,0.10436541256386153,0.13896854979603157,1.605182007512608,0.5796567441187308,0.5247322176847548,0.7499029143290235,0.8237983867670966,1.4166280953878316,0.0005818428730576266,0.007461826475557889,0.00012057631745003722,0.0908847224671601,0.9660733020158571,0.44293381726115977
0.5191036681880353,0.2120124481156553,157.52180648433273,0.04063410431727042,0.015432795399158459,486.7272540167336,12465.739292834356,4.805895717499855,26.720311294831564,0.07664600323954798,0.1032515121712882,0.1356457456846898,1.6001402665193154,0.5779511556430333,0.5266281034497079,0.7465703746701948,0.8239844622416225,1.4278638335885327,0.0005826069007880745,0.0075326195654654895,0.00012038276602480873,0.09029475196081804,0.9704959483494568,0.44341678042328664
0.517055582290592,0.21267559358840477,154.07202798352026,0.04050038369302697,0.015607293917226204,488.57487082573425,12553.70579444317,4.7791640745282,26.85335440688556,0.07593774399015621,0.09837340113976537,0.1365524046998337,1.6002818051251722,0.5759844060405439,0.5236692507637567,0.7483213122768624,0.8341688273978909,1.4279992600274416,0.0005817246093836382,0.007484063872364841,0.00012141484446060305,0.08887018440437779,0.9686395006982846,0.4501222217979556
0.5209076647660814,0.2139113645204455,161.71171748170204,0.04050866483343846,0.015730006715647053,484.5936559750748,12448.234698380818,4.7533659341288095,26.737367405104397,0.07780645319396239,0.10560319390266407,0.13968134630143436,1.603221154603125,0.5763426390701248,0.5218836144067952,0.7538080032512918,0.837929108115657,1.4279054846507964,0.0005852770970160982,0.007515777731451539,0.00012333771414387045,0.0888551509790217,0.9657233280769582,0.44781885250775527
0.5207772551283681,0.21466752351210047,180.89155545390378,0.04062143881773647,0.015767654558091343,480.7926897323783,12398.330109180295,4.771438750695381,26.80876226779843,0.07855370058928159,0.1010486886162336,0.1401747018940391,1.602867188626247,0.574056992851946,0.515947062655168,0.7512074407894238,0.8376628310040671,1.4287132853080864,0.0005847992665021001,0.007532963461975545,0.00012343058774260367,0.08972765600220553,0.9642804919073865,0.451442127542887
0.5201163011415335,0.21527899278071183,185.44941562529567,0.040656852035739835,0.015607032620238055,484.57058924526285,12394.468945636057,4.7272393396086825,26.857994010986708,0.08386404582658046,0.11450967638064825,0.1420453170877427,1.600178811365747,0.5751305635276551,0.5152525143252206,0.7513320512746529,0.8399922784033157,1.4435659840201407,0.0005848257966564472,0.007590307734605599,0.00012449399967849825,0.0890444557986694,0.958439488113107,0.44202575513948816
0.5189750753323289,0.2160387108838012,157.79490642713336,0.04061439143475739,0.015518464935004583,494.2277622384925,12420.546613184411,4.735719412011565,26.604437055921565,0.07574684553955253,0.11777832630731548,0.14467247900382382,1.6125848810666883,0.576587782161178,0.518868177893717,0.7498503403222571,0.8438735104081695,1.416027260011034,0.0005846916650787759,0.007550349794829274,0.00012331736182195219,0.0894417371797628,0.9625018351775388,0.44320895726988396
0.5164277516774856,0.21621273527972484,138.29956566319748,0.04058817756228365,0.01555255021714075,495.83309967493955,12439.884147269058,4.73718826023727,26.544790227059675,0.08113929612670463,0.12268869573960929,0.14254370471957678,1.6147036620044952,0.5798084712572626,0.5220060026691998,0.7462858132067752,0.8431925683565141,1.4195223127453254,0.0005900547124496323,0.0075575212527181305,0.0001222010268135669,0.09090521001084191,0.9570322837818065,0.44218842926545576
0.5183149490397692,0.21652499728276745,129.25262727578942,0.04052081042648311,0.015518297060094428,494.9968236585312,12444.011435678205,4.739152530162284,26.825227821775385,0.07446312737655703,0.1183625584825467,0.142577796712088,1.6097987631896438,0.5812382664804469,0.5205865600027166,0.7459389652018913,0.8399806674930813,1.4225867554634148,0.0005947817355360854,0.0075178290899118065,0.00012173269736784715,0.09091148523338619,0.9576751308374637,0.4454308451769408
0.5232648540807893,0.21475396059172144,120.64500658799894,0.04054862355311107,0.01572521652001699,494.74545302622874,12582.135279394484,4.745323386227806,26.715349262592714,0.07356371894161373,0.11524326688339188,0.14526680679024154,1.6110564516980324,0.5838615230389473,0.5224162894954045,0.7458822616267748,0.840658321912218,1.4182020416358223,0.000598424347351583,0.007580032203230634,0.00012329328000910405,0.09213044278683095,0.9657389917045163,0.44515911502507
0.5233037834782718,0.213837006201593,156.14626241788665,0.04043022680260275,0.015668269965777908,504.5553303255843,12436.736210144805,4.7315918903255625,26.50506142648623,0.08520046570150284,0.11845507213975959,0.14785410509879574,1.6010012377002432,0.5846031852807348,0.518902456926736,0.7440634920459132,0.8424006923851938,1.4202592226775912,0.0005948149574449834,0.007566129803057593,0.00012417671369900345,0.09330261805858485,0.9644390035627575,0.4425559486788914
0.5215455453450609,0.21341463244279074,152.61804307428642,0.040228534045406265,0.015901204725084068,508.0502292462479,12443.504686162036,4.744726255478964,26.293437179474605,0.0851966420480101,0.10900313246769883,0.1508822632987559,1.605183971993247,0.5846904111085952,0.5189664770031602,0.7421018556810365,0.8426248293107111,1.4195602950297752,0.0005954834838375914,0.007475860580973964,0.000122461472155769,0.09396260053186369,0.9558808588924393,0.4423540278212563
0.520896313214957,0.21252651168053843,164.44942663993518,0.040204128485306856,0.01615910231195658,504.84563349706565,12429.629681668328,4.7425869066078405,25.9904542591046,0.08427387216382314,0.10869148843547471,0.1518320051178421,1.6059549354668274,0.5839948462667386,0.5221828013342633,0.7401750163686776,0.8402619025622404,1.4252959093073168,0.0005961991753538262,0.007541710087856149,0.00012331971932443535,0.09375664461469277,0.9499597928640822,0.44487569362483426
0.5202336716296763,0.2125481287083489,118.65664639085264,0.040340546831555114,0.01610013781076385,512.1550839422131,12522.035366419725,4.769185517309824,25.860822585945808,0.08675443202511052,0.0994713093704419,0.15188047958731524,1.604511239764978,0.5823723140387181,0.5197332433352916,0.7394965502809695,0.8421426640615036,1.4327604706100243,0.0005921384459708438,0.007535537939020352,0.0001219488823959886,0.09451914302539659,0.9440871970633609,0.43783168008176837
0.521852102770788,0.21201953709680693,116.66631816443618,0.04040651946380211,0.015991251177430683,508.3429603282656,12482.8808098049,4.747305759375558,25.798603750688773,0.08083140582143923,0.0991073856402628,0.15011035726653568,1.6017373231595025,0.5817566038626668,0.5206541103862118,0.7408537314315002,0.8449085460316946,1.4296283627265949,0.000590377213300451,0.007534100651144469,0.00012141088621015737,0.09540539474226599,0.9531458400014754,0.43732563300867616
0.5201878132784407,0.21182670536531992,91.13300805912279,0.04011729181572456,0.01619484525605875,506.0741941155578,12456.93818169557,4.766922331580814,26.047215563542064,0.08731565790750723,0.09193337361241007,0.15093716619142375,1.6089112520340791,0.5814875853961233,0.5188273955192825,0.7424350933668027,0.8507308178527231,1.4244408310569188,0.0005867590362403166,0.007570903036860937,0.00012235384964916834,0.0960478211697,0.9653732825079018,0.43905302756441655
0.5217734574932253,0.21070517780592668,113.56958912308285,0.040339762982714716,0.01641027816313655,502.6590970596519,12383.547621216365,4.736561657616585,26.092832728241287,0.0866250903845742,0.0937119610627057,0.14739581015987221,1.6035036120911341,0.5808082848032882,0.5186641741400165,0.7378211203153309,0.8507311885426745,1.4072905194569791,0.0005821606362380745,0.007559914536733821,0.00012220310781917507,0.09609860926383808,0.9580302524239177,0.4378577939680987
0.5210661355169283,0.2112815007694524,121.9469645039944,0.04048604112963382,0.016381468910622258,494.4213339742596,12365.251574409189,4.715391810613283,25.936001974645468,0.08858679457881402,0.09327450262715048,0.14759702067367866,1.6116801183494336,0.581320869430127,0.5178148125899361,0.7385510949974241,0.8520909389376327,1.407829616583384,0.0005793680513100552,0.007628544945174141,0.0001241770092434757,0.09641664114557003,0.960381390758253,0.4305211175289076
0.5218137867526889,0.21041935572079687,135.2016901155554,0.04051311112635306,0.016182406765157722,498.20499646499024,12342.399277764134,4.707224341963677,25.819852817414585,0.09358078504740973,0.09057562050840708,0.14861715492741487,1.6041434650195339,0.5823585773623287,0.5191900086360483,0.7390646552059811,0.8463524658616822,1.4089819095766996,0.0005825046528466959,0.007668303525684368,0.00012426646295624145,0.09747428487197583,0.96723714775689,0.43577405760188703
0.5227924176927222,0.21208527332066524,104.52297929498364,0.040662437544368976,0.016187943222094273,496.1101128463396,12277.167747437077,4.7196274497259605,26.040287546440307,0.09670857171942392,0.09435946655521998,0.1484871255735883,1.600303872703179,0.5800555135062141,0.5158138939883501,0.7416060297505993,0.8420248742294943,1.3938637247060115,0.0005875600564617707,0.0076380642537652275,0.00012477350201255162,0.09658895463854356,0.9630151903163509,0.44777661376722067
0.5222908982301762,0.21245422093928196,104.4430934569203,0.040794965588365165,0.016221039676383844,493.1327952352807,12391.807986627666,4.717191052166629,25.995631361947016,0.09743466951182868,0.08010208641286189,0.1481784067964962,1.604395761626383,0.5802069286862468,0.515081844524467,0.7460480045027781,0.8310487516833698,1.3987132978956502,0.0005822166570694931,0.00766742764087795,0.00012401430953463586,0.09578547807159779,0.9703346191698735,0.4488943091721801
0.5236681811566536,0.21227935234046014,114.14278153996116,0.04091469391564948,0.01643366475133323,487.04136934422115,12288.534680497802,4.715246742058784,25.888431430449668,0.09112467217353915,0.0875342577804441,0.1473498742103735,1.6044116008815872,0.5822796164468971,0.5151666138398454,0.7474447686082386,0.827987210497157,1.4035110186681505,0.000582343549801477,0.00772461929138472,0.00012520571972517904,0.09555860449500331,0.9751242624947065,0.4534211480546928
0.5229017532110236,0.21235016061519346,138.61350544797907,0.04097911356102084,0.01659222775576393,487.47424555809596,12219.724910337243,4.718707262596328,26.228416944784893,0.08764613697983653,0.09239916973411849,0.14832494989049555,1.6051655213939544,0.5743466666027983,0.5084777884568917,0.7466844143643181,0.8274740229448101,1.4026636372830814,0.000578775783125348,0.007803711519541811,0.00012702898579123055,0.09564953930061845,0.973794626104972,0.45134809573136553
0.5238909522357491,0.2127985064456934,143.2853350445636,0.04100720177422333,0.01653719378741263,489.67347153928466,12222.469026798124,4.726105454595388,26.151801030964485,0.08688333467101565,0.09006604372517114,0.15328237055396754,1.6049610581506784,0.570356383660476,0.5102477315004944,0.7436789405544055,0.8360266079260138,1.3959133233900165,0.0005783374825849684,0.007835762222598795,0.0001289729399715883,0.09553993667117895,0.967336427165079,0.44505772320838055
0.5244600900587675,0.21235180059050152,129.81523334890701,0.04115453460179259,0.016440209160866463,496.16599662909806,12174.761517237343,4.73485194407406,26.229992318744863,0.08685330947528011,0.09401779396409682,0.1526041328036908,1.6042035369436065,0.5699550315069212,0.510436798034324,0.7463601057929965,0.8383171935238369,1.4110145962978178,0.0005835611106944286,0.007875165620055401,0.0001290949274905295,0.09516664131602837,0.9687117514785972,0.4518923860562132
0.5232892722889347,0.21287370058218408,150.27166221093754,0.04115252299347588,0.016477283558488234,504.38153207683587,12138.317464984015,4.716411879651777,25.767855952098024,0.08867489263542379,0.08817798628144079,0.15307492051118735,1.6155689055865252,0.5726753700757592,0.5098777996839522,0.7438392375248073,0.8448263695119563,1.4120861581701314,0.0005879473677016892,0.007830352239486622,0.00013000655821370836,0.09715422847544884,0.9615960254440038,0.45616309113478637
0.526077013661906,0.2129361710919943,149.70633172516784,0.04122275928313738,0.016394449467645494,502.0981796135579,11971.06627082479,4.742085062525441,25.71795759158005,0.082317540919167,0.08852451569749398,0.15243149194706598,1.6227988019304678,0.5703781893742677,0.5017663385762728,0.7428780527473053,0.8463881584863363,1.415847831392686,0.0005900470439844215,0.007810721489098011,0.00012964334912030678,0.09718740158402198,0.954100497911668,0.46222540027394815
0.5247071072280542,0.21347841612136073,184.38895013955775,0.04119001888987712,0.016184786585601896,506.1770317516537,12080.311943003242,4.714446774305074,26.00487390771526,0.08861388790124863,0.08918478259715092,0.15318863564456722,1.6123024550824936,0.5705794299281726,0.5033634359667281,0.7464990156325043,0.8537773481684849,1.4179667397578608,0.0005896266509541892,0.007799372855679024,0.0001308694894845608,0.09783925817102053,0.9544029632983614,0.46152011691504385
0.5249811958356005,0.2131821534525734,199.83263581600767,0.04120539639279873,0.016104247386866055,515.3642235467064,12109.440437207993,4.722213614815035,25.73717489369414,0.08317147852108357,0.08206756146209686,0.15376047992832834,1.6156356301375479,0.5710665689423849,0.5018536642887784,0.7484298754823842,0.8498947958689017,1.4205900339503192,0.0005903553856234968,0.007784500967646251,0.00013108706014990768,0.09773103107064238,0.9604821773528043,0.4575509819303443
0.5252920227543951,0.21242243987453063,203.83215008044948,0.04106926676296614,0.015899575938049724,514.1197596312386,12059.34794671828,4.70253382872933,25.61099100467818,0.08871993599006658,0.08711704747216666,0.1547314978908004,1.6182551513535566,0.5726999225756336,0.5036956337342493,0.7497965540568553,0.8530499205438832,1.4096289977520722,0.0005906116275988128,0.007722647077687245,0.0001312792040999311,0.09810382440137123,0.9652895320326329,0.46244775438947056
0.5271051053264865,0.21286626324239843,213.66075045106737,0.041045676194599465,0.016013348752093964,510.75634182331794,12239.477478768995,4.714418486750542,25.721758546477464,0.09020362674780882,0.08779653700805015,0.15396537841571015,1.615030665714538,0.5720396566861501,0.5028285020712198,0.7490026435237082,0.8502523624700831,1.4000512766487712,0.0005930736979785402,0.007769937415537564,0.000131579824376761,0.09719832710520639,0.961007173783215,0.4569654416944444
0.5242199365534077,0.21226912793178382,196.47789837266438,0.04124521582266139,0.015864914029923377,508.14608602388904,12275.864484228632,4.68848085817975,26.01052188900873,0.09309017384821099,0.08240984241962576,0.15297157744397957,1.617115345434208,0.572932349732256,0.5039927719684228,0.7537393218112101,0.8409226698215089,1.4052728432373964,0.0005956763704367072,0.007744424472950134,0.00013132016577521157,0.09537816503077667,0.9601904813072477,0.4536859772952472
0.5234206114471804,0.21135344838206924,144.51987988067503,0.041162940172180876,0.015683373705340488,507.7727583131963,12370.7196734946,4.670920114796744,26.262645934725867,0.09579986336903679,0.07646373790540664,0.150680912301218,1.6273227327614395,0.5750985914699142,0.5009396846979192,0.7529879817118856,0.8401033655174782,1.4053954215315443,0.0005931173384430954,0.007759334158202648,0.00013313747761871622,0.09522594934996287,0.9524269674036956,0.45365424538683985
0.5244613506756953,0.2111944206859594,154.31436429615013,0.041339293413629484,0.015746659606759,513.0340773291397,12442.931612854805,4.682005475986268,26.19415868937222,0.09908689482838376,0.08159847246905695,0.14847983083642516,1.621426149353976,0.5755704322759511,0.5019527242765153,0.7531198504182551,0.8414613737899815,1.396207884771727,0.0005887864993896106,0.007763288191181658,0.00013368847066619647,0.09393135481360813,0.9397795782879466,0.45794401742359864
0.5257782943617976,0.21052664253209583,164.98867868539983,0.041359466455833535,0.016011681420828944,516.7990966105592,12474.727127582593,4.656684260362915,26.21214589758541,0.09925833401614063,0.07908305213135966,0.14747136297508326,1.6103111370373975,0.5740596646386917,0.504576659787664,0.7512599458394494,0.828798608148472,1.3848300231851454,0.0005953704993960702,0.0077805021001374295,0.00013359768279223543,0.09510868975837955,0.9375148572889523,0.4533433765063836
0.5232772200330683,0.21169699779537823,198.9692724270069,0.04119928775673968,0.0161622501039245,517.179274509279,12551.922504863045,4.64995241187234,26.14814015795542,0.09675588435208717,0.08032722552556121,0.14632254875351863,1.6194477440640727,0.5691048979434007,0.5091222717445909,0.7523908458432061,0.8197862783157672,1.3874781738558555,0.0005938963758241651,0.007763136384117672,0.0001348687017604932,0.09541459221353078,0.9365467024621362,0.45845324516995695
0.5225753901264274,0.21094860480856642,222.47657602524023,0.04135881559256749,0.01599638079869863,510.60107752935323,12508.527480733655,4.643034319487685,26.080633232075684,0.09607764975608026,0.07685745017474395,0.14929901125112324,1.6245672842486125,0.5662690979907429,0.5045967119800978,0.7488342557191512,0.8096596047239587,1.4070057017299322,0.0005948586483858852,0.007754987652532461,0.00013446890063056256,0.09478200097222006,0.9306727653588561,0.46239431197639025
0.5229183837656742,0.21082429930296623,205.79245800637244,0.041285162953302236,0.01567662602871232,508.40766998998146,12488.769208914442,4.655005797780839,25.84703069531067,0.09487321640382927,0.07781716564653754,0.14769608493285427,1.6480820429299168,0.567882584899353,0.5052622936191009,0.7468180794300583,0.8054030115078146,1.4187825382135906,0.0005938449757393998,0.007672724986855765,0.00013393153056714006,0.0958540928794083,0.923924340650614,0.4644520924585213
0.523065199940274,0.2098378818479466,191.13276547790298,0.04110122626772835,0.015473987078639215,516.5328665047601,12483.15526295904,4.644637893910841,25.893994009216698,0.08989832229106208,0.07675352186478575,0.14526433813542092,1.642672610891575,0.5662363092059575,0.5008106152444622,0.7487087097469491,0.7984071497258974,1.4201907918499361,0.0005960143717206866,0.007683497995335348,0.00013280128888667035,0.09675599619337687,0.9209996546017893,0.4677243015204735
0.5223239625895812,0.20939529305553348,195.29472236052266,0.04114170912074344,0.015550150099228813,519.5288039914999,12521.997320073027,4.634098203692876,26.082971530800986,0.09394003458084593,0.0744017631702425,0.14926545997449556,1.6408571506209022,0.5680332936815982,0.5004819310961738,0.74964634127661,0.7952375351094535,1.4218519367988707,0.0005986207868076619,0.007702356175957245,0.00013159594359332083,0.09666532569762337,0.9227466515183823,0.46755777196332754
0.5217107204694948,0.2103765603063737,220.56213923892656,0.041041336895122696,0.015650428619522486,515.0591377906121,12507.280036603282,4.6547825989899545,26.114226278918277,0.09072490659887676,0.07641920975941018,0.14781319086138123,1.644346907252262,0.5669623860685945,0.5003003807375115,0.7527857992563209,0.7929450948832295,1.4256832250960074,0.0005972372006511631,0.007761496598404868,0.00013452140869064052,0.09649737819186191,0.9208003976309944,0.46728766094325674
0.5236647572040807,0.21127543244224262,219.06759656257404,0.04109323215903119,0.015685048894907308,518.9119382965147,12565.138282559697,4.635030585820962,26.314755345643842,0.08498150785560689,0.07566408727738214,0.14500068024034746,1.6482846013576293,0.5666232487390774,0.5019778786910332,0.7578927210906572,0.790379405957035,1.4212115084030874,0.0005964331818388192,0.007768914927272406,0.00013328877246794585,0.09553833546439804,0.9298535299885046,0.4664403477776337
0.5226748894879318,0.2097011062842003,227.10610233619119,0.04112063030563101,0.015740723145375477,518.0153865851022,12627.02362253505,4.646126135035649,26.20283192563746,0.07895160192503392,0.07780551642005978,0.14499134234091926,1.6466584153133768,0.5682265219167174,0.5013971242863666,0.7629234361447493,0.7793822424931381,1.4237502280554264,0.0005967015308265194,0.007790365051797099,0.00013368688665764273,0.0956988592809657,0.9272270261072199,0.45869501076035896
0.5200299948685554,0.20930919191785063,221.17001457734582,0.04111526701067753,0.015991739495106468,522.3768155224485,12572.088188785614,4.639625355656814,26.244890824417517,0.08010210627451426,0.06996208365708158,0.14536446396051717,1.6416182458341353,0.5691334794102529,0.5053976910805199,0.7615239957825057,0.7795186115978276,1.4214312030860614,0.0005969399554530436,0.007867756348121884,0.0001314260062048362,0.09591913699010542,0.932578302742853,0.4597654547589241
0.5207898331691878,0.209715667993436,231.68412274391366,0.04107709043469141,0.01648978827588616,521.4488172261513,12593.422876679211,4.6119303806562995,26.3606110442286,0.08653421641995014,0.06467745312696817,0.1435856517428602,1.641459732440773,0.5706831784835803,0.5098569889236334,0.7604198750812057,0.774357487328829,1.4214727218346392,0.0005976800959600386,0.007861997556293451,0.00013134018425101204,0.0939478550486622,0.9313505034979682,0.4610702990439128
0.5189678077611689,0.21002627528269407,256.8215933204071,0.0411915437937935,0.01644674778118143,526.4930554897389,12571.520153246607,4.656505966614082,26.32899523894926,0.08766093790940116,0.061460999640188925,0.14324480351562338,1.6409778742683219,0.569620836870227,0.5147257938767791,0.7596957628089531,0.7846596404840714,1.430910008955861,0.0005977243958411946,0.007839334928249158,0.00013125275319738117,0.09484920938579484,0.9316927876875892,0.46229203631849713
0.5174640211933506,0.20980375352134661,275.0141268788731,0.04131868562722005,0.01641244540841122,526.7444309845747,12576.040588307187,4.668176018530682,26.437407758269096,0.08491973145500872,0.07023884408081064,0.14806982640947905,1.653024835494719,0.568064848845284,0.5174403077698256,0.7606038746919913,0.7921429538315939,1.4275380120489007,0.0005973578539830438,0.007793753528331625,0.0001321914553945224,0.09426686431935047,0.922028895416268,0.45632650820753196
0.5146843479826188,0.21079838878136467,240.2796278622243,0.04116692430824296,0.016246478961650438,525.1747195002106,12572.687327600366,4.6837708499164545,26.52677454912508,0.08872582910115656,0.07335331600488018,0.1454411617799349,1.6430112478351995,0.5702922600714521,0.5174214339940378,0.7672484402094826,0.7891207829365071,1.4444324985974923,0.0006002409597633923,0.007901111738403773,0.00013305619639713786,0.09444766181119776,0.9179688905931284,0.456569221551229
0.5181932928982537,0.2105374631440725,246.1606501955039,0.041193855246210886,0.016256558569838177,530.2159506938749,12522.32507574784,4.672944975122438,26.856096338258624,0.08758354336207565,0.0801771414932597,0.1495919033766897,1.650488421317934,0.57033707824332,0.513367402659057,0.7712922211604842,0.7901354815139441,1.4394525462511285,0.0005983748772209992,0.007868660451854177,0.00013462471901189504,0.09400843001876893,0.913181052427663,0.4468161196749175
0.5187764701670986,0.20887931257229675,244.25470920849256,0.04133071461851512,0.01630492853384244,534.2742659789448,12478.313642958103,4.669884498374597,27.134035725270973,0.09252262924928654,0.08694690803948227,0.15061485371198363,1.6491267658342095,0.5714327485646352,0.5112123922325542,0.7736101197030291,0.7917828110514588,1.438977407676244,0.0005997704387309547,0.007963389872354143,0.00013426116331999847,0.09252690199771371,0.9132516364464499,0.44495111712439284
0.5179249071894007,0.20857549110732193,270.1590512633086,0.04123035423473661,0.016050249554829314,527.1510336763902,12479.15825536292,4.661365549950389,27.300042747300743,0.08934527844149083,0.08538349458575188,0.15317027682444506,1.6552709896963702,0.5722584884583188,0.5128432356863626,0.7750129380785445,0.7962756944431076,1.4378518622514815,0.0005998009268925735,0.008056860037685387,0.0001347491832518647,0.09169594863505347,0.9224225777223398,0.43963835475982416
0.5206822874542494,0.20798611235805473,297.94967255262634,0.041420210893513616,0.016251712283007383,519.7147031606057,12427.721435536097,4.6631329903801095,27.348403125735114,0.08385553985808988,0.08712641043125395,0.15077174408008218,1.644609376981021,0.565854868523654,0.5127177148452526,0.772497741322412,0.8003085126077002,1.4305552150073892,0.0005931059273766072,0.008190694144537235,0.00013337811691138378,0.09157552145119777,0.9296864041278458,0.4424514789512941
0.5205489083401664,0.2082718750032506,314.01449473509825,0.04124603223323244,0.01619244681714505,517.2539695110047,12443.82869558265,4.652566813765944,27.053352251453074,0.08227147842976275,0.08013632970736359,0.15011220263925595,1.6401136022599023,0.5657885482257917,0.5169397862133199,0.7741022700521809,0.8103480896508521,1.4208948591566115,0.0005930116954728741,0.008181962115587154,0.00013324561816205292,0.09133971672485944,0.9291287052325802,0.4370866455557227
0.5217389559594167,0.20856190127722055,309.78834116811066,0.04130643908513255,0.016346521253603502,511.690906934258,12530.256748782167,4.6596031209764694,27.019608758172385,0.0739081113377521,0.0712764140584047,0.15317375464883332,1.6393467226396528,0.565969298353786,0.5142918688923019,0.7748878082142924,0.8046959181427062,1.4066616354879515,0.0005950621880192906,0.008240047200663176,0.0001344432531620404,0.0921359187777732,0.9303565338424734,0.44036521106635645
0.5210432747488459,0.20943548719585756,316.01553393282495,0.04155682426728041,0.016207124569716912,505.9683430258712,12592.665042776129,4.623482738897747,27.216840341265403,0.06938342652062228,0.07455911228048562,0.1543965125138173,1.629808970261503,0.5645670432999154,0.5108232067239542,0.7741510811523917,0.8063034531703226,1.4026560806691402,0.0005911560709873997,0.008290855824864505,0.00013606814580577933,0.09236490216162845,0.9308940146081164,0.43564593122545003
0.5226055971102295,0.20979505629417686,348.88852999945243,0.04160776245164529,0.015908022008727433,504.6494988093497,12582.766866075448,4.636515377669766,27.026299699729194,0.0733292987888853,0.08103170839886628,0.15628652360608203,1.6253428126420797,0.5617488414832871,0.5112537885056072,0.7757993120053845,0.8061882502846435,1.4028810693715463,0.0005941493903123701,0.008258947010158788,0.00013704444742170552,0.09303384512572227,0.9253843144255027,0.43417910516387004
0.5203801424013953,0.20956820058706246,366.4523578695069,0.04147837168162448,0.015711468186753907,502.07994694029253,12587.444401120349,4.631657877185078,26.799780174435277,0.07153182451235403,0.07063885144094771,0.1528014758435027,1.6234402684237474,0.5620041579138513,0.5156354231519175,0.7774680098541717,0.8089111874131365,1.3887185135277504,0.0005963193522034195,0.00837584900173154,0.00013694037940164823,0.09344276114743587,0.9285535252318611,0.4218183357898353
0.5226981192338569,0.2098772386037048,376.9730771113605,0.041518981798123265,0.015746246451514335,501.2132524354383,12581.656876075944,4.631107211394756,26.502267479249255,0.07295584264335991,0.07436780262885062,0.15341540745686189,1.6216212537650565,0.5634875149594056,0.5166607187985665,0.782173806825415,0.8091750554332097,1.3940066577409658,0.000594058352385957,0.008438443105696152,0.0001371894197077781,0.09508742672985565,0.930560639347355,0.4153818216679148
0.523280748360729,0.2102638572623201,378.9348253701567,0.04142016284094329,0.015544531416538459,505.58401684951446,12533.014177244795,4.611001016465419,26.762393857039388,0.0774002042589835,0.08485053674418598,0.14873509171100385,1.6186874878855637,0.5639204882171664,0.5190764284985655,0.7812477007596537,0.8026858440189861,1.4048437442626753,0.0005931041619520989,0.00851591967414371,0.0001367135087861315,0.09389136667538776,0.9270411632085972,0.42038076604966423
0.5229278163957075,0.21065020634965861,355.26418778416854,0.041468795687055714,0.015482867753231563,511.4595779964555,12563.519461872713,4.604265464005702,27.062889874223778,0.08492367374506152,0.09101943724033727,0.14746774247547248,1.622018207120128,0.5624505784392316,0.517773045574175,0.7840452950284506,0.7942608315147128,1.3972202160041716,0.0005927262292076878,0.00850291209200364,0.0001372112864121602,0.09419056484878542,0.9254182861832594,0.41344211792140795
0.5214934699424997,0.2105779671351291,324.19652052752804,0.04133412412180354,0.01556458804763158,509.9267135466786,12538.139044977552,4.6053354242335764,27.275416030970636,0.07831949768584762,0.09480521166634573,0.1500155151965317,1.6253531056170598,0.5622568443273468,0.5158985233285087,0.7854468052159606,0.7878413698401284,1.393248739601955,0.0005885003202367534,0.008491819896931693,0.00013634237687246484,0.09357836658771554,0.925959354930762,0.4199135837610003
0.5195952948061368,0.2108237510754559,296.54347777175394,0.04133805322235206,0.015497051454049114,506.8442898987768,12528.110310522336,4.626312943565191,27.413002545947542,0.07485912187817888,0.0883388804077207,0.14704143044709392,1.6280574020285814,0.5620263006965858,0.5139449787969408,0.7835281932027254,0.7818614038022421,1.384210847731744,0.0005917834984086621,0.00857718772664235,0.00013483454254242935,0.09318165345632003,0.9278280483190291,0.42284157482333196
0.5200148081188778,0.21012430287028724,255.94580633412306,0.041244615847293276,0.015480443095861177,505.355930875401,12578.401021472497,4.606540389856917,27.25125482306506,0.07197205555767792,0.08007181712181305,0.14657838872450626,1.6386332120993579,0.5632559369469231,0.5146125687783771,0.7825499240975372,0.7895497694155439,1.3798593217195823,0.000597463782519247,0.008689693470091393,0.0001362428718042958,0.09359987700643205,0.9327273271153843,0.42821781975625767
0.5196569503061276,0.2106075094220542,289.629711925902,0.04121567956860677,0.015446615730048423,504.5212848661675,12544.0060720142,4.5943881019166275,27.448086191162044,0.0737070791922214,0.07704574516244189,0.14403904934182638,1.6400794888482657,0.5652024228410241,0.515843805887911,0.7811038756065614,0.794899330984681,1.363566331644265,0.0006026984868128108,0.00880216326121051,0.0001383128400316783,0.09276132306957219,0.9345438381191901,0.4223133190020281
0.5215113727308625,0.21069224008433352,288.0152099469281,0.04119816476082443,0.015444068966393167,511.4647635689876,12657.58050178021,4.579375639306461,27.335528681376438,0.06983443030101325,0.06785777272858347,0.14468394506012794,1.6415960417244353,0.5602983015044674,0.5115937625240127,0.7808038202685151,0.7919710722428512,1.3597820301882075,0.0006004389159366958,0.008889808458755007,0.000139164518523164,0.0914155894627559,0.9324592509445231,0.4220693360692014
0.5213703680848822,0.210821106873811,291.60249351637475,0.04144079590263173,0.015465243941913714,511.7014649219246,12715.721132664872,4.596119160972735,27.43445919757776,0.06996073199802272,0.0736564633874447,0.14558715431988606,1.645867957485606,0.5570518174468913,0.5057877198893578,0.78018271751228,0.7987617210474818,1.3497256960352195,0.0006022711899389507,0.008925307044764538,0.00013964771200834623,0.09212993095312275,0.9293428048323115,0.42088097723411355
0.5199264711528335,0.20989149779371613,283.06068386506263,0.0414905445649288,0.015638149765093763,507.2910561523701,12700.826265346794,4.583486408504469,27.102169954367856,0.07621205111394382,0.07017120880661044,0.144418293267583,1.6485308247422195,0.5563211365085715,0.5048533100518106,0.7805508070337975,0.7906770711207358,1.3418087183579954,0.0005993410576222138,0.008909332057443604,0.00013806877640165183,0.09079220611331082,0.9322999832997803,0.4254754389928949
0.5233658378795195,0.20972969409640146,277.06027251778903,0.04158324415231195,0.015628149941822118,506.82960756739095,12589.17334345897,4.604391434268992,27.218398379204007,0.07420630363872589,0.06064619358325385,0.14239162732997127,1.6521076488448063,0.5559957886308985,0.5031396634587919,0.7820355766178151,0.7983838710377397,1.3267223591581199,0.0006016485767225964,0.008948896858266631,0.00013807480008686362,0.09133375482122687,0.9312542611564743,0.42473963867910003
0.5212544149394784,0.21006326877878084,310.0696355990189,0.04137501562010437,0.015934098922048244,508.97877737681006,12671.191905456506,4.607270780243636,27.67530952402403,0.07615520119616345,0.053603407220390635,0.14336701452027711,1.6354490534470614,0.5584502575566582,0.500658512794179,0.7832007745585852,0.8010627519111766,1.325884342437082,0.000599173430229154,0.008921486401443565,0.00013730810483515425,0.09104883252902196,0.9285804825687033,0.42981893058536325
0.5210505258529854,0.21140554989053736,329.548656281978,0.041465343271490936,0.015845505379905464,510.689807290643,12645.53494477444,4.582034914046467,27.415940264768203,0.07788336368817035,0.052355953836249844,0.14331666482331704,1.6318063259413538,0.5566758395136483,0.5012614080592022,0.7774976027515661,0.8019504051151665,1.312563643838907,0.0006020197571634518,0.008910588045586894,0.0001377698271346611,0.09112380577718955,0.924331436249293,0.425902732290582
0.5202160867490256,0.21188473626361026,366.80337950493254,0.04138788127147139,0.01577986626018126,510.8503944991246,12618.54129002195,4.582705239484134,27.520547107691968,0.07968943497586836,0.04850942593319288,0.1433885808656716,1.6210672204283032,0.5542235949445298,0.501356698086051,0.7777406113066427,0.8157347439846296,1.3082923114021128,0.0006004179471095917,0.009059219499768133,0.0001359739247867359,0.09133862069303386,0.9193580591339409,0.43088425554184207
0.5243595870317382,0.2117168616081954,371.51495300903304,0.04131945802259052,0.015764592748527623,511.74773326661887,12665.80795027309,4.585691141074377,27.536508983655832,0.07496446262636774,0.048582527669516144,0.14307327516300877,1.614312860222168,0.5560836338745788,0.5026929486009319,0.7786416272095501,0.8137782847143551,1.3087047354475194,0.0006053985593708131,0.009109820245537347,0.00013593318299185626,0.0930509548285198,0.923454228769036,0.42365801621993776
0.5228101523883782,0.21160002384872914,369.147364578473,0.04117751955602706,0.01572009987656002,514.9833491514535,12647.24713368562,4.562709121899245,27.39044250728667,0.07740855706670922,0.03935933964920787,0.1419448276185739,1.6131509849937316,0.5568434052945731,0.5028734258953383,0.7780547136424891,0.8155919597798257,1.3087934405355366,0.0006054644159443118,0.009039683064789545,0.000137010315409107,0.09325923838328797,0.9212756696805741,0.4240830625176851
0.5258437828861339,0.21185656349577273,353.96096410298344,0.041048011778107595,0.015578779797623392,519.3173106145089,12611.778033651386,4.589982957286652,27.264204006774822,0.08359672909068247,0.043268191297760016,0.1427364636339208,1.6094541025337792,0.5562408543319187,0.5012992197085129,0.7804670959139166,0.8124366553671503,1.3161690151458567,0.0006011589950894734,0.008974253418509385,0.00013624303288357063,0.09261820797672836,0.9233220120936216,0.4164984004859032
0.523483666756477,0.21212732340502125,363.51017734575584,0.0410996983764908,0.015656410653429785,513.6151352475518,12606.773638183171,4.5995469581462896,27.218941450424794,0.08527338765858009,0.039809603244954674,0.1397952214521488,1.6022460353800148,0.5523496178155227,0.5027521312521647,0.7807313652301577,0.814643486012726,1.317620580435537,0.0005993305478967241,0.009009146891934786,0.0001362238832836492,0.0928749430036341,0.9230175173720658,0.4138982626997022
0.521059551959062,0.21082458117662395,353.99903376303365,0.04131859852880894,0.015666033675949972,509.961729846058,12714.106178257287,4.584111940812952,26.828929127316265,0.07991425556866819,0.03868404727024786,0.14147477929028163,1.609401386361446,0.5532124530388388,0.5047678286736984,0.7786482728078382,0.8175283821071693,1.3250925110375078,0.0005986076364203791,0.00894612078637316,0.00013409768759291328,0.09358722285064722,0.9244678046202711,0.4217309198558716
0.5209073320163546,0.21073805026725728,365.582562890015,0.041413979995572905,0.015944627296408984,507.2790200961168,12651.263614183123,4.553209905008878,26.67658398360155,0.08418652799506152,0.029393284125034995,0.14061316381766162,1.6122772065838689,0.5544742029920128,0.502670086295299,0.7802907216721241,0.8025167802610134,1.3410653271962512,0.0005977056152825922,0.009026453433662558,0.00013513129283183477,0.09294776130802826,0.915412926570854,0.4265884159429145
0.5196865345626673,0.20957927324801015,357.9859648153216,0.04149953319980543,0.01584673439384021,508.9124431993003,12639.95025254343,4.5604369996477185,26.870366276982196,0.07715833238226304,0.028892366041010503,0.13900185756425895,1.609232073794111,0.5528006497238686,0.5050162742364178,0.7806749989775844,0.8023172072176671,1.3331870789823441,0.000598886594900665,0.009014135355567133,0.00013656411542948074,0.09233010167669391,0.9196087164118237,0.4205313746962336
0.5162651826091548,0.21006837098169995,362.3912932590456,0.04145191715118216,0.015548997663174587,508.63785768495353,12652.081459892073,4.557091863084006,26.66474846666238,0.07454365733753184,0.025764826017034195,0.13770411967192245,1.6045254988358655,0.5539169113100679,0.505569371737848,0.7814302519490639,0.7948481353765662,1.3371823852100138,0.0005923875482055286,0.009024560994957982,0.00013795384606982882,0.09172242909143934,0.9168115394133051,0.4157236297780254
0.5170599846279497,0.20949847218335538,373.49237140765223,0.04139039380159211,0.01574294317442401,512.374183891076,12721.1527149422,4.5738169857712165,26.59989212988311,0.08271760683812954,0.025150241375734763,0.13437610094109292,1.6027309525977356,0.5611043609344303,0.5067760792633914,0.7824762441543274,0.7959497995969607,1.3369889070848384,0.0005988895088380655,0.008913554904124056,0.0001389209693208898,0.0923061178986898,0.918863903497572,0.41434747887523
0.5149926289299216,0.2093081660588578,367.621306355653,0.04144043860913449,0.01579388679875104,510.90271935769056,12631.3812940823,4.5865420379852,26.888188011952916,0.09624367545324237,0.016512046016175584,0.13377655328699994,1.600894414122739,0.5655357404175424,0.505869827060444,0.7807949178130563,0.8061569434711741,1.339681867128619,0.0005989920581967607,0.008906578567898709,0.00014059196125398355,0.09375707161322548,0.9125666054337974,0.41423770641088886
0.5172102682775358,0.20849816232042642,373.11523945544576,0.041333505258119525,0.015745294608473143,507.063390528755,12684.288607255408,4.599919248279082,26.952690241325897,0.09421871288679753,0.0186683203893863,0.13099067021964086,1.6008192590261532,0.5646238083508179,0.5054919076264001,0.7830464748683489,0.8030903574198368,1.3395631532370362,0.0006035437293160074,0.008864794156941188,0.00014169431521166286,0.09452319289483478,0.9155713257804465,0.4102430031708353
0.5155848104151164,0.20825527854023018,398.06347029092035,0.04119107747848631,0.01578345998547045,508.07719109847767,12881.554238736346,4.5791318414904945,26.926304698877047,0.09937444925219348,0.022809357919710053,0.13006579513393057,1.6102101057491245,0.5644911967715146,0.506052098185198,0.7804086856165064,0.810090666881355,1.3331607600988669,0.0006001795640916063,0.008866631284439727,0.00014224728960384922,0.09297766571945913,0.922478264132733,0.40421784521440673
0.5152672938035311,0.2074309319398634,381.6899435547041,0.041274649465584776,0.015515037530063058,510.35344450960235,12841.766166734342,4.567228432495374,26.91762479544296,0.08660580682031815,0.021006438682077015,0.12877625338374385,1.61895628849354,0.5660034419965247,0.5083266240159976,0.7829066182797569,0.8108779975512534,1.3522295496862529,0.0005991723600452918,0.0088475298927452,0.00014051916696063588,0.09330283160877456,0.9176161430626715,0.4061512441242896
0.5156950496806242,0.20672921487101073,382.3858232042336,0.041151854147088614,0.015651357931284905,509.1338257866316,12910.96885078401,4.573710524944385,26.889732617652427,0.0896375045678399,0.017827454668286512,0.12955784582619087,1.6242351919688676,0.5666724419063175,0.5098568967720608,0.7848586409755629,0.8089054874314678,1.3543300818703428,0.000604678225933815,0.008814955919280502,0.00014081031286492752,0.09471607247837092,0.9165373408315004,0.40599432634972293
0.5143102571587392,0.20569164394516987,360.05074738429596,0.041235162503727246,0.015590757635570057,509.34006595874274,12798.381144095532,4.583593729196465,27.074997967486517,0.10035965045480515,0.019562353259055327,0.1275734093148176,1.6259877072021207,0.5668004477441704,0.5109303544322024,0.7856903533333548,0.8090258545255206,1.3602843920830074,0.0006028630792137219,0.00877002855262855,0.00014282069394780785,0.09568270726278967,0.9165985637804136,0.4080578398591983
0.5117113412945233,0.20671616722541378,353.6028220731705,0.04143026278179782,0.01545943154663106,516.5534438023209,12783.465483652122,4.584738565423301,26.999780560164737,0.09579441321079384,0.022298100620961894,0.12560242121827578,1.6230817104355924,0.5687854964635346,0.5157777515038872,0.7841184030562023,0.804836069561975,1.3549245287616019,0.0006012476604089358,0.008692561933520691,0.00014210696343195251,0.09607017262326198,0.9106056750617795,0.4018760255090918
0.5121704423916331,0.20512512029319555,409.010493368055,0.041445167960320474,0.015443441920078156,517.889424487832,12675.118744393394,4.579206730213882,26.912527782535463,0.10021448595964992,0.02136055235627916,0.1250916241595289,1.6167628567375723,0.5690938840640889,0.5139858762187053,0.7877713087569311,0.8064539301184809,1.3384233794967821,0.0006041864658595818,0.0087164101211824,0.00014320471223145694,0.09555504836836168,0.9081726383207281,0.395902866092322
0.5116285392065743,0.20436856093817546,412.73697334421854,0.04155510718649484,0.01544990751579959,519.9921975115228,12604.97195389892,4.5729711914616535,26.78589209973988,0.10189892576417106,0.020693246611850208,0.12485309952427359,1.6261211316444173,0.5678623638151734,0.5113326449403334,0.7864378070936241,0.8040874811867589,1.3440865649855709,0.0006032870994706614,0.008716270068107507,0.0001441780217012962,0.09427133173301455,0.9161313347302169,0.3911951768527379
0.5102319265778272,0.20519748137698524,434.5177990557205,0.04150897892500108,0.015687822952150304,521.715418806154,12545.940546338987,4.585792426371207,26.669736918890436,0.09314752254388892,0.024370576731503613,0.12488371172728026,1.6250813311501129,0.5693056298959195,0.511333076306296,0.7825191132632879,0.8069426070768555,1.3378328332577696,0.0006045534964806728,0.008795554640766678,0.00014501805811795642,0.09273598170708426,0.9130598094075051,0.38781840067070805
0.5078025064157778,0.2045901632727516,469.59225975830554,0.04159420619340546,0.01557441670839316,527.8405519827911,12532.842474543184,4.574907485571952,26.789307701399547,0.08955632918774065,0.03314934364609533,0.1238136602673475,1.634952974852207,0.5722549412174525,0.5100427324781663,0.7833881029725052,0.8173410608285641,1.337309146018313,0.0006063622622696991,0.008829022428706469,0.00014388606032146066,0.09218698570234996,0.912033326751393,0.38353684767340057
0.509115753615506,0.20479114944618582,444.45505297164254,0.0416437315512997,0.015397896288865748,532.0198190974334,12526.79869781457,4.541998681276391,26.804931488240612,0.0950087608262076,0.03290597681276347,0.12150793909459258,1.6329121102227464,0.5726559103738186,0.5076151877069398,0.7842145025616817,0.8306013557931157,1.3351953952417042,0.0006064917915260985,0.00888831732421743,0.00014487808904273795,0.09215930674309082,0.9085293398910573,0.3820726088887422
0.5085272088348238,0.20503660844474836,445.4005359944931,0.04156194703467796,0.015252326351166277,530.8124870283067,12551.687181263867,4.54842478065704,26.97354388224607,0.09649551448290088,0.028358843258079407,0.1176118308356515,1.6318549376339109,0.570019036704023,0.5091865670005407,0.7836290484444495,0.8318414837720289,1.3261374424157222,0.0006056687237429835,0.008873776450003755,0.00014498673728075516,0.09184930898194238,0.9022567871226606,0.3868012331199062
0.5069984982189957,0.20525476462242528,415.7301528978528,0.04177098031294008,0.015121809832768607,528.5546835474897,12666.829613675309,4.554759568535156,27.12428258732453,0.10319226302942922,0.025355350689045677,0.11897186448678206,1.6342390657704002,0.5703754581328393,0.5033041555312326,0.7856074406354454,0.8333123995341135,1.3297307535300302,0.0006020982069823179,0.008938445447344283,0.00014512596634550247,0.0908141339339703,0.9066074839535503,0.3879519200682054
0.5088850548379384,0.20582225442045332,412.07906437586723,0.041653271606701694,0.01532083281399631,522.02724380607,12707.510820811356,4.559719780464807,26.80636368521727,0.09822721976447193,0.020983398715471398,0.12134863628474683,1.6499471084523811,0.5683977840922816,0.5039104484346594,0.7879319651840765,0.8297344639857775,1.3328029428465475,0.0006031572487059522,0.008938967629018765,0.00014374463891715652,0.09073845586939125,0.9066700693301883,0.3924806047614257
0.5108102171983455,0.20552585081472216,403.0140642305831,0.04172919732750896,0.015295011353924583,522.4307779836937,12636.504478445726,4.535077083966242,26.82837537631099,0.09944326808058786,0.018510720264388086,0.11916152510359686,1.6444979126859984,0.5676064515364939,0.5045439363134039,0.7870985277236422,0.8253031901854931,1.3332019136824766,0.0006030442517860738,0.008942284444205797,0.00014405310003344303,0.09060789897649041,0.9095851592291763,0.40540295428609036
0.5116391280927587,0.20506062600729907,416.64556962589006,0.04139482821311457,0.015247637091405992,520.1443439519489,12719.03853517728,4.549017009431231,27.055784837005408,0.10215579077613854,0.024395638658106622,0.12212051977545021,1.6493482571527267,0.5671506449627233,0.501257224451365,0.7920833588945722,0.8235731022749272,1.3244988896871648,0.0006054339518524998,0.00897386306572032,0.00014373876004697647,0.09088916035575706,0.9149835752506571,0.40486023527572906
0.513586161892706,0.20531326596847363,416.1901090251467,0.04141906629577329,0.015069022265352632,520.8508673135789,12517.54596557933,4.572267963928858,27.034169665408097,0.0999669392351895,0.026947493482522338,0.12150308065414671,1.6510813896918628,0.5673916842366433,0.5007732046239458,0.7923611887244576,0.8150516696156636,1.3245388239071227,0.0006100846775282788,0.008941950533601455,0.00014635316208986925,0.08959442970111942,0.9156928608947524,0.4042498593904454
0.518859924929044,0.2050804406795716,421.63099565435965,0.0413648502542037,0.015106288724053618,522.6863238344775,12509.504021810133,4.584418162617667,27.077195948839783,0.10819558943280974,0.022378219338411897,0.11996398701816438,1.6480900991960055,0.5668221370593152,0.5008210843085344,0.793334016874574,0.8151861580399611,1.313554302850396,0.000609220088674223,0.00894335707645915,0.000146136560094526,0.08927365652933363,0.915281130016212,0.40770135359857484
0.5188172716432681,0.20504327056567703,410.69320685622404,0.04146362471036441,0.014950030313518891,521.329919960196,12540.040329744033,4.5802934105613815,26.926507541738317,0.11128702921922541,0.023264225218857047,0.11956006422883109,1.64027426127771,0.5642632675314333,0.5009316508117896,0.7886232009504263,0.8201325525612544,1.3062254874993082,0.000610283185191853,0.00899106693118461,0.00014700501100710624,0.08973917696649387,0.9141073684114711,0.4065612441910626
0.517204716465574,0.2068261316012486,422.74172843842365,0.041467429651801224,0.015102172767413992,518.6408039782332,12547.195690329267,4.572810843937356,27.04195909774301,0.11049890985807112,0.019484693931572046,0.11765440980851641,1.6548923499713373,0.5674369986431238,0.5027239853572376,0.7867117934206479,0.8266521311662088,1.3024247770730697,0.0006098955155579246,0.008971687165552609,0.0001459265907597217,0.09009973885632705,0.913319994335445,0.4008597963597381
0.5185866285481547,0.20705797132175865,378.04108980945205,0.04118988042037351,0.015221196657146338,513.3736713456168,12529.065345131088,4.578459900811161,27.10669032542725,0.11102935008413262,0.013633330399156368,0.12001449735118908,1.6576053409513134,0.5642694817063835,0.5026722293641901,0.7833404502010202,0.8274358499616674,1.2952777682613588,0.000611034560320476,0.008969877087819975,0.00014581487494812081,0.08968941218356488,0.9129293763955457,0.406814330807081
0.5193633670337746,0.2076556352711411,371.26544659438196,0.04135674220658041,0.01528193516046843,513.4573200006457,12429.334356222531,4.574968040041965,26.992800319075492,0.11336914700627285,0.014835331244093017,0.12025581271083333,1.656320224897111,0.5686920526967302,0.502542619555268,0.7861599412408126,0.8236838511172145,1.291629405102431,0.0006092147047593127,0.009006052852067415,0.00014502284956405173,0.0897211613776178,0.9173628939877694,0.4121532753067092
0.5209006607828346,0.20801422075907058,365.6161837983452,0.0414132913921307,0.015019964759942866,503.1737495981402,12423.808738362555,4.584281190259825,27.018171402846665,0.11433454966608368,0.020717039280496383,0.12400420877620973,1.65739452835172,0.5719741304885364,0.5027884136702657,0.7850333750929468,0.8180091862055885,1.2881070654805598,0.000611489623319359,0.009064156165301538,0.0001454916386098896,0.0916603383141277,0.9167623135638763,0.415071306589943
0.5199431983044434,0.20886726917679055,330.22071274963895,0.041388341269618094,0.015365734339876466,500.91986969281936,12430.97568900546,4.590102069862154,27.264964990976083,0.11279550320077573,0.02121775020747789,0.11933143592291058,1.6559626838802801,0.5713145580630377,0.5014757850245946,0.782687342185341,0.8211050855802016,1.2917694141035643,0.0006153105061834269,0.0089663145588334,0.00014639263488047422,0.09236355778308183,0.9268119775341845,0.41783912685900876
0.5188210792540398,0.21033092110768192,320.816927131141,0.04122059205755091,0.015357092216002859,505.4452919093694,12433.439229484848,4.5781262002641565,27.369887551693115,0.11017598962889515,0.030912806768420356,0.11900780308694388,1.66227383498422,0.5677390073044453,0.504450321027648,0.7821918398213201,0.808848841941446,1.288030072665946,0.0006109071300091542,0.008957457221456284,0.00014691284424094415,0.09301763394606029,0.9281765567005352,0.41911842443754005
0.5190031284374934,0.21023874907777546,308.6334275516402,0.04131341203651616,0.01548410765169392,508.37433039876333,12307.697142710338,4.575299423187683,27.603183366840014,0.10972671304662888,0.03341094484882767,0.11966471868894733,1.672850235731568,0.5684868856421331,0.5002444302050911,0.7851704876492339,0.8169469484964094,1.2885290331584167,0.0006036994638423846,0.008964855883076014,0.00014614557025089786,0.09350763340846836,0.9307785147449712,0.4183127065210587
0.5195997269069107,0.21000497612201302,314.0820136541056,0.041502771801895044,0.015646293099567544,506.3880657137043,12361.989857707531,4.596078099840794,27.714940665659114,0.10457643937649563,0.031176937618596873,0.12186753323071621,1.6765890015258267,0.5683062248343262,0.500823131562003,0.7847785401025399,0.8196747674396156,1.2930286983335992,0.0006040589689588419,0.008956561619772097,0.00014355120993920148,0.09413585419545037,0.9307039877870489,0.420046463405216
0.522024835040995,0.20965651430233045,283.4031068327567,0.04165396858185896,0.015713575058453416,512.6016462949543,12353.863542886325,4.579586077885504,27.830240716447328,0.10563146252065429,0.02117426362453736,0.11899678083900932,1.667780498086475,0.5640564927460567,0.5005217192061362,0.7842638960200456,0.8195709302319338,1.300097211910751,0.0006063804735175037,0.009012323207567256,0.00014378523801945563,0.09462539975011926,0.928936574029322,0.4191412935474348
0.5248089902637739,0.20986000543313083,318.24930616724185,0.04160931910890568,0.015653710694320627,511.555945975128,12348.142136138193,4.588524118593485,27.6110645262007,0.10586606717386618,0.014363183824716755,0.11656229511277186,1.6496195115940941,0.5597873434167134,0.5023249883685229,0.7854360425803626,0.8228929210333903,1.301368100644856,0.0006048129208467261,0.008982289045003545,0.00014447590279391574,0.09325220709581906,0.9236560157206347,0.42058688098143704
0.5233633501517471,0.21027105486661948,314.0653388302486,0.04147243559728243,0.015401392085886267,510.4006469922987,12604.338836526545,4.598433925741457,27.521656989346535,0.09797087596673087,0.012580120344081229,0.11200582389492639,1.6522270949645372,0.5612077191818452,0.502583649948648,0.783314070975524,0.8213027371551312,1.3001117572199619,0.0006058761911642681,0.008961817685056413,0.00014460347598986694,0.09304362482126839,0.9227534001200287,0.4093679026842838
0.5239638716170728,0.21118031327655656,317.1107058888517,0.041538304516204605,0.015290011429850887,507.9335060774897,12536.83499197054,4.581299462866428,27.618573819292752,0.09454268017122248,0.012208612931300936,0.11278489121950788,1.6491283489102606,0.556740988582131,0.5050223853126632,0.7825949407100277,0.823798594947344,1.2875766742437214,0.0006109659999538983,0.008919641452316242,0.00014709805788050073,0.09405199340171404,0.9188483251138059,0.4120246044062682
0.5229640073530712,0.2102817702295886,320.6053868389408,0.04175996850731995,0.015165272700904078,507.07216029206313,12574.100540635258,4.547544828558821,27.45757714428359,0.09204498935605525,0.01741789450789798,0.10806997976714058,1.6579679141191763,0.5579937575764731,0.5066338400001423,0.7827129918507152,0.824242410317987,1.299605859237734,0.0006104545516341127,0.009019910701864454,0.0001490129255975302,0.09419065429964288,0.92228686681472,0.417262040715245
0.5221220455188561,0.21136208560125178,305.27162712973933,0.04162945209890028,0.015117592114050563,514.5215705530162,12447.751202360869,4.555371482093685,27.376286453787657,0.09101682918403788,0.023125729191651775,0.10878177720076676,1.6618356387568447,0.5595647999146376,0.5050186576339005,0.784224323668425,0.8247044889505404,1.2928662841724097,0.0006142242335807507,0.009034507532003098,0.00014964809443350716,0.09398790909845112,0.9246989095023741,0.4068018686606515
0.5223222880362686,0.21114220935863257,301.96708923631036,0.04160445294167096,0.015095371960990606,515.8107655540845,12363.6350396593,4.523208289626753,27.39382324698017,0.08649964785630021,0.020491406790868246,0.11140989300704628,1.663813172812496,0.5608955558668909,0.506193779437279,0.7854180437794193,0.824013340892431,1.2924092180664495,0.0006144170981643812,0.00903590735327814,0.00014920215650256807,0.09361036884967457,0.9269545705450305,0.41071214152015517
0.5227493992125664,0.21103974837583434,320.4635581645428,0.04168576670249549,0.015194336995467673,517.9320452817065,12438.977893078909,4.485949519753441,27.271399696268286,0.08464085140575445,0.022151617019357816,0.10926620435196555,1.6631396901195055,0.5600379142857344,0.5048807410705862,0.7872163843933633,0.8164061592189752,1.2944502175070192,0.0006172667618368924,0.009004819069945139,0.0001512741212290819,0.09321734762295138,0.9323331334481866,0.41304927016894
0.5216706199714296,0.21135027309593762,288.4677414896616,0.04165126437339037,0.01512629578996154,519.0762903770105,12407.82460669267,4.472058646980061,27.074361128612814,0.08284404078695133,0.02526968477879023,0.11117331343240314,1.6684862762442128,0.558739774022841,0.5067195901008239,0.7856146497700325,0.8259414541353092,1.2893697727023057,0.0006217241854163993,0.00904767220224759,0.00015216449491806645,0.0927620678622431,0.9284288414783057,0.4109452699064922
0.5211640027712441,0.21129045893933504,301.9418029621623,0.04168455662890047,0.014849762698829707,517.7797786947486,12395.739041304456,4.487495311476597,27.369298650425087,0.09100721094715916,0.03009215996797673,0.11758487828068842,1.6738676997929822,0.5588227035027084,0.5044584973510142,0.7827709035857926,0.8238570091771472,1.3022842635444627,0.0006244504099899244,0.009000018462449948,0.0001527069556211362,0.09254938592103293,0.9316747549682103,0.41180097605619803
0.5198810294667687,0.2106273534879795,301.8833991559041,0.04164845537992328,0.014683171081929366,525.5525084024816,12360.31585013598,4.49481232983527,27.69614275682734,0.09459112413038877,0.03606045158963155,0.11877729729214925,1.6806083527668128,0.5595802826508256,0.5025622856265327,0.779895544013092,0.81856182279437,1.2860061290809792,0.0006265542012086453,0.009026661550261415,0.00015248692328016824,0.0925992583191679,0.929820215660048,0.41505567149189704
0.5186875269151723,0.2102261476849779,329.03522946369833,0.04156430495668492,0.014500998233957037,523.7342837486835,12386.755156337937,4.5019642077845115,27.915557053392657,0.09635643164752664,0.03889521291879396,0.11729673297615165,1.6944581889579298,0.5574099600835885,0.504455912499746,0.7796061701810696,0.8194436672277213,1.2897581430029277,0.0006281666765358766,0.008914135064950797,0.00015285008284034383,0.09294418314551717,0.9378198955315107,0.4188734481594982
0.5198471239149693,0.21027536029016575,314.6311817564321,0.04138437548994472,0.014590006309660987,525.129721013754,12462.25642039088,4.512407598860008,27.508330703523345,0.07679312525392064,0.0338817385029111,0.11713199182499333,1.679222704797332,0.5643517055490858,0.5059500419699584,0.7797250194065733,0.8212492125474928,1.304839482907881,0.0006361645566280108,0.008848266989190001,0.0001527790543472234,0.0938027097074314,0.9356580753711204,0.4231397038630371
0.518564578785485,0.21132877882859954,280.1248205765566,0.041391068057412425,0.014822037313634191,534.5239934709207,12398.245210835803,4.498248779844501,27.272414030615856,0.07677528325456108,0.041323947026543476,0.11781937024174433,1.6928766897113339,0.5646602263201546,0.5048936308338301,0.7792108676732759,0.8047168173217131,1.2977320563816817,0.0006392326115289437,0.008812443687462068,0.00015295756956108886,0.0935064893928924,0.9307937056183723,0.4184828877077396
0.5160548296021155,0.2116310550128543,285.3491093324916,0.04145948689775511,0.014389865843551706,539.08132724863,12456.945982325356,4.483365657972548,27.320352933749692,0.07588633293179745,0.03380050692393712,0.11414978433714494,1.7018831033217927,0.5621147018388303,0.5085362623656452,0.7785664690714612,0.8126614278212937,1.296276626073237,0.0006390383763545906,0.00882603110689441,0.00015195771287869155,0.09552488044120533,0.9278076968200022,0.415406393682926
0.5165691685045805,0.21093517741381204,303.4465108776066,0.04130055361829032,0.014470690432059114,542.5532045532863,12443.399749770939,4.463487208071044,27.176892503260525,0.08030990737089293,0.03283125568386792,0.11567538070452349,1.7002891034320482,0.5601727995198845,0.5089965427721569,0.7835786518767511,0.8085640538108697,1.2876045879415097,0.0006431897559114928,0.008899270899567305,0.00015091848030608082,0.09603452667314506,0.9287152390562866,0.41852606257353037
0.5178986786352897,0.21110358231295165,288.0820974968906,0.04116316627738726,0.014506587464230584,541.0738526160876,12403.530998879203,4.476973416554237,27.226147916547344,0.08324379144630942,0.031174738751762483,0.11462993623730444,1.7113496181339765,0.5562145925904766,0.5091276442006591,0.7876546248533853,0.8041050301585765,1.2983274602327604,0.000640393062028217,0.008883164649135595,0.00015204528275291422,0.09467578747894571,0.9343872939103546,0.4139366548451092
0.5165804309922944,0.21102241781069564,274.99770664229237,0.04105461393341988,0.014296788049879685,548.4854668892272,12458.126515487444,4.480229339981519,27.422069310532002,0.08423226069149681,0.0268122395025593,0.11272912911731621,1.7222146438288943,0.5546363236134921,0.5058047145538928,0.7892051158264412,0.8045722205082457,1.2951845591175153,0.0006429403919724676,0.008868360571064342,0.0001522430068172207,0.09478422499757062,0.9309750741397815,0.41644392416051934
0.5189628693929541,0.21146448240701526,271.589399219123,0.04093983368023945,0.01425651980629836,551.1332110763093,12549.635632415047,4.4801110379022475,27.20110595858442,0.08417994261109463,0.0313100783815079,0.11342844175566315,1.721616188552,0.5584454644442512,0.5075815385131239,0.7911811488003574,0.8026171051059618,1.281039312813884,0.0006497387219590642,0.008892084585502587,0.00015245898008328185,0.09485397215714485,0.9485476271654475,0.41186855757636487
0.5190390212467717,0.21136396770883353,264.93673554089264,0.040967474716226436,0.014281689803376515,552.9928383509098,12528.800452871923,4.45666521288137,27.537844928503233,0.07897901564605922,0.03138244760702006,0.11559416094471632,1.7143554260541343,0.5587909814974752,0.5069553092909715,0.791504009512838,0.8020506691069124,1.2729278850135144,0.0006532177169275782,0.008883812863611227,0.00015231824628302634,0.09581916804667888,0.9457198834470399,0.411826783431726
0.518921234291647,0.20994942127972963,251.95322534857473,0.04104454823378248,0.01437581975345529,548.3659158056968,12532.146259069348,4.438582982849053,27.446275396385897,0.07541083572624319,0.031429015011615484,0.1135406128362074,1.709834887296854,0.558315711102755,0.5043806796396345,0.7915015308525238,0.7993389935414404,1.2700416892021655,0.0006555299871365165,0.008989773754690707,0.00015307489720700984,0.09528724857463122,0.9491273201713529,0.4008289558372884
0.5193833929485808,0.20986762208556786,250.07114297104394,0.041109527681099066,0.014417980214920053,550.2633261133496,12528.946528816647,4.433014521910947,27.218813161872266,0.07434771998822899,0.03294686801280218,0.1147073476519057,1.7169675602642942,0.5574726041170528,0.5055364074374358,0.7880543397476126,0.7998700708334022,1.2708122558277075,0.0006552585238150693,0.009074346961284788,0.00015255514418432116,0.09493402393514788,0.9476645775112633,0.40493552783267356
0.5192461555327152,0.21033859238670644,266.8168120953546,0.04108353231600672,0.014250628407790391,550.8615154096235,12514.119556382711,4.417823841410001,27.394974022699998,0.07729539670474658,0.027196548149241093,0.11667457576526655,1.7139971864801449,0.5589501812191702,0.5050300609332979,0.7911911747129408,0.7943039303101325,1.2593688687901814,0.0006589974263465066,0.00904680676611595,0.00015149701328441974,0.09371776194596668,0.950458266228729,0.4088303157538294
0.5209384572468728,0.21035540035621733,286.5924105839642,0.04125566603282852,0.01397705472143553,560.7503250233408,12464.157561879068,4.417199623691315,27.341653687332823,0.07593039658189786,0.031453486730524616,0.11505602318442987,1.7073189333347991,0.5573341829319554,0.5028736420156068,0.7949327834652883,0.7935681184582779,1.2573668511127247,0.000658394846727452,0.00907345420603435,0.000152206523130712,0.09336015076825395,0.958934380079151,0.4124935186731899
0.5215988202667237,0.21034583955663166,274.7470334540499,0.041405262731475705,0.0140884285691221,563.4931112288305,12356.58321890653,4.3807552713336415,27.053765615190237,0.0771836310745466,0.027453144623470364,0.11890483190934763,1.7034093492071933,0.5586552048893995,0.502466754578862,0.7915351978519114,0.7902022774027724,1.2637721302404121,0.0006589127188205805,0.008981864864606962,0.00015171499437215938,0.09226493552796321,0.9596420716258307,0.41262457892689175
0.5220742314467074,0.21061791458295892,279.71950843198084,0.041398007257321984,0.014227066216533087,558.9861107702379,12387.032343683806,4.375388546026398,26.99336879065009,0.08196196528227095,0.022470108327022526,0.12053703349983647,1.6992294388265743,0.5566154665402113,0.5063756515696869,0.7937972124745462,0.7865794103402606,1.2655024353507587,0.0006581043476035298,0.00901900481916189,0.00015068085532754264,0.09174110700815238,0.967612085103035,0.41444560790134466
0.5206888261697438,0.21074292765812483,272.0642336777568,0.04153514260799372,0.014426760995368292,559.8919117637478,12432.515280393403,4.375114188120328,26.90005824690885,0.0832094886940765,0.02960627040903681,0.12211819844614905,1.6949694838665172,0.552819749505828,0.508290784974657,0.7925639360178903,0.7881299290006655,1.270078233421952,0.0006568807843359062,0.009024880007867817,0.0001525764350523512,0.09299376471295069,0.9662772475322638,0.41082135408924847
0.5189057614876703,0.21097552431137043,305.22265033321327,0.041552256655693114,0.014431087286427247,558.0594279842428,12456.02895461456,4.36939502713179,27.14450335683308,0.08085375023237715,0.018498424084827554,0.118305863317288,1.7013899695946006,0.551528370628272,0.5113637254130446,0.7904068073312839,0.7931464660823815,1.2708586727127746,0.0006557065172650653,0.009070548239882278,0.00015389690276408144,0.09202514135123223,0.9634821205247824,0.4097610652798437
0.5192555045247403,0.21100432906472913,280.88045949473997,0.04147847203102655,0.01451123376380701,563.5972567063685,12453.550297673486,4.393036239384566,26.98965403040582,0.07985117251872667,0.02245454584464513,0.1144747126823525,1.6874990354636923,0.5524652394778197,0.5068160109501978,0.7911325838765851,0.7891253342399212,1.2709482611312077,0.0006583660411472277,0.009035010057498185,0.00015465822359038447,0.091455430497906,0.9631274366371328,0.41796351495754214
0.5196246338876973,0.21092009106383086,279.67822811471774,0.0413553140503579,0.014362624479512897,557.2207931518157,12568.447454082885,4.38243726013091,26.978297271470467,0.08034522929043128,0.0314817020726458,0.1174008623902816,1.6739312099355381,0.5520483355075434,0.5063429466933569,0.7941065179788523,0.7892298980155638,1.277711204982131,0.000651859047909079,0.009025311128230358,0.00015328045069079685,0.09080934405895363,0.9640765669237736,0.42453554452773135
0.5181410636648108,0.21051365898302968,256.57803027611584,0.04140316913802927,0.014498022746655136,553.0103440086551,12572.812302040858,4.372285101219324,27.15931287909133,0.07536069399977265,0.02682899977603203,0.11495194509353078,1.6717577029033615,0.5489716299015568,0.5075510807534238,0.7974793129673947,0.7954782748348874,1.288715848401606,0.0006489900247391766,0.008998645336348818,0.00015207842709595424,0.09051719794721894,0.9655836219016198,0.42443894954086886
0.5199529266485123,0.2101486695418293,263.7404396015371,0.04142973979041224,0.014378301636918618,559.3457232863066,12523.372892842573,4.375407312585746,26.726456218724437,0.06785567979932872,0.027483866777414444,0.11527871282268766,1.6742514312304733,0.546619991680554,0.5089099378530071,0.8022949915096361,0.79268990648037,1.2962611641154966,0.000649192572194093,0.009057080068197224,0.00015240721438657102,0.09172484628626561,0.9633700057888528,0.4286377325863554
0.5185643325304629,0.21042890648989515,273.7722805357365,0.04130698547462718,0.014219001515829298,564.8022215190476,12490.653827214235,4.388421062281037,26.56829215469815,0.07192621801097174,0.032162572063803144,0.11679409525214479,1.6767347961879204,0.5521683450600616,0.5077244957483137,0.807595271088515,0.7913156254398218,1.2924168946317403,0.0006454543477795598,0.009067811789612105,0.00015351288431824327,0.09143752971140537,0.9611142111776336,0.42687868178266236
0.521237934558642,0.21091054321319283,272.6902659572234,0.041225753506621964,0.013832288631887634,568.5007173854444,12591.848788467996,4.363238865911932,26.479167147564127,0.07383982746409508,0.03436431968162673,0.11646539533335469,1.6836276914805148,0.5543834487942761,0.5043575181127187,0.808455652983596,0.7958376956842379,1.3018099206087739,0.0006471684485332581,0.009101136595797768,0.00015451438141910113,0.09248404598389699,0.9636106777855816,0.42759151036081444
0.5205587554002714,0.2104896537681367,262.30262602140596,0.04123673899710232,0.014098860806912581,566.5420951251837,12626.501418089167,4.374906072132879,26.332806283106105,0.07361032873176904,0.03747972773175604,0.11971351503175062,1.6857724859719563,0.5463596606323156,0.5042483459891647,0.8088239520535104,0.7917319569932945,1.300032451472801,0.0006427291114273928,0.009077871594548124,0.00015510545683172571,0.09299992875668406,0.966359390423178,0.42341401977887727
0.520966170786977,0.21075924329105325,247.1145822636289,0.04110222468269182,0.014037446688773384,563.6970024532535,12686.010632130703,4.358716775790032,26.669911080121672,0.07573319597864533,0.029369743633906004,0.12084618781320151,1.6797975336518,0.5469528133771988,0.5080858844993044,0.8107086755950242,0.7964363135114138,1.298038200193075,0.000637498797240797,0.009121907920225296,0.00015396768557171693,0.09154222710018523,0.9646411625196343,0.42162286034997604
0.5201404840156277,0.21033993260027378,251.479903659132,0.041038757595383224,0.013974089331065797,560.5734937184881,12714.14162535938,4.355681417784634,26.99802737731126,0.08220101596679828,0.03412877814666684,0.12034851104714724,1.6840137278279887,0.5484680707921914,0.5065976274678411,0.8118908036616721,0.7986217199186056,1.3073803625375173,0.0006388601484271978,0.009125856004417765,0.000153812526617682,0.09250335770540533,0.9577717016049686,0.42381338100832167
0.5179575968559503,0.2112284893560341,235.9246748935413,0.04098124365116701,0.013814125626511943,563.0298138835517,12754.560342057843,4.352631510823949,26.979634036429452,0.07467906951914027,0.03329648933533643,0.11827727637682472,1.6919169270041496,0.5510773722976393,0.504462107191446,0.8122314706385517,0.8055485743723064,1.3135544229908651,0.0006337714231219353,0.00914459010308021,0.00015329859411672458,0.09139502661713106,0.9474833639018387,0.42106706479311234
0.5182728464287385,0.21084126603837766,249.59300606051934,0.04096216332086931,0.013787110126792181,564.9458375572258,12776.62912775283,4.365953924685737,27.224111203111413,0.08427429873055964,0.030146917745022546,0.12290478246455994,1.698009047516208,0.5549725426038254,0.5019395507059059,0.816205562782451,0.7977583482611895,1.326925011859481,0.0006336411517721104,0.00923849015555409,0.00015099850977338735,0.09286276596544754,0.9508907853000914,0.421443341979448
0.5205021299647319,0.21096532859081835,256.92205003156903,0.0410669271454775,0.013963865561417464,566.9520057783409,12702.274548173467,4.344510771082803,27.298002954372485,0.08021498963200331,0.028709418521359668,0.12487310495410377,1.6941529639895732,0.5483543610711856,0.5021113594907873,0.8173757939755102,0.8005614313796391,1.3236936368613919,0.0006304793777817668,0.009216946900873118,0.00014985997213409324,0.09375214184469663,0.9506674498428552,0.42938529339002773
0.5182479329595924,0.2105395691989882,282.188394923559,0.04114164680079926,0.014343955432397741,561.8695811238846,12779.565847561807,4.357098683992817,27.384833838696856,0.08712584247123768,0.02533303786168565,0.12257357254461235,1.687202473837958,0.5496198112842262,0.5021335380211384,0.8155078823744585,0.8008900495357739,1.3216191269416806,0.0006262987683142381,0.009222027293883637,0.00015102544411332803,0.09294395593350374,0.9585100411278177,0.4321363200518339
0.5206258527127492,0.2109236065043753,297.09134616358136,0.04116444849381724,0.014173572137191883,560.3881998712276,12728.686211223747,4.368861815873012,27.284500319548975,0.07946668036338538,0.02962430730279369,0.12386366364136661,1.6794748052729498,0.550785562628011,0.5000671491734098,0.8156262089136478,0.799466355728978,1.312003684948269,0.0006253092511681323,0.009259952629785007,0.0001509707490313644,0.09413207406377028,0.9604685051492862,0.42348465665721224
0.5186250863859783,0.21202435750682427,310.40841294064086,0.04101319865555881,0.014179446363599866,563.4892548401235,12683.515900758663,4.349717242351268,27.376282795473486,0.08491456091480198,0.03290493630562188,0.12582023871641249,1.666231143537001,0.5503543831259154,0.5044401300758463,0.8160422930559421,0.8041295416742967,1.3022928919875365,0.0006226851219261962,0.009269533873646672,0.00015250126349699818,0.0930512965941738,0.9541908233284052,0.4314608400431373
0.5168198023276114,0.21206055952965924,325.7364028037696,0.0410739982933839,0.014370581387033982,567.1562007309757,12745.55602068874,4.336293001005718,27.321312937786697,0.08169365012470806,0.03485219251722393,0.12396494571373881,1.6634798645903481,0.553557407758013,0.5061563107701282,0.8193908255312392,0.810907940948628,1.2993967811005098,0.0006237358537660521,0.009256952512207609,0.00015199801351745767,0.09267696485561075,0.9605980814387437,0.4303296671069312
0.5151385901841875,0.21172782968058967,341.28102131102446,0.04114219120754405,0.014344719836301813,570.6584581389411,12896.098155352804,4.339793556938011,27.465302414103913,0.07993678201188341,0.033471786095551424,0.12104561368006989,1.6638263208845423,0.5499833410210955,0.5051272566087341,0.817790939679995,0.8171172177582108,1.2973693974834963,0.0006212805278909489,0.009225485358911035,0.00015413437633091958,0.09251542088645871,0.9616174683021108,0.43858168754916405
0.514737108598733,0.21300979575749235,351.01561665385935,0.04101810019118906,0.014364152958670592,569.5676867092955,12969.895122123286,4.3225669652131185,27.343569260556105,0.08112870091331058,0.03514357889538634,0.11641418689223998,1.6498196959461693,0.5423204760777781,0.5033874093031453,0.8177442402238642,0.8196093531273462,1.2848587894463768,0.0006219313706745268,0.009203663592977926,0.00015511080942176372,0.09357456305914683,0.9643860269927762,0.4422929097221856
0.5118924298986682,0.21339967855132588,352.0040909606391,0.041134215188229,0.014277634985510712,568.8212383057959,13024.184510634323,4.317652850660547,27.395899643575344,0.08063326706309179,0.030993301565726352,0.11409298571243923,1.6451780717531632,0.5425135688790025,0.5019417802422054,0.8136863250302865,0.8269233625271629,1.2891895877855968,0.0006203159796840118,0.009076053878597707,0.00015524483846777483,0.09349548644707471,0.9538601104316833,0.4471627626145455
0.5112467598031143,0.21459465696493293,370.65307863604073,0.0412068480628973,0.014096924116340852,580.5049835958106,13103.328810974122,4.332150439394053,27.424929743576882,0.0788759362513492,0.03396434887705889,0.11606176856572063,1.6520890197739715,0.5400184504088685,0.5006813996274442,0.8121142798159698,0.8249057782029015,1.2849646994013437,0.0006191353918007211,0.009034557993245446,0.0001563811644456164,0.09276624292474218,0.9553872830878696,0.45336585964935444
0.5085252420329373,0.21394613844833646,399.09545473977084,0.0411093061600391,0.014155936406504374,583.6412192990824,13201.190990793039,4.329367968409717,27.12566107845121,0.07901731176686998,0.026306965190569714,0.11660376446970337,1.6356793949544473,0.5389293123580546,0.5026680804537692,0.8131524848439577,0.831926718080466,1.284136875207945,0.0006217868107954976,0.008982323442051524,0.00015639371333165948,0.09376576142935385,0.9582266547067283,0.45728159461571516
0.5025350593338568,0.21245219593751816,409.7299365046912,0.040999298262586754,0.014128328284197616,577.5835293189576,13159.561576115435,4.33569045867092,27.1137894966648,0.08235189437368731,0.02577168279140578,0.11567037807170426,1.6390357525775883,0.5397399907347996,0.5040852955203967,0.8116622108380399,0.8221526443959374,1.2866642665969172,0.0006207900862563554,0.008975676046644707,0.00015806054718940342,0.09430317918323802,0.9503262248514343,0.45685360315087664
0.5019221364802846,0.21168605757711698,395.8918541707933,0.04099679492264898,0.013990961082531969,578.0482471791864,13209.533573488603,4.3360054734923885,27.32842391915614,0.08589939643695137,0.02975464980779604,0.11388356917047034,1.6351512231396532,0.5387983633422894,0.5005602883332431,0.8151176088670393,0.8122599355733796,1.2938316522444926,0.0006161288316163257,0.008967625832147719,0.00015836142892750334,0.09205408853051103,0.9522756794743716,0.4619133781618803
0.4986890311215656,0.21170138868620597,360.1299576348485,0.04099034118619341,0.01388462008996769,570.8424481326164,13140.45908813841,4.330606099745126,27.12228470414798,0.08473735306588431,0.02887989481471197,0.11350119087549498,1.6307560579735425,0.5427406107349866,0.5009720854826457,0.8155374191782826,0.8209069363290658,1.276114735596767,0.000614277172902109,0.00901350693442016,0.00015877170827979843,0.09108754708954317,0.9485356579370832,0.4731392273219606
0.5017526483420874,0.21197109808176673,338.8026417224376,0.04112950689398617,0.01385947036740464,571.5005413212451,13257.186639269334,4.317668994756455,27.16815548069105,0.08179328601354766,0.03487902477943987,0.11700435086615621,1.621781615035491,0.5370343550282396,0.5023294191517765,0.8149372194091271,0.8154839179932032,1.2762805015273737,0.0006149802439826012,0.009041015853170261,0.0001599737277474488,0.09052816708885077,0.9477921002741577,0.4669091824077787
0.5027376439167649,0.2112843696627429,320.0947193288324,0.04116357764642033,0.013977042219435553,571.5816060950345,13174.026134155196,4.301846920824139,27.17976342672947,0.07796568557323633,0.03364187989931913,0.11654409454772356,1.6166669112479923,0.5386055959209707,0.5009484419883838,0.8189801744480745,0.8159129920941826,1.2649325613339995,0.0006093798778247831,0.009093874143656932,0.00016047071458675716,0.09152342272394653,0.9570145841481962,0.4569132441495616
0.5047727396045549,0.21222153120384896,322.1892186857166,0.04120327907716465,0.01419913224016408,577.5088547759785,13186.472883570706,4.285482523067133,27.091440595328223,0.07356384932955229,0.03806015697978598,0.11823988889793265,1.6124352151622716,0.5374223518536017,0.5008501279465074,0.8193959159793344,0.8149806316387836,1.2715491646921488,0.0006122297445620345,0.009177688976350832,0.0001607124396866797,0.09137340117139106,0.9523967867400905,0.45763504391398996
0.5026980617987246,0.2122166588673651,343.7883303985319,0.04125829878723819,0.014036831184698005,579.8189277431567,13288.068270031568,4.315038106104164,27.19751168859177,0.07607095693715128,0.04008225624099028,0.12010264190507043,1.6058440356805588,0.5386143198255819,0.5017394990320142,0.8195579618297221,0.8108749585246872,1.2675736753423184,0.0006054596143563394,0.009203493312187536,0.00016054173019995502,0.09170788659813953,0.9473570692414015,0.46171592100378134
0.5033383426825367,0.21306432868935898,351.72289679044803,0.04128770331721214,0.01429424386179641,583.83790914458,13256.839156520255,4.308779854766822,26.920712670086584,0.06961791966995416,0.03940645402529223,0.1228499099164254,1.6092847915776947,0.5364990073251079,0.5039729485726115,0.8176592194122958,0.8072468526633366,1.2712972092573667,0.0006021355455914609,0.009129403519914115,0.00015945092257551105,0.092624110125028,0.9479341872150501,0.45546857103859345
0.502862738061228,0.21377737028281146,329.4494044569894,0.04092944877322534,0.013950736225639592,587.6677558572443,13151.059646578864,4.293067833277192,27.253138658818244,0.07256882741536895,0.04100231994340062,0.12031836140326738,1.6004549448238612,0.5353009785695099,0.5042215163405205,0.8183589494495911,0.7965445922649557,1.2724869099230642,0.0006041255754134731,0.009133368042858267,0.00016034377930373712,0.09287952330375066,0.9465608740600638,0.45626472094823656
0.5054980260244074,0.21433086279880725,313.39834516173556,0.04079585342001549,0.013960077553447175,588.4209705659008,13305.083801885523,4.301073325058857,27.073000724932722,0.07678779563382157,0.045505439591434695,0.11895755697669351,1.6036570250185564,0.5315254795455095,0.5062077098568204,0.8207214475813971,0.803700255495437,1.267195166408738,0.0006064287870423592,0.009143515366000414,0.00015925256403144966,0.09316063275953737,0.9516740713993628,0.44985248646606196
0.5056238803884064,0.21480400275313616,307.0846323375124,0.040686082406574973,0.014074639327631686,579.6054133836143,13331.50171566703,4.289523302712833,27.055707112343466,0.08343454723072592,0.04801926832999366,0.12266660711828539,1.601182107790692,0.5312378952302663,0.5037964362229345,0.8192670531589256,0.8009638853124661,1.2676604356437031,0.000608397142022786,0.009168661523819037,0.0001569102704384075,0.09213683111839711,0.9565354444109052,0.4613413945277153
0.5069613475531177,0.21522368218443838,356.219010964028,0.04079936833044997,0.014021900484312412,585.1891270018634,13198.571150064909,4.33166898152898,26.700589166204324,0.07442230379095786,0.057275383350584574,0.12578328964634022,1.6002911522635292,0.5283547226911106,0.5062068938947105,0.8194326384324845,0.795119502024241,1.267249337224456,0.0006050536908733715,0.009158950906956563,0.00015570070745536687,0.09204789635269484,0.9549534642360563,0.4644269170085138
0.508656583129865,0.2162658601505892,359.20289081582547,0.04074966751864335,0.01395322463982357,592.9230975672523,13001.273152744248,4.304274614898435,26.864987803616113,0.08037370656252234,0.0565026280412515,0.12718175381008018,1.6037371525527218,0.5230512135380138,0.510232166321145,0.8257299243239742,0.79926157591367,1.2726173480404877,0.0006073657292611617,0.00915859531749833,0.00015465186435475602,0.09229610388992578,0.9577669787618396,0.4625563440421513
0.5112760552023887,0.21639243318746118,378.31961982027286,0.04061226687620593,0.013933697975850453,589.8449045477124,13073.911642074594,4.313652220575188,26.988134037331236,0.07605938231181304,0.060749413159141535,0.12488392630557292,1.61037848987806,0.518731345778865,0.5107107987762919,0.8230111360565528,0.7999107114417991,1.248845199904787,0.0006044432583210011,0.009150922285746889,0.00015317033166601594,0.09296368515317638,0.9665511890658419,0.45980045425083566
0.5094981473983821,0.21664948507570153,412.6531132943587,0.04059722028273728,0.013905102936089766,595.6575736555413,13049.532648665683,4.316082379306598,26.987311674893284,0.07507652496220894,0.057284096469381825,0.12388671372418243,1.6102167245323988,0.5232606997219259,0.5099292264158121,0.8247212809700832,0.7961395332901267,1.256224899731629,0.000606028851481786,0.00906213460237121,0.00015196978833188852,0.0935024048953584,0.9628036187049288,0.46345269397921257
0.5110298224843047,0.21635172424408838,422.3262740399076,0.04054308186777373,0.013689770960072388,595.033853210449,13005.399630877127,4.287697695329981,27.04918158573834,0.07556606717813587,0.05673680559383972,0.12354215200486339,1.6082096838766162,0.5256252457094814,0.5108863763668241,0.8251691733897483,0.7942916475161086,1.2592214645663846,0.000606527175169023,0.00911278801072977,0.00015141338258185143,0.09194208626131503,0.9569098130933126,0.46011033197281476
0.5094830168924928,0.2169905146101175,395.68048559358465,0.04046264295962469,0.01359282540515446,596.7695491604795,12842.822813621206,4.2921541839722535,26.791631338839704,0.07972858968146385,0.05611623655009933,0.1256217277306338,1.6135286982827703,0.5254309241392104,0.5113357452558375,0.8208363943028029,0.793500450909108,1.2573030808713317,0.0006116694220362968,0.009153226247787853,0.00015074199126545118,0.09241122417651068,0.9559497586108409,0.46180792898228157
0.507305513053331,0.2184156641416721,412.62144920767,0.04032343885269006,0.013479756823982142,594.7275824491425,12682.42816540977,4.2658037119789105,27.309139760469094,0.07756895250082195,0.05730309321335699,0.12553052331461143,1.6140762715296817,0.5252361052301744,0.5127298702592065,0.8156464172095473,0.7971053214861162,1.2570716472197543,0.0006125985251862287,0.009236328095749584,0.0001524909295328199,0.09260909283316365,0.9535156642765504,0.4583006120356315
0.5103757334670737,0.21795530365936444,418.510328178261,0.04036762150433593,0.01337154642343412,584.5243352369447,12557.678735324478,4.281871201790446,27.443018950677825,0.07773189329240962,0.05827463173310443,0.12325966947552633,1.613125601915414,0.5220000373935089,0.5130869935791598,0.8153620894425023,0.806740262204029,1.2690074514331797,0.0006098381025996525,0.009312890782797054,0.00015462549675990928,0.09379085984261856,0.9595505900353962,0.4581330100019614
0.510452059877618,0.21841404864323422,443.3108036908598,0.04042651638844161,0.013257790564429694,578.2300233858493,12508.953235234976,4.289737251274202,27.35430550036158,0.0808378946440908,0.05443134112169467,0.12610631702356578,1.6274900949537054,0.5237272055583164,0.5175494505318314,0.8164985182210241,0.8062052395470373,1.2562818481870843,0.0006092657457352723,0.009342926898926159,0.00015596868212142242,0.09321246858718733,0.9534491448740955,0.45323529713469163
0.512184902595226,0.2186666106056614,436.7000417758699,0.04038003685876729,0.013158863663426825,571.2912218456905,12604.729951071617,4.311390999580464,27.125485629695802,0.07790284233395395,0.05590943059443096,0.128809221139903,1.6311382257777363,0.5228551511276094,0.5201051276542483,0.8145676375316043,0.8148253708219404,1.2514564657509706,0.0006056866521135782,0.009393907879673627,0.00015514059939567536,0.09285108561895157,0.9529123602039657,0.450698722294466
0.5119376111322264,0.2190080681953681,422.3172365315753,0.040387367564569905,0.013051841792154899,574.8445250999222,12607.236371166504,4.315211807733783,27.459596836424495,0.07994152435953214,0.06588477027448679,0.12825573978307278,1.6272950556596313,0.5203154107451359,0.5228066396455364,0.8145298677830174,0.8258947607218949,1.2421106147851027,0.0005995984222585012,0.009451443803328763,0.00015396355811300909,0.09234858681175487,0.9522151913681304,0.4392581718279663
0.5122944956936173,0.21861170482586786,421.1649757858627,0.04029942478493637,0.012953075845085751,578.1407574145221,12636.522216306072,4.296565603740009,27.40368206034975,0.08832602252361604,0.0568917309970493,0.12681733831173225,1.617406692175268,0.5196466194744377,0.5241252453429288,0.814352564673327,0.8223714215177506,1.2504685869148986,0.0005996542690309845,0.009457893999256476,0.0001531239395794678,0.09264792567662113,0.9604571101589949,0.43476343069853884
0.5098107645222164,0.2180548126460519,431.0676159200347,0.04036640895141959,0.012944756173789648,581.9858543450289,12842.590152166897,4.278259870207209,27.7021935963743,0.08506601602665621,0.05734164029572318,0.12700139909856742,1.6179573664910571,0.5214267912793145,0.5257720770662255,0.8154140646356544,0.8210720507484401,1.2495417131892939,0.0006026164481784671,0.009505274684518061,0.0001528707124623873,0.09439371207342223,0.9640559378576828,0.4400388323141354
0.5104332676025257,0.21835591690229203,426.55812774400476,0.04037122529161466,0.012706376079500044,581.3517450876932,12876.77541574562,4.264546414020936,27.87729477877789,0.07970693461013165,0.0621880118803105,0.1263918270511425,1.6046604509070777,0.5218836813431408,0.5226521392352612,0.8156973957258649,0.8227241973216887,1.2411178978212178,0.0006012868346905873,0.009449572643210152,0.00015218343366700627,0.09406851983787279,0.9644355066757672,0.44582079704158695
0.5121483789671767,0.21768171132848133,471.70384092523955,0.040357795959230405,0.012764200915673474,582.1342785343545,12788.185161038049,4.223613253954049,27.941112713975762,0.08504863439262043,0.05874875701965671,0.12645850050884622,1.609760788582674,0.5194038444299601,0.5218801145786715,0.8165511810892867,0.8317327161840876,1.2443072375283453,0.0005984977937073923,0.009294257028853857,0.00015344422336928943,0.09540466257845637,0.9662686688083536,0.4431390628417367
0.5092709631176034,0.217610860961392,481.00086274357204,0.04037166346451289,0.012740588407639374,589.6510598176711,12806.760739927364,4.232824803297737,28.09982282233117,0.08062613587612949,0.05949844911104484,0.1281478702970164,1.6164649840245704,0.5237134740431405,0.5212254404210487,0.8183420067677067,0.8312740951974322,1.2494479983877698,0.0005958517642431309,0.009381225452095163,0.000153941604352298,0.09495182082938194,0.9685991849310608,0.4352109545781179
0.5106006487046394,0.21699314168421505,506.70506624042685,0.040221276615684066,0.012747863785332533,589.2586532338261,12692.757486701801,4.247482897339513,28.328023778684013,0.08683090025891883,0.0639391473196894,0.12655363751015328,1.6185065494413544,0.5238398546069803,0.5197680121767814,0.8167786779955666,0.8297280566705951,1.2460976724353976,0.0005918115100140216,0.009446803655512969,0.00015262901102554885,0.0947174122191803,0.9746100662794587,0.43761127859399757
0.509421189214539,0.21589279485290067,524.007898988865,0.040087078586485636,0.012826830125298628,593.1281119100961,12657.783979033069,4.262551479578054,28.442124413861144,0.09001075021781513,0.058803464224212454,0.12581350645958728,1.60404354189507,0.5235048697960273,0.517865179589255,0.8211341398280277,0.8357889424447525,1.2374877757058134,0.000588915105220628,0.00948936219468776,0.00015286770202557084,0.09436227782632328,0.9646742488074488,0.4399617672612227
0.5086231239368625,0.21607588671278213,549.0799999193656,0.040322421845588076,0.01275171119413671,594.189213805783,12653.602727764433,4.242239494445483,28.215217874472085,0.09226353151065149,0.056155730242164525,0.12310002459662105,1.6066493185569009,0.5256594484347877,0.515973657214347,0.8263882410477944,0.8391010692956207,1.2499492995975918,0.0005863841167204544,0.009523962994496748,0.00015200222879521125,0.09578602119303811,0.9684480330249883,0.4452103234504736
0.5091130985981489,0.2158449455959426,530.2615865431748,0.04024443289179745,0.01276554358325256,595.5912100031726,12597.185265281036,4.246072408021499,27.89232515600269,0.08981217541656687,0.05217379814338076,0.12176112497317566,1.607042277201197,0.5245097864668675,0.5148061407447965,0.8277041013290052,0.8328898466991723,1.249167560883258,0.0005841736167712883,0.009487962886305571,0.0001531329554873004,0.09501967405107899,0.9774791293328847,0.441827184049951
0.5075572261863633,0.21622941632193765,600.9215440736426,0.040109951422556286,0.012626627694640319,598.342802973212,12648.539015609478,4.2354820066175325,28.260433478053205,0.08616422549453406,0.042521361165592075,0.12291693316745206,1.6008098240005049,0.5217928802853653,0.5159510969010866,0.8269665914850918,0.8296768039137895,1.2645802519798395,0.000586867836877875,0.009554173513876206,0.00015130341141291376,0.09531843131226224,0.9724092851212423,0.4367744050506553
0.5080673437268601,0.215344508331909,634.9598795569456,0.039998958990159955,0.012430259485799695,604.6373263608313,12660.148048381254,4.262960474665841,28.618917243144534,0.09873898900152009,0.03464595167371822,0.12199667484118058,1.6059950477443832,0.5291466878833435,0.518435238960398,0.8307455003411692,0.8333960329306378,1.2745896383485982,0.0005864312076815323,0.00953678703823835,0.00015034256972816163,0.09373554204158839,0.9633165220477211,0.4405398414561441
0.5090264326684025,0.21526392226495375,626.978475214135,0.03989274806953863,0.012532488289290931,608.0790755958349,12600.807058334585,4.267779991918982,28.465431156661808,0.0975912108536346,0.03240860316680934,0.12054534496745482,1.6093639730681426,0.5311696098303755,0.5192151316637432,0.8292826487622816,0.8380824757767255,1.264325348957151,0.0005844156177034834,0.009621303052517028,0.0001513994915521614,0.09339738973099318,0.963393370322867,0.4388012822248394
0.5117401044208256,0.21463130484028473,595.7476164685172,0.039886865823485836,0.012448584166606982,610.7832099556399,12679.043135292637,4.2632451999779875,28.5707971981949,0.1018574750195262,0.029827191167624594,0.11811675396367417,1.6106095447624673,0.5265708173776575,0.5201045075459013,0.8285837541229616,0.8389659762933164,1.2603305762554269,0.0005846840775096702,0.009643303699914722,0.0001518814546995943,0.09505056353624529,0.9513595621843477,0.44104328212086746
0.5128852249510791,0.21393190066681414,574.7834631533002,0.03970482815775144,0.01253605181507052,608.9209510029433,12635.051722546412,4.26509715378499,28.66297756759912,0.1076351933232487,0.038879674311376095,0.11874848791279681,1.620236808228939,0.527237395692997,0.5243480843866386,0.8314389627319424,0.8403847121535589,1.2501676403474695,0.0005822951890352998,0.009688127036547348,0.00015078946545726016,0.09388803462238604,0.9532136419198766,0.44149287903946316
0.5139645417722265,0.21331907279576562,593.5619065177036,0.03975420996621362,0.012285476072574244,607.7536044322242,12514.564307937348,4.253593343448415,28.475950781352402,0.10318593289047734,0.04276103682954452,0.11958264679885551,1.6246215021577846,0.5282139811198769,0.5228406867945431,0.8302341150557205,0.8431381563290558,1.2417003472721138,0.0005776965477393338,0.009671590621253147,0.00015245754774245547,0.09657265436320142,0.9554376138467744,0.43887701491006537
0.5148097869034696,0.2131908899394146,605.5042116037059,0.03978265404671761,0.011973089613169022,610.6216235094633,12586.919763567877,4.2339895925577045,28.513467558706402,0.10400483623750692,0.03652664896523796,0.12150339529746987,1.620938906566295,0.5256889575394673,0.5256009052984544,0.8298638187507866,0.8420017841318688,1.234764436746751,0.0005701169710562458,0.00979726336544,0.00015156267889142232,0.09776190911677307,0.9527510780184627,0.43787654434019957
0.517698707445973,0.21394735198192694,576.924951854963,0.03989342355278443,0.012119514102915258,616.5960512422483,12504.701813659845,4.247656873881909,28.197029873130003,0.10014307503759551,0.03276647147155988,0.12126762118742879,1.624257661707111,0.521914443377389,0.525788485452871,0.8259006889315412,0.8424617817237547,1.238652013216563,0.0005647454640819289,0.009764492120859414,0.00015160313362493226,0.09784084376424317,0.94488921498993,0.44398881428444026
0.5186961261457413,0.2141412500028713,571.7079220859271,0.03980161586876443,0.01241862978272268,617.2182823552565,12497.899616996827,4.226000852704036,28.473169267202177,0.09805612245476113,0.03672458296106621,0.12043702638057252,1.6307738750800553,0.5290072092457551,0.5283082745322686,0.8218379427722348,0.8434600137867964,1.249701047711351,0.0005684695610933683,0.009792372680950382,0.0001509505575392498,0.09710889657312011,0.9427691568931218,0.4467479141328831
0.5134608153590159,0.21418061802590252,578.4349530699475,0.03978640720417043,0.012231447952181522,622.8298312738507,12531.168201706787,4.199319198807626,28.785372330566947,0.10068158524512749,0.03906775170904549,0.11698993583858666,1.6446105364883856,0.5316201158421923,0.5252136774346825,0.8197852462543971,0.8439774945820705,1.2557347348995591,0.0005638655463773186,0.009754960916179266,0.00015032688684999025,0.09817951395361833,0.9411690969683765,0.44582849314660067
0.5159379082712211,0.21179230352132228,580.8801022425238,0.03975344852148841,0.012394982968132965,621.7203640611349,12620.99027854909,4.207436898150665,28.527223192657832,0.10260322194848008,0.0378201643728355,0.11519784938057474,1.6448020814103241,0.5293237796196508,0.5217931210602929,0.8222778703370602,0.8424708833620665,1.2499431456889203,0.0005642228013838296,0.009818942341798085,0.00014945253747382405,0.10010526691753492,0.9408512110575694,0.453391898105361
0.5169404170718315,0.21182720317525597,573.9264328108917,0.03986565922507459,0.012220578444378198,622.7501490900532,12690.116499122478,4.201851020312492,28.695368392992798,0.09036548528823146,0.03423642351712386,0.11476141858804323,1.6418040562700458,0.5242163029013784,0.5225775475309558,0.8210728913061149,0.8354631258153773,1.2532299573171715,0.0005584426532273648,0.009822227981423777,0.00015157987424349535,0.09993387360446981,0.9340437108979985,0.45845933639835745
0.518814246953512,0.21179460496940408,576.4481985369978,0.03984979776984853,0.012114259931307431,621.7440670814593,12516.529908298784,4.181628945648573,28.74126716476666,0.09192479923197995,0.02681063139743846,0.11485543686389356,1.6502981856880354,0.5309987396524865,0.5187349956923276,0.8255211760638527,0.8348759700973466,1.2566858712873152,0.0005585943749481491,0.009790707407141976,0.00015211476375608899,0.09929371682907207,0.9395025774857414,0.4637044559566391
0.5173041274601086,0.21111010709089031,570.8395919874199,0.039897404146072186,0.011762370097618428,622.0943821207492,12626.759945483334,4.194575556438969,28.829668295186465,0.09101936517744558,0.018997146451959643,0.11285586557979156,1.639101652890985,0.5335050115009276,0.518651276014119,0.8253881116784199,0.8330705811181174,1.2599718780493714,0.0005582260181527452,0.009756496291648051,0.00015225459086586575,0.09931598627545855,0.935973767132488,0.4612687507511805
0.5160744686383594,0.21089950314600264,548.1035489381372,0.039905918986244425,0.011716919035286122,621.6574022263299,12504.130675889035,4.211577152043532,28.947384251117622,0.08256055354052523,0.010307793094268427,0.11494789270961686,1.6248948554651605,0.5298326411297248,0.5197264143362811,0.8218683257644271,0.8334561630627979,1.264922942171149,0.0005539818939317778,0.00977223203362917,0.0001515208867881925,0.09904884577854825,0.9383162419721165,0.458251704969137
0.5159640838446541,0.21084174108883688,556.5565041615116,0.039864482012137145,0.011829878782103618,619.9749260770318,12452.023741188066,4.199482493759457,28.664494505136048,0.080287354808965,0.015208771434383005,0.11448560479326408,1.6258625365898318,0.5274082518149076,0.5207156161067291,0.8221318213557409,0.8258272125993764,1.2660583573235502,0.0005499128423848992,0.009735854403608234,0.00015129911973347772,0.09807911182253455,0.942787525700184,0.4587343644317263
0.5157892005585268,0.211336986388906,568.3569045552878,0.03998239826450947,0.0118331493264779,623.4877900438311,12453.142973294543,4.191470150748332,28.774640361110468,0.08519552763051506,0.014347043202962668,0.12034331309101483,1.6142813535719998,0.5277066686270453,0.5227281550755933,0.8193784647864254,0.8234318753475142,1.2632491929619911,0.0005539411741431738,0.009807123581248238,0.00015077567359262094,0.09844567542922084,0.9426759250923288,0.46095346558373324
0.5148346983682487,0.2118562187548685,588.638226932,0.04000411856792322,0.01174722809284718,621.0104288532657,12472.925543846128,4.190244672224681,28.81880138637386,0.07476052216675524,0.012720852868154418,0.12411523019566038,1.6142619898058161,0.5287008204565391,0.5218206792808378,0.8177739446007162,0.817865046594629,1.2737275512981676,0.0005538553226795706,0.009788649273572264,0.0001494112772318475,0.09898189444357099,0.9485216104956907,0.46097163472865155
0.5119403051882219,0.21289794152361766,562.8449327650833,0.039957752372904116,0.011716607502825493,619.3517570732282,12474.251608431618,4.196049844710014,29.058455029941282,0.07729073346654632,0.0213202387965068,0.12635259716456493,1.606513227496692,0.5322126675352444,0.5206885297497191,0.8161142704336696,0.8160308770466805,1.2730440450937328,0.0005566402530980944,0.009826939682216694,0.00014835232816061097,0.09832915610198532,0.9430394548542942,0.45722806522564396
0.5121784967209554,0.21294364323724907,556.6849475774277,0.03978083626379034,0.011779233988171605,621.6185442544279,12375.522101809354,4.202059333949807,29.16540435926972,0.08282859483562095,0.024197851781905793,0.12668635771381848,1.6159706663403015,0.5332466008650939,0.5228570720862261,0.8136014741944393,0.8124788808121609,1.274341574600441,0.0005602305177597281,0.009785304907758105,0.00015007847638605508,0.09807257585114787,0.953630856429586,0.45974043454254276
0.5085121110297544,0.21388124794085567,549.7535977998755,0.039738860561773955,0.011830821554146036,619.513793542496,12265.258757177273,4.22471817239828,29.131372795117404,0.08371766629905436,0.0306387783752465,0.13223060881551504,1.6081964044320112,0.5302051873744175,0.5210580406657318,0.8157662293285858,0.8150152952181381,1.2721759025209272,0.0005601654815967196,0.009761806767429134,0.00015043304488574402,0.09831001111221865,0.9622249661022166,0.46118467786380113
0.5021474826011898,0.212963246155511,551.8418681915277,0.0397737328459847,0.011700783279663363,620.0385415140969,12316.973339088283,4.217334080145836,29.16913161869027,0.09470917356160052,0.03433457142888651,0.13465239567026965,1.616207849997331,0.5269051984365731,0.5184300796179836,0.8152128596223142,0.8127996537835428,1.259739203047158,0.0005614704323175806,0.009731148649383957,0.0001489780089159233,0.09762983271123944,0.965680865258732,0.4595677634906506
0.5023117807413824,0.21299131631639828,535.666274098824,0.03967960744932614,0.011859256444677248,614.5245179768209,12352.269180858135,4.216280428316893,29.09946906881858,0.09761002179393002,0.03983188634444895,0.1362624222362223,1.6141019220983308,0.5279279599363721,0.5138961097024516,0.8164007991505782,0.8035852321256185,1.2642196233874128,0.0005605211500944975,0.009728045540107758,0.00014823431818397251,0.09537969088196169,0.9673027572271435,0.46222487120705885
0.501950035672573,0.21246792143547233,548.5185499948578,0.03947356484060601,0.011787610386878372,607.2179392407676,12309.947556006813,4.236577782631772,29.155516598428008,0.09023333360144375,0.03985501702364174,0.13280051403942333,1.6068662297627645,0.5263780917915089,0.5145094733844493,0.8090584007999416,0.8079741499457584,1.2739141615866787,0.000561659026545123,0.009763255152271897,0.00014814224949498953,0.09471459525888674,0.9701544888228768,0.46803010612136414
0.5029504772390044,0.21231452646626273,531.8567352962089,0.039294252884446455,0.011672880276231349,607.1531523503554,12308.038253207545,4.244444523849418,29.42623769030513,0.08684914764936072,0.040528545912881624,0.12852421026322308,1.6085291852420704,0.5235262165272323,0.515584781719816,0.8074488729299519,0.8111277055228188,1.2657666886864458,0.000560037831014966,0.00975552885040155,0.0001498332032447356,0.09456479345204875,0.9645869069737495,0.4688500076133021
0.5021926014807016,0.21301875606982726,517.130147915492,0.03918550435912085,0.011764257442125737,611.1936602350287,12259.750401543577,4.232328248876169,29.412238863972764,0.08745700480343331,0.03511749841206954,0.1272045659051286,1.61261921795234,0.5218599496662136,0.5126074943858849,0.8102243427695646,0.8143747846790483,1.2698322770228436,0.0005540998391496139,0.009753989507879743,0.00015105297103945142,0.09382949097314862,0.9608846819500895,0.4726396037946559
0.5012284821670482,0.21297901232739092,478.96488155136893,0.03895201696878446,0.011611909291642969,609.4991004954044,12384.010433061561,4.24788347298578,29.406434147621976,0.08460021128712178,0.03211399967277069,0.12709370723959268,1.604160424686148,0.5191289503266994,0.5124447884052072,0.811365172260903,0.804920653021997,1.2727390784188948,0.0005517755617248806,0.00974711500404267,0.00015218733434982552,0.09416682004898401,0.9673826295766184,0.4708348936444916
0.49920708918448065,0.21265597477263717,455.5904405956184,0.03898396717723855,0.011645480519064836,613.2975160856973,12421.920222094066,4.233298944288161,29.521670108891772,0.08776751722563193,0.025711925819062422,0.12633424172930477,1.6011037421381433,0.5241307916414406,0.5179596270452592,0.8078813200508334,0.8029095065034159,1.278008422368419,0.0005506147578042673,0.009630987717519763,0.00015187857492996804,0.0936528829940582,0.9747519472804049,0.471886552036012
0.4985347676074855,0.21210668874876348,472.02627314350815,0.03910411509997238,0.011840317442779916,609.2497627925326,12437.904035491123,4.229319725433512,29.61238384513574,0.09270831246428565,0.027050841930668715,0.12493479637972082,1.602851508921513,0.5220453205612089,0.5238674829625327,0.8049461441562287,0.7988248254365672,1.2764820685929628,0.000551082298398306,0.009709212973432529,0.00015195403317851952,0.09476176751531347,0.9803360331699575,0.47617248848603644
0.49962374154392825,0.2110373271621857,504.65718408930354,0.03913024264743093,0.011844673952712588,610.9108547237055,12348.611895645647,4.2064312290241945,29.555655449733496,0.08794679207704599,0.02634328275308144,0.12524844528459797,1.611144803308869,0.5223373824948551,0.5193867834587745,0.8040493899682124,0.8026547538225162,1.2711057901468181,0.0005555527864175342,0.009718705056362053,0.00015263550830734644,0.09557487720881083,0.9775575994529142,0.4701755848706755
0.500555811483801,0.21104049200885075,515.013190609117,0.03902098113827751,0.0119995606880898,611.7329706790472,12343.674742726464,4.241091251713716,29.868083205675543,0.08265392971056253,0.02744029924480372,0.12203874658219842,1.6184888976981708,0.5229607662867248,0.5239792684391869,0.8036497536149727,0.7983680333662522,1.2743694487071227,0.0005612278649952085,0.009714604732992157,0.00015182664104656108,0.09715954181275813,0.9692275291197031,0.469604458174942
0.49959375946717766,0.21066623619880773,503.03005733544416,0.03885926506174415,0.011944392403226431,612.1000812541541,12301.840521895396,4.255689258366431,30.245999175581556,0.08616340661539652,0.02101905934619086,0.1186716379610612,1.6147948799337442,0.5184622082805997,0.5212146522035408,0.8022163532604852,0.7998480629671861,1.2641333407293776,0.0005593229233231522,0.009773257638399325,0.00014992103240188097,0.09804394325045179,0.9747804374917527,0.46002191812708865
0.49815698741392683,0.21030125868533106,509.8407390959896,0.03885335528673261,0.012036493853841774,613.8692128707806,12347.149271179236,4.250669706382419,30.155410651589804,0.0911905822582992,0.019724098525644832,0.11824995182541638,1.6232550608684215,0.517779063285536,0.5163009993484234,0.8071036357764779,0.7980556191259498,1.2711196046917468,0.0005591882191917418,0.009746031483239386,0.0001500382577159751,0.09902589642800558,0.9808428533814935,0.4595792445110794
0.4980271157198756,0.2098042955143266,524.1640516803878,0.038807513346816834,0.012129525329189532,617.8309429575302,12187.58867061541,4.246413677515708,30.024648487555726,0.09338588397019758,0.022711164079774207,0.1163667528467213,1.6235217245715647,0.5204726760781979,0.519013531752394,0.8022537451644703,0.795304066050824,1.2761892467556715,0.0005611012084432047,0.009746368753018056,0.00014854874728341096,0.09979562201574038,0.9771792546605528,0.4586842048461275
0.49837274764367023,0.20905616017255985,488.47323143159184,0.038822130612183606,0.012093319000388571,620.2535479694885,12178.316807188097,4.214168336685136,30.162820632304648,0.09230420595597051,0.017824270848234285,0.11533292625041035,1.629528805366732,0.5207256047199879,0.5183012293332392,0.7999095525733079,0.8010559979127007,1.2837014540209934,0.0005589435781805027,0.009838394292936483,0.00014938007727343693,0.09917441122138088,0.9698346274564917,0.45507600099965784
0.4959601454102299,0.20863299614424657,474.92652432081553,0.03902701138221798,0.011997303767268597,629.3142531294536,12182.522268682304,4.2231694812647245,30.212055090206288,0.08919613599129125,0.011363364116069771,0.12033096136595886,1.625970323205948,0.520658691694119,0.5163205527257253,0.8024261078385598,0.7940775603697448,1.278041746113997,0.0005574710245490484,0.009877005109912271,0.00015107176242798638,0.09802053941958709,0.9695147124867394,0.4575914472946776
0.49979334634869194,0.2076628508060824,458.9208451203674,0.0389729709414761,0.012077002978163298,636.8362036883916,12166.320691146804,4.231770552281005,30.32656577493075,0.0904429767767468,0.014833642014083034,0.12635627859953028,1.6427651931573457,0.5229856219245772,0.5157653775227512,0.8002824401877593,0.7958239620660391,1.2791259960044563,0.0005559280359901927,0.009926649408383299,0.00015173354284008682,0.0981662146176318,0.9655023006410356,0.4552778806842611
0.5001165163115623,0.207668344492013,459.5634366028192,0.03905627545891503,0.012085827941357093,630.1501864952103,12166.823844777786,4.265816101007044,30.065236974156168,0.08585460272478634,0.019646387405904686,0.127333025688536,1.6459932960532369,0.5215226353728425,0.5135513231687922,0.7975085699196851,0.7849198039403431,1.2748949619571333,0.000553501556377315,0.009970770111430612,0.00015414072210107006,0.09868934446625925,0.9651252460991054,0.4608343792825317
0.5025958664534438,0.20856296739824245,459.13013509292,0.03919165572096878,0.012052607775001351,629.6667961625078,12008.812253096936,4.274816428035066,30.028455513737473,0.08647910328487045,0.011907391258266606,0.12329218367781339,1.640449198001134,0.519448425096997,0.5126214021739942,0.8030762081816111,0.7856016456642462,1.2697956266812245,0.000555238961141747,0.00995958691956259,0.0001521790597620199,0.09959503847423437,0.9679066767289095,0.46604047135384724
0.5031512888038446,0.2088396047701618,468.0001731565147,0.03902079319110876,0.012085030854088971,637.3213989163726,12051.313776709096,4.279828105337967,30.072375552173575,0.08453153203510667,0.01776867577846267,0.1220745420236667,1.6342545217081608,0.521266339034605,0.5128150545005759,0.8017397792718058,0.7792899074673963,1.2662261093386404,0.0005594172970302258,0.009911250875399182,0.00015201230989703274,0.09894725530785418,0.9669915518351809,0.4625960633256542
0.5032355720884493,0.20838618660567976,468.1517825617218,0.03888565733727475,0.01169315848632203,643.7442311583796,11922.238128275822,4.286945013307541,30.012097568918428,0.08181571963257442,0.014780723639208657,0.12227980467485985,1.6330630806894608,0.5216620646445753,0.5076986702377666,0.8028590390367956,0.7810640672375807,1.2490246256590882,0.0005624184583224038,0.00986884317004025,0.00015314926177487884,0.10017204690797335,0.966364814595638,0.465449038993051
0.5033447767599205,0.20763218487223273,460.29189179222817,0.03866683402031313,0.011715214608211842,636.8213303044847,11934.990869809544,4.27467316959886,29.771935829589093,0.08635162801829839,0.012153197987115555,0.12041847950983005,1.6193445586830166,0.5185242778804628,0.5081902403318069,0.801474046681056,0.7871918993370477,1.238641108890337,0.0005615945208802797,0.009907840624519835,0.00015185922324518843,0.10014255037057238,0.9713845630232552,0.4600967374866946
0.500584332085263,0.20701991091758118,474.17880061257745,0.03882889845015155,0.011386133474590165,635.9779255200791,11917.189243154953,4.273407144952911,30.12256580855339,0.08642330998164535,0.013852061716148755,0.11841568079868174,1.6234982203897514,0.517042559629502,0.5036626255617913,0.7999145483090416,0.7868677199305096,1.2509649919741996,0.0005639206110047253,0.00994216673362177,0.00015008701259265403,0.10234458337658058,0.9717835604256252,0.4725399436107662
0.49872178802105815,0.20772915548012477,496.90338821138323,0.039086274033187846,0.01141989490493375,630.1893863757152,11940.68144139273,4.281562783350208,29.944894843667292,0.08239769937885759,0.019308276284987685,0.12138725083569264,1.6205530147331433,0.5174290436087868,0.5019427136975343,0.8036928722794059,0.7832319644176922,1.2469067650321872,0.0005650225469239958,0.009996890722795134,0.00014922919595864264,0.10406631295150796,0.9699046975408955,0.47264632267315043
0.49984952962394563,0.2082068692230026,497.22886350167914,0.03909567404477504,0.011391601215782669,631.9703840006133,11937.416992547476,4.28447984039559,29.95231149366406,0.08632705140735482,0.01142832167810496,0.12128781110642002,1.623967551901226,0.5238688081008916,0.5006424376858399,0.8015244866931097,0.7836399991132564,1.2487675078538496,0.000563557552555411,0.009939974378845012,0.00014696312556125763,0.1035355089614352,0.9710699551021266,0.4716531737089906
0.4983876587389699,0.20792779509504522,485.6446951068621,0.03912295986618009,0.01163025109616173,632.1080853009314,11983.139671123638,4.287687293479925,30.00429321218433,0.08801107774948756,0.010381133526145066,0.12239162008533251,1.6264171297355183,0.5214457026411609,0.5006343010759109,0.8011539960948177,0.7861094186281544,1.2464645396529146,0.0005675611149826675,0.009868987734839605,0.00014302914147507198,0.10300592114299476,0.9745942236527565,0.4795818590416389
0.4991308822389787,0.20745507541518252,496.7937679540819,0.03914507950770939,0.011669911669678935,634.6008659719841,12047.791523531374,4.3118450387069895,30.10288666692624,0.08747135497919215,0.01070095952935003,0.12382815294484134,1.6202060297083407,0.5233088431279787,0.5008062735713168,0.8036572030112342,0.7780269451703241,1.2538977077298883,0.0005685546649146125,0.009875514661528376,0.00014379742946230446,0.10307643990231155,0.9793613165379648,0.47495685000068605
0.4989590148795732,0.20857263661627626,511.5511141973455,0.0392444912989571,0.01151741812643541,635.244162953133,11995.968717689213,4.300772183858181,30.376829568609104,0.08801252401755716,0.011956355993853706,0.12173740196977993,1.6301136847022053,0.5266094314426332,0.5012641767826493,0.8036588136125367,0.7726728593603192,1.2508162217258398,0.0005684541291057924,0.009805823071909737,0.00014495955665580642,0.10459515736837258,0.983784377293926,0.47892382645507137
0.49727257583130374,0.20755122574984344,510.4901561814814,0.03922922201106564,0.011487104398895193,632.7723020940889,12050.90681116948,4.306834586445311,30.398892910573455,0.08852740477807651,0.012518358223754775,0.12086458041872784,1.635299275017249,0.5264289697565552,0.501066221047898,0.8034121002947976,0.7724950505062683,1.2588687205776665,0.0005651277716335205,0.00970258365590207,0.0001456134921186803,0.10494848733459063,0.9838610202756728,0.48121331575215576
0.49691463771590466,0.20878787038940863,525.521199419817,0.03928676413732688,0.011201070590977158,628.851916362427,11973.251803358085,4.3247417985852215,30.55008062396009,0.07993949949315514,0.01820111196013771,0.11949562437084404,1.6284722569290497,0.5232097976571367,0.5035274923538888,0.8032087632077016,0.7754774589240944,1.259344304124429,0.0005635380053357518,0.009660988860224134,0.0001458589688358142,0.10413516837933327,0.9780749795062491,0.47496957111467586
0.49892167064687526,0.2088068048545391,495.7804167959628,0.03934283825329545,0.011150123934261343,630.3922222016616,11875.702625885851,4.349857946836509,30.3087244746547,0.07734061635182149,0.018652549552396983,0.11773590276285859,1.6451150129973289,0.5213347794293085,0.5062038275816916,0.8056631086356991,0.7671007963884565,1.2596067953608618,0.0005607813768387442,0.009608320152234688,0.00014766500355930604,0.102977591183985,0.9816625459505168,0.4746588419483024
0.5000106992642603,0.20866795375520597,465.73115957943253,0.03931150239488406,0.011036802838429826,637.2029272184772,11922.3999570914,4.33401561705214,30.37702541945718,0.08242343628799309,0.015171174212240165,0.12131304256849294,1.649539762547845,0.5208225883001472,0.5101116962599812,0.8061125995318417,0.7616153291913065,1.2469042602393838,0.000560636622007103,0.009587082107360409,0.00014739450181634503,0.10304645039422024,0.9814261811298107,0.47285628419886117
0.5017423155644486,0.20901211489693755,462.0634058833361,0.039249437414674904,0.011149343378169193,636.7691229315096,11885.924619272464,4.297190775465753,30.335846314808784,0.07966163863027478,0.021198685912416006,0.12378060148057138,1.6555822175168307,0.5191735721459845,0.5087799743872146,0.8042772289454297,0.7689096119219266,1.2384357313080525,0.0005623619803573582,0.009513224220632497,0.00014644624194242554,0.1022296991762126,0.9803855958529708,0.4701229554511018
0.5012695326732486,0.20975138819047026,471.8413659909193,0.03938853798601112,0.011523622792468397,633.7954842446344,11804.447322631231,4.26786421797302,30.399597749069688,0.07587438846889401,0.02155226986527054,0.1243614095907046,1.666345148663528,0.5190154910419644,0.5088496518444019,0.8031605852373604,0.7771503988866113,1.2447896406895549,0.0005664657778919607,0.009511364801037403,0.00014556981216513093,0.10210443472100633,0.9790178973846906,0.4590017791913799
0.5000916524971365,0.21014137102630537,450.0212623614056,0.039267193083644104,0.011462318679061249,639.4737792487745,11810.598911910089,4.279921451220034,30.47248461301186,0.07227871801123333,0.02306208158540222,0.12730344970118845,1.6580022685923312,0.5191665238613333,0.5117235442736524,0.8038538685649174,0.7754916272283592,1.2454642000678753,0.0005640341050029175,0.009478735640241194,0.00014334174705513315,0.10334559714823201,0.9802786376559592,0.4623241946776947
0.49945757861242374,0.21117141844521478,434.21323630865817,0.03934584888885286,0.011450524445458535,636.8933810687647,11707.614994564496,4.283217454574223,30.40467878686807,0.0728343848567108,0.02644824188034787,0.12751104923045098,1.6556335976707879,0.5192603179548247,0.5145718124150198,0.7971442804334378,0.7761671279420622,1.2488112977848556,0.0005642667757287591,0.00949364108672264,0.00014394120159443236,0.10296712659217874,0.9887358032648038,0.46663427953426706
0.5024155412813059,0.21197528489603204,418.85061113970613,0.03934275483060853,0.011642681039978425,639.7363557076661,11899.495871571193,4.303468642153194,30.305739711935125,0.0763318302207186,0.020068353634377728,0.12712306567894024,1.6518455465255026,0.5181851346773095,0.5110129975618003,0.7911375398592144,0.7896186419131196,1.2410444111653465,0.0005650984627392334,0.009629648745155848,0.00014226352366913895,0.10220294584373504,0.9827454548549007,0.46939866452718215
0.503289672949471,0.2118549257033641,412.3169899572336,0.03925486658066553,0.011731347184713855,640.9097020266227,12042.71334092311,4.292476262125237,30.700067772813522,0.07993343383834411,0.02336428522881749,0.12815522786391148,1.657651112413062,0.5165980279396534,0.5135169256408575,0.7908786881728848,0.7840258945832178,1.2419108431592178,0.0005643820658321207,0.009633716915477632,0.00014144665103208652,0.10022850978583056,0.9707831443667566,0.46910245850149684
0.5030584968617755,0.21248725294035437,408.4875977955098,0.039245331011342185,0.012033232650414326,645.3235206615518,12159.816342971912,4.268427011154776,30.90957031702246,0.08504714243549603,0.02536576788462964,0.12735979734251926,1.6507048470067123,0.5132776514920623,0.5152405081126812,0.793312377468099,0.7807462811349913,1.2455105866689715,0.0005669903035516085,0.009697433363987299,0.0001427649159327888,0.0990523741773921,0.9718831532456009,0.46426989212339853
0.5029094518494959,0.21178750238074512,420.68130282774325,0.03917174196822729,0.012311735215553819,650.1350548754522,12142.437922952417,4.297663352829883,30.98112733413877,0.08559505457729705,0.028938904009849234,0.12404398162241438,1.6418292641720849,0.5105561102144278,0.5131803105894314,0.7910869957558371,0.7879893274953248,1.248330241465256,0.0005674620495195893,0.009727881585627011,0.00014156338883894478,0.09975019322737877,0.9642278385683676,0.4668617704652809
0.5042218661917945,0.2110794063996932,424.1916846287317,0.03932033588862315,0.012450166728908738,642.0627645424573,12120.252345264065,4.300121272007192,31.058107526424653,0.07788708365453721,0.030135929902265768,0.12273308100247975,1.639500995516373,0.507574660710436,0.5040051034700058,0.7864865031957702,0.7873732368762504,1.231789087113223,0.0005657353654397233,0.009735484563184776,0.00014282165590597082,0.09938591857710317,0.9671405293979801,0.4684409679186833
0.5040217387191017,0.21079818503296857,426.3639518743796,0.039321406704048004,0.012466350617631095,645.2232714556765,12098.331909625775,4.280040331079452,30.751850068437903,0.07815499733204187,0.03115363888391438,0.12305872672162815,1.6294113461109774,0.506686701029683,0.502102893622981,0.7880414116433134,0.7865579243540974,1.2355874788978474,0.0005635420887209857,0.0097562356564035,0.00014201087148895872,0.10022702075803477,0.9690045586725052,0.4594503626447515
0.5037291668227158,0.210959202795575,423.710385481279,0.0393562169780461,0.012814145249138952,641.9055058119839,12086.61201632739,4.2500493320450765,30.68095809528935,0.07825208597070685,0.029854301693225442,0.1226886483842497,1.6340671618132414,0.5135232800285445,0.5055667861344247,0.7896233406436373,0.7915083837096285,1.2302097672368464,0.0005635464588668014,0.009768140267057286,0.00014071100241070164,0.10098290213433479,0.9703772596106779,0.46031580499515684
0.5026399738596417,0.2101735676530786,410.4519779795885,0.03936078493435067,0.013026468322486393,638.3616417911256,12043.70928525859,4.220567455786086,30.484490965199914,0.07569018044527172,0.02510502204899591,0.11811487782223394,1.6441961537023515,0.5138095804166876,0.5073197818525553,0.7894279724978606,0.8019054378824588,1.2285101812170913,0.0005606637412727983,0.009834287948081838,0.00014033103012460417,0.10221980573266003,0.9695114903801832,0.4597507994071944
0.5013884201290034,0.20982450113477863,429.555579489634,0.039209783074792774,0.013264877071264046,637.0398692122906,12074.170064289738,4.219780067161918,30.461182189744964,0.07300649304736605,0.021326092765608897,0.12126397568761833,1.6386325717920343,0.513755580178461,0.5062524385334691,0.7909934564734163,0.8024905590877721,1.2303176453547475,0.0005637031169132082,0.0097847784550125,0.00014123945478508804,0.10133486767878798,0.9651211953875412,0.461408489340496
0.5005004469012381,0.21017809690390313,419.11908121786433,0.03917134245404715,0.01338000288261463,641.5350203163378,12129.49190832521,4.211305286547981,30.3315144647127,0.08473510532668353,0.01718934680850935,0.12623186241298198,1.6361685765705662,0.5167115101397559,0.5067452400975353,0.7888656289358987,0.7977171429012306,1.2252262487648335,0.0005646710812780151,0.009794318806806531,0.0001414066227531488,0.1032189272694431,0.9715308132439988,0.4645051567999131
0.4981982796518953,0.20977756681566664,434.5421787964309,0.03934263826049176,0.01319958278902125,646.6222645196174,12180.467429853894,4.194049262121139,30.145296561044304,0.08791029019522242,0.013294735652637451,0.12986851747576045,1.6288350009098544,0.5187685862530522,0.5081112709436565,0.7883917354188724,0.8120294319733883,1.2405433879197498,0.0005672080871775957,0.009761715047208746,0.00014151357193992656,0.10381748018775315,0.9724414326559278,0.46701955962591624
0.4951487391915073,0.21024468133490593,444.3869700551216,0.03931855904875796,0.013189734791260798,645.0433142586545,12047.265090011146,4.1946852957244465,30.56545377268386,0.08750385271751114,0.014287519912151584,0.13107175821152356,1.6286688462248105,0.5185732395125024,0.5150436498132921,0.790165456368801,0.8040764559915311,1.2542278574736718,0.0005679876990242092,0.009751207122113362,0.00014091386604030308,0.10422585043018599,0.9738819235126842,0.46617433321444457
0.4948745757541141,0.21121356764912974,432.5091764075334,0.039441508132400514,0.013066417265090634,639.5998668929986,12017.363108252264,4.185964885521844,30.39297558317151,0.08271638388692815,0.012437652179314699,0.13019686048728435,1.637146967018411,0.519427631062984,0.5151186879902571,0.7945217444943593,0.7971048363915221,1.2506690523648878,0.0005667264009569775,0.009748107708176208,0.0001408566622985948,0.10495893572221372,0.97786691443905,0.46808911419177507
0.4961716495010862,0.21228690350804086,464.14959696709707,0.03947504511990734,0.01301487691781631,643.0932312536878,11922.17912240302,4.179519272323219,30.3107354867833,0.07640500349450605,0.02115877674765792,0.13118772590766062,1.6376090663723741,0.5189769620367362,0.5160590643147317,0.7942676821112157,0.8019574417687294,1.247190117787598,0.000575619869718688,0.009707911536091301,0.0001426065807249947,0.10261427631378722,0.9679471043224046,0.473534105526627
0.4971983386989014,0.2116219254814769,460.75971699183464,0.03936863210230654,0.01306487554813581,643.7972464036081,11838.876251475984,4.1638269462974735,30.234469777277347,0.07693729636794981,0.013776267022703084,0.12907708475237287,1.6368562475860589,0.5202673790378389,0.5143619082819186,0.7965790083478832,0.8068985847331864,1.2414855513626943,0.0005757571510131869,0.009657755344618829,0.00014169825465095502,0.10242017739926934,0.9606658534844676,0.47049218276771776
0.49541786831116313,0.21190431645910437,462.34550617785703,0.039259334014678945,0.012911469035108595,645.9793886903761,11840.89591541783,4.1782386754035565,30.207173161440604,0.08075657422969414,0.012404626505988794,0.12420278957987922,1.6427469025169956,0.5238909874936953,0.5199575753560504,0.7926968554932663,0.809691282277585,1.2436772387380395,0.0005741253132809592,0.009607343743424337,0.00014055110987917893,0.1017517162307712,0.9631203949298711,0.47212458620199527
0.49747194614760537,0.21172410626836913,473.5544369219734,0.03916733881291793,0.012725568856054161,642.8294716210291,11821.987288404578,4.186933380833799,30.395694121332042,0.08369588584168519,0.016088533298567236,0.12325343756468943,1.6525689947831037,0.5290294858237862,0.5176995454505186,0.7979723583175494,0.8063701843703971,1.2433810720123801,0.0005794164397506769,0.009587615364761663,0.00014024560334535607,0.10315278628246784,0.9601269535350097,0.48029167268744877
0.4964523736775537,0.21245977529709242,477.5008474702613,0.03915857817443299,0.01263677614171399,645.8562445736711,11801.112756500774,4.1730036939597,30.584098619584537,0.08016716433903627,0.011269499701721083,0.12219003643744594,1.6442995880021418,0.5292379360929695,0.5200862586916702,0.7980327483869374,0.7943227155838793,1.255456567768716,0.0005791911687521787,0.009656293760321462,0.0001415629448035976,0.10210259488956316,0.952225275457812,0.48050063731486864
0.49748444643557727,0.21184919808553834,488.2857275747521,0.039100711072208125,0.012731431578655587,648.8047256698375,11830.418296139173,4.2080004364414245,30.459407306019955,0.08451234446023596,0.012182905030282458,0.12348642898806353,1.6296980547983377,0.5283429957900484,0.5201013594640879,0.8038572145976755,0.8030183897693844,1.2552604338229658,0.000579657489978564,0.009581397050241115,0.0001401835553722199,0.10151088796128417,0.956758181436878,0.4815384066659503
0.4981310308123797,0.2111217664448795,478.63989383159094,0.039281759410359586,0.012749280468451037,643.8106939202311,11790.78724778824,4.187265381250138,30.09937673636002,0.08816099608384124,0.01923184774543388,0.1246209960296216,1.630840776909583,0.5285701123584449,0.5224252233337674,0.806034441569008,0.8059142250303919,1.248447837330931,0.0005805894775446497,0.00955157427718548,0.00014047915029614263,0.10224011247072598,0.9620283715612138,0.4857945743563684
0.4969406505805348,0.21065403167293636,449.03799384763346,0.03939347004162987,0.012462601457097145,645.7798765569181,11894.158609554032,4.188785768965943,30.23548943414757,0.08443794761398642,0.014997810427984457,0.1259180325126405,1.6365921584306315,0.5251486256545839,0.5207094605914921,0.8074963744138532,0.8108629532293526,1.2506453935254418,0.0005773955454949277,0.009548186788389038,0.0001425965694590262,0.10297639551136026,0.9595088799494677,0.4797599180097433
0.49836324555772293,0.2108266679137342,456.54773118011195,0.039436647104464505,0.012439420826918563,644.6429192224247,11890.31949088101,4.18936827766549,30.862292016701712,0.08268523901587443,0.014273743104639237,0.12028014123369687,1.6318613238686155,0.5218574648897929,0.5220844461231482,0.808665030505091,0.8173282782929967,1.2570445604113547,0.0005772624495608823,0.009598981377017951,0.0001412952869440423,0.10481996604559872,0.9642248408344908,0.4752494795896485
0.49774986817509276,0.2105611543439819,467.9661442670417,0.03946554265582155,0.01244711191993519,643.8885793476538,11923.364191735849,4.170358377836545,30.90363838089919,0.08486959491662607,0.014733592823598908,0.12101612115745143,1.6439265435183312,0.521258632973628,0.521513263010251,0.8096033585916156,0.8171391606099278,1.2479241667422838,0.0005804897171706334,0.009641129397044767,0.000142259195629586,0.1044538879453348,0.9682784531631368,0.47219982583783
0.5004097526907512,0.21080326743251848,450.7710364480919,0.039626988282674136,0.012803066773187082,645.3957603978579,12009.472999204094,4.17994793589321,30.735246916641778,0.08351589095970414,0.010490790209606967,0.11737993842461776,1.6380551474467557,0.5195734051891265,0.5257867635542461,0.8074408335277862,0.8157564879849125,1.2433206943392723,0.0005855385644164737,0.00964186474042373,0.00014216273748515363,0.10465717863149322,0.9650869294984314,0.46957906036243097
0.501999684969279,0.21094248178303365,433.6158460467947,0.039477230056215555,0.012823168739001047,642.733243636286,11958.395789042883,4.191983557713418,30.571171147563277,0.08651880270439262,0.014310837651680732,0.11828702536229324,1.637231673922486,0.5207657941399567,0.5257716631172576,0.8069365834488893,0.8136123738478641,1.241075194809617,0.0005914529736873394,0.009698717337636671,0.00014112885019438494,0.10298700446459579,0.9659924892276794,0.47469120843089785
0.5004161273098827,0.20978060469078058,452.4108234486725,0.039339830709773815,0.012966519154329774,639.9419283773785,11820.313771423775,4.175805355004354,30.65458989054142,0.08847991173108358,0.015312275375677954,0.1179044949164143,1.64607664931858,0.5194437754066638,0.5293714276974868,0.8060998711711317,0.8296104697354557,1.2299719776230096,0.0005946968041065974,0.009729478106873331,0.0001416327535163721,0.1048556417751368,0.9700220176239219,0.4769982676328565
0.5017941280880248,0.2106586475862103,413.2945335964125,0.039183528961890965,0.013075999815224736,631.0969770444933,11940.362595707214,4.166183201476611,30.684800783388646,0.08664974893396114,0.014607084336427302,0.12139609827316528,1.6519649624235881,0.516660260046655,0.5292065729156773,0.8019014569710019,0.8304135520116936,1.2222473603804336,0.0005935213742234596,0.009831799465036817,0.00014292004848249823,0.10508436514170694,0.9634243696858578,0.47679079857738665
0.5000984255871314,0.21067819039856667,393.6965893675893,0.03915838701685517,0.012920771735128027,630.8987718098006,11950.462337945542,4.180883661501481,30.83055896410974,0.08831583342447988,0.02313531447698375,0.1215481955154386,1.6617368083683532,0.5160496296691515,0.5264857177794807,0.8068023099328447,0.8336379590853827,1.2093971738005702,0.0005940572305662832,0.009823693200216185,0.00014337495123028832,0.10371896593039476,0.9628205353300945,0.4750514010308335
0.49887107610961456,0.21118274670626166,388.711975137608,0.03937183562393914,0.012993101691179641,625.0664092079674,12036.97032140401,4.203122373964117,30.92427884705176,0.0795665360975737,0.021524822244469617,0.12520789222989423,1.6664437056314811,0.5137096543042958,0.524999224285637,0.8032713913673634,0.8336365408927051,1.2138074818962332,0.0005992580957281808,0.009747900128606282,0.00014362995852599712,0.10274740784643394,0.9603487453049071,0.4736939886251061
0.49954690726570894,0.2124304362923324,401.5926046943343,0.03939529003513987,0.012825634318383879,627.1570818237637,11940.45452994453,4.192740106561594,31.050257897247043,0.08786157525818301,0.02634571678769913,0.12596315850965462,1.6709546624984606,0.5099021972034914,0.524716372706661,0.8014897321517228,0.8364299331760476,1.2210079881490155,0.0005979365813098206,0.009704439330632616,0.0001444426373244048,0.10274567819939771,0.9554672189807254,0.47364773688792944
0.5009379751485235,0.2118464746869066,381.06571280554107,0.03924987083600589,0.012889546355000302,622.8590410387229,11869.721230920699,4.184141993914129,30.88283549108304,0.0873348823444329,0.02528906598028303,0.12667201073872483,1.6822095163763313,0.508647361650033,0.5213514063386223,0.8030094500133924,0.8449342759454037,1.2160078776441012,0.0006014592511003297,0.00980615636284917,0.00014293260221713227,0.1036784884034781,0.9586404937854105,0.4832614566594676
0.4999468155807295,0.2125656799864859,424.4956598668615,0.0391365989307438,0.012969522082159566,624.132538297089,11851.931869169477,4.203805751395812,31.05311429554318,0.0850163098630971,0.02381314825944672,0.12397982185871138,1.6755962850264314,0.5111030511131658,0.516307321585406,0.8062805635483209,0.8465688394526018,1.2185754375075948,0.0006038271486963701,0.009813582018910694,0.00014319559091423558,0.10407355214262082,0.9607862680056652,0.4815887905150397
0.5011811873131611,0.2124896255235875,423.6184378643391,0.039028673331744375,0.012870426926564921,619.961428575103,11851.977362118743,4.190136772882418,30.96363466716027,0.08407240688009941,0.023847610318182576,0.12042498446239734,1.6761033700590025,0.5098790993371766,0.5237665486288328,0.8108534370029915,0.8509862612232509,1.2195489166684628,0.0006039504851833773,0.009862496220040512,0.0001432452048403673,0.10379335038044764,0.9678020161551932,0.485201290235273
0.4997332978549478,0.2128679813342308,437.5876229767309,0.03901533034375444,0.0129070893858274,622.3127738654869,11907.461785563972,4.181802289344251,30.810030650656763,0.09417408810435655,0.01591747978354531,0.11817911903169563,1.6885665155688647,0.5069068902144099,0.5260075529873502,0.810443976046409,0.8554573332781362,1.2173659761674775,0.0006013177123499363,0.009966232832941306,0.00014190673896348282,0.1039295571785635,0.9702210552864131,0.48438785384301647
0.4983011461312102,0.21353418819471284,445.53416690254664,0.03919595305789471,0.013187077753486355,627.4458500743685,12006.177079648212,4.176376654132616,30.73935784641936,0.0860006192348477,0.0163019295765773,0.11473770600811832,1.6857348691615013,0.5070416869810614,0.5247969473609511,0.8121712453567335,0.8621679250427948,1.2240135352191828,0.0006013993082629885,0.009931604299387041,0.0001395536566017467,0.10476658658012493,0.9737916879101897,0.49323814882893896
0.4999050717847038,0.2129021177592904,451.45751300275555,0.03915537200385567,0.01337720664781999,635.1313828141268,11957.9612875242,4.1839518718241395,31.080823023671943,0.09152431807847566,0.020378457041071975,0.11670889122673547,1.6939886232684345,0.5068335523913776,0.5235647751690666,0.811219135080816,0.8581443795212869,1.2261917775710542,0.0006020246272086979,0.009936311984555003,0.00013668882714453208,0.10424785831408098,0.9754754901777773,0.49551638466277054
0.5022670028495226,0.2135688324441222,446.4808967627836,0.03900511837891194,0.013357957837996546,642.626065539689,11949.40094863344,4.182515593165463,31.259853181589943,0.08929448272036619,0.014704593798218417,0.11496313116935385,1.7062469356513574,0.5073916168491478,0.5217617293206571,0.8109711626052036,0.8671323628476205,1.2341365310551529,0.0006079905007300373,0.009873161753079071,0.00013701645705766356,0.10534906074618405,0.9751202488430082,0.4993774825390004
0.5028932486235052,0.21407594709464595,433.71355762444847,0.0389356161557603,0.013419573729169272,644.1493021669412,11999.666617021509,4.198181809273696,31.16652045089347,0.0847990686579701,0.013347494894595456,0.11461719243268631,1.7121628427393771,0.5093049206427694,0.5212398804657873,0.809827066495523,0.8679193270179809,1.2364854021735152,0.0006088288498630616,0.009838354131418038,0.0001370495272833911,0.10507488487197728,0.9799572095236803,0.49869535610210003
0.5041457364781213,0.21474534937487233,443.9176812143404,0.03890986025048983,0.013275677190214967,642.8697881044076,12008.229699461182,4.182087660812131,31.13460537608277,0.08774857243025223,0.01042293022817908,0.1152440628128363,1.716245767841218,0.5064083779351097,0.5224299281739204,0.8054337953701777,0.8735437782303237,1.2277314535850088,0.0006113834853422493,0.009919832421311416,0.0001368117884734969,0.105882019302432,0.9771024991604467,0.49788508971402423
0.5053095043582732,0.21374404777227637,451.00517917416096,0.03886657776435683,0.013256568494938205,638.1783540913647,11970.394607663953,4.209138782977068,31.30195069493804,0.0874761174109035,0.011179447161727968,0.11724374924613644,1.7283869003114418,0.5082511248928298,0.520404446343374,0.8069500831566491,0.8790875689760587,1.2294030412507013,0.0006119114671317693,0.009961838973033725,0.000135966330635236,0.10557211116535056,0.9707727745963562,0.49756959648652754
0.50511131884518,0.21350343154885404,459.56496719404913,0.038667156374507024,0.013242228604248714,642.7949211834425,12020.328375173918,4.221087248262186,31.388122690850697,0.08279511742885756,0.017136680325272755,0.11772993739456128,1.718661222411272,0.5077706072676883,0.5225966515428233,0.805732494988889,0.8824069346202131,1.2358008669917495,0.0006063701338871352,0.009957908773818478,0.000135771783425184,0.10513445988269107,0.9734757268399562,0.49474217642671864
0.5028863862044065,0.2141200467472403,455.54137412800395,0.038595405946664614,0.013368664794484009,642.3012552836802,11968.536402014837,4.223260223241717,31.429183784887996,0.07811392991105756,0.02525979547904832,0.11594141604298856,1.7344809405559838,0.5038930352929528,0.5232420600886344,0.8098621992152288,0.881348860711626,1.2390542101357618,0.0006039320470389555,0.009958799887496414,0.00013507753176647517,0.10454210638724373,0.9628015505508809,0.49796759409288127
0.5026779381438474,0.21393048136732393,441.39078611258617,0.03833688598133557,0.013031910719246512,639.7152021302094,11922.805297917677,4.258914130664165,31.574082178649878,0.07896275219460105,0.028593269892766907,0.1135215262745288,1.7314924477084328,0.5060845494431176,0.5228570605301778,0.8159958850841571,0.877150885037872,1.23265559334006,0.0006050750162175557,0.010020749457881792,0.00013501981175659375,0.10446763247314232,0.9575050349324843,0.5002498205441567
0.5047936016401571,0.21364487379038433,423.5702120152667,0.03826525597212491,0.013115427959559913,640.6620088305979,12040.097929863863,4.246603018494489,31.28321249097318,0.0801013683645985,0.029513326009074258,0.1142040178429916,1.7281532662612515,0.5029831169586938,0.5231764385542073,0.8167747115997244,0.8891578092526717,1.2236891235710463,0.0006030029201511975,0.009920342231078901,0.0001351160551466564,0.10584067894770988,0.960898707029436,0.4983505967901872
0.5059558551033366,0.21345023208485428,449.2738545939205,0.038395408256665244,0.013498484792856737,639.8016664852079,11896.31700307983,4.243655318468543,30.971553054149258,0.08186449415713563,0.03304731792935399,0.11527583268660056,1.7249064396960536,0.5044955666085603,0.525458521209532,0.8122917144497498,0.8864780910054307,1.2271652840520944,0.0006019810731956567,0.009999518541931698,0.0001347979415816042,0.10551104397862869,0.9680640501423905,0.49948241702756685
0.5059156707999566,0.21327674145876202,440.54375136676146,0.03829129770294813,0.013462763015717718,643.3086599632971,12002.458738963946,4.246102900164641,31.115557138315157,0.07342873171323153,0.02878593933967666,0.1192718662804159,1.7202494279388547,0.5070012712456358,0.5248176216691786,0.8100834583859475,0.880676535132283,1.226432778494579,0.000601504724981875,0.009982219371982412,0.0001350493286118388,0.10585848580701174,0.9629755528544697,0.5012368225193686
0.5069158471326153,0.2131482603264206,443.19789872517305,0.038107112551064554,0.013699360664935913,643.6585312797675,12099.40297165037,4.268388829215329,31.067405499566924,0.07582226186606877,0.033755494515612154,0.11361446310212986,1.719918758535226,0.5061938298480861,0.5225566388900702,0.8090185029655254,0.8825873629982092,1.2482427821611175,0.0006041330605852424,0.010059142251929777,0.00013296745625727502,0.10526737350390829,0.964475216286127,0.5032379723251325
0.5059295518767616,0.213939092404112,463.11495285168894,0.0380817975796692,0.013378327086077052,647.8041895545244,12185.548757626952,4.268433154610925,31.33652063116706,0.0846248221617791,0.03208037565592805,0.11321598607287557,1.7127188552952561,0.5070443740887955,0.5274252986951011,0.8130252286376527,0.8771176421350843,1.24298047573753,0.0006027615742331625,0.010101534491449453,0.00013236418525561493,0.10381702672331367,0.9628957349629005,0.505496807695115
0.5054288084520352,0.21336428355692194,455.04145064507134,0.03814315851726877,0.01342526760793178,649.0457410190324,12342.115182481686,4.232847253076431,31.5663532678668,0.08502775988852465,0.03741587498732408,0.11787558232192706,1.701200245520455,0.5058762058781593,0.5245722893539823,0.8156375411166513,0.8700056913876655,1.2377577696119133,0.0005999711417816198,0.010151486542175747,0.0001328399567114599,0.10421957463020848,0.9552605747849283,0.5079666781903039
0.5072203495506504,0.21254163917208294,431.6646707489469,0.038171040031469275,0.01330351059624579,646.817781478476,12325.636408978953,4.260695558055839,31.50041099327071,0.08380966983882297,0.03868871436817937,0.11974643342081928,1.688894689026937,0.5026688618175252,0.5256229726685985,0.8139805772071455,0.8710052591197981,1.2408619776712841,0.0005989622024145053,0.010099823661045945,0.00013413158343764824,0.10505074395186349,0.9558932401889173,0.5175328529381303
0.504314209987853,0.2118388811500764,419.16254611333176,0.03822068328320301,0.01323016226208729,645.5610508932504,12306.862364140403,4.285120079854716,31.604659901559895,0.08302431163503587,0.040602754678391556,0.11922911949728937,1.7058530643583714,0.5050682255747544,0.5247769784808631,0.8170584784452412,0.8699274318698781,1.2410730095632956,0.0006003277372814966,0.010055409281491585,0.00013606029265434344,0.10574311645190032,0.9538155332030935,0.5096575637556701
0.5046372735781067,0.21163862076478024,397.6712413788624,0.03819223450507818,0.013071151357050191,636.093374031201,12347.792355125936,4.2966658915089235,31.59304426630938,0.08688281139390822,0.03773849698598774,0.1212334125565351,1.714607837133965,0.5038538804785694,0.5231365930586791,0.8178772741827055,0.8583718158971353,1.2248268896158636,0.0005993014041748128,0.009965087439456583,0.00013802102350222675,0.10508016622863449,0.9581396116883788,0.5031556915849384
0.5074172525494279,0.21205971338748844,374.4528810590377,0.0381267473370041,0.01299523173923666,640.8074659453731,12429.859369502723,4.316007391078254,31.844668230578854,0.08981754097260501,0.033863645222506164,0.11781836553343349,1.7162024216232539,0.5002865406241047,0.5239086126789662,0.8167838729281236,0.8784357960357843,1.2293315234085822,0.0005995249404414636,0.009994054363448246,0.00013789124666941833,0.10283016229552053,0.9561675248998137,0.4940522779345573
0.5083868876756313,0.21037633356066335,387.09012902074613,0.03799138967361241,0.012863801878613296,640.1572556441167,12505.217678532397,4.318498570784622,32.06340328233437,0.09001273877063247,0.031104636277620123,0.11927056103614858,1.7271436013341777,0.5025023008608634,0.520996438250963,0.816911990384899,0.8785918747288552,1.2261530671673317,0.0006021667134173174,0.009969503243202001,0.00013909166779283135,0.10108464963674178,0.9540769838935532,0.489487862557837
0.5086030339125529,0.21137078837505408,351.3659954155055,0.03790828241809666,0.012764566856310194,645.4515760180318,12401.640154323708,4.289460227195506,32.06763926390465,0.08016152469896286,0.03902288289305246,0.11795330169810228,1.7229333160432811,0.5009088413466455,0.5203645902010555,0.8202362368413019,0.8774042095294889,1.2162448233545786,0.0006059312263538231,0.010029938920296837,0.00013837543322991526,0.10110213659533379,0.9600372873999274,0.4926716281551526
0.5077336406089754,0.21099317410150345,329.7384605254869,0.03779337766233897,0.012686011095427881,651.3409553396959,12401.271597879038,4.295080355066587,32.23037527991692,0.08435635522415338,0.038092008440514344,0.11557151099223222,1.723213205649881,0.5012499114530509,0.5197347094743204,0.8200982413332448,0.8776482341659091,1.2257581479448616,0.0006022509135637521,0.010059794233789433,0.00013789324801045778,0.10031194352674024,0.9664801939846894,0.4960209124892875
0.5061138582917034,0.21060454410615279,282.7861831292875,0.03775001227706756,0.012874903288256027,649.1544032139368,12522.79203380419,4.281980475620921,32.24662997167358,0.081877264880913,0.03631310089293327,0.11787844104842665,1.7343772752967461,0.5031359466281105,0.5212228351867368,0.8262966385198045,0.8758817087181185,1.216995593300157,0.0006031090179817954,0.010089413752052183,0.00013806164265696704,0.10124107310680441,0.9732992899348806,0.5030717284698681
0.5041013052451803,0.2099180651088119,288.45434900816286,0.03773853210651597,0.012673754360175244,656.8000141329186,12494.022474715786,4.291954327718309,32.214961127833156,0.09200696569212406,0.03009155749497058,0.11852991879175395,1.7299512607670358,0.5033016187711877,0.5241967617917653,0.8327534618454246,0.8768552039756321,1.238861295259326,0.0006016727004801362,0.009990090159975868,0.0001395135203379869,0.10099937776899766,0.9720561223385961,0.506276065211185
0.5035403583613748,0.21038190554873215,306.80132705369164,0.0377598885227594,0.012590735981176007,658.7879590345813,12397.357305470063,4.301779127671377,32.32393129634007,0.08915046346850011,0.027322263439332813,0.11775497560314215,1.7219928032389575,0.5032049437728378,0.52648789451354,0.8317421169094644,0.8840133530695001,1.2491076336997589,0.0006001878933332252,0.010001803983404707,0.0001413908023513822,0.10023172820882349,0.9662634735883775,0.5152676983066337
0.5057780744695012,0.21052825140006234,304.8751814766556,0.03793184519821266,0.012506210376763775,655.6701019695894,12368.836550374657,4.327805893580877,32.41241608120289,0.08351702751608425,0.02603123759285623,0.11552491979452664,1.7179845134098544,0.5040679965434793,0.5225089977630204,0.8337151585583273,0.894187921057968,1.2592637878372157,0.0006003030719472442,0.009884309980143295,0.00014172182004831726,0.09968209027533917,0.964372087811212,0.5231358883900034
0.5063666473093809,0.20995850803368882,326.0255828928549,0.037865374360635536,0.012539938600776289,659.9818469135733,12316.423892014978,4.33661291526533,32.62992712189845,0.08371615464715011,0.025880318227390415,0.11546823133464361,1.7149917097642409,0.5059531894073208,0.5206694804471653,0.8343256728044579,0.8949249120165904,1.2610870400653247,0.0005973838133635941,0.009909976898103062,0.0001415559211634411,0.09816912529518895,0.9597256380457495,0.5171623334183353
0.5078787771178234,0.21133853075806874,327.7365150443546,0.0379700534864577,0.012913409412261599,663.9766540138829,12216.652420146267,4.336400180043974,32.66149369756874,0.09522823128194005,0.02703726160771906,0.11517635397035343,1.7114819449708123,0.5059307783191448,0.5194827107571427,0.834429188206734,0.8956196786535998,1.2554928243938803,0.0005952781343416405,0.009852458204376042,0.00014083330319813013,0.09938402979266348,0.9540639991988923,0.5133765287897609
0.5037734232061193,0.21306632758363533,347.2302535671334,0.03795391282876145,0.01288724998254188,656.2296942342261,12255.252256212645,4.327539586469254,32.92315233869482,0.09593085214312246,0.02367787923718924,0.1140252292172636,1.707179511484425,0.506553104946463,0.5288615672570431,0.8293684084093178,0.8988442155559518,1.2523259726250933,0.0005952876227228751,0.00979347393517073,0.00014075133344564617,0.09913050927215464,0.9527689506505661,0.5143513851034093
0.5066201133315037,0.21257984308067585,373.2578234361705,0.03801424966697899,0.013278098263913267,651.8771368911971,12257.040468506273,4.299358506670556,32.85169851305349,0.09587074103417627,0.022504388222285905,0.11154814523568041,1.7056779620617637,0.5094087500849377,0.5284440412904351,0.8348873035884871,0.9116803538104034,1.2405877331187232,0.0005966371065414056,0.009850736183312583,0.0001408280394264937,0.09985666110398185,0.9566079202052751,0.5193418407938546
0.5070518389998476,0.21297940880302332,348.61578298823144,0.03802345786193539,0.01310522762926468,657.6672571589185,12282.011964935871,4.25278310052227,32.89955334491592,0.09261956776282847,0.022580507816753196,0.11167391546370557,1.7021878648312838,0.5120878138808945,0.5276586656644138,0.834293443032094,0.9119762832802419,1.246445046549153,0.0005986858709142971,0.009902341527872628,0.00014131408742012411,0.09900291351024806,0.9566914748287482,0.5238371345871993
0.50880575556309,0.21243271606090644,342.39830190753867,0.037875495517669534,0.013034639750827116,657.8182766676804,12430.312180394076,4.242808729222973,33.08274500695347,0.08935578371993867,0.020917159449061588,0.11050747588339191,1.7068141513513162,0.5140739077232354,0.5227556509135572,0.8305486297876495,0.9125084766977942,1.2307109028794048,0.0006010245889579919,0.009858140805345632,0.00014231778505266064,0.10032233153681876,0.9494789260497395,0.5178077494059311
0.5076817104793754,0.2127009852428063,323.9863952601846,0.03770190531186941,0.012814985308718352,653.2864794154775,12384.81240223948,4.255717066433784,32.89221161296646,0.08560311796931998,0.02362899785807656,0.10942545868173585,1.7100580212332073,0.5122024570982694,0.5224814397971321,0.8351668368119486,0.9129454497314723,1.2348707144305824,0.000604384253818402,0.009897064509113864,0.00014076524592904693,0.09969213038959596,0.9423532192649158,0.513448097329969
0.5097663797729749,0.2133619892536456,316.05952569792964,0.03761742325633459,0.012629711144449333,657.9473895429666,12434.373690165463,4.259426646738856,32.87945918452016,0.0898544220822459,0.014519370218747156,0.10917933445428496,1.6985678847024674,0.5137251466462196,0.5226448198889463,0.8306936663604086,0.9162384565949833,1.2361296828878123,0.0006055220572927623,0.009819204997001793,0.00014200403381129837,0.09806745720611773,0.9345075007802127,0.5117280274449953
0.5072579896351401,0.21306942975657053,326.7003316427735,0.03781043194873295,0.012482943453294761,659.0530084614267,12471.419922438798,4.264853455212362,33.11853719925089,0.08694495573096114,0.01261134959195293,0.11192931495948343,1.6874204126650116,0.511360899398324,0.5218432146204616,0.8332322131003268,0.9189897520841083,1.2493485961807071,0.0006020743467612907,0.009735846227344719,0.00014260166084073398,0.0962353971895166,0.9319647798870574,0.5152449791350409
0.5070188318621112,0.21277841769162317,296.6687930742288,0.037754568767579606,0.01267260565822281,654.0823705401921,12561.39245645217,4.288848162578778,33.101564527292815,0.09233227378635983,0.015014881989935213,0.10726633612953235,1.6965783296447134,0.5087412867629033,0.5216452705779496,0.8351462742679694,0.9208395365711399,1.2429014251418007,0.0006006370768335089,0.009714525644642787,0.00014146321997857213,0.09619621617304437,0.9366385116060264,0.5188399501584328
0.5085500139211107,0.21175770724150825,325.7952640640623,0.0376758046269484,0.0126106349398934,652.308897545864,12579.072193749664,4.2619583421961496,33.3461704806721,0.08962372136013516,0.013362465355834945,0.10273718216824385,1.706487694571932,0.5108973815430478,0.5209157117905705,0.8376848286164672,0.9306131209966633,1.2455046196798352,0.00060279076660171,0.009686518684874263,0.00014152295247824755,0.09789188007454502,0.9421936333913776,0.5188218353811479
0.5084208073404191,0.21294127536685906,311.1761713834521,0.037628148317441844,0.01265159061518526,656.6074501236141,12593.365291970244,4.270763686799138,33.279975048093604,0.08942856974647904,0.0110362911892605,0.09970726474127167,1.711551139617984,0.5132588850763147,0.5211698146342881,0.837112854414771,0.9305657661039103,1.2334876118513936,0.0006051868977751139,0.009676910981928593,0.00014213760569928356,0.09827095520930819,0.9438077987748809,0.5230601492688914
0.5064605991987218,0.21275064062632984,289.7438896216103,0.03768567837105046,0.012837398519335306,659.2161480752783,12624.842082238154,4.263712562955097,33.49747822143689,0.09062091253591716,0.010100399161610474,0.09645369373474409,1.717779503677797,0.5156356330564382,0.5191239846205895,0.8386469894565877,0.9313370722503967,1.2304482017051503,0.0006049417508466344,0.009731430510191883,0.0001428015625271409,0.0977820700574455,0.9455793534598296,0.5239621125811335
0.5073732427207128,0.21332732411334435,286.339277254309,0.037806463543728984,0.013015834633789351,662.2236311607736,12523.762475880094,4.246802579887641,33.52872042290644,0.08483001752065897,0.01873951671249037,0.09991311568327535,1.7174341472936046,0.5197634299111332,0.517807495126594,0.8375494793705487,0.9342085800654855,1.2320462692577208,0.0006069792174866553,0.00969937664677109,0.0001449322408912836,0.09633328879037002,0.9501982518870244,0.5241211659337799
0.5088438796597493,0.21335837974466618,289.2023296305983,0.03779300266986233,0.013043087640499187,659.1351249727463,12580.236281136547,4.248859614117302,33.494797306523076,0.08318526272558734,0.018799046013415917,0.09814856769157485,1.7197268141879498,0.5217222505971608,0.5145132692444528,0.8361836744266025,0.9333596193174055,1.209548588413911,0.0006064533653223111,0.009814209488267507,0.00014434182247515326,0.09679302390017273,0.9451620208882668,0.526180726404576
