0.30240532692979893,0.07983059796959259,13.091627817551124,0.010058955217226684,0.010055484233690876,499.11958754023686,16001.293559082817,5.99985650454614,20.014503909055318,0.4005043403191935,0.4001176427011153,0.39985889955019577,2.0117040443667413,0.5974465368778962,0.602204407086474,0.6001529890558926,1.0028138990425406,1.0032805213451244,0.0005945810397943213,0.006030724787854025,0.00020014869146298993,0.0699698986419821,0.030046949127436023,0.8048836539811246,0.0036064201365350193,0.8890792665285502,7.939625055840583,4.008759429519653,198.92333112938738,0.7040979485413036,0.6996188882693525,15.01211237030883,29.89233383752054
0.3009610622378946,0.07933330625259065,13.071360848028517,0.010152091583013558,0.009963928592608256,498.1665610822649,15955.178259350625,6.027532119183721,20.004975357518287,0.3980658315659351,0.3960226803735876,0.3970041495544801,2.0233786188488367,0.6012226821042996,0.6061319289147287,0.5961953376347618,1.008829127445815,1.001593180547997,0.0005961610784028067,0.006026933597268452,0.00020114905760002487,0.0703694266855094,0.029809335252757693,0.7968422692337014,0.0029965308382941874,0.8879124454164415,7.895915550947025,4.009021815336546,198.51979090330738,0.709709673013568,0.7040321334550266,15.037969512395629,29.94340484730251
0.30193701608303863,0.07927441139534923,13.15545307696421,0.01019698594073757,0.009988477624892224,498.815382086276,16133.339138043679,6.002885214084779,19.985547320365228,0.39785120971787,0.3997507219586302,0.39791332440349836,2.016519388690937,0.6000638253384514,0.6070914370534962,0.5966433712008395,1.009842634211054,0.9981202801206626,0.00059349910275737,0.006022464765471529,0.00019981093025221445,0.06982794548438719,0.02964229962241967,0.7938551405283042,0.0029357991817017554,0.8925387117033005,7.907663750169901,3.9885760125985286,200.21012396287466,0.6976472579923819,0.7073716882141173,15.170457418046563,30.117429995915607
0.30206596237478844,0.07900444427656404,13.197970916073128,0.010237434722678391,0.009975883359551683,501.68305708278314,16079.315427186732,5.999881124568466,19.978791514890098,0.4005417384266777,0.40366090018221273,0.39749043466164624,2.022646249561289,0.6041236204380795,0.6049450141478785,0.5984319346139118,1.0156702848646415,0.9918892285849426,0.0005969066725883759,0.005987886257735895,0.00019961855830628408,0.06987523124046523,0.029848145384689717,0.7923219482852748,0.002850198748262451,0.8940922192148147,7.950041355190509,4.009836700814625,199.74788602254975,0.6991047867772107,0.7045016780345856,15.232534811974336,30.1374265398876
0.300199428065985,0.07868529423768231,13.31497882549337,0.010199705202640335,0.009935895900862041,500.00134265229536,16086.195403526943,6.027661621940679,20.097168617539307,0.3977555925481642,0.40381870064047104,0.39629227188902294,2.021493060608797,0.6022366666084328,0.6067594548622333,0.5970204861273933,1.0108601895036777,0.9865965197984977,0.0006008104258873466,0.005954359519549657,0.00020055837080589607,0.06999390073901549,0.02992905118262197,0.7863813902142758,0.002705180971358498,0.8915726424606325,7.941922807839567,4.043983120587137,197.94357941059147,0.6949095226092691,0.6999135201833039,15.249002014907473,30.15619378695443
0.3011861155224204,0.07890552026408425,13.295797067729124,0.010249632801326916,0.00993240024204782,499.18538879659707,16084.968638235447,6.04894635788767,20.259009447393254,0.39432381338699385,0.4030900423692191,0.39463017699378816,2.0280696790709802,0.6023597591599552,0.6073028237965044,0.5931325866862087,1.0097006935190593,0.992508559330783,0.0005989938943746023,0.005900629229019207,0.00020057864132553847,0.07002805559023781,0.029864337659953985,0.780660373219955,0.00042860745706205586,0.8955076595716296,7.9525859819197535,4.051603652972015,197.29897609697127,0.6994193518993347,0.6958193626122193,15.233863164904003,30.308504930326176
0.3019954299447886,0.07906611897486536,13.314383723482505,0.010255349160221722,0.009921275875269184,499.75737053497625,16079.787059935421,6.088149423286864,20.301607091618322,0.39513450490967683,0.4058532921917198,0.3937191864188432,2.0228463988858785,0.5994271776941892,0.6098486830433562,0.5944506923078482,1.0161756148099437,0.9950205029273129,0.0005952394477223552,0.005943405704021461,0.00019892553446862905,0.06979655084036573,0.029778349850138722,0.775893343600097,0.00027066110037808524,0.902470974345108,7.927407997665184,4.061033371387365,197.23048935608185,0.6973360843364114,0.698815656646858,15.400250480547719,30.167108538754754
0.3031576642548177,0.07933473534323168,13.214426496983384,0.010300168467632886,0.010019482111616861,503.86845066015104,16090.30568721191,6.058762731260891,20.135692320539253,0.39082543918138657,0.4084341265975533,0.39311406208005445,2.018855076506694,0.5953151392273827,0.6087760033202692,0.5927200514600384,1.0112224064905904,0.9897095602996642,0.0005891072835492907,0.005946854571471312,0.0001979118957846563,0.06951657002009619,0.029921084943934775,0.7696147878597778,4.911847307309341e-05,0.9015472059514318,7.997645151635745,4.060702207744883,197.79029318522623,0.7009217651009808,0.6956361111598239,15.436317760660456,30.319253870632256
0.30459948395271375,0.07944382945458386,13.255645307727354,0.01030802073963521,0.010002227792315325,501.7116755218822,16060.610688390783,6.111178945981414,20.108212821785592,0.3903605881885939,0.41016353099028313,0.3917624977327669,2.0032555987627494,0.5972950462027455,0.6145502530874987,0.5930512919684447,1.0183000379582448,0.9863205895172457,0.0005895007754781361,0.0059540402440308345,0.00019794442463381525,0.06944991793775268,0.03027277046033576,0.7621315992119085,2.5876545121276915e-05,0.9037375950745946,8.01505631900177,4.076185077835349,197.28586409156847,0.7034888674947524,0.6972593467555407,15.490696361692079,30.526445274924846
0.3054115873963978,0.07957475081405303,13.355993794677223,0.01036957177090619,0.010004599460601265,501.7473709473232,15944.978548589212,6.172512279043358,20.20972282313961,0.39143324790212697,0.4104042316740719,0.3930619985557797,1.9981731112577295,0.5949849641931124,0.6136127222139962,0.5902885366149114,1.0203063276398627,0.9894717393195533,0.0005920288550472459,0.0060005695914305615,0.00019768167787213834,0.06961895007671809,0.030054973772558353,0.7565914977910718,7.14708038578792e-05,0.9040757686033516,8.012854966772993,4.088281185707826,196.66509568040797,0.7079668835955254,0.6937179424918909,15.392003548420394,30.521104948208205
0.30374240787516854,0.0793760162587282,13.333550472544832,0.0104046930009639,0.009975396846221623,506.185505727735,16095.161562070685,6.1134608038005895,20.305210392368096,0.39061287813518175,0.4128546274614752,0.3921690799961988,2.0087618787367187,0.5975876391227697,0.6146712019864377,0.5927944495861781,1.023820804737313,0.9955645409750524,0.0005893657979201844,0.006020486942160384,0.00019769450834705406,0.06946378789643216,0.030196614981445585,0.7643757387501873,0.0001413133207426726,0.9053490632426022,8.020010942420795,4.101074160427815,195.2502852352802,0.7067439942709192,0.6921140601904638,15.414617557023856,30.5470073482443
0.3043591722789016,0.07910174095690527,13.349319125348645,0.01039433970344466,0.009906796419220126,506.0298160678704,16091.319598066602,6.124093015338262,20.579097696943947,0.3926451738187659,0.41535659463813623,0.39361601582395866,2.001335588429228,0.5956168820139464,0.6188440273688941,0.590069864148215,1.0206634094550215,1.0021783723765034,0.0005871232452134534,0.006044816982055977,0.00019709410936415636,0.06863599974222004,0.030177358898184608,0.7597465514170588,0.00016268470362415337,0.9008231219349836,7.995628853411311,4.086915526483978,195.50590796389008,0.7070218325451347,0.693157024252777,15.449672044856735,30.358588446479658
0.30315616225830977,0.07890280532528562,13.27635981979207,0.010507509258394413,0.00992810257683718,508.75665264966096,15977.12028095639,6.123702464235658,20.609686445795138,0.391429590454108,0.41055613302987687,0.3939368245248092,1.9947016892888079,0.5929579242506621,0.6227567380867883,0.5925886418902893,1.0309467038999016,1.0126021738933348,0.0005861293639416821,0.006065355477265154,0.00019715055709832948,0.0693150779684002,0.030193889211600197,0.7584850093181583,0.00028238000501307984,0.9009757638338985,8.006299808570269,4.058717447439134,195.4243369173328,0.7121708305413074,0.6908304648163819,15.459404492177322,30.323940723308628
0.30327734434204373,0.07840919043246894,13.296554320341743,0.010448207585790051,0.010005454293000515,512.1715784160048,16011.15943986805,6.11505308104387,20.5855513564324,0.39148042268229755,0.4084134120865517,0.39223614283101005,1.996443595858031,0.5951588499076961,0.6196254263506141,0.5925181204960238,1.030587315543194,1.0095661904942699,0.0005904543370788417,0.00605072007556682,0.00019750433518902246,0.06910211485074544,0.030365879601548722,0.7586415870382883,0.00010043020591307,0.8959403202321337,7.951117486278056,4.058052804044956,194.74230884207,0.7142261874317796,0.6931230326285067,15.388621818347007,30.284135663719116
0.3020627732320358,0.07833308203602496,13.179818403022393,0.010473934629637948,0.010026505323073946,516.7741799816972,16119.561042076797,6.087367177219521,20.457002558643122,0.3901455984697677,0.4081013893481115,0.39319478836363975,1.996961484508903,0.5896756849400392,0.6217244910699222,0.5933147730536965,1.029616149535439,1.0106896536296108,0.000594735444059429,0.0061123329216401226,0.00019738082196037475,0.0686957237993959,0.030183592999284085,0.7610000799749174,0.00016194286954631282,0.8833262307584965,8.012728973984986,4.045604747330421,194.85381908531363,0.716435867181176,0.6971863666556238,15.404904459905318,30.622345831025715
0.30034460627091636,0.07851575179581821,13.013952637239743,0.010573680147349777,0.010043441782057275,518.7267415817372,16063.006441159818,6.074461361296832,20.287908763521063,0.3909482113227581,0.4078616022675252,0.3923606437822043,2.02050939105175,0.5916114849622096,0.6243043805466728,0.5945621391592226,1.0278465469651734,1.0051878359150452,0.000599284700354516,0.006060466082802874,0.00019499479916214985,0.06887286008570055,0.02994151881127514,0.7675472288579911,9.47035924380842e-05,0.8789202260150618,8.02779773348956,4.025932085675272,195.9097405563066,0.7117100892822145,0.6942800468770625,15.360104778652909,30.586755907125717
0.3001349569866694,0.07845764551144731,12.995831153424882,0.010668462767049783,0.010131669834965877,518.725084172117,15956.448627843489,6.061098753711662,20.311564844237466,0.39242788141672724,0.40576170053850497,0.39676343413455095,2.044885016177014,0.5961000363661363,0.627357556188016,0.5904793592087794,1.032367678071631,0.999932381433804,0.0006001859857333795,0.006072128622101494,0.00019449106640769765,0.0691727603693257,0.029847214553899746,0.7651103472487573,3.236367244225009e-05,0.8803559872546963,7.970545145156821,4.027014267640107,194.39090885285285,0.7106346951812411,0.6911932433898293,15.31619371476074,30.625260122702556
0.2995048971886223,0.07838436762256307,13.07546770903869,0.010669469533748204,0.010196559653091025,515.1114264104637,15951.785286759923,6.118157208166193,20.292248374699426,0.39149446604139676,0.4056663342310807,0.3955507846138522,2.036752734090164,0.5941450465391838,0.6242494709603779,0.5931651281181626,1.0321133312327584,1.0003770457500676,0.000599937930729437,0.006110678109015838,0.00019521687616691648,0.06924904987688492,0.02998452244237555,0.7620584870011151,7.77151117062257e-05,0.8861241191838616,8.007571038504384,4.040885378279954,194.229797703937,0.7133807595537702,0.6988464447761199,15.394744674719181,30.711537894944172
0.29904652304022084,0.07918000664766194,13.173149065926921,0.010655500039822085,0.010178765241650524,518.5953409722568,15847.171105700361,6.095886629630566,20.3771696334901,0.39058787848657106,0.40542578238608673,0.39744708283413505,2.048151305152817,0.5964162057177568,0.6236863309773701,0.5897437319213005,1.0354550683725783,0.9943181265815094,0.0005974679401064202,0.006105749712976137,0.00019601719412156454,0.06902062328532718,0.029887275013974795,0.7583401816417004,0.00018824092045585428,0.8905709801220658,8.05191000020096,4.063350319356834,193.0430165354235,0.7130517531947828,0.698942810942183,15.399808622713044,30.72616525704396
0.2978850730191102,0.0797738626133311,13.191406988596928,0.010640542135961838,0.010199039037528591,519.1947228610135,15913.461914477377,6.061093396389587,20.46309900741185,0.3919502685990238,0.4034670248570471,0.39743605198422927,2.046839271685684,0.5929483194767886,0.6233142477069445,0.5906976862740123,1.0302388464136567,0.989830286337421,0.0005969383163597435,0.006111215924854153,0.0001952803365545709,0.06878798223686194,0.029729731703042318,0.7596076511166121,0.0002320918095623197,0.8876948869358458,8.06373538132662,4.041401810769863,190.6842354348719,0.7117744594422455,0.6945870196917237,15.591997471137885,30.76852304032499
0.30055081174709763,0.07920801034638586,13.320899135751116,0.010638958089378474,0.01013529657246304,523.298094447419,15858.58921243214,6.103219827841352,20.365530356438207,0.38962664405187275,0.40435691467102164,0.3981186490787178,2.0525087469091634,0.5977134691927639,0.6204978158487457,0.5901710082173706,1.0279499873245868,0.9913264583538326,0.0005927994078857622,0.006113171220145947,0.00019552918024759108,0.06902317819847559,0.029828140138974973,0.7645880798620435,0.00018336073279585487,0.8879404714540369,8.084527351938554,4.072456952880197,189.39743394536612,0.7083615204903503,0.692958654692661,15.583566836428144,30.70536312584188
0.299492826759449,0.07968537119455663,13.329012873327224,0.010665259799450452,0.010138624484597283,524.5137035944408,15824.507491980516,6.109268920328766,20.352378405405165,0.39020303212556773,0.4055452310787442,0.39879885466774895,2.0561528730509453,0.5988616512042918,0.6222810036751528,0.5898645905104856,1.0251253926821977,0.9917040991376119,0.0005878542484758058,0.006100049974297347,0.00019437555556300868,0.06927395072411523,0.02995814610140569,0.7601668750638111,0.00010196741374479931,0.8903396401264793,8.087034819234411,4.1011861612506,189.50854244630634,0.7126030697418229,0.6914242581279209,15.504018476338091,30.756562404157958
0.29926198672834836,0.07957254801594177,13.221258170201056,0.010665130320308306,0.010109305953281068,524.5851797223977,15903.428804384805,6.078869328692975,20.424423267795227,0.3905296661906131,0.40730289732638164,0.3962853309164664,2.0577474764504187,0.5941996840955254,0.6242650624856814,0.5903942809714169,1.0233523791961086,0.9916067070485306,0.0005890756560033573,0.006096701253672909,0.00019521507865823517,0.06902186505225363,0.02988057477357665,0.757868792831995,0.00019955871977347383,0.8900941857305865,8.136205875429756,4.135502304996144,188.46149630823552,0.714451270837669,0.6942599742402888,15.449478632846601,31.004235356007122
0.2997463790892501,0.07977812126111976,13.207101270942207,0.010626475192695944,0.010093495634692983,522.1870191446299,15897.199121702351,6.099909366313814,20.546482709242433,0.39209601891066903,0.4095121999203722,0.3975289013234545,2.052255214241855,0.5897719441878316,0.6275576881443695,0.5932395698848341,1.0235973001744443,0.9965824644679634,0.0005917416559380096,0.006052332306812878,0.0001967176432527599,0.06892914079958647,0.03001535765531922,0.7638333599786914,0.00010170436339080306,0.8880998892713433,8.146860890651423,4.103720674101174,187.8704818965115,0.7149307900548443,0.699783233925319,15.562147970086704,30.71046962165099
0.2983025712596244,0.08058510843363853,13.233049945665853,0.01066242895909232,0.010067259922874229,522.0056280337287,15940.442354176928,6.109447621511081,20.61786250367068,0.39163557805813365,0.40913137451987597,0.3984862439925248,2.046216868080093,0.5877254949214878,0.6266464965611293,0.5923356696581228,1.0225206187869835,1.0007121520513191,0.0005904946223383728,0.006042873812785281,0.00019829647500665116,0.06915526487484057,0.03004739946187011,0.7634394361017761,9.978918496994653e-06,0.8836843244850462,8.225085661135466,4.124369376112315,188.96706325179628,0.7114843670101735,0.7056268272280259,15.49607566935397,30.92301230676156
0.29964193578254833,0.07999954286609195,13.151691496222387,0.010742220052386314,0.009995584314821313,522.8898933654672,15980.662620654793,6.142071937887393,20.640322317777702,0.390740750176719,0.41061995367178605,0.3980765359419563,2.049207896035028,0.5843402165418465,0.6309357275529064,0.5918372339381334,1.0200872318710295,1.0064916647161588,0.0005894916101366481,0.006069803364956029,0.00019868661768180322,0.0694713556125401,0.030134930338035347,0.7607641460938038,7.934478045233647e-05,0.8846406870433086,8.213390070063712,4.139599023666785,187.55540242368295,0.7152397505247343,0.7068806728925889,15.515841233064318,30.799485151217517
0.30045549155299667,0.0803745621715783,13.152505403428066,0.010710440631045171,0.009986044070131558,523.7372560633646,16013.470445726649,6.107975684240483,20.591163063626844,0.390864400487872,0.41110480630941587,0.3956627584667486,2.049784602356323,0.5801174269056537,0.6308449650071656,0.591221207656704,1.0144618030644676,1.0075079084397927,0.0005911820954351118,0.006030600338182771,0.00020038494317496324,0.06925895364383902,0.030043298526911885,0.7568976502831423,4.4800470967509835e-05,0.8887608546000776,8.168706358355305,4.142514650586886,186.34889121158577,0.7215324579548107,0.7057293238881021,15.556214958938297,30.52519414760714
0.298006961978385,0.0801815414999676,13.138734133853728,0.010639788103578978,0.009939581827243617,522.6820491961333,15975.959099382866,6.075955967020393,20.716499962255206,0.3908160845383248,0.41248124205921055,0.3944826095934985,2.0501560583359484,0.578202585870071,0.6322587658229688,0.5905674109775119,1.015525511060545,1.0144314328244746,0.0005911765129317332,0.006099120195360052,0.0002002019087043857,0.06920436422125452,0.029758863723686937,0.7491258099908356,8.000629171948617e-05,0.8900604773950169,8.166408070332821,4.140081417230071,188.08791144170425,0.7228347703182164,0.7087386238267146,15.558521364908433,30.70829133913647
0.29620059410527017,0.0804201979846368,13.2160340438413,0.01063202909315306,0.009972705460503814,526.7644123944845,15962.924350331154,6.025976922365736,20.689575688738707,0.38794562067496247,0.41087392135689743,0.39330475788172303,2.0328871293338966,0.5811256502309267,0.6333297134220158,0.5968614224109228,1.010679463910804,1.0229088244794633,0.0005935444851362075,0.00612976183030999,0.00020174543181723328,0.06924979806233195,0.029739283614169287,0.742437210309957,7.12361771689556e-05,0.8959890931616971,8.174246802328408,4.143859761193458,189.1178224683904,0.7224391435605119,0.7047739670047545,15.538990974940889,30.651725987640177
0.29745945039852767,0.08071790877665509,13.219733368370438,0.01066949156425227,0.010008763430529305,526.535047071407,15835.950325547927,6.064594706050243,20.60754246565975,0.38974151899011694,0.4118289629574982,0.3922103524392649,2.0301192773195798,0.579973872141275,0.6345297488648673,0.5953219927254172,1.0104940073904651,1.0299864435622315,0.0005966534230298904,0.006166600814007948,0.00020149004222194154,0.0688406432395725,0.029495641998390304,0.7457814808976849,0.00011077202764152685,0.8909995611950399,8.204728648064012,4.130501564237885,189.82949098680913,0.724868256947834,0.7100883312973398,15.386275299972022,30.516472103327988
0.2997247037268384,0.08077310468946072,13.229298732467598,0.0106726771808451,0.009991551640399677,528.3270285381248,15669.379088871934,6.028870574127028,20.755362166844627,0.39110209117889744,0.41444094139197396,0.3932733471666239,2.0376389911370563,0.5751089034485858,0.6355378278206124,0.6012942541160431,1.0105015234678494,1.016923456738493,0.0005991498150712682,0.006177173153561653,0.00020120063317509527,0.06871716177122547,0.029397042031263632,0.7406383678748736,0.0001555228456203883,0.8987511556319087,8.218451254705831,4.1301628158097,188.838482776262,0.7244820842150177,0.7064782014489259,15.57700930362225,30.46508824974691
0.2978914631147117,0.08099028156160827,13.234686433176378,0.010668184382689292,0.010036794759545864,526.755182990825,15744.36871173764,6.063073061611266,20.7002374426586,0.3878523847302794,0.41100163571343334,0.397777291159521,2.0313309533392223,0.5773093911324241,0.637182345266037,0.5957203399720238,1.01099157851553,1.0207860331548153,0.0005962164008965323,0.006242161557283363,0.00020289505099506695,0.06843831081030906,0.029470292457360502,0.7401649338166236,0.00016277312465978123,0.9029897312743466,8.255187347566693,4.122899047259,190.34926354289877,0.7236349553286455,0.7058139158281428,15.680129065662232,30.490434475354082
0.2969184510498178,0.0809287452974222,13.228443001060928,0.010704917907535869,0.009993918420808509,527.2589129192971,15664.443056424954,6.066671489246853,20.786013850245027,0.3866279329847751,0.41000914239686415,0.395982403895432,2.0481744135194373,0.5818703852764516,0.6389181203563453,0.592051288046501,1.0176861981168335,1.0177920750533627,0.0005966651430961779,0.006247589342209376,0.0002020248045047384,0.06822633192921225,0.029280672025112503,0.7359092906624958,0.00026082957348141326,0.9024248402946391,8.332656639963924,4.125712973615522,191.00576931794532,0.7230369052572907,0.7063746619547652,15.580630362493663,30.226843041646216
0.29776098261190326,0.08085383505664819,13.297196475144348,0.010680214189681701,0.009903718559664607,527.6653191596324,15595.066103829462,6.062444834354353,20.65497805168986,0.38851890778284015,0.4135424118865964,0.395853975996304,2.042753280539382,0.5788252040855619,0.6371249584481141,0.5948450860604814,1.014562360082589,1.0115868979860752,0.0005926298083326612,0.006283082373803177,0.00020120908660139147,0.06802258069118143,0.029117130648558743,0.7305078975035482,0.0002776512354622046,0.9076023795349563,8.342361303126568,4.118015504868005,190.00876814474213,0.726419143643399,0.706685823527578,15.604586715030312,30.585480720872482
0.29644260846590387,0.08144520240127999,13.342282553413726,0.010674197206813807,0.009928591918818319,528.2578246652814,15609.985200516803,6.080330999425528,20.750913896948095,0.38735582113191463,0.412258208263556,0.394945553822293,2.06023750841742,0.5772452704290186,0.6336690059638327,0.5961241627109896,1.0204430943349665,1.0072887870116547,0.0005871634310800722,0.006262625292918931,0.00020086658671811895,0.06799443675574243,0.028934897313658607,0.7254441871423554,1.0471622769665063e-05,0.907325537144497,8.319966561567787,4.129400732877374,191.4789897774821,0.7220928263600717,0.716851927526561,15.514574292553867,30.5158243221777
0.29796192480244166,0.08063496207028642,13.449566706108023,0.010674094332482018,0.01000909694830675,526.5208117177921,15595.356810031326,6.088170143999764,20.76124809680062,0.3868635986733879,0.40702783597705844,0.39742762499048206,2.075730073479818,0.5723823427896436,0.6332885260088402,0.5961009156198109,1.008348312998008,1.0176424016591745,0.0005892003238623082,0.006252621062509331,0.0002006689553981361,0.06768336729581644,0.02873645664250675,0.72119961302125,0.00011508855818017522,0.9063773022108793,8.332174927065504,4.145447622899303,190.83842673493803,0.7215640857835615,0.7233225065035136,15.545396536034461,30.457678359852686
0.299700748367017,0.07986234249679873,13.343324974154305,0.010648479951831219,0.009991357279045794,524.0110995930457,15695.223471220443,6.087149955994273,20.632713011822744,0.383959528212612,0.40627390158651705,0.39842897451568515,2.065237440286065,0.5740694395860271,0.6385473330077425,0.5969986233687997,1.0061776845094925,1.0215795924285465,0.0005893452605645194,0.006263351066635342,0.00019972131520984283,0.0681422650588993,0.02869753398042962,0.7195285608369983,9.161743000723395e-05,0.9066862595891616,8.304163004717577,4.183276778210744,191.27130755821958,0.725567273995876,0.7190321775078443,15.544823089096038,30.381767295436894
0.29943906556640415,0.07950059550831072,13.369345151387945,0.010648694952313133,0.009976686389065965,521.3994803807017,15678.849486476563,6.1016982169931975,20.711440401662827,0.38293139940290327,0.40637664874000157,0.3996829181678463,2.083273390560701,0.5744320145562417,0.6350967235642749,0.598158152473008,1.0033692647406665,1.015509690810286,0.0005894805516178354,0.006262337430115049,0.00020003979046388017,0.06797273636109064,0.02891616875331434,0.7180129530985027,1.7780369307396007e-05,0.910555378649153,8.335796309504632,4.178378414126782,190.67691664364614,0.7300544416891174,0.7204071995345909,15.476784686769655,30.189070065364334
0.2997260014947329,0.0791945887253244,13.377173508334113,0.010694997631646887,0.010139617860237834,523.2623798476187,15554.145575412509,6.0668021831337136,20.641493355741634,0.3809734873155947,0.41158677357980733,0.4027070256633145,2.089501007618081,0.569932567648967,0.6412416825277403,0.604802404075008,1.0115490028364456,1.0132144334681012,0.0005904755697229611,0.006254368422728457,0.000199691269724177,0.06830079709279721,0.02894532507073441,0.7184074298995513,4.809505266736541e-05,0.9041380465285733,8.387544421715665,4.157022513038262,190.3219442002825,0.7281956915855883,0.7194310141918242,15.4506975011116,30.066727383003617
0.2987797375662994,0.07873493163835382,13.31094376993899,0.010628627554706723,0.010124688219536807,521.6467409414668,15582.01909415789,6.083804550651698,20.66131699623219,0.38285372060090733,0.4125131084979291,0.4019892158826883,2.099826304888001,0.5732154514278126,0.6444396586733845,0.604644341756674,1.0140792694557679,1.0126972114588682,0.0005893476882400418,0.0062574635217801915,0.00019849868404049807,0.06845412606027829,0.028916371671965667,0.7160539412751314,0.00015277061486505583,0.9069151141177073,8.389953564705426,4.203724709868601,189.69889865344604,0.7291164798471854,0.7236396625949846,15.331156533951697,30.077285340489734
0.30188445844901385,0.07847600175609423,13.351755129689174,0.010627182874902712,0.01016514118343175,520.0360458640183,15400.63026205799,6.0459757808721895,20.47025217325259,0.380819222037241,0.41161704974347796,0.40536856862535503,2.1076777170666907,0.5725165381533612,0.6443583162433277,0.6015089790472097,1.0105902275637764,1.0115796578951046,0.0005883188011848628,0.006228133049584454,0.0001983694652966282,0.06847211789979149,0.02911032336611731,0.7120589361308317,2.3017247900293297e-05,0.9058402475049631,8.38256734585956,4.17286105366749,189.64376585598032,0.7299711064854177,0.7253401140768759,15.322764153836916,30.010323483924672
0.300519355348615,0.07884820368926851,13.306619041496882,0.010611576359460008,0.010191928119570754,518.8033843911658,15458.630024774315,6.052916800492388,20.5043246996616,0.3789084669029229,0.41482591189492934,0.4070685161736575,2.1231434890920364,0.574082866690876,0.6525629592824027,0.6015847265011169,1.013242319085698,1.0144728007447998,0.0005910628033277336,0.0062274405054820615,0.00019730965241937385,0.06854066330889486,0.029224731815155537,0.7130334854709557,7.379881336087185e-05,0.9187404866173013,8.36917973129082,4.149875986607725,189.23469730971743,0.7282980772946865,0.7265135787500719,15.214762424031159,29.947505293829376
0.298217239415452,0.07861065712194924,13.291461349281382,0.01059245446507454,0.010147292805716194,519.5884269738547,15415.819503964958,6.008409070930936,20.56652818579736,0.3776207242985694,0.4130931961852787,0.4099808932843367,2.124932493049463,0.576528540764284,0.6522436136246939,0.6030144897905451,1.0136967467462352,1.0145481743754996,0.0005914571174182273,0.006194682618203202,0.00019794322818152878,0.06879372349860152,0.029091870282731493,0.7116435999401073,0.00014678723184574134,0.9077570623194614,8.412549790393953,4.149736071411809,188.7948013406863,0.7246197645487044,0.7239473700370264,15.279032699204713,29.943743635444626
0.29887364655209153,0.07870140001533273,13.310948553759083,0.010496873342040532,0.010193633472328824,519.5006904612025,15331.145316433567,5.988323010993055,20.468746136808587,0.37468296562640824,0.41068105471581706,0.4077817963114755,2.110992725441847,0.5748695612352263,0.6570163585299109,0.6023212206211672,1.0116341500249582,1.021068815594253,0.000588285940133194,0.006250015508128083,0.00019735707513574374,0.06897564217035833,0.029159159370696065,0.7151817474785962,0.0001890888259867699,0.9096833759015486,8.49577819192668,4.14808352461564,189.49478079034324,0.7221759980230551,0.7251599835058131,15.196666295809178,29.723019585449116
0.2968299211611092,0.07860944469802694,13.185333387633992,0.01048788755300787,0.010241728050574666,518.6697404052225,15264.065512402321,5.97082831577764,20.4701037062139,0.37498658922548994,0.41191333300289956,0.4073535455690193,2.1114116522173547,0.5711792453733732,0.6566535134643526,0.6009685011123206,1.0186485037672988,1.020612379866073,0.0005870533923727979,0.0062927257187693104,0.00019641025561598272,0.06910217708037983,0.029076953799649023,0.7232641144717027,0.00013362050362155896,0.9156806022417368,8.498204667229393,4.154150079971026,187.31602946353374,0.7229840384825645,0.7244088119235673,15.142454704912126,29.77668201058559
0.29595834251839803,0.07777135880011186,13.172799987664389,0.010482876615879709,0.010244026510923489,519.3212041826467,15306.0060803641,5.9755728015111185,20.332941643594612,0.37645958102440324,0.40995399180187764,0.4075110837480999,2.1065617824426046,0.5751221382605503,0.6582866018232808,0.5963480622900843,1.0162387813184215,1.0178535775002824,0.0005862015447537023,0.0062753098446326466,0.00019724678999101503,0.06894362986141507,0.029091520417966237,0.7267530176068225,7.802731422341277e-05,0.9145254072342146,8.502355773784025,4.171402921817088,186.0660142330105,0.7266184672412921,0.7217762714786831,15.080934501142664,29.8497496434677
0.2954030593240916,0.07786824455628455,13.193210646669057,0.010451763211651782,0.010236859962143735,518.1583161066023,15385.456407616224,5.934502211756413,20.34261394871933,0.3735861339179282,0.40858619019105125,0.4063132600039268,2.116928899140926,0.5753824005519267,0.6612411168269976,0.5960448461793039,1.019694899842489,1.0240284162543718,0.0005883933031796262,0.006295488394989652,0.00019728726223406523,0.06946559285121502,0.029166641057457705,0.7205240427558198,1.1479874281497923e-06,0.9098508976253583,8.48881987248743,4.16232490769676,184.0404854561355,0.7308381891124014,0.7183552420590703,15.181904680154105,29.705222969503556
0.29385916708167487,0.07771821830755936,13.277414133826825,0.010411967568184095,0.0102267329572423,521.1882203304467,15319.382362246637,5.979972081659182,20.326541376566325,0.3704470746440988,0.4088000084691921,0.40706785633002074,2.126605507911469,0.5741200993987494,0.6616636220229062,0.5945717452174998,1.0172296599063337,1.020193011439453,0.000587898095620144,0.006322119089568613,0.0001986633518097727,0.070162770907778,0.029047867544277985,0.7167965804436829,0.00015829240013960709,0.9153876557070203,8.46107437873884,4.191029763642846,183.93261889385496,0.7326795752199172,0.7173118843603912,15.176853858784883,29.466922069615144
0.2927160452637909,0.07806695478720815,13.399848211626235,0.010380542662466826,0.010242647247298467,515.8727231582278,15358.202619020098,5.989019923236282,20.38113652242155,0.36924593341433765,0.40834695517476527,0.40711183793633976,2.132640480354877,0.5697062746499414,0.6630442482012754,0.5995444225022719,1.0118011379568603,1.0195838646387894,0.0005880220186267413,0.006282972244135458,0.00019830038409792506,0.06992425523011794,0.028850712305670448,0.7149527241194192,0.00018782029080314117,0.9192512625925353,8.46731046032179,4.178792521269109,185.68828496225112,0.7335271626819722,0.7132999527980657,15.2003278042478,29.386070730436224
0.2905125727689943,0.07726964743472609,13.477903376155531,0.010370168611695483,0.010288128446471796,514.0643366328587,15396.41791355644,5.992092147090425,20.292358605905285,0.3723248657005052,0.40863886741906297,0.4083751890531717,2.1296895745082156,0.56774284496827,0.6615706235265442,0.5997137042564541,1.0070619430285683,1.0253229324917565,0.000587983144580709,0.006268903774574151,0.000198984267622026,0.06984892627043564,0.028970999052286978,0.7239964487172008,1.1163657784267933e-05,0.9206347547960703,8.497276184096327,4.203408067261528,186.01663585264683,0.7334867909105885,0.7119835936485106,15.269073969739594,29.48963791203437
0.29333555523280475,0.07685489378774486,13.405591049906821,0.010398273698454806,0.010260591931413253,513.2270864973231,15496.060161901627,5.974044935807422,20.390752979882723,0.36988769092615337,0.408058373487663,0.41115400917614736,2.1330636110170733,0.5652840080862748,0.6585210200474276,0.602830542021344,1.0111545532786992,1.0245654055604654,0.0005884004167344497,0.0063131839940528695,0.00019876492889186827,0.06969884899817386,0.028872861643823487,0.7193784343366588,2.033969936425042e-05,0.9160957406449343,8.455900988668953,4.209922983647617,185.57378550433035,0.7331974006938156,0.7116117058643489,15.234897735813664,29.68530993311464
0.2930132287553231,0.07671778066345601,13.432731620178972,0.010373296289505295,0.010347163790038085,516.3688562253288,15473.162609870478,6.005091680080632,20.48532456222558,0.36764277563594894,0.4102361715714825,0.4119586766867157,2.130777032739874,0.561728018111438,0.6554631360563277,0.6039592102939231,1.0143357488421072,1.022989229715721,0.0005850181606057304,0.0063397288255859965,0.00019808050407330125,0.06953537005784055,0.028666583612060793,0.720617074842219,0.00013301831785503216,0.9156441484130542,8.468765039746664,4.212821179042508,184.76352844779302,0.7349438848622576,0.7166014293570315,15.293929815180803,29.659992000418864
0.29197471158407867,0.07706778007552684,13.438117328649591,0.010299463517246282,0.010280661539066305,522.2178136899797,15451.571840131415,6.015667689646179,20.41622494882131,0.36929540673806915,0.4107451260906117,0.4118286045447654,2.146062388008518,0.5646718465808801,0.6565370239363701,0.6103708884578024,1.0167660904268354,1.0229122977960414,0.0005863884751817025,0.006348620824408709,0.00019705426397627349,0.06941575537931877,0.028611027253573177,0.7236264361107309,2.7598486721075298e-05,0.9132701794512369,8.529680454082028,4.184725316525462,185.30457075929652,0.7363890128753845,0.7200028120055973,15.156603682150239,29.617618191799508
0.29097547381898325,0.07696290591827314,13.389687558395812,0.010306544110876718,0.010245269897146893,519.9187526826978,15404.990774603193,5.9632675994999556,20.5259054015303,0.3688478714233336,0.41446535140450275,0.41040796827663645,2.1303852662170306,0.5641683440832086,0.6573487950325504,0.6120689092309721,1.0158010174521044,1.035937813516612,0.0005853584478886249,0.006308428011084081,0.00019639679322408515,0.06947580710091307,0.028429038786643032,0.722026437261249,4.7915890770457997e-05,0.9136338660461104,8.525094655009969,4.1989399851212585,184.32089575157303,0.738906254228228,0.7241268626655204,15.160585609574104,29.528574379362563
0.29111544222098934,0.07635341705128576,13.374425805173043,0.010401512213459845,0.010267489988420394,519.5563760903265,15384.029392377255,5.965122752483375,20.481383136273227,0.369445861516085,0.4140079473034343,0.41171192707670073,2.1322506691897303,0.5608597808520485,0.6612948646060778,0.6131960791017862,1.0217191235094747,1.0390017865195282,0.0005824539320550124,0.006295597951279524,0.00019655731409172163,0.06955275715973129,0.02807040451081277,0.7206425201035472,0.00016130445484863765,0.9160348247232373,8.551252830131835,4.221209970702672,184.06230811435017,0.7394784554049356,0.7254231813180456,15.099315122506203,29.327378523958433
0.2904611437818597,0.07612661144829158,13.341286503992631,0.010503592763675924,0.010239718271836649,519.1092135787396,15403.25449583995,5.9812248266214745,20.39957126253118,0.3706632638182794,0.4113102486165178,0.4116603330871127,2.121804496734176,0.5624717362876209,0.6660180661988541,0.6150754637520925,1.02342405403883,1.0333441344375396,0.0005794762095812331,0.006252915045944004,0.0001955533747058029,0.06919068211493343,0.02811593282666361,0.7227351498336094,1.6569156220010666e-05,0.9156769619533177,8.494178059301365,4.207280592802898,184.11966889279813,0.7422596971658008,0.7262381661052516,15.12959373521955,29.70518731422268
0.2912556025095073,0.0755340723033019,13.367840802331422,0.01054515849981079,0.010270525234210452,521.8033285819413,15359.869639281591,5.96771112177839,20.51789498561195,0.36767418387863365,0.41597495985799765,0.4127685709323451,2.11607109270617,0.5579112691143717,0.6721531404949613,0.6164429082308923,1.0248112088374408,1.0324870563098216,0.0005784603649039022,0.006191253600552497,0.00019583163544993195,0.06951754143643321,0.028189664033155964,0.7230833995852027,0.00014555505085205462,0.916725314725159,8.517378386454748,4.244886690432043,183.18216343270993,0.7368740996064129,0.7260572608762155,15.340235668573124,29.549871704050865
0.2899517815943771,0.07559376679861615,13.304444330379727,0.010564051117160012,0.010336189520901068,520.4892014232186,15323.92303153385,5.975088252901087,20.5092529143118,0.36856802918075643,0.4177191987347164,0.4148945511715789,2.1209594384362327,0.5558345798594316,0.671869325913392,0.6198972365734924,1.03106901987158,1.0294078823886441,0.0005798207586883146,0.006202584078517557,0.00019568592317207255,0.07025457087422914,0.027863645655909076,0.7293674719541132,0.00022052381986073776,0.908871477162159,8.559206487222301,4.2252060561925555,182.15182199168518,0.7368114300445585,0.7322667569765715,15.450209503716687,29.481632211834576
0.291201561991087,0.0760217058106723,13.206719906973438,0.010510980539977597,0.010392962356938379,519.9513256137626,15366.962271563218,5.976100356942763,20.50301804817735,0.3693914202676822,0.4196402643212395,0.41340164129627605,2.1214228223794414,0.5578267966662833,0.6730990280825243,0.6156878068543463,1.026345232336247,1.0396642576810724,0.0005765200849656423,0.006224079596388626,0.0001956335744390479,0.07031812565571989,0.027811177222181415,0.72683181593568,0.00021870480696044385,0.9092403659476274,8.532670670847235,4.22609998468187,180.94082115527868,0.739843556534903,0.7279916653917092,15.443640876047416,29.708537540471077
0.29021265344752883,0.0761607163930858,13.202943047905029,0.010471932248498916,0.010332652149967994,522.6815620361285,15469.741788654981,6.001980597908238,20.404366287048827,0.37027477989551894,0.41781847013092294,0.4123461094806736,2.0984371088903186,0.55669454835503,0.6803394391130356,0.610257261270213,1.0197766702540056,1.0448634962778311,0.0005740876406194029,0.006241238851380251,0.00019918821291152664,0.07051913199502001,0.02795794209927614,0.7255663997218396,8.501040266546705e-05,0.8994621287002774,8.571682266170457,4.21335755141201,181.76631693397556,0.7368904300388507,0.7197792920882607,15.652013084403364,30.02501059078504
0.29003265434692693,0.07591421299395824,13.156893030694484,0.01049352714426816,0.010295686020530942,524.4750610247959,15586.29331478299,5.994874706882609,20.597104439320685,0.3712098454017335,0.41772023661995383,0.4137354227644584,2.0963122982968074,0.5599722585091754,0.682573044328612,0.6101327062671548,1.0140049328007514,1.0558678754593571,0.0005753653294157889,0.0061673487748239095,0.0001994378765739982,0.07148888333778053,0.027995030846903537,0.7358349435164643,6.091163498849459e-05,0.9013951712901155,8.537376769606423,4.249695160910552,183.33033486046529,0.7375230375131955,0.724918530703906,15.592761011902482,30.037933026339065
0.28870953247894,0.0759387059249971,13.092831826304538,0.010406684025395452,0.010310325262396116,529.2103712679635,15607.99099357259,5.989933671194666,20.791414068662224,0.3684014247441459,0.4187329543027174,0.4104514557137505,2.100448535487633,0.5639238275779982,0.6821751504340479,0.6088308503747941,1.0081244245042478,1.0514691375765914,0.000574239036989641,0.006151518773893709,0.00019985562151026066,0.07117354505866873,0.02824657626330417,0.7377124225188011,2.2340343552861865e-06,0.9036059713411552,8.566170733313758,4.2274748513043185,182.65816629533535,0.7369318146984859,0.7200859100028538,15.683027834336006,30.112334323430552
0.2895073086874902,0.07546812488005068,13.307075099092675,0.010427680413440154,0.010266209972301332,530.8286730692598,15455.116256877813,5.956415220926037,20.848329492589286,0.3691771540354865,0.4194716195017776,0.408942694908087,2.087455023061955,0.5629073351769783,0.6863370466366648,0.6063080488025931,1.0086362493517675,1.0629437115586837,0.0005761553601390411,0.006158313604138187,0.00019874069253265444,0.07133247974612063,0.02819701066123715,0.740074739544031,9.909246739854996e-05,0.8909804329916701,8.593497367471198,4.2411578507665,182.0775526304925,0.7413199678160795,0.7157477372223466,15.685118244956108,30.213903549978316
0.2917109233206568,0.07566252461336155,13.261878343368632,0.010391438991850582,0.01027286088067118,528.772558407725,15380.01867841034,5.964980550707387,21.043197454542444,0.3675476475976953,0.42107872206293323,0.41093856616059177,2.051223904516494,0.5654215225202974,0.6879175605293445,0.6061784517242212,1.0125911121886957,1.0665496703835393,0.0005783147728872397,0.006181240304294964,0.00019800967618843589,0.07103879568317133,0.02819587673045845,0.7416530805319453,4.759880490250009e-05,0.8885472730217786,8.645901222872574,4.2534871336906335,181.79101453348198,0.7430684721805612,0.7185894926504481,15.55967306169554,30.043889983148464
0.2918990186362734,0.07556926133747034,13.201032835652002,0.010385136365296786,0.010307893564883241,530.9390683491721,15514.173054191053,5.959354582563914,20.99873188617213,0.36986181703712384,0.42174041271190393,0.4087281687171587,2.0649807993875617,0.5603461146384158,0.693472311099621,0.6017483289363499,1.0133636524086915,1.062855801723647,0.0005792139351169566,0.0060948701977336026,0.00019670085435559057,0.07129229071106627,0.027878439752330866,0.7435873601715859,0.0001070166689157796,0.8783562453413017,8.59161045439294,4.253365195718085,180.20447694397538,0.7433337852520984,0.7205085519051508,15.47914408334391,30.046421398937888
0.2918007638063509,0.07548367126469238,13.249536722526823,0.010476474189036375,0.010240958274494557,529.5977684349572,15554.774498503284,5.927135346360212,21.010174662748746,0.36709879742012924,0.4191830907983601,0.4089331081209813,2.067658838503313,0.5615279385472527,0.6930579071387667,0.5984875981973119,1.0104379369945153,1.0618276032812044,0.0005761532758669348,0.00612131758022706,0.00019580973095460028,0.070837645316859,0.027633356523618886,0.7427375667509898,0.00020110316742175162,0.8771052773820847,8.577944003497846,4.2464072906925265,180.44095266951018,0.7453482813795477,0.7174390712727167,15.448552847260368,30.10230385743245
0.29223826124712576,0.07532788735336593,13.235139312011935,0.010496357472162153,0.010226361343119836,532.4458405161437,15566.825026411763,5.942996952561635,20.9366577622685,0.36774756752936894,0.4188503424426959,0.4080046365004142,2.064648331382903,0.5593904659716737,0.6959290171733385,0.5996671889757079,1.0076773018537186,1.0571466118618296,0.0005754750230175575,0.006153309664715272,0.00019574014467599226,0.07078321258286298,0.027669124945980894,0.7431387399355784,0.000170536989076692,0.8749132044765855,8.625373856857498,4.215902783796084,181.799870639558,0.7468893016553371,0.7270250118993855,15.394925855823193,29.860667828245226
0.29351282998019956,0.07594345632397531,13.360523346602191,0.010549340120692152,0.010195378377714474,530.6593567261204,15535.68377843678,5.922184386644445,20.896955085275476,0.36763769161771026,0.41649715960710126,0.40851312291476705,2.061444779540972,0.5549163121785333,0.6966343685261338,0.5942427187273089,0.9990893903615541,1.0594432470594977,0.0005746411531974291,0.006139430483671995,0.0001956512740758528,0.07153694486017076,0.027650806917478482,0.7387308737956334,0.00012974073726169268,0.8788590617578472,8.604614756106375,4.2513827318938535,182.3057543848852,0.7462107417461065,0.7245031202030651,15.233910029126672,29.779187267952572
0.2943362878364936,0.07588739334511098,13.332365146043285,0.010466179922935977,0.010254155954240578,534.154920956641,15444.013617373788,5.951614819286688,20.88884406936342,0.3686220946896304,0.4125980012839349,0.4109345063801926,2.056887700940486,0.5506254764781178,0.6999233427062468,0.5937084273218736,1.0002476348479592,1.066957957611761,0.0005750734007177369,0.006123975961593291,0.00019596812732734371,0.07164345722516408,0.027831066841459775,0.7401325800608191,4.5942511168607755e-06,0.8758375186721452,8.614310524542208,4.265573932316893,181.63830109654822,0.749083342817607,0.7251789030897494,15.280008472812366,29.955107710498794
0.293652960788943,0.0756852093825479,13.35473279729558,0.010535633327348184,0.01031755451157791,533.4069743586499,15356.76609134151,5.959013678790317,20.823588230624722,0.3673875321513704,0.4113673918686381,0.41190399933506117,2.0542566920507443,0.5431341674927413,0.7003846956318839,0.5954968612407989,1.002239847114053,1.0692681224389886,0.0005788475570751269,0.006121455550374321,0.00019581145386875405,0.07239590133653771,0.02755802773319842,0.7433331076282087,7.095518577584508e-05,0.8821830474509184,8.538774033878141,4.263929326727981,181.00900287146848,0.743196582606819,0.7252950434294846,15.263945432377707,29.880878506964137
0.2952557771839373,0.07515349452063513,13.403634283899839,0.010485651161384934,0.010320746826841974,535.3915657471888,15346.1348818735,5.923253285240741,20.747380704620078,0.36575560260450635,0.41186683089836107,0.4125769218614681,2.028810390218205,0.5449583001440568,0.6985383342988739,0.5986688382797104,1.0060054744371438,1.0646144607143782,0.000578674925424314,0.006120038322047828,0.00019544260040978647,0.07192151652172626,0.027613342230876876,0.7447837979699021,1.2146950332343325e-05,0.8772987652291555,8.505764750288115,4.284099709776312,179.45942593086372,0.7371876410691858,0.7290298801730389,15.274826744256087,29.857194240428665
0.2954307487565745,0.0742528747381366,13.339058378804522,0.01044038255707882,0.010285033725366717,532.7304835391385,15451.352057190952,5.9310667807000215,20.636211522404295,0.3665035957381907,0.4136582411336242,0.41311014402462715,2.0234928098121023,0.5432177378369545,0.7007948248596779,0.5975119374432577,1.0171070224617125,1.0590768148199616,0.0005785647242508021,0.006131723001623756,0.0001947766639555238,0.07251657179641388,0.02726065622919655,0.7471114890262565,4.101256252870555e-05,0.8701597888277318,8.589904769942175,4.28941798418513,178.4966344212094,0.7379921648266146,0.7244732338483213,15.39708732406604,29.683416342231475
0.29508430021797394,0.0743937316456995,13.290907547939252,0.01046894565314959,0.010245679930719004,526.999393182456,15471.593140821133,5.966657560870633,20.585585330895405,0.36677070890620606,0.4149850552582435,0.41478572049394835,2.019412319046709,0.5429605743661318,0.6970629594375807,0.5980637448660894,1.0033003580680002,1.061368833518548,0.000578750124294736,0.0061231424558572676,0.00019539575947524518,0.07281376303816318,0.026885164211488826,0.7479642588239301,3.4820469680735584e-05,0.8680375893237394,8.572670333831791,4.309947017017621,176.92530400537498,0.7375369275156669,0.7234283991397219,15.397136681926774,29.987380649427198
0.29554428609110006,0.07432645717414955,13.382518669043844,0.010418360783987723,0.010271518626507659,523.1092454432726,15683.919156742786,5.99271652287713,20.6259127762707,0.3663024370901149,0.41649647543847296,0.4179631199559541,2.0190608634897287,0.5430970332492269,0.6973472162716956,0.5952415345218103,1.0056619534152953,1.057741603278236,0.0005786894439024639,0.006161618812143576,0.00019454509070285095,0.07296059167493697,0.026895771782065283,0.7542657906036946,6.54843914280787e-05,0.8741004770478908,8.567486008713262,4.299021349580485,177.29559817878499,0.7462485050324936,0.7219976763119168,15.342112591802785,29.990700829550523
0.2973563111258096,0.07424419099330318,13.371986926925443,0.010458191724015293,0.010391925287851192,517.3359053082579,15650.08763791518,6.013429980995774,20.730761689079678,0.36694905680626944,0.4148607260296282,0.4185690285076171,2.015760473646634,0.5403542359140886,0.6963868303029944,0.599639403579566,1.002273319200143,1.050100860783777,0.0005801925020944518,0.006133277423361688,0.00019380883678998394,0.07272382171724058,0.026760183220292926,0.7532403621799463,3.964903384308537e-05,0.882136217404931,8.511302385566283,4.317831425023555,175.5058619320763,0.7417881272086168,0.7175265173699823,15.319521489136992,30.080553134319413
0.29640451623771735,0.07450033073874489,13.326605521400147,0.01051002357371821,0.010415914392461947,518.1463144077492,15587.358782232706,5.989794710372898,20.79686256429991,0.3666625998129019,0.4143978279456035,0.41771984178206756,2.006085412440502,0.5456061884164664,0.6972552227734317,0.6026556273114148,0.9995394793401108,1.051987197060447,0.000577022283079422,0.00614890989241099,0.0001945287016759034,0.07302502689328316,0.02675782213170888,0.7553136189860179,1.7541402304481043e-05,0.8843111057782626,8.584231381990364,4.319133789149969,174.71551172169984,0.7436213429685996,0.7186152178134148,15.249069603256228,29.98633070817875
0.29442642292128585,0.07449747038801634,13.241200533851389,0.010520764915943682,0.010475728660208444,522.9699404103745,15668.22029261262,5.9790475797789195,20.8154559485248,0.36044770458808495,0.4121637458467058,0.41432782871530516,2.003391576477343,0.5531988274796233,0.6981583595796426,0.6013823662217471,1.0037570716140172,1.0537909929856573,0.0005766582350182901,0.006130927105694894,0.0001934053827856875,0.07285737005579963,0.026646723073688084,0.7494707363545262,0.00014106027831597057,0.8880209792341711,8.620937621793145,4.374840931114299,174.62887538619242,0.7443834700072456,0.7166310562476451,15.228794413835844,29.763569490440734
0.29638899321373713,0.07438585035592628,13.25174122215273,0.01052013919810517,0.010422397156820593,523.7707104306141,15693.779835091094,6.076691418082852,20.9726280796107,0.35926013373047294,0.4113703439984336,0.41556128644651075,1.9823448813695737,0.5548661439167699,0.7030808679105256,0.5981895749492264,0.9987829239482982,1.0574247684021822,0.0005812433993062963,0.006225109799796669,0.00019490459169368385,0.07275725504186406,0.026701852426849932,0.7454720840803531,0.0001812841688443153,0.890834341437507,8.621417380026147,4.362760284624401,173.27346253072176,0.7492856004795599,0.7209415296932657,15.119559790397766,29.563823123620768
0.2953613981094021,0.07439316443115346,13.15186864355006,0.010433448448618878,0.010494034681593751,526.3538371027998,15842.743545822517,6.1009170516103035,21.055722318221974,0.357772073491784,0.41419614884032024,0.4133716401089278,1.9791719810933999,0.5566509854160911,0.7086186058545878,0.5962792093528669,0.9953301955069985,1.0556231070037396,0.0005851576163437491,0.006151563155073933,0.00019448233808813092,0.07262750807926167,0.026890274458858988,0.7427540673711468,8.709998485645664e-05,0.8955394890603359,8.681715818100448,4.355937797359383,172.23264239988063,0.7507440791304667,0.722631212529344,15.140153870082376,29.630378395970425
0.29675862510706175,0.07376723880633437,13.117131112444087,0.010486597597055133,0.010544325326065135,528.1542912891198,15779.177459435221,6.10263075527168,20.953563558987792,0.3581309333331831,0.41560908149126263,0.413459910175562,1.98288948592696,0.5574120683146683,0.7116559341116773,0.5947095334463623,0.998796921635476,1.0490196393990858,0.0005874712748045348,0.0061552166665070785,0.00019414915080926453,0.07282156884125075,0.026489014664786207,0.737706165362107,0.00010425493866054933,0.8989486839607869,8.613397698913174,4.323880564010295,173.84562666963492,0.7482880439572653,0.7238825455325485,15.307836238584066,29.565386280466114
0.29516273345914223,0.07341325602608631,13.051139165949987,0.01048268789644503,0.01054884846398911,533.3567284410072,15893.951673350115,6.045972658450481,20.91589549486849,0.3541283432026761,0.4138823246998802,0.4159054481262456,1.9890342492759905,0.5578911232942432,0.7100633243970499,0.6030693521325534,1.014548206793976,1.0522248637832494,0.0005943908639490104,0.0061521080782769196,0.00019385742644489974,0.07284609763818069,0.026532377817854582,0.7321002472013609,1.9800184066370415e-05,0.898049185294278,8.700216844721352,4.342385455593518,173.56068797729594,0.7483624927242265,0.7196572206564616,15.323939959844553,29.726426396248957
0.29545715642877035,0.07343643597787783,13.110112101243867,0.010518931695916145,0.010585002603680222,534.4518664850988,15852.887560038005,6.045585236952029,20.98154700376011,0.35589489221442044,0.41671186356682266,0.4178736025059682,1.9839914249912691,0.5548820186569742,0.7116529773668937,0.6012049673946624,1.0197521747496554,1.0459270167901935,0.0005961027253741309,0.006150674561403132,0.00019617084822961964,0.0727019985829287,0.026352966084921964,0.7307720601346934,7.842577992405943e-05,0.9067664218542753,8.747968934596503,4.382022393304887,173.50925547120877,0.7494145139951147,0.721288371934485,15.34283175201529,29.831482516570777
0.29616990199176657,0.07308032581038072,13.183871801821262,0.01050214984424502,0.010617165981492304,534.7879691918215,15907.258274794773,6.022345354718923,21.0616277475503,0.3581455433288339,0.41537708481286467,0.41724599537199897,1.9694046622240893,0.5528028243902151,0.7134859808414054,0.6005618792841023,1.0143475395689636,1.0385281933295532,0.0006009607405902439,0.006181198530671813,0.00019656384748983316,0.07300907892531891,0.026143447540271945,0.7350002821518582,0.00026169078552406054,0.907942290590203,8.774066642256093,4.376027596635913,170.66840501551067,0.7475264676954624,0.7203357454895685,15.36546897184807,29.789889108012286
0.29751140014862054,0.0727299723918331,13.174586406609096,0.01050347591700635,0.010546533319304963,535.5199229062706,15954.343293711081,6.022930383550658,20.93193977442363,0.35866208426595536,0.41460402156482645,0.4186762786837696,1.9650855618354737,0.5556089261236163,0.713902320341283,0.5983857819519122,1.0189594373868616,1.0412513573001798,0.0005993013952018951,0.006201693607404675,0.000196528484933332,0.07329194062053786,0.026235113190380976,0.7366329361089612,0.00010695553584618637,0.9073251358929751,8.751288612352706,4.385727591998878,169.2526248171546,0.7465641056853857,0.7144078579690286,15.383018876630189,30.148648155062084
0.2991619364886472,0.07213732344807201,13.17951884287993,0.010566864907089843,0.010542926939875455,533.1636832397917,15817.161759574896,5.941529914454112,20.864805519773242,0.3564733455224528,0.4156229349439063,0.4150274619730538,1.9608129873165474,0.5536187095563049,0.7171984288346855,0.5992736247096891,1.018103718273205,1.0363999421992447,0.0006034102559944986,0.0062237274026842515,0.00019639041066787198,0.07391884566278806,0.026146442122605123,0.7388786673572629,0.00011934632788119467,0.912560893943933,8.771885753572633,4.397889674370185,168.8552948585124,0.7511730829980914,0.7066520794745228,15.418874466286711,30.30811663722992
0.2991572671018315,0.07205809003437383,13.192320803822643,0.010588971955044952,0.010475839703013516,532.8057014567477,15652.235513451558,5.93182712127671,20.814656944844586,0.3554759018255246,0.41321643037272815,0.41708755907576894,1.970012823028483,0.5514339980913018,0.7171188362397282,0.5998322010897105,1.0111357272568442,1.0377248887809296,0.0006069390573932477,0.0061930999071985555,0.00019576091223630023,0.07447244896536717,0.026101999768365226,0.7377238666066054,0.00013556640916424708,0.9116504104116704,8.771326844722994,4.387368047936622,169.89859867323796,0.7560043930457967,0.7091203968029975,15.293907836858045,30.28438406685355
0.30060210823312805,0.07233733077855307,13.286744959849159,0.010623452353119558,0.010436478389891993,535.3214259360321,15741.273724799059,5.956064796299364,20.950104349200725,0.3533656100538822,0.4136283563994109,0.41482565900062673,1.9525888943363074,0.5461039566776006,0.7161295492168056,0.6001652958901481,1.0084616474765,1.0414574392286278,0.0006060056598833816,0.0061947068979972195,0.00019552533012352413,0.07474722197702609,0.02608204076696582,0.7449172630608775,0.00011696635155321824,0.9056234295932755,8.810088969094068,4.391727612152093,169.9295252419491,0.7565538923535283,0.7136432941001549,15.331953433018038,30.22599298129138
0.29787727566379396,0.07271701425766815,13.354945245992683,0.010690908411081067,0.01045757297631128,538.0826059985213,15738.006306342328,6.011950231809779,20.93709679040419,0.3523631627704181,0.4136721506950463,0.41834474045776315,1.967360565358615,0.5487921103851428,0.7118383187519441,0.603498583260544,1.0102803114528411,1.035675034094253,0.0006100516335155544,0.006153440357711798,0.00019630887458756423,0.0746143526816314,0.026101619882015856,0.7380534130248803,6.901895186302001e-05,0.9056287696135351,8.73986079500022,4.376593842651546,168.77973844586342,0.7648803685155172,0.7107045791774653,15.211225811783278,30.26690509672072
0.2960143019991962,0.07270870867018879,13.493500538660298,0.010717869891601691,0.010549959980473533,539.2793860728535,15696.117578172663,5.984732102914193,21.044879822102388,0.3509620106056517,0.41298530301767344,0.4196213672861723,1.967752945912886,0.5502155967123497,0.7166104014765856,0.6046115921807057,1.0134626734660468,1.0358388398459522,0.0006061494611588742,0.006139421955575223,0.00019516296118467889,0.07469828636225329,0.025766738907596877,0.7388260632805184,9.424927461153204e-05,0.9030466976438035,8.73369780883869,4.395785650324279,168.825550864042,0.7624190915966571,0.7078262225486955,15.189813526159735,30.14743103215612
0.2953552331128879,0.07257677050544711,13.537119766355291,0.01072228321889191,0.010650376975422815,541.1119213536988,15780.701090007366,6.003553767155839,21.050476575829233,0.3500633410492365,0.41368825404071774,0.41964452500244437,1.9586502633563863,0.5492492415936718,0.7161540313052267,0.6070322632566322,1.0140793676228637,1.0377197497417183,0.0005995195334839815,0.006092997003030639,0.00019627185110869028,0.07491303070631782,0.025843420378133582,0.7355520188705685,0.0001500940849520314,0.900555594984908,8.663279771005064,4.398949005564237,168.12123876412176,0.7680386628781602,0.7070501696913231,15.280129703069488,30.04993708180096
0.2967273415632323,0.07277718917011249,13.533825875916168,0.010688191415994336,0.01060277591210029,542.1958522040715,15892.638406016944,5.9819640505823966,21.147384057413102,0.3491966991003626,0.4137712797271182,0.41600066151665366,1.969183277445706,0.5468687172071715,0.7164901965862452,0.6071171446466614,1.00984979317415,1.0346275233027613,0.0005997462197760215,0.006126334314766706,0.00019504290792822108,0.07526011293565384,0.02585751890071636,0.7367272932392035,0.00013957900981658274,0.8994704549527442,8.62179857765331,4.389967530397555,167.72232817814145,0.7691078719524588,0.710743449521172,15.092020555697449,30.046918227618953
0.2959966473823122,0.07256213044921107,13.601401291777053,0.010728064370321777,0.010568480195894346,545.4718460453355,15864.313014967458,6.019129689041774,21.229173678754808,0.35082182733281364,0.41459092853621976,0.4127966051897219,1.9777901945986083,0.5456227474430242,0.7205731413553282,0.6121422396308199,1.0138389090296926,1.0326131187726406,0.0005994458230308813,0.006108886137205669,0.00019509500615548248,0.07522181334523298,0.0260906544121936,0.7363543341332468,6.495535332629792e-05,0.8893666281673698,8.592125556848163,4.3627950760200145,167.42460079090807,0.7674513178086089,0.7095010725192118,15.053508456212313,30.042405711594345
0.2960676298531296,0.0728498853525949,13.538540170191595,0.010715867768254622,0.010548184291115504,544.1681880868208,15906.096752406436,5.981882611673139,21.248269705230268,0.351445147831561,0.4134015735779703,0.4140863003563491,1.9701697598202876,0.5457337356641625,0.7190785952104074,0.6106575473676666,1.0123124864241908,1.0426930944062938,0.0005976549495592888,0.006138215198249396,0.00019573465906974922,0.07583931408035112,0.025663313646540505,0.7390496892184126,0.00011924229180774845,0.8769857491748784,8.536729504285363,4.389378425567363,166.95702482729902,0.7735877341834205,0.7060270886788533,15.080120523421659,29.99112649697524
0.2928827190724277,0.07304629767505885,13.512304070077057,0.010814119997814628,0.010541755978661551,545.4978993505165,15928.553615738272,5.942125842599818,21.38022783556102,0.3509013680247933,0.4148909163560214,0.41301385323695305,1.9830584625473207,0.5457183515094174,0.7216230537196566,0.6090447543834431,1.0180918689552565,1.042462253401587,0.0005974417306352633,0.0061179484670044505,0.00019676160579395048,0.07572321651885945,0.02536035059633054,0.7417331070458372,0.00012373156817902298,0.8810221430323287,8.504998164359744,4.396218287494765,165.92894566808616,0.7697720081163668,0.6994959177662644,15.119239906744479,30.093982672293453
0.29165708859419925,0.07247810947155399,13.569226472709216,0.01083087713201187,0.010430844032514815,546.9168006682024,15996.531497584225,5.9389302861793665,21.378555203701072,0.3500540006413609,0.41766762788285533,0.41261799425616763,1.9911148796890492,0.545359409872844,0.7189764337558898,0.6054679327196759,1.0123836350382729,1.0407024172458021,0.0005966920700089519,0.006119844860509935,0.00019791353411373008,0.07542604593372244,0.025454694893179135,0.7458835108568168,2.155449295479091e-05,0.8774733996322268,8.478522879781933,4.414259196444232,165.31282759187445,0.7744730967695858,0.7035419832397392,15.054138759902715,30.009897171359725
0.29122616900375603,0.07219408598638333,13.63919572539812,0.010813347632349611,0.010446859841940732,544.8434809705623,16048.074855519524,5.902324743863376,21.414837565206486,0.3497681673219198,0.4197414684956134,0.41510944781708475,1.9710322065898325,0.5430809894106997,0.7214799504908543,0.6008739407250646,1.0056901011240726,1.035310167363168,0.0005999207317845787,0.006119538886292991,0.0001981449998211193,0.07543046621800963,0.02532117424340164,0.750893667150746,5.1805985583050295e-05,0.8828130842083239,8.452953330267208,4.43372951095199,166.146992019389,0.7726494281901951,0.7035673485122795,14.991763405322628,29.963907992786517
0.2906287280328743,0.07254626782453205,13.685913946684241,0.010785490606060178,0.010508336392245637,545.6823941418666,15963.153537984157,5.913439387637014,21.472131881464772,0.346435190614754,0.42035065395734234,0.41766561686513415,1.9562515278823054,0.5422986043222574,0.7215713250580206,0.6013036663204168,1.003922003999729,1.0320498177443964,0.0005975727496262866,0.006143138159456415,0.0001985756883936163,0.07480904680379222,0.025404512443803776,0.7521858360345561,2.544774920666673e-05,0.8848248944933454,8.522590566559765,4.420254035076591,167.70362267130716,0.7733615416355993,0.7035349088831113,14.945519401703628,29.83934994463671
0.2902189155686647,0.072501366085729,13.754831809642841,0.010833915113365903,0.010538675245872271,547.2173043846798,15842.618168595713,5.893304180155951,21.493203135277692,0.34410025210659534,0.4191530215054845,0.4197546804303728,1.955180014968039,0.540857588872913,0.7219092815214964,0.603571354205484,1.006124448428686,1.0249039438381609,0.0005989456156127298,0.006156743158445289,0.00019863776920468586,0.07485860195952439,0.02537712754495701,0.7497135072728176,6.981441182414904e-06,0.8867267839318088,8.530012859813993,4.412731683402165,168.88457997934856,0.7731804357358356,0.7077422250649014,14.9102151602493,29.74888812450753
0.2914439409422871,0.07229773987237673,13.697635045414476,0.010853076936571233,0.010609567685289485,547.4206904990261,15874.43141349997,5.894422047769013,21.508243611966865,0.34630516279570295,0.41811452782667835,0.41586658462663567,1.9585569388587323,0.5471808056161712,0.7245137895590734,0.6047378852795,1.0047424950318067,1.0218900615084914,0.0006001421151155629,0.00619504293784184,0.00019903739427307415,0.07465820123176715,0.025514491798876535,0.7464500756695353,3.4455023345437354e-05,0.8897870275132678,8.574032534049751,4.405537987731432,167.66124188434208,0.7710753746082891,0.7141317524152362,14.951760496687768,29.764398329168813
0.29292396728380243,0.0716124133161038,13.575778606051419,0.010872470477876829,0.010648268635884438,547.0272401936872,15925.509564691056,5.809767554760409,21.55052863083541,0.3457663573249439,0.4211094228549965,0.4173924667165916,1.9532871988901213,0.5507690017214246,0.7243242129627916,0.6078488137771089,1.0101300326444254,1.023457592377061,0.0005960833955855149,0.006187013114440657,0.0001991640333071934,0.074279529455799,0.025433170531748234,0.7498926450989015,2.023504717396091e-05,0.8935220295174169,8.554699216870326,4.455327728869297,167.1273574081866,0.7783880326575046,0.7149882978782506,14.959182357276744,29.755595746951695
0.29173363734856694,0.071594452882271,13.531794705860962,0.010889993912089113,0.01061899428436461,547.7455728457787,15939.238867411243,5.783762090373685,21.60038382037472,0.34818581891235295,0.4208589631573693,0.41520675038595733,1.9291965044130464,0.5487688742033223,0.7256722039743351,0.6038278396664116,1.0157373941461598,1.0296527688033112,0.0005934364009595558,0.006185417180220499,0.0001993739768079192,0.07410506944503782,0.0254525252820857,0.7449336394166768,3.4353425452527485e-05,0.892040350000006,8.622761893727839,4.459990365905778,166.36198685040475,0.7853034321582257,0.7103255968226072,15.001368236284941,29.868314602858067
0.28709994585080334,0.07205154662047294,13.474239630868878,0.010890662156768295,0.010604895033057988,550.4347208747054,16040.464117558979,5.76159109207231,21.704505579707927,0.3478092440400224,0.4176705885195402,0.4151630337480443,1.945192551469609,0.5512191259232394,0.7292398730056235,0.5977777089589169,1.008694222992557,1.0290862361344892,0.0005930074591971063,0.00620520579403372,0.00019976474767009075,0.07401589499839496,0.02544860420268587,0.7393206477756145,0.00011734830057762037,0.8901428156462114,8.571202921955706,4.444614740646868,167.75823249088393,0.7861352058557364,0.7157948414016119,15.09218399306136,29.893900669880793
0.2866286288540122,0.07191813360142942,13.505218179854234,0.01090207355606037,0.010631427533749727,551.5951069358752,15936.70717653554,5.79100958873799,21.581296055904332,0.34723469973630516,0.41658980085290315,0.41248836023204105,1.952652282249499,0.5447820901716746,0.7324486397646508,0.596977363495466,1.004997669217104,1.0248530712191524,0.0005920729837401137,0.006196326572494857,0.00019957541397170852,0.07440434566327356,0.025664983098636133,0.7365156824652112,2.7455643865135687e-05,0.8957097764734915,8.57822799798288,4.435613499190184,166.7195811475577,0.7839341604459428,0.7154820507522106,15.131289396485588,30.002581151600186
0.2862151664975539,0.07217935082287592,13.505940079022704,0.010917423853223345,0.010612183983724016,551.8175016170296,16018.646568540895,5.806040175987494,21.709442278871744,0.3476557658259635,0.41795894454662863,0.41495249330075995,1.938303487615404,0.5442940754539591,0.7322659871632642,0.5960289429435306,0.995716369025916,1.0215469555139791,0.000593530221455787,0.006243027181911949,0.00019877602746964723,0.07373877365892004,0.025817927098295806,0.7398556452004843,4.5065073887426616e-05,0.8974306984937289,8.563463094317184,4.4296223448559005,164.6716640010023,0.792059378415907,0.7177412361354606,15.210340830892232,30.11685650576315
0.28369246843651613,0.07230614601437135,13.444010980421629,0.010952975165401653,0.010607815232629431,552.935468508256,16073.125987701003,5.812974291010386,21.654599097571626,0.3487002114456422,0.4196116073081667,0.41561558525549475,1.9594836903607702,0.5400249584036801,0.7385013302830693,0.5946724574609363,0.9931513075211064,1.0238604409613714,0.0005962626657198782,0.006233613279291997,0.00019908737386233703,0.07348016980605647,0.025783192876529037,0.7423557989287298,9.197967172600512e-06,0.9048032148491364,8.586835340727067,4.41975304959601,163.7602848811142,0.7954822849809616,0.7172281281295821,15.1970682983733,30.074014210263215
0.2834024085111032,0.07241470722068445,13.490337851826082,0.010951815221645952,0.010554778995263341,553.8232889769931,16035.094168220836,5.831382009924837,21.818645822509396,0.3485067431760712,0.41360604972857357,0.41463709181314135,1.9602560381169583,0.5406034330176259,0.7369113752820153,0.5984583644637481,0.9941567030692399,1.0289007233715333,0.0005966820601665123,0.006240305289079651,0.00019825453264201,0.07376279961770242,0.025582471146356072,0.7435748735628094,0.00010166641370279897,0.8943799704164911,8.677450848917593,4.411248985482468,163.2525432670456,0.7981903160838147,0.7172151006207707,15.24510510686013,29.819278902315553
0.2841948598010411,0.07148637374891896,13.47469038537523,0.010922037772142833,0.010533802098210969,548.5487384899957,16018.407043497253,5.84874535786518,21.98691332949579,0.35022501966159914,0.41013634457984444,0.41778569102287777,1.9404310086789638,0.538662442605913,0.7362133742203141,0.6023242651623799,0.9974587266594434,1.023419334605282,0.0005931743380836384,0.006179548951405575,0.0001978743683921918,0.07360718176746073,0.025656025825346804,0.7430165255618015,4.1318983823817484e-05,0.8985190305523321,8.672826289738225,4.405737539094057,163.95714403315665,0.8016237769764923,0.7196662711489273,15.271422547240988,29.95925570929979
0.28319296320914683,0.07131773910083872,13.50927282091898,0.01093435215267317,0.010553631586948609,550.2595876952398,15907.724288800127,5.8189520090000935,22.07852641572544,0.3504461999403844,0.41175693210416653,0.4148795075368589,1.9311440784546834,0.5382091147278684,0.7367874313253644,0.6022195045442702,0.996398423887538,1.020426779872832,0.0005962629908214252,0.006183893880054518,0.0001983468408551018,0.0732277868594444,0.02576478323671696,0.7420742838130001,0.00016283086572644332,0.8943809333585365,8.597893513429181,4.41861294317159,162.73402040816063,0.8069892266732349,0.7242382212520283,15.355285515696636,29.87781158670057
0.2825233088556442,0.07147783249417472,13.572043446272742,0.01090838210297888,0.010580311379356944,551.4971528079941,15801.270196692602,5.871476233907933,22.15915071093742,0.35019972638447,0.4077676519259319,0.4145587059635326,1.9157617989005953,0.5387483577895482,0.7336949378112332,0.5964874573300794,1.0070840143964543,1.021217351520689,0.0005962877921534173,0.006231593211948723,0.0001986538835161876,0.07288980542724549,0.02597076783585744,0.7423909862667637,5.217063412541961e-05,0.8886241597674048,8.618327544475317,4.416414666243786,161.93065214783735,0.8072691594404154,0.7261228990074576,15.501532606063977,29.789664615550297
0.2837430003888888,0.07139634899135856,13.489938591608995,0.01091220388575556,0.010576775735281757,552.6134749323155,15862.724013999486,5.860196777248198,22.170338994581332,0.34733724410324024,0.4084098408102378,0.41354624211851754,1.904943040116373,0.5363483432856099,0.7327905991315018,0.5976189305411569,1.0046774622272414,1.0289808924611117,0.0005929739133658852,0.006187255808463419,0.00019950034152058904,0.0729401636671924,0.02620391238470949,0.7463171174668466,9.96936971740731e-06,0.8804701741416818,8.66468793332699,4.412665520336715,161.32314679131485,0.8104700627610482,0.7266273804888528,15.544743150041327,29.56835108720013
0.28574130583153917,0.07207965423164622,13.65987892308385,0.010914679907081358,0.01050357815601521,551.4310050797726,15745.850554917055,5.8570297222758665,22.13892815005086,0.34336675641526243,0.40467059312186743,0.4087339198742953,1.8961357842833249,0.537713119041849,0.7307449186248223,0.6045091528497458,1.000727388326641,1.025459432765222,0.0005913285875698334,0.006225438931334588,0.000198236740174246,0.07223200899547258,0.02593713474488884,0.7473698798278349,4.4165613923852586e-05,0.8727046470921075,8.639763002655275,4.437590182210983,161.12759156596167,0.81362781584338,0.7288434887164363,15.537353412748425,29.514025822079336
0.2860252505972813,0.07193965980578257,13.63746353891386,0.010984132006022662,0.010428166873690794,546.2804865057551,15803.32064305954,5.843244993301204,22.08600610917945,0.3425339963374213,0.4062654947629554,0.41080413606325333,1.8983844306504523,0.5354924450106189,0.7369769689817792,0.6087731973627442,0.9976139490240823,1.0330919628832513,0.00059382726765798,0.006187353617760051,0.00019839952595329365,0.07216755569891097,0.026030528678537473,0.7443167138778091,3.1074996008829796e-05,0.8761916132481241,8.650975069191025,4.4479809020076155,161.88743133614736,0.8221801169778499,0.7233561779882047,15.662311560986474,29.584525650559257
0.28539365989620713,0.07195966036071506,13.603681083793822,0.011016735205701048,0.010358214018882251,546.7946994750447,15750.831088589483,5.882121607292954,22.12798500291057,0.3446268994949764,0.4054425696896728,0.41269694521497274,1.896955523462568,0.5326973323885589,0.7418722916390251,0.607408360310839,1.0004767659848717,1.0304174992040889,0.0005910833978561234,0.00618211376447907,0.00019722273519107693,0.0720108857840081,0.02621636827520605,0.7496780590029386,0.00011420283971145013,0.8734385780287302,8.625355415960483,4.470832063144349,162.38962905042246,0.8268535674414397,0.7216626548763699,15.797226865914826,29.499879713434385
0.2859514054791085,0.07168953611117139,13.502779589130725,0.011002797237027313,0.010417987868359678,544.6269689139411,15668.793579738183,5.8824270182966645,22.11837394399472,0.34806086996238955,0.4052495980550669,0.4128097480852262,1.9072952954842752,0.5361871738777494,0.742465056128217,0.6129839752627049,1.005357600619764,1.0302492804712018,0.0005915621740280328,0.006160929524406199,0.00019878263376967584,0.0723911090473314,0.02620316167844586,0.7438213993372169,0.00013620886262028347,0.8741897366862171,8.644640474728686,4.473407947294869,162.46505483558173,0.8223233614352992,0.7174788215343715,15.925502746987956,29.646779827244245
0.28769771231308344,0.07149740636219709,13.536459671873953,0.011101581677484935,0.010480094850277014,543.4416476284796,15653.322920477181,5.921100506905575,22.119711192236228,0.3465377491819611,0.4062942215021861,0.41028537739955234,1.8994558574095544,0.5376712110107679,0.7421921018950993,0.6109031568036342,1.0037795256797417,1.0401468195786219,0.0005981870967586019,0.00621674520980809,0.00019866526264088172,0.072686840222024,0.02605937709683319,0.7383397098232248,2.342268734624003e-05,0.8701452247593847,8.602525940012324,4.460143660078464,161.8412660860831,0.8190391372998747,0.7137748217939548,16.047816348740234,29.459726380394542
0.28835212404235766,0.07139272905886684,13.556703832668143,0.011071440027838823,0.010467835409683482,545.2112064510202,15606.925051984654,5.880731894721678,22.157485330757247,0.3439558833108835,0.40470690375082335,0.41083632803607095,1.8902186340913296,0.5408697324810221,0.7423763070004904,0.6105292807737972,1.0044868224841452,1.0380118512875962,0.0005997976095057843,0.006187186704604291,0.00019866216541208442,0.07221734516055683,0.02554403724738365,0.7374464146234228,0.00022135767851395275,0.8652601402333916,8.565697001444832,4.467917301981782,162.56465904110865,0.8226463302960523,0.7166001584456116,16.10995662681946,29.557161259430135
0.28886896994560257,0.0713548050536862,13.698919319746677,0.011039644831886162,0.010591179993037485,544.7246995809554,15563.27536674648,5.841881047693995,22.250662281021842,0.34230883234248055,0.4037375823483908,0.41299121325542015,1.8931806753640754,0.5420664774641858,0.7404249569986159,0.6168495947914846,0.9960875689943086,1.03592636532438,0.000600765537867315,0.006150904353942115,0.00019968081512690552,0.07207077612502501,0.025317180164953736,0.7374627238189699,8.417939771354716e-05,0.8673197235799873,8.59269634219737,4.461671975739167,164.72556213356077,0.8258162200584006,0.7176483597017794,16.144664105370783,29.56246236466472
0.29011578595598647,0.07145197847031076,13.58122371172368,0.011072421356934333,0.010636967711382301,546.0751359586012,15467.812227994445,5.810584650765606,22.237549561041607,0.3437795993500456,0.40590418674263246,0.4134949855599775,1.8910492812145725,0.540541077465152,0.7410299809418438,0.6171543477024017,0.9954658529721379,1.0348113946847688,0.0006005698022922748,0.006164540309183381,0.0001999947980450984,0.0718629415227363,0.025025557678090928,0.7340182663156297,9.869919653131195e-05,0.8591421962296627,8.65417039126463,4.504910726872715,163.48489033946186,0.826482610871471,0.7130337581409437,16.055233535813745,29.56994205385724
0.289112639757571,0.07171406719676272,13.529955194157989,0.011041908557998532,0.010708689135964433,543.8407700610002,15479.400586634336,5.82331048057939,22.13927043726679,0.34640313363693037,0.40459198147076264,0.41780081286159476,1.8821033173540527,0.5397703750313105,0.744331487307675,0.6170726537113436,0.9892156433853267,1.0361396310376405,0.0006009375057679122,0.006116049586763749,0.00019904473426446325,0.0716136430762357,0.02517726928523333,0.7338530544600319,9.985006117704231e-05,0.8543223081294866,8.65002929057072,4.510199674538967,162.93098431489037,0.8333606354020346,0.7185862206816004,16.04146947458393,29.78514815141023
0.29028597505717746,0.07136147402071807,13.52061913134235,0.01106401597002285,0.010714899759662213,540.7729474993689,15527.543314273289,5.808938131311315,22.063516200237036,0.3466846872946668,0.40564128239121733,0.41993170313958,1.884472571944416,0.5390136555967694,0.7431071257654421,0.6175616330743211,0.9902311528920454,1.0412097281254957,0.0006039522273481552,0.006103228969504193,0.00019977232895881854,0.07179435782065167,0.024817781478085613,0.7412668766012255,0.00013938779050824782,0.8600814105014176,8.66485499885103,4.517690232977304,163.4332721517559,0.8366307213063816,0.7198729076065564,16.07120711752494,29.671254732958282
0.2909030406729214,0.07129347098244902,13.452649039722772,0.011026701673130761,0.010706177809776092,540.2460779437725,15552.381177513858,5.78903816691599,22.07249050645054,0.3466275665368311,0.4065215163172426,0.4178251929218886,1.8667482356932374,0.5431060118832488,0.7424150415204591,0.6201018547332904,0.9945963092348445,1.0388289401893434,0.0006068606959965671,0.006139037010847794,0.000200223646338495,0.07156910550894473,0.024831810062938,0.7450812822033911,5.261535269412664e-05,0.8654206543600657,8.599669712943921,4.553600747116701,164.86105299362478,0.8295923606720249,0.7241482343893955,16.121537937515292,29.703776468906682
0.29322355941770545,0.0714410816673626,13.567552684239892,0.01100561361340942,0.010669079533789342,545.9590149204266,15488.163061313597,5.772406429734577,22.1226054236971,0.34808341649539176,0.4048599218074051,0.4136281798961798,1.8624207543741391,0.5463792356300468,0.7449090666211955,0.6193173854781459,0.9989546105258957,1.041359834848925,0.0006038942144594399,0.0061375603746166305,0.00020145483441985943,0.07145480550445549,0.02459215320929448,0.7470966401847786,1.641229535104316e-05,0.8598021545207903,8.644275446596042,4.578158300116015,165.42533745710273,0.8353515823444966,0.7223500939059148,16.202012916465648,29.662950612247815
0.2914595872953591,0.07084124800092288,13.533589071952091,0.011048040874423135,0.010708993546199043,546.6358564131401,15488.335049306821,5.803132345556361,21.974989677925247,0.3471656758021803,0.40528780114416735,0.4105306908247273,1.847174610772783,0.5465815114805442,0.7485952949177028,0.6188290846560767,1.0021393312612343,1.0404190390383867,0.0006068315711168816,0.006164440263918399,0.0002007673983856817,0.07127410390860178,0.02447318040094477,0.7483236485545665,0.0001924083384543388,0.8629570307733736,8.685010930224564,4.606529658226207,164.12059119300181,0.8385503194200675,0.7187334451189845,16.129484308296718,30.17200721290973
0.29098665692956416,0.07094662431212138,13.548131818127008,0.011003754570038712,0.010675467668828898,547.7648978968023,15579.524963335254,5.7532045755289705,21.949851236277837,0.3494840555522019,0.4072234506577018,0.4085028283439956,1.8466067247179152,0.5433225809390096,0.7510189240095848,0.6189528986742294,1.0101335733299615,1.0412709156624476,0.000604284351424286,0.006165909016781829,0.00020096692860972174,0.07118580095161388,0.02446371401001947,0.7474233321359638,0.00023250302548691705,0.8646979578852314,8.60343560238157,4.61951638440579,162.11122110032258,0.8438328239485463,0.7165697653542963,16.241081375766726,30.127714102335975
0.2894753664581876,0.07089873391230829,13.476590722517114,0.010982120729033505,0.010670291248770652,548.2165102238976,15738.245117757804,5.742363490841407,22.07888021025966,0.34564689343483207,0.40972516607651843,0.40906538651267577,1.8565616545472035,0.5429446066780244,0.7483371415003689,0.6189759133391933,1.013536471597481,1.0436372353822732,0.0006020869836392635,0.006192977768260991,0.00020281291304516253,0.07154795999274524,0.024597126333247503,0.7452469131766584,8.196867986010465e-05,0.8717175989110126,8.589722946897188,4.651431270266624,161.35097797571652,0.8438226809837418,0.7247380929901571,16.29891259336904,29.911848576899523
0.28998039530803726,0.0710557183068297,13.470128569864919,0.010883880801781478,0.010696909431070205,544.5984452777669,15712.268113746946,5.732520147201609,22.088641255044973,0.34362527510879054,0.41017897368849116,0.40974963342966064,1.8749358641370233,0.5424154203686086,0.7529409928930122,0.6207531571047408,1.0161878480668272,1.0473868702015743,0.0006065660202181932,0.00617643500339517,0.0002021775415483311,0.07135229268017092,0.024613713295643908,0.7481903182973577,0.00015936937993198024,0.8629534506016686,8.535674704946652,4.6337395039388936,160.3952452648435,0.8386722682255959,0.7139031307715421,16.291016182418527,30.033239377501605
0.29115271342776156,0.07091714877693478,13.43854942434727,0.010777713025641726,0.010634829413657829,544.0667534691314,15672.244062130925,5.758390900669935,22.121729710847763,0.3409621891091057,0.40982098142724604,0.4071555718965165,1.876308081349779,0.5409086029796962,0.7547214120387595,0.6170570844415634,1.0191182947353872,1.0493254196364543,0.0006063576417472769,0.006222293485824745,0.00020150501535319074,0.07139692222693235,0.024628746739302546,0.7482930077481272,0.0001241729327209787,0.8633881333301684,8.520130651874927,4.621429819102435,160.54394196913302,0.8364417658704814,0.7141764845197861,16.196246968630774,29.936075948858875
0.2903083158086068,0.07011749326694185,13.305979887466915,0.010670765455650823,0.010713187126649225,544.3591908385831,15690.306483316544,5.752071888157742,22.129801187244503,0.3403460051896921,0.4108526549457674,0.40887005634334667,1.8685372714569222,0.5454834247211048,0.7511334683629166,0.6201254291327403,1.0237040360687992,1.0447891048987439,0.0006090013001064346,0.006208730964438489,0.00020029616187270912,0.07138420485614556,0.024637429557056428,0.746721185764808,5.8316035941665824e-05,0.8672101920101299,8.441871980543047,4.609726085568935,159.47550036398263,0.8373227769666852,0.713189510155118,16.245503789215743,29.829270018500278
0.2883875151425927,0.07008933813432608,13.297119025271828,0.010551739916613697,0.010756605754990925,544.5624562903357,15680.04383610674,5.724997178281011,22.05498722225296,0.33929338216995,0.4106504371652307,0.40989695469132964,1.8717054628499492,0.542294268891149,0.7518877810492439,0.6170659646366009,1.0249966041777443,1.039658201112195,0.0006117966987857313,0.006198680946598791,0.00019926200944997568,0.07135938381117837,0.024644758382835537,0.7462398504244663,1.2335979160946968e-05,0.8668441538385684,8.500021035109786,4.650871625914902,159.51429034417666,0.8397568396426851,0.7128475998061962,16.33183382909905,29.860517920649343
0.28801683547633605,0.06908301749754327,13.358062587358507,0.010550677276041505,0.010723253694922413,540.6416188202338,15758.15035390034,5.785822887050047,22.134970667270935,0.3358812859217223,0.4121780058633706,0.4073865246628849,1.8773986559573974,0.5435302238493139,0.7542667386261038,0.6179322764772199,1.0199440441044259,1.0314366026040664,0.000615140260992291,0.006167831793657405,0.00020052292139724357,0.07134117426270964,0.0246517355057104,0.7465473672060271,0.00021561912700757523,0.8617564545343982,8.427633802618125,4.661580358640555,160.23039853170334,0.8409272925504034,0.7074608352340648,16.501493278262416,29.70015130669386
0.2903363872664196,0.06831396318694227,13.346714295359844,0.010575998730650078,0.010743789570409624,541.777412150819,15670.447828192324,5.7845448748226795,21.998063808129345,0.3376609494083644,0.413488283030382,0.4079396417456445,1.8633922824240206,0.5467036771196925,0.7579162810169546,0.6186608501875243,1.0210521896614824,1.0284457711761652,0.0006166212580772921,0.00613729492468362,0.0001994342856738763,0.07145303281028577,0.024548590809557846,0.7438193884970923,0.00021651631692658148,0.8626586546788254,8.47712702643637,4.668248628860863,161.23294309178914,0.8382390161153165,0.7063032381333536,16.436665553033453,29.54020462492031
0.2881575766489134,0.06882589824263982,13.327147874720405,0.010536607618850658,0.01077974837148669,540.4099650575281,15775.819861934107,5.786736244676074,21.905869159431013,0.3368017734957841,0.4130208395338031,0.40811610072056614,1.8602740295049764,0.5432210792910722,0.7635296486880505,0.621893746393013,1.025466338557672,1.0306600526429008,0.000618800256017775,0.006161287392370881,0.0001996697417142716,0.07176969398991453,0.024445006984317993,0.7407040833704799,0.000325783596294082,0.8576358370399207,8.507057990250635,4.6645508612657025,162.05999353815164,0.8377581475485999,0.705198306664982,16.482123409170548,29.694405152096444
0.28791187953239744,0.0687838699732694,13.397117153067834,0.010556285815383901,0.010763409991371596,543.6216877581734,15738.062337541029,5.813292205804777,22.008164416730548,0.3377050402020476,0.41376536099053657,0.40965927343812314,1.8395185963846439,0.5454103331391033,0.761621352601928,0.6183512021143031,1.0222957935351844,1.0319954420269541,0.0006169731750010335,0.006111947732385976,0.00019924219346264434,0.07180800278848437,0.02427894059905754,0.74029501628645,0.00027618199625649984,0.8578821509824109,8.414268151246286,4.6903301219718,162.54510407610226,0.8354752345725303,0.7102259610614331,16.485550442543406,29.967793909253242
0.2863272162943549,0.06917285642866992,13.35528306765504,0.010527983198345888,0.010711309851704117,545.62787143289,15733.416322549185,5.7635064454047225,22.058947213841275,0.3367653174778272,0.41437027883936395,0.40963570596298815,1.8575838496794306,0.5421461065712475,0.7665097869650295,0.6155739457575599,1.0244853998684564,1.036436533561071,0.0006166658903680443,0.006088124194518844,0.00019770431858533464,0.0712334789268555,0.024120692495128847,0.7291507096262013,0.00018540260917970742,0.8600824787283923,8.37428983920688,4.688878147416,161.84189428472192,0.8330066474060683,0.7108691037339644,16.516518900354985,30.17128234401275
0.28736279500069906,0.06898654517994031,13.270117968527215,0.010632702250227636,0.010698057540770068,546.8930358344031,15824.634233129587,5.690995149783698,22.173317461395463,0.33877048078020705,0.41378612678746335,0.4073605858991056,1.8552185876214002,0.5444591961089925,0.7660169048322242,0.6184783716565541,1.0272067401544511,1.0347008033886973,0.0006195884762241994,0.006073803270068886,0.00019693955960765444,0.07099288548954064,0.024325901453011604,0.7309217985290706,9.573137730789513e-05,0.8652030820307564,8.333914354465781,4.6805558105958465,163.8454141812802,0.8300932874273783,0.7101891538683969,16.576612290662734,30.005317277855212
0.29096162377248547,0.06859868646544229,13.22785643419934,0.010626000776729896,0.010765818934283024,548.0720869739838,15820.688222711045,5.673402036314557,22.20732721580022,0.33916716791093493,0.4130801768302674,0.409628935030427,1.8610619341453636,0.5456509320799385,0.7660421086844482,0.6121727651497222,1.0289678118233059,1.0337626252508432,0.0006216811411629573,0.006089506361266409,0.00019722216636280994,0.0713396282163341,0.024167636927069417,0.7324628146074952,0.00015494383614414025,0.8687353575506085,8.342905570763214,4.670092672342671,163.38736905054049,0.8240535384009765,0.7075599202205413,16.483947719398415,30.27059316420064
0.29190624002768034,0.06830900522907214,13.284513099560073,0.010621111856487378,0.01073324142323675,549.3175792419855,15723.51791998332,5.647498653055735,22.20294664757735,0.33929198907350605,0.4148256603870782,0.4093967145980182,1.8669871121880848,0.5426852824230485,0.766505135859991,0.6078434843332907,1.0319748397386987,1.0320969547752923,0.000615721906940436,0.006046837443925265,0.00019741485808176938,0.07141921677705669,0.024404779839302945,0.731746631214427,6.897137912254719e-05,0.8754130374453756,8.318993348388563,4.6711991517492635,162.68630117265144,0.8310884361199566,0.7051980909522619,16.430608164102726,30.24782298554584
0.292561058461718,0.06823427374667551,13.173704427827895,0.010665807502835276,0.010759973343850726,551.6105844642988,15636.191952363833,5.6515669078815165,22.31087026381529,0.3361715367532292,0.41759034664162603,0.4074038784723569,1.8659460438861268,0.5434300218373525,0.7648331288789151,0.6131746961381938,1.0332350741736729,1.0359944437256745,0.0006137370795306591,0.006041993248949632,0.0001983932295677186,0.07111300866604787,0.02446461176789241,0.7338256146400561,9.993201288321608e-05,0.8770325142275618,8.364118607702393,4.686593322143971,163.11129886663758,0.8345387719604583,0.7078546148919475,16.498402264811006,30.31646822633091
0.29414967188218893,0.06830510962454674,13.132241568682483,0.010667946323310704,0.010759859654934784,553.7417926542254,15587.805036601638,5.653326834864147,22.217287724718286,0.33210285004136053,0.4153405379492901,0.40876961374197857,1.853400826270036,0.543082417145822,0.7628154542846235,0.6085008039289272,1.03179291787613,1.0333364240736573,0.000613914607943614,0.006041863319728902,0.00019852305292744979,0.07104890242684087,0.024523010781606652,0.7380111605432971,1.8386871719646713e-05,0.8779087893488858,8.397406488907777,4.726730704954631,162.42463843306106,0.835594358247348,0.7057240359730508,16.433558931515996,30.230840356823194
0.29397106589635613,0.06821439002061824,13.089677607759153,0.010675664303252954,0.010793994767093508,551.2360152144656,15682.914957237443,5.623997429010287,22.342836695013172,0.3303652029897348,0.41364340429707114,0.4071143182870144,1.8504378424305385,0.5469956416333175,0.7680991900002607,0.6049346505320841,1.0283829418149448,1.0291085302191945,0.0006127026784154252,0.006008250702922981,0.00019889429225123783,0.07153311890840361,0.02467167262915761,0.7381509151558086,0.00019321257801868582,0.8685839089573577,8.39467394042172,4.72185343932832,161.89264574349505,0.8384312987154434,0.7059676985585004,16.50377984135352,30.481260668238587
0.2919595117947427,0.06805315860587362,13.014304885615562,0.010603328465054246,0.010747234480198098,551.0137323048128,15855.886156015818,5.6379912039655835,22.435719237469506,0.33109025611075354,0.4148713122111287,0.409157398299742,1.826991274405968,0.5446183156591689,0.768814038079818,0.6079146550691434,1.034036613266276,1.0186985259756363,0.0006130577500926976,0.006017972327442116,0.00019734140804410073,0.07137421974986952,0.024582788184675346,0.7337515415521454,7.374781438238985e-05,0.8661909427526441,8.354650489736098,4.697917884995286,162.62070983477068,0.8422828686852134,0.707132485188034,16.54682902809901,30.487075659334987
0.2920355231119418,0.06812395575947498,13.050222941306053,0.010555497670712701,0.010678452343993531,551.4510923665927,15906.638783816374,5.589270085594899,22.43365836353678,0.3298859393750806,0.41335825581215024,0.40838483522088975,1.8227398211752044,0.5461354062484048,0.7692032512424144,0.61162991717744,1.033327675944305,1.0174834365849317,0.0006094033162978402,0.006015521267725206,0.00019690674090308156,0.07099425819298781,0.024433321452680838,0.7362039968194665,0.00032118105956469993,0.8681879497601365,8.379814177134179,4.688796639886711,160.53091024974128,0.838123258316468,0.7060514432513472,16.60274600631865,30.634189557233473
0.2906753414984086,0.06749939914634989,12.96194933014329,0.010552202830193402,0.010632012562028637,555.8018999126872,15833.276144777614,5.59863501262612,22.567329405011773,0.3281501804061374,0.4124906918775091,0.40924124757632246,1.8244968494335296,0.5384833267947807,0.7658070334944657,0.6099507581529142,1.0346147110437762,1.0161517385997474,0.000608714852657574,0.006020973786805472,0.0001974569036395058,0.07060654799613461,0.02488574085276283,0.7389940992326054,2.1492984274690578e-05,0.8674955724810745,8.412455595933032,4.685388627010999,161.03113428866544,0.8336685641789612,0.7041762505475405,16.707915980416107,30.553911642553203
0.29087424662217587,0.0672392987873664,12.992965037390523,0.01059602412043283,0.01058742792358294,556.8907033659208,15774.363939535198,5.62196400091173,22.729752949845494,0.32849524563898386,0.41249612978130434,0.4103704252840098,1.8199642129768787,0.53418792689041,0.7662629495231089,0.6111926859190956,1.0338648541860778,1.0099929071486036,0.0006091002771773267,0.006034724948110169,0.00019746681955694093,0.07088353258861996,0.025043753327909427,0.7330537056376736,4.8638354150543815e-05,0.8723743069699214,8.403519019082966,4.678673323137229,161.38948329719324,0.8340847144705705,0.7044970888030636,16.613469331916225,30.491931831715167
0.2936678281286819,0.06670702332997273,13.06424907493567,0.010655833829537631,0.01058610660653523,557.5907012643781,15672.630490437099,5.584419648386139,22.856868148578073,0.3313091268446409,0.4128259066215188,0.41252828311327383,1.825603442625912,0.5311024668805403,0.7670133082328475,0.6168684622864216,1.0294340392058376,1.0085991242654937,0.0006069701402017427,0.006067951535226594,0.00019792539201047042,0.07125046604915072,0.025006964617736733,0.7299534903890227,0.00013977748038336454,0.8714932311912648,8.451064233502917,4.6352143942033335,159.57390711109008,0.8315579932720241,0.7027270689887882,16.56828518013813,30.571391741697358
0.29490015839359296,0.06626125957477558,12.993391475970077,0.010684083425187632,0.010617361814697066,554.569945164245,15665.711340165393,5.638796307924074,22.69656139624274,0.3331139137707321,0.41643152167313696,0.4174447052684086,1.8169309539704734,0.534223126228518,0.767021335545918,0.6166344446257027,1.0241085779026122,1.0030547378543755,0.0006045482863883156,0.0060764037173444245,0.0001978034074374599,0.07134166120464464,0.025123470388797035,0.7271555511601158,9.84114523200665e-05,0.8647347922283057,8.431084199233865,4.611410615403099,161.2157638669399,0.8315748697499579,0.7044870664948154,16.652363045179,30.586949641727152
0.2965032846281756,0.06649059522814078,13.054737237403357,0.010760304574990656,0.010615216923823093,550.8887300158401,15593.842929027547,5.593922469519824,22.713226971789947,0.3329286729773333,0.41797204524254117,0.4135273528386864,1.8308928643859637,0.5322723206672254,0.7653144355713173,0.6230271519408893,1.0237594502141483,0.9964684050287022,0.000600359798547488,0.006069929627338245,0.00019661923356650168,0.07128567966522482,0.02498519538926578,0.7252772696841268,0.0001436564250905535,0.8667403331845308,8.375977775220095,4.617361375683953,159.89506529091435,0.8326956247702815,0.7057372469122817,16.623523786536964,30.55377173754487
0.2941498499454148,0.06687569014877355,13.015293991373309,0.010729603975907637,0.010566777986930195,554.4889588965234,15611.42693188986,5.559478362987028,22.742273892454953,0.3325661440631469,0.41578646972156724,0.4142092520271969,1.8463977849863982,0.5360854517810476,0.7693405844869509,0.624645681016012,1.0178510776948113,0.9999029597484728,0.0005995886541779401,0.006070171567198592,0.00019611154488789002,0.07129548418787982,0.02495055110430023,0.7271451318122406,0.00010905574993737039,0.8693214368573717,8.370138013547257,4.6192004316482915,160.8077323993616,0.837173169444662,0.7092733195808755,16.722175194614817,30.496509340570544
0.29476448580195336,0.06688315791641003,13.050574834059207,0.0107996680804978,0.010609648214487068,555.7188227344774,15649.814149190193,5.559665134555414,22.69086548295033,0.3363765053247127,0.4163231333780385,0.41411105287787836,1.8372481458000913,0.5371337601910245,0.7706536755939588,0.6283436748716785,1.0153972525218313,0.9917129593028616,0.0006015475099463815,0.006104870701279028,0.00019577983527896948,0.07173356057036764,0.024864090304661485,0.7266767119626633,0.0001553065998023679,0.8724171498162597,8.284286936323227,4.6154340460005265,160.03218059049868,0.8318216125379527,0.7064810927618707,16.52538958737448,30.684430151608904
0.2930470878465705,0.0672974239322032,13.101974365838696,0.010786805357237073,0.010632375610305526,555.767601584219,15819.63917853314,5.598066905723638,22.79609709891933,0.33302781270903536,0.41817896677521954,0.4113155075185352,1.8334754470199934,0.5343646089929768,0.7748349798634117,0.6249494445777326,1.016588880560402,0.9921919840171322,0.0006024004316242643,0.006153206646286953,0.00019616349021863173,0.07250260509754383,0.02482280346677524,0.7273705597363239,0.0003188286105396033,0.8711243012085719,8.296389670317849,4.645522389432048,159.84337765088316,0.8333953097002106,0.7046603565036703,16.552431948355785,30.432680467256812
0.2939448652373479,0.06728189832461433,13.106730980028935,0.010694288832835533,0.010643342715621763,555.2104380860769,15936.4239628405,5.6410436626170535,22.809714001964583,0.33145975486848067,0.41444711638500153,0.41348131222848994,1.8420457511868142,0.5348944744940026,0.7725111203904149,0.6302161846586238,1.0062823126030653,0.9943939153932174,0.000598818844522626,0.006156445601002215,0.00019757307515227076,0.07268930783204723,0.024987031383260905,0.7287724227010435,0.00019950220516363012,0.8633370594832962,8.26899295164758,4.627469959764018,160.72636599875605,0.8316466270359528,0.7059233908343148,16.523586364356262,30.397961396569528
0.294671539011785,0.06746595830144167,13.179315190088056,0.010710243296352489,0.010627214836350176,559.6408997439275,15930.562772822394,5.610267734709696,23.02800102754055,0.32831475108054053,0.41770349971408505,0.41436773460770054,1.8537210731651597,0.5327168344029809,0.7736816847470797,0.6298235594798428,0.9971113502588682,0.9967393925254453,0.0005944927137385839,0.006131402321386513,0.00019710750606666795,0.07253165684343696,0.02486314983959864,0.730936201248997,0.00018503512150841507,0.8697904579018019,8.239991707316534,4.638398137685662,160.88699753447654,0.8329243750155089,0.7042665209066428,16.533013140486066,30.280056821948403
0.29426560323962325,0.06788870446354334,13.198720103292382,0.010670519244550076,0.010597307140654547,556.5573328502555,15984.065651899024,5.587181732982684,23.055626677745494,0.32689950689730934,0.4163869494541249,0.41376536625566523,1.862959895934268,0.5315039943037024,0.7757779589863949,0.6356390003570446,0.9977814818837146,1.0009480253448286,0.0005955780483019228,0.006089498988512907,0.00019905413310159688,0.07285408848695275,0.024581300233459016,0.7409056994901204,0.00034190089643055524,0.872862035402829,8.294158502229521,4.616595356715419,160.02768659445468,0.8337242990966388,0.7052032694897169,16.43828056332632,30.247472859343507
0.2936659220826626,0.06790217153787516,13.229752409015086,0.010635292750977668,0.01064615942563247,555.9007198329858,16029.092185085214,5.598074493460698,23.062339675366186,0.32508037585727645,0.4160924725952324,0.4189598463101659,1.8784180660232144,0.5327223573195823,0.7761410288998479,0.6365828139091054,0.9992464349803045,1.008160696195567,0.0005976318206225102,0.006113826049384565,0.0001992657019477924,0.07358375357433809,0.024520340607964188,0.7439492605268112,0.00030231285338387057,0.8714852266797364,8.2995198318171,4.629209605930303,160.87098746947498,0.8287845037204983,0.7063731431117927,16.388355566762677,30.198124930931826
0.29327223352218845,0.06781094810825093,13.235912683613298,0.010612854967630104,0.010725886386726028,553.9086889415814,15877.132803118753,5.572690518824924,23.222817515584328,0.3246651384901985,0.4211807369244625,0.41871351661455536,1.8704051453852335,0.5345011145613293,0.7742590446140821,0.6401120542245168,0.997068360224695,1.0090070909517699,0.0005990977682485608,0.006095668480078602,0.00020018213305244195,0.0739532324846262,0.02454215430687546,0.7481416580675985,0.00019022934469149045,0.8723334973367928,8.323647109912976,4.622571890412637,161.6535990588753,0.8263167137945202,0.7089927597272034,16.407186591080396,29.940717372539755
0.29569189337085355,0.06854644827039039,13.12987494813313,0.010577464643675283,0.010717492936323451,555.5958103405891,15889.805547488964,5.603121183375653,23.25137028749565,0.3249541146576795,0.4196113864861585,0.4210218527759707,1.877551624511824,0.5339973890192675,0.7733544640000972,0.6367282954506609,0.9957079559878848,1.0132472918081283,0.0005995454648845273,0.0061121001546257875,0.00019973765441014555,0.0740916754459049,0.0245092226208865,0.74823862441979,0.00010430310462851567,0.8740313249364126,8.337089479008137,4.632730267938813,160.94258138005154,0.8282462304675727,0.7093080116404604,16.503970013414808,30.03143178812554
0.29821777499874297,0.0680708088976484,13.01867415376688,0.010549048689963056,0.010719747941835079,553.6472793428802,15790.750552928466,5.5798612749866265,23.385691932476007,0.3240632460279336,0.421554829506398,0.42260820329269105,1.871895214523339,0.5297788465982038,0.7782856164175154,0.6396003209352698,0.9964561432829366,1.0150018010871558,0.0006037899593559088,0.006113720116827332,0.00020020847196864006,0.07424118725140219,0.02441463303233684,0.7476453848009997,0.00020221556916590907,0.8652846602448064,8.289685287267636,4.654336034495891,162.74027320624955,0.8302414040580726,0.7126378558076669,16.46173765002367,29.956902578465932
0.29788655382598894,0.0686260696293315,13.009190578678378,0.010523646209500125,0.010688988703834819,554.4106414982962,15789.509627998386,5.564142735570803,23.392281449319917,0.3253064877238851,0.4222060342110774,0.4251380925020294,1.8811478221135598,0.5331949349756284,0.7787529757364104,0.6391818145559298,0.9903256822991742,1.0148638307659605,0.0006026279395428035,0.006113688475443091,0.0002000265910010701,0.07404593388557516,0.024339277232989825,0.7463903140250756,0.00010126753706422398,0.866210256752111,8.277996095013307,4.626395432693582,163.4652961857754,0.8310980342584983,0.7096682466715973,16.45969787320432,29.92867613259401
0.2966428158696079,0.06877906979247131,13.073153625098843,0.010525022867343097,0.010676382628994159,554.9503274744911,15668.535587046676,5.56905551986127,23.335800415172262,0.32419503556286966,0.4224857764182768,0.4260757565555935,1.8668811438427766,0.5357648418249299,0.7812322867668463,0.6432971695655093,0.9901067223310096,1.0114655652277484,0.0006032559191954011,0.006075022500957808,0.00019894381670672252,0.0738491524733105,0.02461238206645558,0.7467740542679824,6.078586541783785e-05,0.8650456790710053,8.279910301159608,4.6296659836807645,164.52424851637514,0.8345889304486671,0.7120303773884884,16.435586011576824,29.804294684759963
