0.4486340348071936,0.1195970645613643,19.48833883551449,0.01497773389516338,0.014968715739993024,748.0299481624936,23922.32418145373,8.99505383205899,29.894372094870416,0.597681504207002,0.5986630530064129,0.5995046035992182,2.995923278603922,0.8992513790030379,0.8984100648702272,0.8991351602055977,1.491721631208187,1.499703898800742,0.0008992964028042557,0.008941167107661673,0.00029830709057638134,0.1047206652170656,0.044825177607134135,1.1938629873485933,0.9954502299335853,0.9999986199474529,11.99744262137031,5.986800748907984,299.4172268053285,1.046708049807136,1.0448564997856464,22.498490930694963,44.800884276374596
0.4477039066333351,0.11953417678775392,19.430237875544506,0.01490741598883044,0.014934674605871617,749.4319278096357,23977.054242567847,8.958400935075813,29.945131770223277,0.5974563303142726,0.5982230252624384,0.5969109700315549,2.9908712837906455,0.8942885944028576,0.8983299137865747,0.897102166963467,1.4912363393504704,1.4948166826000884,0.0008995190286597353,0.0089183748350649,0.0002983211746547153,0.10467548467950721,0.04479181765135631,1.1948812726327676,0.9913492845712856,0.9973430238766042,11.99624256325121,5.967579142564806,298.8128734157889,1.0479062033348696,1.0484390377647153,22.414855835874274,44.963517022657776
0.44786852056039705,0.11968264213702594,19.367375001759996,0.014902974304112504,0.014925574000906527,745.659541883822,23922.4982094267,8.937335496366753,29.810827690419302,0.5940708736086235,0.5987106553633416,0.5954345093069614,2.998733519210195,0.8924735719472022,0.896924381618144,0.8972339212948617,1.4873978772552092,1.4998732839341262,0.0008982687100550963,0.008899786906254729,0.0002989565296512745,0.10422240239978801,0.0447593089378883,1.1989743689973944,0.9900901191562372,0.9908305639162986,11.98376959946139,5.944048284889378,299.607115463315,1.045314373216401,1.0490254166524402,22.483763624672967,44.88462846753302
0.4486868903345667,0.11990564786985027,19.315930103277356,0.014920495102478861,0.014912252271586636,739.3170178160398,23942.994368534437,8.878245000475692,29.877816329149546,0.5958933510058169,0.5993757644783644,0.5969433976510998,2.9874129572632913,0.8927083722411403,0.8952308060606382,0.8933488310524718,1.4877599236211843,1.4972135128913697,0.0008960667815493411,0.00895975342562672,0.00029997646725001253,0.10468842246652107,0.044667056443338904,1.1974548365157154,0.9767697207441457,0.9974945833529215,11.993345618310588,5.946368351950311,298.03649264412076,1.0420288991802416,1.049002865726496,22.434988675724984,44.97013634712009
0.4471329590935742,0.11950345120651706,19.3369155910379,0.014863136983589079,0.014960841199831959,738.0749140960139,23981.17618979172,8.886824868682636,29.703213468200897,0.5991343944547042,0.5957135923262289,0.5954331415470352,2.968052828530674,0.8938880439492756,0.891966112600027,0.8822588355908553,1.487711728812156,1.4997389319468866,0.0008943127496918435,0.008969001763928862,0.00029921696686194726,0.10461471389017613,0.04483586839884107,1.1929589653097437,0.9735166097889321,0.9959762147180868,11.959542682611358,5.975755541013734,296.91121302718966,1.0434665652090425,1.0467051189914904,22.32050316011527,44.84712358287498
0.4495094818137316,0.1195411491653273,19.300875937599052,0.014858660775890882,0.01493434945781401,738.3569414995559,23975.933096483106,8.901720496704712,29.69031861677689,0.5981393621298026,0.5998169458947283,0.5908279525725924,2.962939641594122,0.8965299134877851,0.8868308622576646,0.8832743445650811,1.4943263759518552,1.4894551360440476,0.0008916810221187524,0.008935589232557268,0.00029782554709271704,0.10431428415252386,0.04464143428291256,1.19205417031495,0.973516035070545,0.997726658394932,11.997639120784756,5.955403879511619,296.0103800286569,1.0433563947785427,1.0489068146489722,22.211848743014976,44.863084458284504
0.4486294799503981,0.11897059483698588,19.20458817668381,0.014839027041245305,0.01490125955465755,738.4624815678324,23984.783272020344,8.914317552938622,29.686974727139233,0.5956266439655586,0.5997658885309537,0.5917501174001539,2.961594757719922,0.8922120695315015,0.8836022567115565,0.8813587167762179,1.4895477008611313,1.493278257250406,0.0008901286575039106,0.0089327532584634,0.00029725613564967295,0.10414065578919887,0.04461825075323757,1.1926012973076399,0.9672805485708096,0.9904792363155058,11.97707290757787,5.9591997220262805,295.6281427020772,1.0390602338698718,1.047695347279309,22.2758519624499,44.981727256504406
0.4495454342406664,0.11875244953962205,19.112126285341382,0.01487314029124997,0.01498580911834638,740.3832033883843,23965.285269497672,8.926513294802556,29.575998748081236,0.5963234652633056,0.5963090217537359,0.589717402409606,2.984450075653717,0.8924937514715418,0.8853655389527976,0.8779707865366946,1.479097452310932,1.489954764819055,0.0008892778397793831,0.00894538809881769,0.000298049833464066,0.1039286953002712,0.0445690810469294,1.1892547926663286,0.9655117574816529,0.994239995735894,11.955204763047021,5.9459697015428565,296.4482706953293,1.0364280496694258,1.049676065556283,22.321880408556087,44.99648854835333
0.44970795323148327,0.11882179276262352,19.199395411933768,0.014864823758693153,0.01499094528491016,740.182507226465,23796.67258476121,8.916415859977219,29.62742649697003,0.5954171245161078,0.5925961889479439,0.5886134291645774,2.99291747470759,0.8928854686815306,0.8878296977367974,0.8766381813897879,1.483274197655069,1.4962673403135505,0.0008899667219115651,0.008926107401934962,0.00029713829994835664,0.10389295040152825,0.04476009088785315,1.1858106626047697,0.960817369802849,0.992528804480856,11.87702021098666,5.8921734829002395,296.48461233273093,1.0350131991138605,1.0467474382008988,22.253323727884005,44.84193361615368
0.44903454691008315,0.11889111559571539,19.21939968341172,0.014880472891387636,0.014979653837369936,737.2042010611336,23767.15408791728,8.958463313232587,29.659961207942125,0.5947960862307917,0.5938687524339573,0.5856679860748714,2.9950007859452072,0.8936837327566135,0.8875820601689517,0.8769887932353512,1.4863031606081794,1.4973755779722713,0.0008913261666592364,0.008920402651049292,0.00029809495718983217,0.10348525872738279,0.044649419076716955,1.185249373791409,0.9521055370130705,0.9817063679969327,11.83670359959745,5.906102127722374,296.6398729615524,1.0323014748639834,1.0475541357826605,22.27884173001889,44.82008298621185
0.4499087164256684,0.11879437892003662,19.272046712928642,0.014870630594573313,0.014963099936095611,736.6688608011978,23847.638822709152,8.988615692557174,29.69416115036698,0.5952051102339635,0.5923932504613265,0.5838418557207333,2.9952564994984194,0.8906570655010532,0.8880699773288849,0.8849029888926576,1.4900176582413285,1.485963707560362,0.0008893185504763055,0.008933517309932557,0.00029918593938827137,0.10338780420391044,0.044439913651058496,1.1853915453697292,0.9585672920597463,0.9754787487209383,11.857054415831023,5.886683160842588,296.45819076549003,1.0360751593259743,1.0465225391956885,22.259529707570547,44.86321270298311
0.44899507770249486,0.11914255311555196,19.25065575699371,0.014805815560800784,0.01498863119222989,740.1850272228183,23820.149993083854,8.987215724440318,29.596421977189895,0.5941878724984704,0.5928864407012995,0.5873588029021269,2.99833499032513,0.8884336033783953,0.8878766653279158,0.8815724456334709,1.4834176707755433,1.4857079693929685,0.0008913815945936505,0.008917372204421523,0.0002996187300288833,0.1028522896720003,0.044664966543459736,1.1859545161192857,0.9526916489753491,0.9732604946842844,11.877559150771823,5.874928930633165,296.72396803187286,1.0358289335794777,1.0406631506393065,22.203313846183505,44.88742721551909
0.4482895046946205,0.11961278061229101,19.2175573995977,0.014726716661066048,0.014987554772020404,736.6345249699065,23982.639248734988,8.976860501423287,29.657432691709875,0.5933327107802654,0.5894780731311008,0.5909115724089842,2.9867736311792297,0.8872803742291034,0.8844317222486175,0.8761140520576389,1.483077527464357,1.4926044295775005,0.0008934220349265152,0.008970303574863836,0.000298640198104377,0.1030206113656979,0.04463465865667908,1.1869336290308963,0.9509179769018579,0.982400204182083,11.872128496043862,5.84456745698765,296.9955199000921,1.0425584780097694,1.0379042489367003,22.137159585186637,44.99936121466609
0.44720984763906163,0.11940638094930298,19.439214423310457,0.014800249761076054,0.014988916367882627,736.2521864661486,23911.649980236118,8.98069028218752,29.777328173785317,0.5935068330197517,0.5879941379360958,0.5895339819299161,2.9855868420146123,0.8845950390826318,0.8834064268241719,0.8822238083383367,1.4801830800437559,1.4976949357431868,0.000893135692966448,0.008964949688534844,0.0002978769750946677,0.1022992786811429,0.044659129147709684,1.1872754535428236,0.9504909233651491,0.9916966387459041,11.881721504507887,5.854022452973027,296.9449463194599,1.0421913175385842,1.0350870340492524,22.118963936971287,44.686484721316745
0.4498360082142933,0.11882423728790681,19.496232489679304,0.014858668680131951,0.014999513137214643,734.0842446926802,23962.771877433057,8.986830894183914,29.862928310188135,0.5921222012431467,0.587547235604802,0.5925843652342142,2.997179423856756,0.8863085962715781,0.8834578953974266,0.8762673505156188,1.4883232585053898,1.4942341540886714,0.0008937469162240371,0.008929260392536399,0.0002983452791443209,0.1023640749436947,0.044679126428513044,1.1893067414958645,0.9511676964027347,0.999696354385089,11.905339329321494,5.856304761117666,296.9629850985225,1.0404857220406885,1.037297380473912,22.01899450542225,44.620154286222046
0.4493998247897279,0.11869282469265768,19.38203037241612,0.014791577401719993,0.014985956632140137,736.0200909700255,23894.398828915237,8.97405783039788,29.70760690077496,0.5959889261492703,0.5888401332796223,0.5943300756085029,2.998641502139915,0.880574109274874,0.8827876290021403,0.8778100141533206,1.4876398579413475,1.4952833921261444,0.0008964287043425122,0.00892441288617895,0.000298282467659849,0.10187247943886793,0.044758930882194,1.1947568097012105,0.9582112054781924,0.984796049599393,11.908290057702594,5.840645113030354,298.0731918832895,1.038477030997764,1.0407057116016243,22.093601236902643,44.51968960904715
0.44775415538970714,0.11898426508825918,19.401696939073794,0.014770855448022285,0.014982945424598238,738.6012232865459,23845.554918127073,8.990643255442167,29.70632735489606,0.5949080208791969,0.5938242892290537,0.5923377345732295,2.985957550277899,0.8841731464264504,0.8832204507164232,0.8757235941931613,1.4867152425083434,1.4986673786097275,0.0008970574187199094,0.008944169965036676,0.0002978343608686107,0.10100997460301539,0.044802064128371226,1.1998561125347311,0.9509473039540138,0.9857776828881712,11.981121825619983,5.837019823247831,298.200742028418,1.0358367511815596,1.0363420946361697,22.111901680179628,44.575215903962025
0.4471347830751257,0.11970284000558165,19.31734439511178,0.01480870922107982,0.01497882541726765,740.3891429155447,23793.497934754345,8.979115733886838,29.621604191343813,0.595544774569119,0.5936503058491086,0.5933800350391523,2.9927623071400187,0.8826016771698244,0.8832765020127197,0.8817109666611023,1.483150072032692,1.4876359970371096,0.000897069572839552,0.008913277218219717,0.0002997358143636508,0.10101897081992711,0.04480433763153322,1.1940133920683156,0.9425653990286779,0.9840048822059013,11.890268782044581,5.83527737681855,297.0656544611001,1.035714685717532,1.036206623287147,22.09938388454295,44.66903854697632
0.4498054507336074,0.1194419863055296,19.49332447967061,0.014872272696327264,0.014958653561009984,739.4814310113136,23873.427579957115,8.97743130628984,29.680682608563725,0.597515577951186,0.5906895291112135,0.5961352276531158,2.9991186646773165,0.879517920355459,0.880279304550343,0.8829755966678444,1.4754023095155733,1.4860811629522157,0.0008978348283459219,0.00890687123924136,0.00029918855429850107,0.10105722741977634,0.04485763851678912,1.1939685103735649,0.9445193484139015,0.9897431777810066,11.884141998645573,5.855038335971805,295.6257394670227,1.038474242860622,1.0424395666236903,22.08874651806681,44.770907638482456
0.4498866621592192,0.1196918216342097,19.45318279297282,0.014935710626044109,0.014963876807729207,741.880728871292,23940.557997605978,8.925491082174583,29.78312274991114,0.5942298968659674,0.5943756781721771,0.5968076797995144,2.9874679984064714,0.8753794533187674,0.882384279954577,0.8834318269006155,1.482869219203879,1.4927227444949271,0.0008989578392248624,0.008860848380857994,0.0002982308282909013,0.1000161966735201,0.044946792946137425,1.1875763118176428,0.9414262527514882,0.9938113570086363,11.85043145280729,5.866367300864701,295.93209080408843,1.0392804974214351,1.0453285869859923,22.093117343796923,44.89396044756615
0.44926820624956376,0.11996042519644133,19.316118663277184,0.01492705425299343,0.014972063693873439,743.5435894827868,23789.07732012286,8.934185200783112,29.852925120366674,0.5915911609311654,0.5917956350268679,0.5972620013022443,2.978661145973895,0.8804782578721545,0.8844416094013856,0.8800131543620981,1.4912833181593703,1.490391475703252,0.0008957029678014301,0.008892213485052982,0.0002982213217088899,0.09934827783205588,0.04479434529510939,1.182657769485097,0.9391864166404649,0.996901626065652,11.893257029756763,5.8651995565592205,296.117970527372,1.032505686103818,1.047406414733131,22.061434149400995,44.745210703885895
0.449583294553327,0.11926461040999356,19.266567214029674,0.014956736004414606,0.014920302176762176,741.128651218196,23879.823118214284,8.954500453676415,29.809816589995993,0.5900428904722235,0.5920820305570826,0.596527219065292,2.9747588726550327,0.8842123063380112,0.8858931422202809,0.8760994414460436,1.4914809645167482,1.4927826745354758,0.0008979907056560887,0.00889125674019316,0.00029895092703060124,0.0988430849602883,0.04481735530464113,1.1894570993778169,0.9377044657364206,0.9944885301822207,11.884797757608172,5.837390438148194,295.0187347031445,1.0311616673465167,1.0456491493000988,22.13334932837538,44.88255998280908
0.44860561350438777,0.11941232779957986,19.25906842564483,0.014992314599218218,0.014990596152743155,740.0424572266935,23831.129930052273,8.97230925837276,29.764118560906322,0.5889860253789082,0.5942091819730744,0.5990336153534707,2.9756248847927687,0.8846891031543492,0.8897388453001775,0.8806153619603668,1.4942568093603361,1.490640855297243,0.0008970308346481272,0.008903016825511173,0.0002994189319664206,0.09900315507816654,0.044966617606839995,1.1860287168561343,0.9310310381416972,0.99068283447548,11.90067802358009,5.813489987718119,295.12194034092795,1.0291734572747937,1.0453575561934627,22.172322688957205,44.93023734129504
0.44806636079048867,0.11974625634289322,19.25708954569705,0.014968381573591115,0.014985728767695805,739.5201668381463,23797.273908600062,8.973822533161332,29.83914584363788,0.5897862222513965,0.5908959595006648,0.5992017024689422,2.9697910763947184,0.880954848852119,0.8870607577750992,0.881075181158121,1.4949540735207674,1.4828550380954988,0.0008932077898437507,0.008894641417270423,0.0002988327745421434,0.09842106741168961,0.04482495041773023,1.187697560130788,0.9372874160400528,0.9947776577094123,11.856580011480027,5.827130126106848,294.55026018506413,1.0304713395223148,1.046832624630336,22.23725436920761,44.99815448370895
0.44737248160262855,0.11996752376804781,19.22275014384933,0.014924577873341158,0.014936718591974275,738.379531399573,23726.288602578996,8.992975152529274,29.795660537767727,0.5928195718067478,0.5893191115803025,0.5971357075717659,2.9651567526994915,0.8821254319182108,0.888457394646937,0.8834524801758307,1.4970930848616935,1.4838586619000351,0.0008921982659192031,0.008910916410708314,0.0002994629799756546,0.09813588392261981,0.04474666730972089,1.1810967359657774,0.9337491469301172,0.9968737623269951,11.839557878042203,5.831824890542344,294.04587419736146,1.0305608790612255,1.0499222169399545,22.31267336057955,44.891050683037086
0.44713825986478506,0.11987314034839623,19.176890998872654,0.014893141922497705,0.014953186517934145,735.9238923820044,23666.23592762498,8.95591781268564,29.77841217038544,0.5939114007959652,0.5916748666488216,0.5997144394481639,2.9837581188461297,0.8792874359576734,0.8901230186221432,0.8831070033233527,1.491169065426403,1.4841141180089894,0.0008923390809524464,0.008872079468607845,0.0002999992537827952,0.09728566663918134,0.04489866802199812,1.178765354357841,0.9356837824975025,0.9929439583177617,11.887151292383265,5.793889888834562,293.36240448063495,1.0266003024848913,1.0424676662896828,22.35030869349203,44.954671407523904
0.44689545808019604,0.11900530180566,19.245320783378055,0.014957726117436697,0.01495190389033782,734.2805258495287,23732.818048541896,8.97432129461413,29.941068036670348,0.5945269899303408,0.5916293824502011,0.5999938878153558,2.9817722814596292,0.8772008093622382,0.8893869705787297,0.8799553439468222,1.4823060647659738,1.484340401357108,0.0008907231073762657,0.008862943512895438,0.0002996394919603906,0.09718632544421414,0.044873673805580695,1.175846558182582,0.9387017541324701,0.9876997824066286,11.83093304166488,5.811779210603509,292.51069617999883,1.030072792832906,1.0389711949284535,22.378485029472728,44.96030202334189
0.4459687348287253,0.11843927742444699,19.222147314272394,0.014918025082025214,0.01498701403387947,729.6841071925045,23663.467129805817,8.972920792306551,29.95300217200393,0.5940494295180597,0.5876853263517564,0.5981219669962244,2.9939626627265534,0.8771426416113086,0.8892435881475369,0.8855159482521965,1.4908297864923976,1.4800576414422575,0.0008890712092846877,0.008830048306931479,0.0002985970372157695,0.09676040990370872,0.04472620583490216,1.173616250582529,0.93241423388079,0.9843209157659468,11.83502701830307,5.817300697446495,294.0676678668205,1.0291978549937173,1.0426553142224597,22.318248489480585,44.942094079453845
0.44411088076786137,0.1186427412005574,19.163071012306535,0.01491294871572043,0.014992963976088444,730.6859672765121,23742.787692811376,8.99175408524342,29.852773077611825,0.5932547801655311,0.5898842319369189,0.5984659350489834,2.991192953792097,0.8815570693928073,0.8905070920779763,0.8856373571900923,1.4904282964665676,1.4863254361253293,0.0008868450942257714,0.008874016518747486,0.0002993081021993695,0.0967712052994421,0.04462485980585263,1.1763656255936836,0.9321140963990633,0.9752307687977294,11.826633221719826,5.798234422706836,294.3218002489521,1.0321583785085928,1.046882840879701,22.299852012503077,44.98009442245246
0.44464823546250626,0.11889991123039899,19.128183060462398,0.01491805235872267,0.01499430397659982,733.7335582361196,23645.811523917786,8.947931958168134,29.82136342003529,0.5951830738155615,0.5908758705560537,0.5986836428126232,2.988263530951916,0.8782371040724462,0.8897037211317714,0.8820892453805541,1.491398157823638,1.4879692064197738,0.0008810841979994977,0.008858033159725685,0.00029922212271864354,0.0970710335632351,0.044601296040829706,1.173387901041746,0.9271193663696259,0.973288678538561,11.841989498595998,5.7849587371049145,292.22475995905967,1.0316158582096175,1.0496305950966769,22.427276469777087,44.674470373797476
0.44214872463985566,0.11914949983946381,19.132600206833327,0.014881990672086589,0.014911505244742064,732.4511597917864,23543.397124059047,8.960911916703694,29.756306162075795,0.5960910438975346,0.5902624339525719,0.595538334237851,2.981263194623413,0.8768152344011578,0.8824593325016926,0.8792453543441102,1.4924098276680866,1.4874416665473245,0.0008723237082386043,0.008848979010797122,0.0002995815838833457,0.09648077338572564,0.04473124817214002,1.1786115459125808,0.9229943395224843,0.9768567593857218,11.80838571615242,5.7859656868203215,289.1741690523898,1.033376387928351,1.0484602416658746,22.332117498783738,44.83037937218951
0.4406755105112716,0.11889100417134027,19.14140866453046,0.014849192854265716,0.014916750529492321,736.2961964458162,23512.875303027013,8.968267344153631,29.638862212749324,0.5951040901605166,0.5906179514150057,0.5943630789041771,2.9859496465190536,0.8759836929012106,0.8809327866749932,0.8818370839271652,1.4895203177002385,1.4978269029006126,0.0008709449443120861,0.008822002273600199,0.0002997904562928674,0.09624847836049555,0.04496911940869292,1.17618710936272,0.9271588543681342,0.97204367195912,11.85475112386574,5.781358997829272,288.2714928799723,1.0372093603152714,1.0454890002406054,22.27054655234364,44.806365417250944
0.43782392744052967,0.11858577256135831,19.18500497773693,0.014812098861802967,0.014920762049656647,738.9062244320735,23368.473965431796,8.921699139650134,29.587003346842998,0.594937958521091,0.5916974100912278,0.5966078849810575,2.9812724674606375,0.8784268118027739,0.8846975155927962,0.8842461354675525,1.4816557935031978,1.4957032996763546,0.0008703474701399548,0.008831672948577951,0.0002990316677039483,0.09574214851667569,0.044844154307222384,1.1774729749410904,0.9388067264963968,0.9666044238837497,11.844692351977113,5.759817586370525,288.493344557934,1.0306441224123621,1.0484802086989946,22.26648117031598,44.96339670070741
0.4383263021146517,0.11866680878723714,19.358521782026973,0.014738441787553954,0.014946541402614014,743.028535323787,23347.106139863397,8.923810872306744,29.569531500452225,0.5967942183214798,0.5930878074481829,0.598564562423068,2.9675956617048174,0.8798145307455646,0.8851259489656389,0.8800879598852546,1.4896456675904026,1.4973930794157804,0.0008694276496947772,0.008846995008812126,0.0002995119670427737,0.09540846712513092,0.044932908570726744,1.1782532690218992,0.9406320301740393,0.9646449305498022,11.877105176027683,5.771180706184674,289.497850677248,1.0287068695154702,1.049443007833666,22.221744810841457,44.8811336733424
0.43773320356085577,0.1188904744356236,19.445855400254057,0.014767435206681903,0.014969933197700819,739.0230628273771,23271.230783371724,8.940998077463103,29.502239701444864,0.5953870877352719,0.5938205809384173,0.5979199098772722,2.9551724436004254,0.8832310379759332,0.8880012051332659,0.8734350639521491,1.4927207756061431,1.4990535771192783,0.0008688155093706405,0.008890393677672522,0.0002994797498042196,0.09523933342397468,0.04479803015913693,1.1775181999487465,0.9422327246335347,0.9630570231261095,11.864366750081084,5.757868545186797,288.87872779290365,1.0295997616082744,1.0457827796642762,22.29407373610883,44.79555811629619
0.4370859689647063,0.11858569347400746,19.40246587656485,0.014738109307768102,0.0149899324768435,739.5726044775222,23406.854369108347,8.918955545650702,29.592413122758536,0.5969000349779272,0.5950704076921481,0.5986452455816232,2.9571964997035964,0.8787130666351971,0.8851696753966272,0.872268296404268,1.4889589437224364,1.4955131022712398,0.0008689372842409538,0.008922005595577083,0.0002987676943521183,0.09478507818662138,0.044821513246650325,1.1714668929296392,0.9413314843201024,0.9687613901782018,11.85817052282153,5.756841640184636,288.40924181684727,1.028277969797522,1.0462060175153678,22.339077137607227,44.68651891302715
0.43651666029283415,0.11878549938186557,19.456705927067432,0.014804600919756302,0.014983493430493898,743.4417940032617,23455.14909368062,8.930377485519477,29.67695816642286,0.5971295736725231,0.5966486891574493,0.5950029833380537,2.95015193525093,0.8807681246624077,0.8872874877222359,0.8711097445026049,1.4770343267285342,1.4973791350694814,0.000868416428299484,0.008940785333680838,0.00029878054766402764,0.09489208189150401,0.04481202184847449,1.1758688059725295,0.9477356766310646,0.972088868444974,11.829518184402781,5.746041699741497,288.11277633132835,1.0226180389781234,1.0467278357904375,22.459793027094147,44.6201578486598
0.4360674600035936,0.11858592939069156,19.449398793070102,0.014854906107632364,0.014999671889313426,742.3793236398992,23247.788210688846,8.929828648318196,29.719294761608356,0.5967244375066872,0.5976598583870751,0.5944856948352086,2.9382523809222634,0.8818648784132689,0.8841531036633744,0.8730107352943718,1.478260667744687,1.496865547463047,0.0008719884927054078,0.008909461453306742,0.0002982099800106752,0.0947114428627407,0.04473748472497535,1.1772544854958467,0.9444131815412167,0.975593032677064,11.77428400146686,5.728817060890599,286.25218521882414,1.020861896749848,1.042862082130355,22.403459956680067,44.7191702292656
0.4364632827802581,0.11827508598765822,19.433674791759277,0.01489721036794965,0.014980320607125688,743.8143749000088,23313.19863273603,8.990387553249594,29.792266492880263,0.5964067742887657,0.598691976248421,0.5947195335623463,2.942171409776876,0.877818250531923,0.8848576817264632,0.8673431999766688,1.4847162435632872,1.4897805205061654,0.0008703861345716754,0.008920328796643156,0.00029675022640328265,0.094658222769427,0.044606225043926896,1.1820898855070736,0.9525404719199304,0.9809622739992745,11.804417165162198,5.7088980393664785,286.21568858040393,1.0187007436803879,1.0476451370201705,22.467490657738495,44.73309507294417
0.4361270109302053,0.11831079741746627,19.46186210672772,0.014909891956347064,0.014985644139315375,744.945777311558,23353.41802035586,8.968840031312507,29.938425731237572,0.5976775734954873,0.5974184668983528,0.596121474056693,2.9306751213041786,0.8738024935097103,0.8891641571983677,0.862839496367206,1.482690428993379,1.487799551266406,0.0008700788219635678,0.008921411423690667,0.0002960035090069498,0.09483456306578607,0.044962063093027804,1.1795388264198066,0.9356896527464809,0.9905780030488625,11.817529314583796,5.687432372211866,285.45665172621506,1.0161111834736645,1.0485191336987485,22.477550747118496,44.742255058215704
0.4348269811708012,0.11794337482571184,19.429278306794608,0.014969631113413843,0.014949791132445309,746.058857214212,23390.16692849351,8.996053449612296,29.954291081771917,0.5982422183875898,0.5988598198683712,0.5948489927299527,2.917699365463935,0.8675311009782118,0.8882654455864681,0.8626063716364474,1.4809400522368472,1.4838885514915972,0.0008716106184807337,0.00892264826944839,0.0002958810967399904,0.09457357221387577,0.044979870386323895,1.1767802653576198,0.9282209635009936,0.9932098081883745,11.761728465991158,5.723593021748372,282.87657259673983,1.0228718725515302,1.045879281450694,22.407787197216607,44.613828273967314
0.43398272134464116,0.117799162284086,19.499832376732485,0.01491225860021298,0.01498564711972496,744.9476992992564,23451.54057082896,8.973221091443401,29.959516587332892,0.5974491377879462,0.5971632502146544,0.5938344427284882,2.9230888483735384,0.8643081527613992,0.8893518777458863,0.858817389097704,1.483808734198163,1.4750782510449663,0.0008718981022873806,0.00891991446263445,0.00029594993071754963,0.09439843855344827,0.04498737004549191,1.1762686101250968,0.9264177347938423,0.9878358046634051,11.728276451204966,5.72987341127016,283.664379886717,1.023743890673323,1.0439710609439303,22.33926092550988,44.76596748314896
0.43288140580157475,0.11747864865442541,19.395595137067808,0.014985742998435378,0.014987551106686684,744.4386145506675,23547.81013801241,8.965491781605408,29.844011584503207,0.5976286656157174,0.5966881037676119,0.5951117136934947,2.9359052140996686,0.8667349460020893,0.8889757556941603,0.8591380161119656,1.4896264777045778,1.470076988147236,0.0008725791072606638,0.008945097863894485,0.0002966130874480227,0.09440876491377077,0.044831466204167995,1.173319052367134,0.9173266804234825,0.9814587872908057,11.670381988024568,5.7296690084379716,282.9789533870018,1.0180842346319956,1.0438876266166903,22.335580878252944,44.788038960669006
0.43248577357932333,0.11733908933850475,19.309414658004272,0.01496934765132184,0.01498189506203683,745.7211090973782,23535.101931403886,8.997564692383783,29.789325523506346,0.5939232066229237,0.59682474254975,0.5913923672728003,2.950800483180834,0.8654261889576502,0.8885564178091319,0.8566962103989255,1.490227906908148,1.4745036453986444,0.0008761831945392461,0.008916557552139687,0.0002957623482343255,0.0943842828568586,0.04487243766451835,1.171345203887198,0.918920274335074,0.989471080777802,11.599319505143152,5.685100811411226,283.76330243370927,1.017223970246695,1.0458505425858833,22.464142390923826,44.87790800330872
0.43495422530234973,0.11707972236709421,19.25550689086478,0.01497133690048831,0.014992718709664635,746.0088378961107,23473.872605073604,8.961370707889303,29.866729611143793,0.5957177909924763,0.5940694827930322,0.5895246916675673,2.9415057222366348,0.8679143910743014,0.8867694244718585,0.8588285799103885,1.497986318010013,1.4733561392218135,0.0008797749549299597,0.008878696311580158,0.00029637025755845537,0.09430339486355721,0.044582713117966646,1.1744661679364239,0.9252195801920808,0.9916614663128628,11.66236341562491,5.667116717069959,284.39380945687424,1.0171758774870132,1.0442859635284296,22.456258479431924,44.70793443680002
0.43637661049134197,0.11710858204885789,19.2572550519692,0.014960795369913876,0.014954974365440007,745.6843920969983,23411.261788803142,8.98123323899522,29.851748553002306,0.5933578463321211,0.5939503920513248,0.5884558031597477,2.9292548296856324,0.8610664953569328,0.8868377421871678,0.8558928250936879,1.4993135144252931,1.467912433542173,0.0008830009817786894,0.008859523184747644,0.0002959039822946776,0.09393199086595065,0.04478179252747972,1.1748037119993262,0.9215024242596903,0.992336836666092,11.718012774785642,5.639973999063415,283.4505231230115,1.0192950794609705,1.043629866665956,22.426578459360858,44.960428456474325
0.4344313562742556,0.11783928377412448,19.215025235855155,0.014999437968654822,0.014945034407494192,748.3416343030229,23361.531708849903,8.977268905658427,29.968588488777026,0.5932209724870381,0.5950181278157087,0.5897529953780161,2.9327384960426546,0.8620488007809441,0.887359487850244,0.8601145211292676,1.4984704245468838,1.4630118345557326,0.0008836642487198851,0.00889603415153065,0.0002972158039332082,0.09336534047220013,0.04486382093183011,1.17733994377862,0.9240443267162081,0.9921599400186365,11.65501916631295,5.627045556387887,283.2508892270894,1.0152454247883465,1.047555896957904,22.493175016045964,44.94696964341755
0.43695414384027476,0.11795598555680047,19.30640239063474,0.014990796316679506,0.01499534349676997,749.6731934406217,23226.798789910914,8.952860750902586,29.9314019111132,0.5898001177512113,0.5952390465561795,0.585798122918894,2.910669197675621,0.8612683215511625,0.8848936809396281,0.8598111068313407,1.4980451734214681,1.4627625407165263,0.0008820469441342667,0.008857943150128993,0.0002977180147627417,0.09324356427915291,0.04483613429217664,1.173575650233049,0.9230487708818571,0.994643863168409,11.677052874538376,5.63247882030377,283.82061003316204,1.016835781544741,1.0471560487631786,22.382521336571198,44.7259115286558
0.4346221479910967,0.11816710242325786,19.3306681563526,0.014958353670898225,0.014963528363017111,744.0945167066142,23212.420448784826,8.914671996653802,29.903457717173072,0.5915377720810626,0.5984216694844056,0.5884787814678228,2.9117981052484287,0.8611599625401083,0.8871962862413715,0.8642309006523161,1.4937552208457527,1.4616838800856835,0.000879769269567037,0.008904440239764893,0.0002971161414755041,0.09278033479775571,0.044807637148041535,1.177530592792588,0.9224045839253588,0.9900075490209804,11.682740902609941,5.628085632356835,282.39357736604234,1.0175258449411135,1.046760826094678,22.39122352695758,44.9608711965728
0.43395563364336237,0.11766134867279245,19.364596802979747,0.014932334687714077,0.014913977984498415,743.2748084831018,23028.145473983215,8.890288078232219,29.96802073132241,0.590309953909056,0.5975737299858658,0.5861238430967042,2.9174543394815866,0.8605710512715741,0.8836289986893753,0.8658684882535859,1.496506558843616,1.4493904820951822,0.0008775057326573146,0.008879971596590458,0.00029880846154112624,0.09211472312542528,0.04467087806890992,1.1744968935085918,0.9233493981144898,0.9988090675012748,11.636149804408946,5.648407984223967,281.9792512947573,1.0184999996646513,1.0497309046431904,22.4235995278405,44.787136428705374
0.43461920169277685,0.11760295594721967,19.390523019207432,0.014952135273712364,0.014915986101261864,741.6943693368847,22939.47452754066,8.863752235162385,29.897967227446813,0.5897551808880582,0.5966173499791925,0.5833099018633772,2.9104050406546698,0.8583731420547234,0.8784438552171984,0.8635498747117373,1.4933490390471478,1.4458360969203417,0.0008759047910369518,0.008857963862862729,0.00029894682971830786,0.09188981249949664,0.04459295251322509,1.1736524858201605,0.9153822217093698,0.9955633998340763,11.622625672773193,5.673063537687042,281.3037879563602,1.0181970541829053,1.0438943895080444,22.274747394397217,44.9987660173822
0.43737507931919223,0.11799127653090394,19.379018648641104,0.014986009415626552,0.014924895459944935,742.553982560917,22957.067201598304,8.921075532779845,29.76637269110869,0.5892310786513615,0.5934070309438912,0.5832618955293325,2.914543363522781,0.8610497778175847,0.877957436834332,0.8656653320480079,1.489356008102217,1.4480007470695795,0.0008724373952451144,0.008867804027762643,0.00029941337770212424,0.09165494167042085,0.04437483495512559,1.1747255749375523,0.9180679589294951,0.9857748035416866,11.667195847034236,5.722416473052142,280.7593116407553,1.0204802133116337,1.0445048219780064,22.211268148469838,44.96543290163321
0.43583597084438297,0.11814344800541042,19.297252546620054,0.014969761471177932,0.014962118134479271,744.5442638355379,23026.06347465752,8.902272931862106,29.70963090972943,0.588459363282644,0.5895954688329522,0.5813537000188076,2.9227939289493072,0.8601269848625933,0.8765322722904232,0.8589123790502906,1.4868141221851119,1.4583847112982604,0.0008762579487918389,0.008918640838122431,0.0002985769522426364,0.09151833664331714,0.04428933140590907,1.1689841749914578,0.9105875465340626,0.9790402113076878,11.676455742799046,5.761165277395487,279.8285751402339,1.0202342813034753,1.0458119173162308,22.235241417547872,44.913715430125066
0.43494459356324483,0.11835685533814246,19.119150552398708,0.014933143971614583,0.014922968389173504,743.8612695178792,22940.30785197785,8.93251842080046,29.708643093506463,0.5856003784302595,0.5879392967326282,0.5785300766822645,2.915409100540783,0.8514626544671183,0.8790696315980898,0.8608975889422508,1.4922788044726645,1.4568972621760916,0.0008776934248456656,0.008919341745456272,0.0002981454392926417,0.09092710204839463,0.044264843879666754,1.173233773682344,0.9136480224453339,0.9828342833343943,11.710281363305242,5.791357214156588,279.90010234103335,1.0202795794134916,1.042068937102055,22.217971449789086,44.95454677155923
0.43543756381835014,0.11834735257420716,19.165893748113188,0.014916813304010488,0.014991920439754825,744.3583784829423,23129.918281681377,8.939377991686662,29.68265801273511,0.5849068690641228,0.5880880226605001,0.58318937305977,2.929504549115285,0.8539783530283768,0.8764856673948089,0.8640499763386732,1.4913788247898354,1.459848510368937,0.0008788544287214139,0.00893700603537983,0.0002969460189377552,0.09098260192591862,0.04413139916105461,1.1742296632240998,0.921491724210654,0.976519022791949,11.73950171846794,5.829050395917517,279.9111963210994,1.0258446703546544,1.0409827793593898,22.194433446250006,44.948058736311594
0.43679438989322433,0.11825196492453123,19.235200190942223,0.01489217618513503,0.014971249176039191,744.1656315587733,23155.910170059255,8.98561219881818,29.703771924965935,0.5837656565025245,0.5853221421293073,0.5805963210392657,2.9131399720603866,0.85740607804133,0.8749886669681886,0.864134137503234,1.492619399076741,1.4637833843811798,0.0008795851253900932,0.008941429363968988,0.00029636917940567537,0.09054660852310488,0.044150210473459905,1.1774972692778827,0.9202898035282632,0.976051015676889,11.784113538288109,5.81898990075011,280.1196159616826,1.024867600957776,1.039040897278031,22.27732819354925,44.8821776881564
0.43821177076336165,0.11855190246634491,19.254734335411975,0.014787903964672566,0.014927395742362981,743.7070232094927,23296.446783904674,8.98096488234485,29.877779605553293,0.5823759903152824,0.5873732249534548,0.5812592154604789,2.90962415846661,0.8607378872828101,0.8774311436985937,0.86395544245731,1.4858744443155694,1.4600295388145146,0.000882231221514359,0.00897893315923506,0.0002961302861980402,0.09013236335083052,0.04404301682335647,1.1742788340583932,0.9211166060861966,0.9800101330533818,11.741236125912833,5.817527728537414,280.45421299886806,1.025342662938679,1.0434144359001547,22.298866685647756,44.8227612602121
0.4382991992971095,0.11873839332782637,19.2826213642194,0.014815764090658823,0.014934966710807747,743.9735983043705,23444.520554547315,8.979604080786219,29.96331280198601,0.5841311345101887,0.5874847080039169,0.5821246321283539,2.9234730836246188,0.8568514220487381,0.8818855008251363,0.870998328698811,1.495990874137489,1.449219885865406,0.0008800663817206337,0.008956922932863768,0.00029508506140839757,0.08998067764667171,0.04383599095480289,1.1758692317040769,0.919994811116779,0.9792046201393397,11.73187882442006,5.85404124478541,280.9171469421379,1.0251726864004362,1.0407214209684033,22.322406080746603,44.75684724468084
0.4389561245068685,0.11880720647775199,19.181237720499645,0.014856784305045972,0.014990479894738508,746.998505955112,23281.790351207455,8.99343102894492,29.86005065197034,0.587937375813399,0.5860913229586541,0.5786799294637064,2.933932691053214,0.854829102169002,0.8794079335337122,0.8696915462065254,1.4984681244228597,1.4430522341231435,0.0008851900333417317,0.008965219218279882,0.00029638716624804447,0.0896770639859232,0.043928643548826425,1.1808198667715804,0.9191895869356133,0.9815516168929957,11.725234454646289,5.842895346568116,279.84223240151414,1.0233514624006628,1.0353231918812784,22.334242029997643,44.78346995632803
0.43856380773487774,0.11923363443606831,19.104757867537835,0.014871596277134793,0.014966780059683943,745.1738235359771,23375.277699068913,8.993798359760563,29.980441730953395,0.588714534215316,0.5886941213446807,0.579895241574088,2.933430247003671,0.8550081548356411,0.8847821429489745,0.8724834203893118,1.4870735344081583,1.4472493727515703,0.0008821220943351973,0.0089614752305754,0.00029617834632155213,0.08955352997674536,0.044122956350844796,1.1768548187976147,0.9115876457459018,0.9906309817260418,11.729507844150824,5.816792785578413,279.77244611275916,1.0300517361425758,1.0350956881878104,22.45077302407297,44.876676072782594
0.4413088452906823,0.11941664314912798,19.072223673927002,0.014877982758775322,0.014979076863091738,743.8027579903159,23435.834894679076,8.938159150194567,29.958046863888704,0.5885016345573045,0.5904063555462477,0.5820337886890764,2.9239635639648736,0.8569187092974767,0.8802682137439156,0.8710108740188679,1.4867468672642226,1.4408996616597904,0.0008800405445075031,0.008928300489956891,0.0002962892749378024,0.08964404770526527,0.04389334673614165,1.1739825332199587,0.9166902981118084,0.9978907950367554,11.708780376309102,5.801909378646,280.2168230517831,1.0314240358456888,1.0370073719132866,22.484686320127874,44.81554745679976
0.4398809105450234,0.11950142654753912,19.016895856369008,0.0147994869328694,0.014894866842378868,741.5925378533248,23545.149803151187,8.902667405837938,29.928932452932376,0.5875186047465195,0.5927166424720683,0.5849531096186106,2.9150577199137877,0.8584494248698715,0.8809220298737742,0.8649982221782408,1.48495881258854,1.4404129010693867,0.0008839203180092338,0.008981543440692236,0.00029566327861862453,0.0893594417340089,0.04399730190293281,1.1796159073553694,0.9128082134136353,0.9947813221574541,11.679751958717347,5.772518306715966,279.3573237190495,1.0320225917302075,1.0376101254666013,22.46607363472863,44.9316657857749
0.44154330463297,0.11962301163698932,19.025534663748324,0.014813199455797288,0.014912689598621715,740.2465508410492,23560.23066200201,8.87069273204179,29.988943357072735,0.5893446013427777,0.5881897544486651,0.5875601463272757,2.9202022169695265,0.8611300237407792,0.8843082960730841,0.8667666265523668,1.4932982189547053,1.443475589010744,0.0008753795219542945,0.008966526646695212,0.0002955112393479488,0.08929153861172558,0.04401460293394703,1.179456946695774,0.9075255374831575,0.9966706635484321,11.733525884788186,5.794872610767826,278.06778063479067,1.0350812560536038,1.0431122196790896,22.39686513654418,44.59266938338131
0.4407026000113676,0.11921908493539018,18.95282823612311,0.014807348405493598,0.014873669088302607,735.0474319317284,23659.91535020952,8.865556384901042,29.83426898311458,0.5906219362334638,0.5898915284170742,0.587488307408414,2.9134889723799478,0.8630929584939827,0.8877346774997273,0.8635022721571,1.4967451314837983,1.4404308287453187,0.0008774305345282007,0.008968453410867971,0.0002957172182547058,0.08893857382978275,0.04401595762866062,1.1781181515397798,0.9077146277909067,0.9971590154926062,11.712851691395285,5.833620267195187,276.66640550837025,1.0325043504579339,1.0426487874904724,22.41249577872015,44.37932702814559
0.4400583631643621,0.1190660684364839,18.9674248568442,0.014762293016420971,0.01483690351087847,741.1831430169417,23601.11533084579,8.864602354385887,29.82273004300865,0.5902437097924835,0.58724067455033,0.589961912427369,2.912134382865309,0.8617692465488648,0.8874704920466323,0.8687188833398969,1.499211631443943,1.4385748481609923,0.0008791210080698162,0.0089840876353835,0.0002943098044444567,0.08806868751999856,0.04380024294363727,1.1716153352917458,0.9133529876847106,0.9933556837247559,11.797499571458633,5.824721941143422,277.7056539170998,1.0364920107814792,1.044673638912151,22.465012139521285,44.25799413370056
0.44170086809170583,0.11919357644867082,19.077098743523567,0.01474256024723268,0.014815507441075881,742.9191298489925,23624.32265007805,8.865338369667855,29.694306163764562,0.5891303606948465,0.5851510894332195,0.5891981707007146,2.932540348154195,0.8644747072810868,0.8886592532529003,0.8662914946126069,1.4990866079335745,1.443134636755296,0.0008835301567323927,0.008996878528306907,0.0002931892441651266,0.08778570455973973,0.043865715570242526,1.1742753825234178,0.9125440465907498,0.9914867939746368,11.857573604069156,5.826377580090624,277.6741835567952,1.0355454134397044,1.0478720559850245,22.49391889160915,44.160034528599255
0.4421912771842337,0.11914228956235733,18.951069901491465,0.014849600784765542,0.014885301460159601,740.1303581075659,23579.75754558031,8.89175733818022,29.754665974453708,0.5878493328736888,0.5865520632443633,0.5921112883986959,2.93663731774513,0.8692726644606996,0.8851703739225045,0.8701858907575941,1.4961242902984762,1.4431761079265688,0.0008828278748097344,0.008979144446848587,0.000294622706269573,0.08816799361574043,0.04390282566230738,1.177674676983375,0.9175182984226253,0.9901281067956196,11.82895801912401,5.803733058437997,277.03306427164773,1.0366211175757845,1.0483867343455013,22.493036412409072,44.062248209854154
0.4442297403431015,0.11931355187273067,18.892163119055798,0.014876824169893794,0.014995955534853842,739.3555329219928,23492.04155418634,8.897579910533786,29.80522920815651,0.5869076214887369,0.5892508633632784,0.5947795864946406,2.9242494388740456,0.8620686179662043,0.8868003152827139,0.868530937603289,1.4998012137160872,1.4387251698086896,0.0008858076352496338,0.00899290221241404,0.00029540488787701944,0.08802589486550842,0.043980037004198086,1.1735209806119653,0.9143724751139464,0.9925449629611411,11.780137908496092,5.791742381048522,275.1201745369426,1.0415748146872423,1.0476091069686635,22.471367060740448,44.131688378178325
0.446033433198372,0.11976528895237006,18.920041327798792,0.01488450872141364,0.014969847406219502,738.1458106549226,23526.447248491684,8.924220504016134,29.873518120550578,0.5840290835408332,0.5895189099730133,0.594883104949826,2.934075294789981,0.8610915333457043,0.8850247544827271,0.8674689307684522,1.4996905294087428,1.4425496236610162,0.0008858161466439318,0.008962905887084496,0.0002942460561252544,0.08829453701424689,0.0440186948829667,1.1759210406343177,0.911318636089042,0.9932730362158085,11.814281220013827,5.784027803602462,273.40999518068327,1.041058175606332,1.0442700435774879,22.39616533043632,43.812560812282655
0.4445345013789182,0.11984468344904875,18.884295745078557,0.014887218517908118,0.014987105316273145,745.0056594806952,23373.76411334489,8.945673059575961,29.949904479325127,0.5856009258076588,0.5894987688862459,0.5906940488421792,2.925844827278515,0.8624293368376634,0.8871369193804695,0.8625369360078448,1.4914155011870964,1.431782525825403,0.000886485823515591,0.008994568895273605,0.0002944721427060873,0.08815385564177036,0.04389827501859599,1.179974859491944,0.9106481171604105,0.9888527372499311,11.843599277586893,5.7325715069402525,274.5632292782977,1.0408232666678416,1.0485333519082194,22.48829589587059,43.75940370613212
0.4433659200331759,0.11979683964517991,18.86076290897985,0.014884987551104479,0.014928509485316552,747.0579782884846,23317.57784385126,8.914636259955449,29.972838174581963,0.5844514392923837,0.5914692747416896,0.5919369648202893,2.9268273545092107,0.8652448938373526,0.8890125207288412,0.862539859079396,1.4933874961633116,1.432776366964647,0.0008875147891802566,0.008949339754832301,0.00029560350105588897,0.08756721464522016,0.04385095818946456,1.1801567325165117,0.9069148539034835,0.9866120115364371,11.852028940455398,5.7459025482216495,274.75266144178636,1.0430186307100857,1.0479677385332749,22.397546169103403,43.94813012168552
0.4408283314199713,0.11976093352910269,18.82623723769875,0.014953551001823393,0.014978742246875655,744.431357650771,23298.609814636646,8.946897037559504,29.881789896743363,0.5792008837576967,0.5951856888765894,0.5941443438884247,2.9129933603757494,0.8632520105864705,0.8864867891110328,0.8591584140139101,1.4967005615501445,1.4318843870899511,0.0008856500509576009,0.0089938338009408,0.00029426493516788294,0.08734060061266286,0.04392947567397984,1.185062141589751,0.9030855953226012,0.9796219794422804,11.86858181963892,5.751115519361228,274.18186072538384,1.0437833562683823,1.0489940762078185,22.45525301075886,44.0447454205123
0.4410109349481704,0.11981387873659838,18.809335685587133,0.014969110868048361,0.014922131892079242,740.3818595990232,23174.55313600558,8.932073945235196,29.767369379095566,0.5805061915561196,0.594783811750586,0.5966841057345482,2.898144920143298,0.8651473463803308,0.8843260977483175,0.8593595223505389,1.489484120418812,1.4214109335584804,0.0008843008536700525,0.008952852143117489,0.0002929657601205816,0.08696366467954025,0.044124947362839805,1.1913901091410246,0.9022008681371401,0.9812070943736555,11.867097349051848,5.761394199933739,273.5562997751034,1.0440364980548829,1.0499507661912175,22.453528346279146,44.007280158269865
0.44191533608430095,0.11987710101193115,18.824845293507764,0.014976927437284295,0.014992936692652616,733.6689005857576,23137.93499030954,8.938196634883841,29.66866684257547,0.5810322527562437,0.5917935885210811,0.5973153303984734,2.887894022464454,0.8694709020997279,0.8822557141427327,0.8586237604021203,1.4885858893898023,1.4207617528527057,0.0008818253428886731,0.008920614893993987,0.0002922885022732631,0.08672131914062804,0.04404002246695843,1.1929357612788694,0.90698778944512,0.9768087755727096,11.961081509351825,5.757371901428332,273.18945504969196,1.0485973091341199,1.0477966413095505,22.49366182400487,43.969697941495426
0.44276756198076356,0.11967535580673609,18.8192268448547,0.01496836312958732,0.01497294060972071,731.2668666013184,23135.37013465198,8.944113955106427,29.492261809776718,0.578968338649176,0.5895345290894525,0.5989606208874634,2.8781462032814233,0.8724574868093576,0.8799072270738889,0.8531794120745675,1.4924013849824584,1.4213405209021674,0.0008772041451254308,0.008927761316559257,0.00029194161924724207,0.0861319860777793,0.044109236292863854,1.1856591558457212,0.9048585476152022,0.9747912687778152,11.909311636276533,5.794217029907386,272.18096461818834,1.0450428641173166,1.048128431954221,22.471002822710492,44.099415154665046
0.4431513186743164,0.11963580427576816,18.726152754652357,0.014949371313684685,0.014989399822368372,736.6820796280967,22993.971009154582,8.97853261191104,29.599414024386366,0.5764903843200803,0.5907534061634138,0.5950575900713841,2.89108819721394,0.8644313621919493,0.8861954615139505,0.8510098190388311,1.499514139191989,1.425939258398856,0.0008760230560255974,0.008927757489217253,0.0002913127492199823,0.08550708730264947,0.043925716888526055,1.189349094551717,0.9037903654604538,0.9720971854924678,11.879338441443428,5.825288912857887,273.62960729402727,1.0492628986815293,1.0499089517342337,22.274030716860395,44.00675950371156
0.4416515007277729,0.11904380762925226,18.728637658522903,0.014970126169927756,0.014999732343271309,737.420189114694,22901.88825596194,8.994140304770804,29.697503252627293,0.5754074958098037,0.5873155613344057,0.5949451023300543,2.8777533239969513,0.8663607274634549,0.8865455128566768,0.8541951726928989,1.4953943662809237,1.4258422614739015,0.0008823116547690794,0.008914188690675532,0.00029026971392891063,0.08563901159899737,0.04366569969304829,1.1865003252832969,0.8984620832915682,0.9759059048122752,11.94746764119404,5.81828768233703,273.0962076979953,1.0482564711149311,1.0467842906045153,22.299381810509033,44.107723328410586
0.441012174047547,0.11935252064773165,18.650788536604,0.014978689985717882,0.01497316309990993,737.0475820634365,22900.796678426585,8.991657535984777,29.818364179534743,0.5747026990660717,0.5888777765178388,0.5969460658893817,2.8929367188152795,0.8665282524284874,0.8853688256970856,0.8555990281990615,1.4869101522181474,1.426806763879916,0.0008793224133570054,0.008897939788544317,0.00029024928710008645,0.08529211336669601,0.04374290063002072,1.1848422454103118,0.8933928240461368,0.9763796892264667,11.966759891174485,5.793968420252954,273.5395772381665,1.0485617464507109,1.0467935244790367,22.29222966926486,44.085148522757216
0.4406429117089419,0.11943703659573815,18.614373808715847,0.01494565482666038,0.014961274929002939,734.8057692759605,22997.24440454678,8.986967569019383,29.97407362552185,0.5711785036518077,0.591185274189369,0.5988418084390505,2.902506008268023,0.869757845506883,0.8842533100495406,0.8566984747065773,1.490511162251321,1.420772826665557,0.0008783071969589059,0.008847267580352414,0.0002916670899376732,0.08538992318433586,0.04363258654077876,1.1839724133037517,0.8912381979730618,0.9744287576134528,11.963827216978077,5.788221772537109,272.19240213273866,1.04959476844673,1.0491664285395454,22.277099407619307,44.15058993505929
0.441174590194001,0.11916353371875871,18.6243943254614,0.01499550999052678,0.014964748815957182,737.1912144988742,23026.004486088128,8.980303703240413,29.917035059741146,0.5710251094696486,0.5925872989459878,0.5996240230260181,2.907759900498004,0.8691540019040904,0.8805995857981931,0.8546474082428466,1.4939368571466893,1.4233467447856176,0.0008792300764899214,0.008859044576615743,0.00029207380681158706,0.0849487401678712,0.043629002747447986,1.1931192071002743,0.8890739296979749,0.9773523735015439,11.987961381265592,5.787654982423014,273.374737189043,1.0472508515093264,1.0478159649801728,22.30639363074017,44.21231506365042
0.442728159623528,0.11879452685049918,18.638602229998753,0.014939880674291315,0.01496835559840554,738.0297448793143,23241.154042551396,8.908318959192979,29.881833186033294,0.568624596638396,0.5910422378847192,0.5994195570516823,2.9082001924127887,0.8765875193003283,0.8802228884312645,0.852964892556255,1.4987925471158694,1.421288342766844,0.0008740500817232214,0.008831382895948373,0.00029213035763158215,0.08488501105379921,0.04338822817380271,1.1923114419867067,0.8883057334490918,0.9721793180890314,11.962491357903039,5.800047069797447,272.23220398606014,1.0449816260021436,1.0432448051524046,22.447045747251824,44.05175123193603
0.4436422949596555,0.11823577298383588,18.596319491873317,0.014872569649573553,0.014979959129162137,740.7585796841237,23196.485917141315,8.939173171531431,29.93929198009456,0.5731879524748112,0.5932039143880768,0.5992970525080474,2.915666168465593,0.8744264811748415,0.8847361675335029,0.8555608970865324,1.4977216678455663,1.4239682309621056,0.0008728023627658068,0.00877582057199979,0.00029236972967050816,0.08452003254115537,0.043364876017697424,1.199114491274058,0.8830160996839583,0.9689946221611028,11.995147321978196,5.797484631848012,272.41553895897016,1.0378498407798846,1.0416998151530206,22.40309335583871,44.14937985094333
0.44492708665475944,0.11854267385131113,18.60767307033276,0.014885171499140346,0.014977304778771206,739.2365339205012,23212.854861478496,8.94330183384183,29.902492549570127,0.574534731786166,0.5913999145216058,0.5995730843826514,2.9145162532790807,0.872628504696767,0.8808221702064973,0.8562774645067711,1.496341331414819,1.4278438468126544,0.0008722610061675857,0.008757257391756281,0.000292089461304226,0.08466060556540841,0.0436529693981102,1.1956730522801768,0.8812852033148697,0.973409857575433,11.975892189660055,5.783229202160997,272.7304922493752,1.0317702106125817,1.0475872497818466,22.494952821347525,44.168531232001584
0.4470482068154688,0.11762898452578455,18.61556577931139,0.0149200120006371,0.014995762948071876,736.4657978260783,23193.642382869148,8.953851254774461,29.672364773662924,0.5744729160311021,0.5921495021514185,0.5989278894716755,2.926490199182909,0.8670735505957149,0.8841932041875386,0.8598695976596508,1.4941416859461099,1.427532866242194,0.0008705868729494641,0.008731783144292867,0.00029080391478715153,0.0843082789727984,0.04371415419967727,1.1987684587593932,0.8817667143697162,0.9779988159273066,11.954991171067231,5.764982677727312,273.74710193105614,1.0376247822881515,1.0446507909245544,22.487256914370484,44.25054293898408
0.44796143096754126,0.11719357147968022,18.565394563995063,0.014879869224911914,0.014949208750227419,734.4594559965424,23040.811964159766,8.924199504627188,29.738839750318707,0.5759711194937619,0.5927514112640856,0.5972347981454964,2.916194864280171,0.8696045820884729,0.8816901542922843,0.8630787134502383,1.4914863246535608,1.4222860295366877,0.0008753918073031048,0.008730892347056323,0.00029063550017326194,0.083680827540552,0.04348918638194491,1.1940450111725753,0.8755990923776092,0.9813898628675566,11.905238312076662,5.749129082712261,272.378201643169,1.0333771117456405,1.0467146350017382,22.378795635408462,44.20421147973693
0.44771689622616706,0.1173842626335916,18.584971744742997,0.014872134202534571,0.014987361131209518,734.1038008579746,23007.767787259603,8.948115209592686,29.89988092088447,0.5769619757268762,0.5913902439187615,0.5954996654311298,2.921318818891319,0.8684334389269925,0.8857809021315931,0.8674906944838879,1.4894183235418597,1.4194909278646253,0.0008808155375335693,0.008735651754610536,0.00028937879050714923,0.0835115705173817,0.04338188559412758,1.1967163835415404,0.8756217014732304,0.9797317933525217,11.919055027910852,5.78843532143487,271.28829175977216,1.0312465281881444,1.0478624700393993,22.39575029125527,44.17254579678938
0.4456617679082672,0.11768687559046573,18.539054127498886,0.014910630105464515,0.01499890855193006,737.7371045735637,22999.8229418536,8.957807932564695,29.755419371629387,0.576716146024793,0.5901974233726897,0.5957032993811738,2.932852899553031,0.8700503608379622,0.8866677805860953,0.868252988481581,1.4906995028707875,1.4287798117411856,0.0008768982067954297,0.008741605476196023,0.0002888474203001453,0.08352501890312743,0.043143112031127605,1.1961091789747766,0.8820654123731546,0.9722352583018238,11.933377260556178,5.754804727550538,269.75629482392344,1.0326673997539877,1.0493157631383632,22.30916861536871,44.173569998749
0.44502809089803336,0.11711310293779506,18.50861733426331,0.014860062573576966,0.01499819153389759,735.5805609143684,22961.40266265873,8.97367489963197,29.723178431136905,0.5767303958500337,0.5939890666798481,0.5961559092042253,2.9086402782626815,0.8680096112551323,0.8873356268914132,0.8686744516616154,1.487758007271806,1.4218457976338161,0.0008790983487916567,0.00872521825038837,0.0002895826251005574,0.08332263053560583,0.04314538556798793,1.1987978546991789,0.8804886423389219,0.9722623522422168,11.959955548438115,5.751024127198526,270.17586111959645,1.0381373140565278,1.0496992331786499,22.353251703901222,44.23288057230454
0.4431256207683164,0.11644437961521129,18.55324988493654,0.014877971902893878,0.014950006505022657,734.4347845814109,23050.381621243505,8.9924330320229,29.664031716658133,0.5786221995844059,0.5954689658400447,0.5954136112605639,2.901124015388596,0.8661621100429527,0.8932361559318193,0.8693084909026703,1.4785788007269276,1.4247809439968844,0.0008792881773180902,0.008688032177640024,0.0002895393092677869,0.08332874296527822,0.04305037906020711,1.190495727049151,0.8802636470366249,0.9700515465002315,11.955452617549879,5.739292673026147,268.9226490328441,1.0395242938638698,1.049886930123518,22.260176554044453,44.412797412871065
0.4440714995211311,0.11668699852419132,18.48093061477281,0.014884695550325875,0.014969829036205173,734.1994649276593,23016.398040253374,8.984218301379963,29.794849694720497,0.5789320431568916,0.5955578791763637,0.5971339591961169,2.8979586635671684,0.8669582537354529,0.894029812818937,0.8694648679341851,1.47859898355931,1.4263511603779522,0.0008809838577638539,0.008655553530564407,0.0002905002169495913,0.0838120823581304,0.04326120560098132,1.1836310692353167,0.8733232493610901,0.9723765814335319,11.966060198977367,5.7299730987586095,266.19388073051135,1.0402574666711233,1.0451402677399733,22.29803710874669,44.364831137797914
0.4443634690312554,0.11652817149124617,18.427617248977583,0.01485596716147646,0.014984770989564515,736.0584500842971,23066.6059427598,8.949570959707868,29.83455525355233,0.5792439286046055,0.5952937667072438,0.5973812023644481,2.902792453372302,0.8724580077458598,0.893943113853066,0.870986794168865,1.4848227431071985,1.4207561570071885,0.0008774556657970985,0.008683083010289722,0.00029170604474553424,0.08330931602667618,0.04321588596555466,1.188838678299924,0.8712988567455688,0.9692458295745471,11.979141862199308,5.738126854492137,266.12169907985646,1.0422861229513534,1.0481540534039988,22.36588374952338,44.128536640098645
0.44594957304129657,0.11708857458489771,18.456520133160705,0.014867644839144763,0.01494597095404599,734.5673822248017,23067.462026916124,8.94890249999332,29.990213141978348,0.5777109168104678,0.5966429565781742,0.5969760481437044,2.9046026676113157,0.8738046532554006,0.8984360074135465,0.87415493510105,1.4916711877301094,1.4217274349222084,0.0008755669340072417,0.008686103455649581,0.00029149415434362284,0.08331770381068927,0.04322648932986317,1.1920034447364145,0.864294580093462,0.9665065220158247,11.964550073370082,5.7470749330842725,264.333763614191,1.0377130108080914,1.0480109298862639,22.45197782778917,43.88334008212653
0.44679834579894034,0.11657323312035572,18.630860170167846,0.014794908491543543,0.01496032480309089,734.499497003045,23059.346327204094,8.95194526441425,29.903332599311145,0.5764840229871662,0.5973621987660598,0.5978106623870367,2.8979590881319695,0.8695824242417578,0.8942465415948939,0.8732932490714962,1.491520266063478,1.4247509756001975,0.0008754425004721839,0.008676142229673695,0.00029155611718501684,0.0827485905054538,0.04325927340871625,1.1913335994989758,0.866393730901078,0.9682497524211559,11.994473069058905,5.741326399502112,263.60647538813913,1.0389207822677275,1.0484671394746758,22.487729009061027,43.84046058496257
0.4441688347215232,0.11596088241929678,18.63798343571517,0.014814762037989808,0.014917599778506437,733.8814656347978,22892.375414736012,8.887681429487818,29.92960345286661,0.5777844417176915,0.5973338665603604,0.5993275896151811,2.89710395655155,0.8655980570678777,0.8960679417520029,0.8775935753716739,1.4912375271135332,1.4264697150458623,0.0008730503573473938,0.008647186733318442,0.0002919902599169878,0.08222599257326939,0.043323554604328685,1.1888817073663347,0.8637994478592566,0.9716993122612588,11.98984176222721,5.730575771971169,262.6105958106502,1.0382796367316813,1.0481520149459413,22.419010711673614,43.97374451774008
0.44582684005645784,0.11539729751823363,18.526383241869375,0.014799566907844564,0.01490873576214964,733.6812264967529,22836.87878179586,8.901759223907073,29.879758679870164,0.5768532031666026,0.5970743143755342,0.5993125796834166,2.901621598189524,0.8643659208967168,0.8990283938440464,0.8756853524678244,1.4804344978168043,1.4302591524716344,0.0008703327737742529,0.008640371994192687,0.00029275192584321975,0.08192656717035006,0.04321000550435895,1.1957206622415153,0.8569548354182492,0.973862916038482,11.958117719952678,5.738622255124019,263.7531927806465,1.034359262112845,1.0494210406787547,22.34468529451943,43.89402527191632
0.44470842333792576,0.11556076600632915,18.422878982631914,0.014771540362590485,0.01495521847180915,729.724639027638,22857.202260225797,8.908977109806358,29.920522739580118,0.5782597224020773,0.598143317846737,0.597418662045013,2.907074308694447,0.8623543404292772,0.8929902658503335,0.8788271278740295,1.4694832374819102,1.4307694347951392,0.000872966387107441,0.00864443340660153,0.0002916389563276813,0.08159196607368734,0.04326540807835944,1.196423101524838,0.8587149188640031,0.9777874739407162,11.979862042702408,5.7496200062332985,264.4384553235986,1.0325691535678065,1.0491307641512637,22.296453445480076,43.57339132758398
0.4416188050754273,0.11568166108292346,18.429629759564406,0.014854426552429271,0.014996426285235715,732.0129498247752,22846.66767564776,8.881324752530649,29.981003591887593,0.5809498087240067,0.5973509505122826,0.596803015682238,2.9118284989164946,0.8578992294256466,0.8912941307176573,0.8770899624721522,1.4727072535598251,1.4357901642130084,0.0008752040519165045,0.008640305170939755,0.0002907154735136603,0.08117874487004924,0.04318382180763789,1.1942858397490814,0.8562705166107119,0.9765004868566842,11.933672822246805,5.729039069123368,263.7723401062191,1.0292288885021676,1.0478074807837066,22.347223746855256,43.60906861299338
0.4400459086336192,0.1154192153966033,18.44110413821563,0.014824263772569778,0.01493357354606062,733.3230655352,22902.554408827706,8.87774334561478,29.75939627141332,0.5799648370338284,0.5990810084661758,0.5946240776211781,2.8975695477085974,0.8534327989319858,0.8893910050314598,0.8711583374519032,1.4696960238577415,1.4377943399427253,0.0008746793640412524,0.008616629189465635,0.0002899665137394688,0.08090568272848106,0.04343002425827519,1.1930359514762152,0.858271504106346,0.9787874176645712,11.931826967943374,5.71600210396775,261.15377850387966,1.032666375224646,1.0422877475572503,22.351198418227227,43.45649818977223
0.441023914241361,0.11529819938309353,18.46620076855907,0.01484432211626169,0.014960911312841172,732.5202721343878,22922.331651055905,8.848576475908805,29.606113606966147,0.5810369033244506,0.5995891839981534,0.5927984498685028,2.891281481728944,0.8538175771345923,0.8886044394519892,0.8684239094197005,1.4699230060558177,1.4353154956336092,0.0008765866733003614,0.008650647014294792,0.00029064942937601784,0.08005304986297473,0.04337823959245681,1.1942454560390938,0.8613728963043303,0.9778155396675783,11.965171276522746,5.732450343850621,262.72684983162463,1.0382830835324335,1.043068789443878,22.293585651357,43.49221975150015
0.43974279707978375,0.11541722428197393,18.462110395995627,0.014816262853332814,0.014962254409744883,729.7981678979365,23000.59616921855,8.853958457814938,29.57544718896249,0.5826854224011837,0.5991068778601637,0.5960122788547402,2.8965881221820755,0.8546141188446365,0.8891079192421919,0.8690130034622983,1.4804814197010308,1.4382993542779938,0.0008765403541398698,0.008596781439986828,0.0002916871866174047,0.0797239892805515,0.04350828981411596,1.198029947570333,0.8676126969541025,0.9776469389788552,11.988029705293084,5.709855393808099,262.74619939280126,1.0392809536494187,1.0415475598465207,22.45124302788218,43.49296826203461
0.43988592032050294,0.11542363639165969,18.543969415739692,0.014802279101253351,0.01497733048081615,726.931143825198,23159.18616200893,8.829285408793202,29.461681710199827,0.5824978316519949,0.5976740296832456,0.5943921804739966,2.904990039700855,0.8531986928462175,0.8861698474893346,0.8671390253894974,1.4644324904250325,1.4352750223314878,0.0008808685305627173,0.008631360739639967,0.00029076534270761474,0.0791593635821097,0.04371304080783065,1.196535486200759,0.8663647779120077,0.9714166515049819,11.977077747102005,5.694131253972433,264.03596589799076,1.0402183602933202,1.0432327433132822,22.35530855455698,43.50200469899598
0.44018480434434565,0.11649944783937366,18.519958878367177,0.014838498700659588,0.014986986320280735,725.8298688091363,23186.469380712497,8.81835320952845,29.55162833071779,0.5797393668329464,0.5990058193940896,0.5963199448559798,2.891079365574244,0.8523076602607937,0.8831140396002989,0.8700697672122766,1.4514267544667874,1.4314659797697942,0.0008826087695155238,0.008650422973875587,0.00028927284556093906,0.0793543476985913,0.043672344760827014,1.1983570592017143,0.8696394768039185,0.968002820579342,11.993359565439347,5.663429654821849,264.1342826881116,1.0409411771142552,1.0441499753791863,22.306569513698193,43.51309524815194
0.439912603389534,0.1166099496953085,18.39658155401388,0.014805852855908753,0.014985620537909493,724.4753059369316,23205.09590812873,8.817301927008499,29.588213362503485,0.5813573224557143,0.5991906693207968,0.5948264338639763,2.902272317628215,0.8546715373526326,0.8874948146918177,0.8676749240091454,1.4449008855949763,1.4326754059424858,0.0008796756271485743,0.008638579709766565,0.00028853155468865657,0.07927648258605735,0.04338935564669267,1.1982406360303082,0.8768450719275549,0.969377169189789,11.954819233197405,5.678796401341296,262.96582595607,1.0327601351398412,1.0477244072502194,22.262699865753515,43.285039304233486
0.4414700471077718,0.1166679833233652,18.486918479537703,0.014765538482827406,0.014924508789020914,726.3416710940788,23094.662168148323,8.775065300276209,29.55687435991067,0.5849292063315606,0.5998568645806411,0.5965692459424332,2.904646281501399,0.8575374481026424,0.8854952895751343,0.8669767014863009,1.4387316617530488,1.4282119212438438,0.0008786607702374335,0.008671488220907785,0.0002876994406440224,0.078852317759915,0.04345063012560398,1.197620761081156,0.8823141672614073,0.9679332993205373,11.95116578196978,5.6857665067737795,262.0150663220345,1.0401925922374728,1.044553877505152,22.2247685909753,43.24559018314415
0.44193655700871576,0.11736772561185684,18.538021173485642,0.0148132808388825,0.014915812838056727,722.1107827431196,23091.93449401894,8.761510918685767,29.635223516625857,0.587153493152363,0.5978066922719891,0.5953609520267675,2.9115966410099627,0.85723803322063,0.8889417313349939,0.8672293860711157,1.4436242545109574,1.4229773693674923,0.0008790841889782896,0.008705928468247044,0.00028784654866027435,0.07854535008476494,0.04338075477106689,1.1982353511568486,0.8906746573609008,0.9722146317194379,11.930247507032083,5.695300435388704,261.6610024569002,1.038690207508826,1.0425096629171655,22.32993431616666,43.40486489327932
0.4419469172616857,0.11725523283065907,18.560767545265925,0.014839130720844144,0.014921180617972747,722.8415588647194,23100.209876385205,8.778919615476132,29.635892819027692,0.5892498404729252,0.5943894360972729,0.5938292705451348,2.925459919269628,0.8570498549486949,0.8878582559289684,0.8734449330994651,1.4470533450851835,1.421746316725327,0.0008823130283209616,0.008718748238902438,0.00028845085044365836,0.07848480319010273,0.0432347095319518,1.1940817225877238,0.8880997544627905,0.9698372422968841,11.835095376555335,5.695023658759187,262.3046727725473,1.0342925253672086,1.0499836687981878,22.274341983079022,43.42469659478829
0.4420502883356653,0.11737889729973008,18.538914881382084,0.014830324566666742,0.014958093045453659,722.9337714244898,23215.876508852234,8.798585567889976,29.709404215018605,0.588807615527113,0.5959969570791218,0.593330671437617,2.9405268691561033,0.8572888556331564,0.8889759541679606,0.8733910660353637,1.4407168196243556,1.4201967130818007,0.0008801995219066432,0.008729313360469029,0.00028837559101249773,0.07832265224683772,0.04336728336777669,1.1933986482822256,0.8951288630771825,0.9694313132503365,11.83222827941194,5.690417315739728,262.59551148264774,1.0311548580628878,1.047292750292507,22.250105544016936,43.567179556198504
0.4406301006834726,0.11744064672246099,18.45976931109558,0.01479107144876488,0.014987956073942127,723.2340051296699,23181.749363216026,8.794334288426786,29.74973546024048,0.5895152637934223,0.5934513211401599,0.5927486187726903,2.949427809576473,0.8530882240033627,0.8898243325500799,0.8681531144867974,1.4370083656152342,1.4332806170905383,0.0008771633281546348,0.008692555862588436,0.00028836082321301483,0.07817105883636027,0.043396844397966525,1.1983974637092751,0.8862265825678708,0.9695444065319969,11.794799819099218,5.659322893307154,262.69788845115386,1.0338580040427137,1.0443963918387138,22.365819412817526,43.30612472579043
0.43807342236459884,0.11802640641001685,18.533556032904123,0.014871582265049152,0.014970504365249337,724.2263420701985,23185.955858924142,8.792837720515093,29.729512949108972,0.5882823635777789,0.5922679336409425,0.5926543217068906,2.9439277380642044,0.8519918712378008,0.8921128484297676,0.8619823982102789,1.4353958830642253,1.4289077738383962,0.0008714241541893651,0.008726496931228631,0.0002874911766993924,0.07774655095993419,0.04342908168365975,1.1996803833596668,0.884286361752457,0.9736086201017938,11.772852759312373,5.682044828776859,261.64605688076887,1.028228069630689,1.0460503064705822,22.272220827853847,43.307689834738596
0.44188968812342816,0.1180099061076217,18.44850242962012,0.014898008735243214,0.014959244226451037,722.2556255400199,23245.50812976392,8.820782313507745,29.805251562136974,0.5859396111862972,0.5908356612483228,0.5928429627870312,2.9169623786221632,0.846173541326566,0.8937833820959307,0.8656754450861772,1.4256469709456394,1.420324306915267,0.0008720783314458687,0.008702272990852368,0.00028748934773374434,0.07773905654393647,0.043256879105783456,1.1953777060171449,0.8649454218612488,0.9699245255814528,11.747666085527683,5.665515715815613,261.4660538103309,1.0234177034154928,1.0499366760587112,22.316739932513283,43.329534069540884
0.44105359979351544,0.11818579829163497,18.520232768383448,0.01476226547633879,0.014993756964897157,717.9696286184585,23423.089531176527,8.792312879307124,29.71388357581939,0.5882183620126826,0.5879675534833856,0.5908859951897645,2.899495006870029,0.8418419814683582,0.8956947679855765,0.8674663605156969,1.4307070713620733,1.419697616649384,0.0008732904133914966,0.00868860207747278,0.00028772580747459355,0.07742437628142737,0.043538129039255455,1.196415848458133,0.862595068968098,0.9763997513647473,11.793944254771255,5.6148888487822,262.28751936852717,1.0146216454156098,1.046719378308919,22.20832434529073,43.44600463760718
0.44117570005454676,0.11868416501327395,18.46841131321534,0.014739657425831882,0.014991792268882472,717.9030883182229,23443.555615895675,8.799946516916265,29.76948873905741,0.5874799941873319,0.587221380776726,0.5926351396313251,2.9171244407474357,0.8422092230081518,0.8938613865620554,0.8665596844353223,1.437624203146618,1.4232699494532381,0.0008706832134644454,0.00866966835197452,0.00028784986194199376,0.0774155980008368,0.043735041553089694,1.1979016927957395,0.8625969718934374,0.9746881093488271,11.836266656391478,5.599993032343445,261.8872987360092,1.0168654837615871,1.0465035058635472,22.297205017581923,43.34102768128596
0.4402342821557228,0.11836614010971305,18.50804519354785,0.0146738912606916,0.014899630383943695,717.0555369897461,23531.601561294596,8.809247743730598,29.680578069743472,0.5919197126263216,0.5832828004120705,0.5940542107356277,2.898141047221652,0.8406345057002903,0.8965887837421123,0.867085585654931,1.4407516986556352,1.4287732027862654,0.0008748418660274517,0.008704943501867148,0.000287024829786031,0.07730638485937381,0.04353528610999758,1.1976156552906372,0.8551835787604316,0.9827269719074951,11.834288502814696,5.5702830394401985,261.8687417702076,1.011680534285043,1.0481861998366375,22.33156582002684,43.42891297733041
0.44013111892664397,0.11772924125770771,18.502878268638337,0.014741792486692355,0.014887780796516082,716.1396838441196,23528.80123714723,8.762264673624891,29.77371233070927,0.5945172229052951,0.5816485474764872,0.5943434105823101,2.900851585316753,0.8419508221491251,0.8958231922354523,0.8694919308286767,1.4331719228116635,1.4302652555232622,0.0008747727423952517,0.008666323475643644,0.00028745559761484616,0.07716137170903205,0.04341561666375018,1.1935677108933986,0.8550558808215053,0.9869141058610865,11.826570809783448,5.565425792919237,261.7228133822749,1.0065931946645974,1.0484923929642895,22.37778965406386,43.49247171165063
0.43989451498778986,0.11807079615297618,18.592376685730528,0.014679907966744267,0.01493536469662907,718.3600600266243,23548.803069221634,8.766583753916667,29.853959424563214,0.5940470630852412,0.5817399259142874,0.5934014090697125,2.8942064456729764,0.8418395078488438,0.8962889833875274,0.8748222925922972,1.4351171938815868,1.4331864765104514,0.0008772364872920777,0.008696568602823754,0.00028733748319780575,0.07745237265885498,0.04366456692661075,1.1890743678590578,0.8506473947194914,0.9881339044332672,11.846058823746782,5.5794084232621115,260.3644950050559,1.0102031278406405,1.0499528353020149,22.34491426836346,43.33695561656481
0.43733053708554753,0.11775607463825635,18.53135496409884,0.014686425284120555,0.014890237912313151,721.1050821121457,23736.964244781408,8.767164971741257,29.891559801153853,0.594992152032541,0.5798002457018001,0.5923716774036708,2.893932940781667,0.8456892675541905,0.8911046034787531,0.8810519431933944,1.4330234548659493,1.428907257164116,0.000881660061482773,0.008750000305683084,0.0002885120025892945,0.07732524240459807,0.043654651648884484,1.1870911287960726,0.8496247115618132,0.9940291289794383,11.835708982674728,5.570179666251564,259.60168789981975,1.0081487385025056,1.04602275906637,22.346168616305107,43.45294667477429
0.43771524884388163,0.11844988501923667,18.604155271305313,0.014685321638145881,0.014929829104605183,724.1170697947503,23759.834597361016,8.795042807612957,29.983437052154816,0.5965193028782132,0.5836743197315392,0.5953719173533933,2.9059136730904087,0.844410531587662,0.8853320951144222,0.8848049740096067,1.4271195328565165,1.4249704469953328,0.0008830537822441608,0.008705452461722813,0.00028882156383099316,0.07720978275505187,0.043698215791330756,1.182870719016776,0.846313436812275,0.9936343884194936,11.913707711149785,5.57387563731643,260.2619207297666,1.0076628986479104,1.0437799818907094,22.39757695420536,43.14728299861082
0.438672417344408,0.11787366533893483,18.477170787072538,0.01467574823148454,0.014963561095426698,726.1961238543316,23737.076405299173,8.774030422273112,29.96828599921628,0.5958479686882471,0.5808985926617998,0.5955224215462606,2.897449482138117,0.8471044410471354,0.8842516160683375,0.8840535668449446,1.4210481924077396,1.4253809193580818,0.0008806283783492421,0.008701833854428707,0.00028851483171916335,0.0774207476696321,0.04356921616013701,1.1858754419123139,0.8405826806241865,0.9969656848056135,11.940699830495465,5.568542583785215,260.1901878775026,1.010153829149756,1.0476334858400476,22.3645799392505,43.29309279494675
0.440903005983091,0.11885229386619646,18.462289984977765,0.014661133079817286,0.01495178268251886,726.8239263080822,23633.156719790226,8.749544160921767,29.98434002750758,0.5979632129358249,0.5821676187594179,0.596056947590548,2.878824342727681,0.8439475010212275,0.8897450384025645,0.8853554349334164,1.4205584432561447,1.4257223784298645,0.0008773587383869554,0.008726314309070504,0.0002881115079812417,0.07718512437052008,0.0432442769187251,1.1896252561186986,0.834451201159507,0.9996036277807359,11.919916539218436,5.558410078647293,259.70086023597645,1.0105996247275983,1.0498813362547088,22.367967079865387,43.24228177467331
0.4416090283109705,0.11874030343117295,18.34828316334036,0.014705287554889148,0.014992875957327605,728.2396041520786,23702.638723549277,8.729293772107383,29.951609968363794,0.5986221894268646,0.5814644465185986,0.5961799858974851,2.8749878827254096,0.8392797135116022,0.8903180343710139,0.8829223225470119,1.4155832783709414,1.421254849365519,0.0008786156119854426,0.008720773728327533,0.0002872555345398044,0.07703772484280809,0.04324304598120635,1.1924822609287076,0.8229542396026732,0.9973670964261832,11.889650336080342,5.543336370869392,259.53640870282663,1.010469123756617,1.0430207186319507,22.331430995820366,43.35421846962655
0.44376239757558966,0.1190346381736442,18.265387350787744,0.014653425355456356,0.01497309766873751,728.7022254831303,23812.91668356727,8.742297299219754,29.85474061969703,0.596476289336968,0.5843442026131228,0.5934262458773563,2.8786874006843317,0.8375516286651422,0.8960107731728658,0.8848698173637518,1.4189125983127246,1.4185742369389176,0.0008786357697525785,0.008734321128548897,0.00028627074486591383,0.07682624490962954,0.04323941252252825,1.1870806208606937,0.8168384704687719,0.996477266690454,11.928904364975972,5.5716891091492435,259.13532003413474,1.008139437969721,1.0347282948948116,22.430979169610172,43.24041228300304
0.44265158139964855,0.1189034384315461,18.286034634207645,0.014686417378391032,0.01496759894923254,730.4976786660438,23751.77840863604,8.790511928362761,29.895543803626314,0.5985643095645409,0.5867167828932446,0.5906128032442535,2.876421449178691,0.8382539258903555,0.8972666844729557,0.8841226454473743,1.4262953307314672,1.4221628568540856,0.0008816528841295744,0.008747381961546409,0.00028562212568955064,0.07682866864270671,0.04320063383141046,1.1974117121574914,0.8194496129662843,0.9923749452416792,11.913058765545511,5.5103681536865485,258.54240697362565,1.0069938667170746,1.040806821774803,22.267701603849012,43.08783036873664
0.4422384500117259,0.11980423208480744,18.277573448129683,0.014602215159481196,0.01498905607264996,730.2501869734492,23757.91900585791,8.833277114019038,29.995300771093078,0.5975865461547789,0.5846934493162569,0.5882305171438886,2.8783315010938497,0.8381950623612885,0.8959383000704373,0.8856180201028362,1.4243193764445845,1.422628886223392,0.0008809075579822802,0.008750280755395011,0.00028689913697078814,0.0764693278371723,0.0429426648602635,1.1909096318533858,0.8170299365181365,0.982795483989121,11.911810597530978,5.457887407859428,258.12982628794634,1.0023625178756586,1.0404431868342714,22.2557436386953,42.984169640019076
0.44116272488892544,0.11974190287021463,18.206473632111454,0.014509450170098834,0.014948982388170367,733.0313882058265,23842.098955237343,8.82363685656672,29.805464976161165,0.5989482562031769,0.5852801134624148,0.590107562620745,2.8679897806021355,0.8379166168792664,0.894938806666621,0.8875618264586216,1.428454312864345,1.427563959142966,0.0008829475153993394,0.008750022685157222,0.0002872799865590066,0.07560179176455753,0.042574234368775256,1.1926218288991943,0.8195630177309192,0.9867040756117086,11.917398262994658,5.450428749668275,258.29095578776133,1.0017567468465223,1.043878071673574,22.351718965776428,43.01870612487925
0.44141722764798147,0.11996759324146322,18.28949484229925,0.014478211915305118,0.014847949709158122,726.7849241494508,23933.925650303823,8.800445149494251,29.85526866517453,0.5979390608727435,0.5862845818797537,0.5885143027879755,2.863831076539564,0.8387170797253309,0.8905978449305524,0.8889912270950473,1.433972841110429,1.4311634333683676,0.0008814937711464136,0.008788620741352777,0.00028670304207595933,0.07544308481812291,0.042469548579006935,1.1919116720621494,0.8164965534880786,0.9897709759238473,11.903598174289636,5.445252611704567,258.05367794983624,1.0023813408148305,1.0482821268186995,22.272522812967768,43.17646631700243
0.4409869280997767,0.1195727990901747,18.263968744923666,0.01448121176133827,0.014851667047278689,729.734841833801,23935.739639961295,8.809728517959034,29.886748347009654,0.5986861648521614,0.5868648572808597,0.5880676463838292,2.8693508253108684,0.8364553404559528,0.8920462445770437,0.890175890229154,1.4409442706163325,1.434080345177248,0.0008814314000065334,0.008781857380641231,0.00028907462723454176,0.07524543909380162,0.04250594392626397,1.1893076804872704,0.8222978864740159,0.9937041681190526,11.920329149765294,5.4224565225762165,258.79104611081215,1.0039529395812912,1.0485267138962024,22.348744270616773,43.38356171638678
0.44004448221293563,0.11991796420932821,18.26634544683038,0.014521950632518961,0.01493057477783616,727.2253569605043,23782.469974289128,8.829167955150416,29.901438947925314,0.5999504522776712,0.587801175727843,0.5884832472305043,2.8513736926424973,0.8366471918075277,0.8901236765971353,0.8909981002547508,1.4373334194444884,1.4315856502845896,0.0008867657073696237,0.008756354045908325,0.00028850560071821843,0.07497641534943587,0.042485650748766535,1.1847917778272832,0.8269661161432267,0.9851035435628818,11.933055873304054,5.410679353852828,258.65534803556176,1.002990588146477,1.0472860654128748,22.343004108589497,43.33954816837799
0.4406862033936719,0.11943781390406026,18.250758586757883,0.014636980210561116,0.01486701924177131,729.0346263074856,23807.107792668245,8.839893213881606,29.745982880887784,0.599002532139199,0.586437400746655,0.5870638421016582,2.8538097700259075,0.8400179641292201,0.8959553321382571,0.8915137788002979,1.4425821771729928,1.4267209549305728,0.0008881404141482055,0.008774949869033174,0.0002887092629409607,0.07452722628823294,0.04242399871581428,1.189140637944556,0.8228909340539465,0.9807114674751989,11.937349465421025,5.388500150001749,259.4509413731613,1.0033585573232455,1.047403241795123,22.352309349710303,43.35496139371003
0.4388865153234106,0.1197188764350938,18.284629833382073,0.014681010796748994,0.014868831999078234,729.9498255721755,23801.575775595422,8.836441421527956,29.8250021826207,0.5975218195126581,0.5877104948848826,0.5879123489279755,2.835024125736214,0.8407248284985287,0.898893755334212,0.8920500644415026,1.4402002120517883,1.424169456997317,0.0008919141605824437,0.008755259204228483,0.00028730072271110536,0.07414884958919345,0.04233811612984266,1.1823506160089552,0.8271959554416038,0.9839611162672754,11.926467202352914,5.417567867219935,260.2729322496356,1.0069088253726644,1.0495450825435428,22.446396247724035,43.169929802081
0.4408708304699987,0.11955841563141292,18.277789060499845,0.014615002172905303,0.014842653399512337,729.8839170576683,23852.264685756225,8.834158089759466,29.787119942345935,0.5942240690173909,0.5897948523559973,0.5878377956962371,2.8334634994005423,0.8413273333558736,0.8958015613665687,0.8922508562217474,1.4379631330704725,1.4285327948559328,0.0008932844479933166,0.008776957617485908,0.00028794499690923365,0.07406959477034987,0.04239950649373259,1.175187767521993,0.8250006484906554,0.9820030476789322,11.940424817279606,5.38725129952328,260.3160966169715,1.0058653450823047,1.045996316681295,22.444308662115986,43.11046006695554
0.44233279122118957,0.11916770573901318,18.270769438321373,0.014658870397239844,0.014913336335640208,725.7727066794928,23939.158686791638,8.844133560970388,29.789282605706006,0.5943971057115848,0.5928324525583569,0.5883848634825835,2.8238102160118586,0.8421829986133189,0.8949940486644674,0.8995271559647651,1.4446735665058605,1.426292963430839,0.0008956598147923485,0.008740161489161867,0.0002877109913295711,0.07340079891170895,0.04238654922821098,1.1775906086363612,0.8368197548393627,0.9843109379373228,11.871510791104475,5.3727447145667995,260.10771980368753,1.0006481108453193,1.039612604316411,22.401514365684665,43.029043967451926
0.4412003952982937,0.1194459431890154,18.306091509883196,0.014757726144718231,0.014929009615471996,731.1377930212988,23721.738404529984,8.870958935584333,29.948803504320754,0.597492274556163,0.5947479993424329,0.5855439457898168,2.823549357753898,0.8461498567896771,0.8957769380166399,0.8981743510438722,1.440179450066655,1.428473450584268,0.0008928092640575586,0.00873789726853957,0.0002880398810203105,0.07346750292627208,0.04223584944208989,1.1836807002429466,0.8383434773656869,0.9951480240655485,11.871146135531847,5.353152900815554,259.10261551527867,0.9989789456524044,1.0349365057999127,22.22878458710467,43.120393297541405
0.4405579305441368,0.11944358342827972,18.153323680121733,0.014797271452631945,0.014923546728678117,728.2898746714754,23711.066838086474,8.846395274328462,29.997160504632493,0.5970764018399594,0.5968593887859912,0.5882073757700882,2.8376917420355117,0.845283872267224,0.8945487426558413,0.8976214232063351,1.4343490073448117,1.4153031707390817,0.000898595570560013,0.008669541981252176,0.00028873196414062695,0.07278537123468878,0.04219935409978519,1.182241710039051,0.8383519019396803,0.9864294694536958,11.948298423216986,5.37727841139336,260.6987184714606,1.0087075388464508,1.0360179304720187,22.159372790661493,43.054392627162564
0.4410188817978389,0.11889235639708912,18.098440148548164,0.014740296717487606,0.014929783845230797,726.4634353479163,23721.975530486132,8.881758115848884,29.89190002768008,0.5978372985908532,0.5974491747712659,0.588019779027711,2.8308701463906623,0.8445627278997717,0.8926185712492155,0.8969766052310563,1.4374266765460195,1.417937601396409,0.0008991575968630137,0.008707656991476171,0.000289442215446982,0.07218703267464588,0.042390797366493385,1.186246357009641,0.8408690467095464,0.9810754753866587,11.947354281361857,5.381696510036896,260.3018986120809,1.0074938478772943,1.033445564880482,22.16465443706301,43.22630006358751
0.44395587974395423,0.11879740805738963,18.072791984834062,0.014811285347072928,0.014883967080219218,724.9165968945783,23704.28636533188,8.840711923481942,29.881508458575944,0.5967486959196471,0.5992632394909014,0.587285651979148,2.8404289696732268,0.8434713653036465,0.892189001497617,0.8978680892258915,1.4278091802620987,1.419505924141665,0.0008979216154496011,0.00868673745941339,0.0002907323960402048,0.0721313088962363,0.0423013877298869,1.1858658202649048,0.8410843200672113,0.9770160316713571,11.94961560796497,5.4151064604792305,259.75531520189764,1.0089616318027208,1.0410867335895753,22.162175274977784,43.167640351256196
0.44372775218552646,0.11923342653777218,18.08387766303113,0.014857386366896066,0.014841386098628055,725.6920535809021,23583.119677552786,8.816931514951586,29.76246885508085,0.5983467468879867,0.5966676404590583,0.5836049279250712,2.844078433779939,0.844991990295358,0.8951065983012858,0.8972608757882591,1.4287089814037433,1.4170118107884744,0.0008995721328070895,0.00868426726759822,0.0002913637564294608,0.07164682521287397,0.0424510216169804,1.1892073399892258,0.8483556977828594,0.9861248582325872,11.955952277295797,5.407194062259214,258.7563835065626,1.0017412942212847,1.038167272882178,22.152036883756562,43.3460340636069
0.44159907238509744,0.11946828376058563,18.049861682127418,0.014872944416549986,0.014908684535596045,725.0648259509718,23414.060656929378,8.829497473720735,29.76601314562001,0.5955852536087884,0.5960288659896508,0.5866872788198627,2.8437713384346512,0.8399488451559762,0.894444844742136,0.8941603332353212,1.4243499524130525,1.4239422954262637,0.0008993677944857018,0.008671689479523004,0.00029048364168133645,0.07147390351592388,0.04242538667498398,1.184354172808231,0.8455448627309927,0.9921608742184364,11.95659780381133,5.410236912275167,258.4295056106691,0.999503963421137,1.0316174969257752,22.165347248941497,43.36343772528912
0.4410064639300799,0.11938893204967231,18.04443751018708,0.014830480633737788,0.014991094979477686,723.673911938679,23349.983063920557,8.818253407253176,29.864667324122273,0.592925442895443,0.5962140844436223,0.5869522417141396,2.8521095878341147,0.8453241566520139,0.8967138281243783,0.8928054145631599,1.428502025400029,1.4185480418206386,0.0008995916026857484,0.008658402481645662,0.0002893586099988711,0.07135917623357677,0.042238066301078805,1.178349353760293,0.8465152795348778,0.9870028247968952,11.98029601476899,5.425007279628352,259.78459623654726,0.9990885259880745,1.0381151575603274,22.063906842170287,43.10139340839562
0.44031284608787247,0.11891475122771672,18.053102010109207,0.014830562611294985,0.014939559919365868,720.4535332420926,23507.569971424382,8.807178207561535,29.76629940940852,0.5933297847610348,0.5957818208255082,0.5908237111196563,2.859804781594254,0.8463226449606248,0.8990574390515562,0.8881617930674867,1.4291895912098218,1.4159168170813798,0.0008947834932955135,0.008727118473095381,0.0002897862652360267,0.07107447711568941,0.04224715116560434,1.177524037561218,0.8468822594458063,0.9899555979167336,11.967654183372732,5.438210117999837,260.6650769295152,0.9976976368197675,1.0401092410881936,22.079353668274447,43.03020663402617
0.4408083777154259,0.1195286910165866,18.09481852720602,0.014787291471212162,0.014904036654733064,721.2648422958716,23522.200470267686,8.79847590840815,29.773987967937803,0.5923766821287613,0.5951047564766623,0.5903678512182042,2.847961058033981,0.8497900214955055,0.8991600796880334,0.8880194179569711,1.43585970402355,1.4215098399507908,0.0008956809671214369,0.008722846349595177,0.0002890335974077613,0.07111552390649865,0.04206676814213842,1.1793466771133203,0.840833372706898,0.9866633662637102,11.992568019117469,5.433942222304681,259.6656207275153,0.9991728192201921,1.0416011654323236,22.013706323967195,42.97061384603806
0.44215929694918565,0.11950287540046593,18.101731605976372,0.014781023424035143,0.014894458154035763,723.8141649254774,23453.46208919315,8.74844915433993,29.861252952703968,0.5896178239487524,0.5921997363521317,0.5878044286451449,2.83846552970443,0.8451294636203077,0.8965229510423314,0.8891404982730825,1.4384662762904492,1.4320071517371884,0.0008931679904648414,0.008745491108941624,0.00028885071389013163,0.07069304246904896,0.04225998892664079,1.177208223057955,0.8445661910568938,0.9893532224276506,11.958050727010386,5.431190059907891,257.7524453998067,0.9957620614963013,1.048894376890743,21.979521972364616,42.74508172031949
0.44112828361792983,0.11854307734820918,18.087970650329723,0.014736399874903315,0.014838004659841794,721.8558004785698,23460.54569864047,8.692378056581017,29.7359538888195,0.5913262232893775,0.588400532914882,0.5874836665010854,2.8227159088209084,0.8413151432771736,0.8971301639285352,0.8879496171624972,1.4353520152339423,1.4311437019212494,0.0008888093367002174,0.008741212626092662,0.00028837561665214726,0.07059664555849463,0.04226287452097655,1.1754114832399265,0.845581747642243,0.9873637416254197,11.89782021554436,5.439332989511466,256.0933306506259,0.9936441117773853,1.0456736004034706,21.99012981034435,42.88831420649166
0.44016817640877326,0.11879959039695692,18.216358241264306,0.01479541730362244,0.014787489317513957,717.3495186298596,23286.671862919688,8.699731672525534,29.77489877617228,0.5935295702717517,0.5895067199588495,0.5866969645480624,2.8226501875364143,0.8429909067954269,0.8995244007892549,0.8944102304159186,1.4378287750306773,1.4330894712477127,0.0008841529055652222,0.008719733959567023,0.0002890207228308235,0.07015109580571657,0.042480783276826195,1.1793972506332469,0.8355692209366513,0.9885646281382134,11.848421954277642,5.459349554451964,256.74165212351045,0.9970648794835344,1.04598166902001,22.051882542280797,42.8216216936702
0.4378634451540337,0.1190347381262151,18.211424944612123,0.014765502712137661,0.014837590383436355,719.1642662988216,23344.64230436938,8.74141408700709,29.836346350281918,0.5942801898265875,0.5848886474457053,0.5883528544365639,2.8338719023558485,0.8432160005560171,0.8975506680866204,0.8935765047517474,1.4370139966440811,1.4387156302686332,0.0008898596521286313,0.008709059096244707,0.0002897636704334286,0.0703606944582882,0.042645404648062386,1.182729310403215,0.8192088520439573,0.9789203402618525,11.846115950105784,5.4327852955545115,255.98949826253843,0.9967643815643803,1.0413564399546744,22.123508012817126,42.9270724926986
0.4378143103922066,0.11917686454874357,18.216750858258848,0.01474493267929616,0.014822637467328006,720.2363686075387,23290.992784476486,8.718251791807,29.792622124727046,0.5929198504011746,0.5841711720732439,0.5897812014981954,2.829338285049171,0.8391714870905032,0.8936030854653466,0.8971499721986783,1.4341881399025123,1.4427468558151528,0.0008883483198456659,0.008732154767427325,0.0002882901139973768,0.07032860229146144,0.042571259154834735,1.1802958316564889,0.8172191710012495,0.9768191798209572,11.930077546396202,5.430343698502511,255.6614637934728,0.9936189286294137,1.0411559300036386,22.236998533252375,43.02660584356542
0.4366241497199511,0.11925873934305047,18.227209620786326,0.014675294058986746,0.014941913274036673,724.3006072786653,23078.812043447917,8.732578186045112,29.77744942942673,0.5948020145469033,0.5872651530614375,0.5881427291768616,2.8182330279722536,0.8412332699097884,0.8917847726891431,0.8901234285925498,1.4402143652055817,1.4494342876407054,0.0008891450781710976,0.008762988158508152,0.0002885493797192274,0.07044396295773846,0.04253692010551932,1.1866755253851418,0.8079347547559194,0.9769271026823333,11.945441226222787,5.417190124360831,254.36806553853967,0.9939991192746336,1.0422668737407825,22.190958043674662,42.86955473286607
0.4368491478248617,0.11897316477486264,18.262203347056005,0.014713082248367,0.014962357870887791,724.6088993148029,23094.983673956784,8.636404174397905,29.81763564407612,0.5943798289586961,0.5879017171248263,0.587311491138621,2.8087953791993643,0.840593685152669,0.8906341104722159,0.8912900053386241,1.4424847011075315,1.4516224232601542,0.0008886031295596713,0.008713722545199792,0.00028915999251792374,0.06990200081214765,0.04271975329145774,1.1871724055063384,0.8137514955590561,0.9710808289918416,11.928861594423067,5.3865793864010305,255.29997920979483,0.9930129671913788,1.043824379077494,22.369501469511857,42.95307717707697
0.43783803144940187,0.11883692797674188,18.276502725214538,0.014704533805454736,0.014915219215447471,719.819000763703,23045.347957230893,8.633748035372113,29.826171688674677,0.5953289970325157,0.5870234327255385,0.584987755960596,2.8344308177562216,0.8397905983200998,0.8904140036394731,0.893067374520276,1.4390086227975516,1.447681754399659,0.0008899146470048119,0.008749528712264178,0.0002883748760398565,0.06955816224189061,0.04257701639891612,1.1918195999373868,0.8120134464844123,0.9719628627111999,11.944940850086248,5.3879322316254905,254.17392382869656,0.9955009236566957,1.0457255614526995,22.343313150157158,43.14679777912515
0.4402671268235887,0.11834359670248697,18.3638102340953,0.014628376716499344,0.01495473978996205,719.0464866319396,22993.11084647887,8.633611488344998,29.71810943653497,0.59445021568296,0.5882860627600062,0.5857113854621511,2.8274894557385104,0.8326013419555315,0.8849247176336185,0.8943787705094863,1.4301547457425678,1.4478472041226604,0.0008917694876501938,0.008705862804623677,0.00028821827148885367,0.06940527558780475,0.04254904383447015,1.1930926279752079,0.8069181505136674,0.9726776798148209,11.981135442492766,5.399883636412294,254.79603171824934,0.9924973299810086,1.048942123254865,22.33254789111674,43.00495000348474
0.44105063515271226,0.11865957229922017,18.301307374679254,0.014680737866421371,0.014995123055833707,716.6836125492192,23046.360637141443,8.62491067092398,29.753652665775817,0.5920346008382537,0.5895186339516448,0.581000309230015,2.8226223889994686,0.8315529709090934,0.8826256260939631,0.8983994450525775,1.42637065561228,1.446529461136784,0.0008953501490403486,0.00872285420109032,0.0002889056539990571,0.06950303344011798,0.04263000478924076,1.199603701333278,0.8054330055738633,0.9756880160641384,11.995117252652221,5.375462012198754,255.08720272975108,0.9913616034895468,1.0479163868663803,22.325815877661523,42.83833994362276
0.4433267175657588,0.11888161429085654,18.329629766803283,0.014679012744255295,0.014967437641278584,713.3524994960289,22997.84555062197,8.63573873148546,29.660405642323756,0.5962170143950377,0.5886566750231753,0.583081083872218,2.80673908875272,0.8332352558631122,0.8830683035670304,0.8994781510424986,1.431849582959202,1.4547597865847806,0.0008997683468996357,0.008710202010416165,0.0002885775023610459,0.06940900008600918,0.04247255798169137,1.199988923916642,0.7964199819933714,0.9768580266469369,11.99374170985481,5.368219842990039,255.25347421339092,0.9890612406655214,1.0463132316944288,22.241169360902838,42.922223021151545
0.43982541551333965,0.11892145928035422,18.394132237489984,0.014699607582929835,0.014999381545479265,710.8951304233631,23062.64152066729,8.607910123123146,29.653813929307784,0.5939774355937362,0.5877411648118355,0.5788065927566154,2.7989386748202794,0.8333978352863848,0.8870742627702873,0.8992964624425426,1.4279407042820003,1.4559214379744083,0.0008965265034915732,0.008694793895040607,0.00029060518729163374,0.06942001775153442,0.04229489482690183,1.1969887532071237,0.8053275943879766,0.9768501693024809,11.97146266368849,5.423798895959544,254.77696187880977,0.9855110468834016,1.0491774959983782,22.145880500565827,42.725694985377025
0.4385502286588271,0.11841606942094357,18.340780825344627,0.014696990300587747,0.014963704216713484,707.7561461380919,23110.612892210316,8.566827308808204,29.652384455837918,0.5959567670179167,0.5879499980855687,0.5778059903116785,2.7970625554007142,0.829909423872432,0.8849725148823312,0.8947388515618077,1.4291072338147268,1.462138621972953,0.0008989492371420658,0.008690189712470911,0.0002910552329661721,0.06945839604816625,0.04210552817492725,1.1994307438077112,0.8106360579255353,0.9804194520875072,11.931141433969481,5.394846382596409,253.97531202164438,0.9849137033261367,1.0449615568987078,22.16237237635703,42.87694961895715
0.4364162897548079,0.11794825721739119,18.37114011955512,0.014679621487536255,0.014945694846747619,709.4304338873087,23049.091162298104,8.547229194444,29.738836583275614,0.5976762773342409,0.586827437693157,0.575214401893865,2.8052765454259663,0.832164841341776,0.8908813954760828,0.8942280572824212,1.437996808837619,1.462451513868907,0.0008969907419986596,0.008695501046207066,0.0002909658380289003,0.06948329175429102,0.04208350315774363,1.1936053607968258,0.811601971644114,0.983334162286843,11.9773535179117,5.38639109899258,253.0762689311715,0.990427436739627,1.0455974573447504,22.12657632477587,43.11684915983556
0.4384588325606733,0.11740693426871551,18.32542635476565,0.0146497442185612,0.014972653571200936,706.459815945839,23090.52016411787,8.507259434745878,29.79865134934686,0.596612264219706,0.5867429894321936,0.5745372433266392,2.7985799548558736,0.8275476908995246,0.8884804337743871,0.8950461645606395,1.4429346624262414,1.4599751406957346,0.000898232532722433,0.008702935815850625,0.0002912519284026615,0.06962010899718099,0.04203202262151932,1.19743928945865,0.7985238595057753,0.9785649263029765,11.999962781839388,5.381927026918833,253.70215822101574,0.987546550218715,1.0441905902201127,22.18265572433155,43.187464350153036
0.43748955817393304,0.11747533842455557,18.185267944562256,0.014659811847882101,0.014988327799468345,709.6314650547332,23040.273616301954,8.560642825227823,29.804407839639545,0.5999427028805794,0.5888004131298,0.5744739211417553,2.8048195833297864,0.8269960571253748,0.8904881339476783,0.892812226508152,1.4483051753069112,1.4711169386184177,0.0008960116378201586,0.008677489839614382,0.0002895263002761781,0.06913895564178026,0.04196222042539917,1.1965195058978157,0.7953066397599048,0.9848737162849678,11.965955319371341,5.390130109784531,252.6558431138959,0.9824124898303638,1.0426020952671056,22.259260256678623,43.17932287760593
0.43408482670058296,0.11781807131812491,18.22251207829072,0.014675867818306815,0.014898393738555445,712.7570047137212,22928.910425865775,8.535881952770696,29.709080590793214,0.5986815942728013,0.5874041683102891,0.5746923333689878,2.8201058775927508,0.8271352232143816,0.8895524954581685,0.8934610545759258,1.4432795610548372,1.4828790167646428,0.0008976569080720138,0.008670135744611177,0.0002894840781322234,0.06870382430049708,0.041881295442780596,1.1961384183622854,0.8000000359004051,0.9805859676710584,11.91130076783786,5.373841724754557,252.3113066563131,0.9851414050593419,1.0480615346821827,22.130207048137947,43.14711273950658
0.4333525576707604,0.1174432124023591,18.182959903415462,0.01470351069654158,0.014997013168284487,712.2594962980155,22939.85639040012,8.497809108085498,29.62838572922834,0.5976279261998311,0.585585037264254,0.5744759598956007,2.844856476780435,0.8291480134030319,0.8861086866970693,0.8976972581033216,1.4389352759858132,1.478331662752216,0.0008992463637978828,0.008665090905533147,0.0002915837323682206,0.06824634063570333,0.04197558104741575,1.199801973453082,0.8078245560891228,0.9796051017961425,11.979416337917122,5.358260466095979,252.42409179036827,0.9792318418936684,1.0465687348191808,22.044603703891436,43.306965122413104
0.4375397880188012,0.11704021614258885,18.155237418930046,0.014724929615745013,0.014952349900649382,710.9651142020167,22989.295684336186,8.47910001537629,29.6626580501457,0.5971193718258472,0.5825168105896757,0.5750115159805722,2.8544981120837942,0.8310918485925077,0.8899772868357625,0.8993536960498401,1.4404058936681716,1.482861130198779,0.0008970800618586586,0.008657936982597439,0.00029060171549623374,0.06796296615124149,0.041767563441999854,1.1977582207633042,0.8172767080266619,0.9830221929778357,11.99053719884893,5.334807745930882,252.4895787205166,0.9765695817139927,1.0442962152538695,22.067454450944005,43.30722604890734
0.44067029477820047,0.11731899508271779,18.273400452847245,0.014668586718939142,0.014944734035557088,711.6432087441821,23038.165041387445,8.434553252743893,29.591241037457486,0.5962085376593466,0.5780266687075104,0.5733255848208104,2.862961742971435,0.8333713977307349,0.8910375658796572,0.8954651351779872,1.4302649369843685,1.4760732553401013,0.0008998316030115178,0.008709328427743154,0.0002890944747195618,0.06754458718189942,0.041582346808583415,1.1984104634166926,0.8115121242031315,0.9828060595454302,11.925236655510126,5.330442316852207,252.9997114094446,0.9864170371794975,1.0463049562942364,22.120467321286988,43.54665079338696
0.4415253566543912,0.1172282005516914,18.26598607944048,0.01465345915175302,0.014955630288866354,713.7279492579872,23155.727922535192,8.476068015256189,29.67180817650308,0.5982796871433482,0.5797076937277548,0.5723763199823331,2.862451458012748,0.8314155836937408,0.8886963837951432,0.8927385481435145,1.4369537273251534,1.4828994707696648,0.000897291047278466,0.008664706721925042,0.00028868713090161657,0.06719634449472121,0.041554965082987234,1.196753602558501,0.8133740364820796,0.9813113945693748,11.93656061293736,5.367277730575509,252.1234830134355,0.9896017393999538,1.0462562247417737,22.046135897262573,43.5404486917873
0.44409573330663227,0.11704782421816051,18.345912403121776,0.01463402790292944,0.014964849752916563,710.8953548499705,23314.30340718724,8.473964274838751,29.710897370886745,0.597807772036786,0.5776244608813504,0.5733986692740409,2.8515053664482024,0.833783620445301,0.8846256988212563,0.8850060726295192,1.4303445647347923,1.479122828585814,0.0008968949280434443,0.008636393670141393,0.00028948331101507436,0.06698360506968838,0.04155723563815365,1.193431015254971,0.815124658389632,0.9794067849415652,11.978782095400476,5.395692914256953,251.70949206545444,0.986146757169293,1.0478374873012788,21.9729417507768,43.40898679467207
0.4437481092888124,0.11697425372927316,18.384488428717766,0.014638027309946842,0.014988463287320314,712.4163882556034,23465.672460148937,8.523870822345776,29.820304925431167,0.5978320547713173,0.5761615161702343,0.5740723643737259,2.8422423032498427,0.8346554213882597,0.8848437948099598,0.8811018142265282,1.4340001859757052,1.4791026106194212,0.0008951796378544033,0.008616753328420254,0.00029085188562448023,0.06717148751530971,0.041869774266264495,1.1968640590848314,0.8157052263252437,0.9793027526429917,11.978958707992076,5.396901212903856,249.6969224109029,0.9841224269813191,1.0450026159975256,21.85726364527182,43.445332542141855
0.44197482911110575,0.11632138749706288,18.244017921614216,0.014503004984905872,0.014983849417367688,708.9070315176425,23453.195796888707,8.541435184970508,29.820678446996425,0.5992923877293521,0.5721017376076817,0.5731329926331591,2.8281281061944603,0.8371279096514387,0.882045282722229,0.8833935246870745,1.432814675972399,1.4781545241529281,0.000887890952812654,0.008593061882563473,0.00029094601877469153,0.06698744501175422,0.04168095651665021,1.1982168625059149,0.8239205534891427,0.985204649996864,11.970450222897478,5.426781615963538,249.56941196953946,0.9833329561548176,1.0467402354096698,21.861580458229668,43.34014469530234
0.43787706546799837,0.11584934186987335,18.245602005666097,0.014492150290157378,0.014979328005646844,711.1535084591917,23459.321632982635,8.528435358443295,29.573129430927008,0.5994391643729424,0.5723506745118394,0.5711487638408858,2.8287048855027073,0.840298264002724,0.8861027241159714,0.8842326849296411,1.431647995176635,1.483715510418934,0.0008828646066464181,0.008506040376366757,0.0002909086680038885,0.06671363742976971,0.04169859511116692,1.1973271769416507,0.8201425637345026,0.996196879707163,11.958641872702076,5.409327839487618,249.46493776152917,0.9841755238839842,1.0435054335520473,21.969985766458365,43.186644593007024
0.43776375289249,0.11621108391606269,18.267722210208326,0.014559278229647482,0.014981408646400646,713.3942354663816,23560.857415844228,8.54588471166458,29.582154506407242,0.5974773063218555,0.5689180509869314,0.5702529807918436,2.8097562982841215,0.840326888377835,0.8916975916119652,0.8778091491704771,1.4355494378319171,1.4810711005140804,0.000878215669238659,0.008498822765291705,0.000291236560928,0.06690168922919544,0.04170636366296441,1.1976938959770422,0.8179745655147126,0.9852732022669853,11.976950299212985,5.4342346064633755,248.0651255652785,0.9892243691773573,1.0466497321896913,21.93304700255755,43.14390818489412
0.4354092871404925,0.11673956630404066,18.2728530515695,0.01453293422693211,0.014925075506868467,715.4317955342242,23615.981470860002,8.5504343643638,29.67869105953332,0.5961902264808067,0.5736361346627379,0.567613753171857,2.8093764995671378,0.838686023210087,0.8939859934842233,0.8799429581394375,1.43553600603953,1.4749831404757978,0.0008771717380928947,0.00846132290203626,0.0002902361716906559,0.06668688807945089,0.041629151884700316,1.1991710599259962,0.8154384095948686,0.9822917178070348,11.941423808597664,5.437436390535627,247.59634084490918,0.9889837200798955,1.0472331093127831,21.83440009613908,43.04614555675
0.43582530540500786,0.11664131094344905,18.28667841411841,0.014550807159978564,0.014932732370598048,716.8422558621255,23633.372950580248,8.542896408444838,29.762428892486508,0.5950257861653017,0.5737044682655861,0.5692928891927018,2.814809943770727,0.8367393729388887,0.8890302271019342,0.883006851956956,1.4304935777016414,1.4750057346321517,0.0008813621007652079,0.008541982101901944,0.0002920214709419359,0.06678860882354556,0.04123266004329841,1.1982438542257712,0.8113951595976046,0.9791855645424089,11.9761693796277,5.430670362214765,245.76630880149654,0.9834860426869153,1.0491820144290298,21.766829520507763,43.086948589492316
0.4360609776984488,0.1158091337275403,18.411394447135738,0.014496041246880875,0.014917242745469137,717.9632443052673,23692.147206716872,8.60040308785142,29.595206995753337,0.5949033266037905,0.5760277125332366,0.5722859553238986,2.8208063359357234,0.8343045002675274,0.8904783431039541,0.8827180371893539,1.4270516316385378,1.4816651933374538,0.0008781218134622131,0.008561657666217892,0.00029187998654227245,0.06676475634522354,0.041199247637718726,1.1965304409550688,0.8124443965663839,0.9737022913586031,11.984904778812554,5.428950103287476,245.46308453665574,0.9883544119297841,1.0494445608284675,21.67895487987744,42.68584436537006
0.4372713401622144,0.11563287211006844,18.341050747697192,0.014504572488367666,0.014921243655534051,719.7346420595019,23601.95224646975,8.569862618113694,29.585917392459763,0.593799371067013,0.5793887690659013,0.5709572804151077,2.816706673743175,0.8348954386545995,0.8918508375545361,0.8815005581252489,1.4230727909550736,1.4813595646389768,0.0008821316792093732,0.008553683885916489,0.0002924639379165174,0.06660189660135551,0.04129927811073574,1.1949674548654352,0.8118271189578954,0.9751070868723862,11.973467416121329,5.409055742140882,245.16707820751753,0.9899752874005422,1.0468559422763646,21.695735069315358,42.91548719916562
0.43735010876062286,0.1159882360220339,18.39646783142602,0.014551782172338988,0.014945511525648835,719.0907799206649,23557.43380465752,8.587038577601174,29.535689643595564,0.5977468335902841,0.5786003383624974,0.5711428359122556,2.8246969853651804,0.8346653342263959,0.8936826117052451,0.8822743621875232,1.423125220747096,1.4743417796147624,0.0008768270506273533,0.008513084836968575,0.000292890338400019,0.0663910044627145,0.041456397296528454,1.1907833717759368,0.81668640033895,0.974964450709742,11.958222776070563,5.419077461613982,244.69324297734892,0.9875785517742992,1.0489914210233924,21.68147507890036,42.818043648736534
0.4347758575508897,0.11601036399142943,18.460888346817963,0.01445644160148862,0.014979643156647885,719.6627036864248,23554.887007679976,8.587182916590649,29.709882099703037,0.5985052726167626,0.5779442278591879,0.5716350535474795,2.8092898222646587,0.8321632477859291,0.891884347242373,0.8794313964960776,1.4161382666434927,1.4785217939697453,0.0008741760644829701,0.008504987719746377,0.0002916505523998388,0.06629694138392861,0.04158289831391612,1.1864461386977818,0.8210388653370746,0.9687756733207255,11.970551649917327,5.387839438601712,241.91004138091554,0.9914125119481941,1.049216695321318,21.700827921847345,42.83668754758408
0.43792360436774924,0.11569254144804138,18.40615824607094,0.014514173383316861,0.014964560427122527,721.6825472883512,23655.216643490712,8.607110183943671,29.668990416768963,0.5998206193497725,0.5787417383122643,0.5734084225438123,2.8060806502347315,0.8331771328879491,0.8936730898223005,0.8758841639253483,1.4195204444464806,1.4730555276188981,0.0008769405621809839,0.008500251523597216,0.0002919802602734088,0.06616968977414367,0.041697451302746005,1.1874786168977913,0.8314478967019087,0.9701384811937935,11.900139603929718,5.3435524870274955,240.7682874430705,0.9877484129917786,1.0458954868665207,21.720959982711086,42.81510950187842
0.4392607365179557,0.11551417249691853,18.400685626812635,0.014371572940198701,0.014973541172618893,722.5212044407385,23788.941118982944,8.639060052930107,29.763728717090373,0.596202603186581,0.5767677349615296,0.5699626748563759,2.809916741106838,0.837888030228792,0.8976847377007438,0.8760939806090513,1.4203469434390885,1.473104225435954,0.0008767864297983893,0.008468831427409541,0.0002912990188590259,0.0656818821359249,0.04184475435046098,1.186733224955762,0.8345505473029534,0.9716459782318316,11.963329870139509,5.337946195457437,239.68993729193195,0.9843516531784973,1.0462340876458622,21.73498044256351,42.70316286600853
0.4376859564919647,0.11587460776392626,18.433208096557834,0.014378362394693416,0.014936373888594291,721.7526755612403,23787.336131800155,8.643097612332069,29.7969068380042,0.597908826288647,0.5748322899434158,0.5682129102468965,2.829069834916204,0.8387093540180016,0.8968902335088978,0.8794082332386449,1.4205722882919394,1.4770464866319069,0.0008765321841987182,0.008430837594741917,0.000291888752067712,0.06541401433345849,0.04190530966533607,1.18710860822245,0.8321205034562662,0.9745096973609464,11.980638387774523,5.313113332897493,238.71747599211142,0.9834723120092281,1.04854843994106,21.857936620711644,42.731245312026836
0.4372172147959017,0.11670423054569952,18.38591101233556,0.014364370121896135,0.014969727125859427,720.8785277682362,23714.287946911216,8.615591903398139,29.824852995610385,0.5977132709181711,0.5749330856685632,0.5658440014179305,2.8224823527738008,0.8409224794962165,0.8968920867805915,0.8808086135523177,1.4141559042344516,1.480939910045372,0.00087415031015068,0.008378985185336387,0.00029216062099262946,0.06496165688039396,0.04195940703421792,1.1859435842263906,0.8336126984866431,0.9684394237898637,11.957811166948591,5.311244267958017,238.34073730813412,0.984551963376435,1.046646699792154,21.79602702550302,42.56266169806242
0.4367379833470271,0.11670281796703331,18.381667843034926,0.01431247797208085,0.014949838299797508,721.2899850764115,23634.12564104806,8.5666958562771,29.831833570520377,0.5992943524917012,0.5756234609068244,0.5676242682373185,2.8305239996505893,0.8411237242244645,0.8988685743968207,0.8782109154935154,1.408075469823785,1.4774658865939152,0.0008764672528818626,0.008381553825732259,0.0002925648231325167,0.06452699382833389,0.04199984187892252,1.184885325698355,0.8282675647444864,0.9648744305572011,11.910217787392282,5.314337697650478,238.1458481266894,0.9914584699299017,1.044295104753477,21.829326670186482,42.56793346199792
0.43717703769025096,0.11747366096021916,18.308095683572574,0.014372444869469399,0.014975891187273783,718.9853499057339,23675.57145728138,8.581314103758807,29.783846595123823,0.5974192748298383,0.5747774946362978,0.5674921802641687,2.8309280037859024,0.8426928908881989,0.8937068787334806,0.8783493357405209,1.409918863236747,1.4835904300245417,0.0008797692335757542,0.00838114680432273,0.0002915974417902221,0.06453775396779407,0.041962955447663576,1.1912220554721558,0.8293420462175888,0.9666539537047236,11.881612262402498,5.327351060479266,237.29910490253715,0.990791674830425,1.043821458541789,21.738654101664387,42.62790940080318
0.4373696283798682,0.11776905789545057,18.267537439479398,0.014343433688261506,0.014922581811229494,717.3351682336697,23721.5447935376,8.570177770495276,29.799428472969662,0.5949770459401289,0.574932168752771,0.5672445769631824,2.8398593303725335,0.841421203024565,0.8965767516771115,0.8782032212322413,1.4152596656528629,1.4877311066831485,0.0008775317987154826,0.008356442955588484,0.0002908014954090037,0.06402731748034732,0.042064541567279436,1.1933990449683287,0.8233239157379767,0.9661524395218255,11.874152019437163,5.34689644415082,237.50568605624954,0.9897449977611567,1.0488759940437975,21.837721299908097,42.644821544102356
0.4376633526710982,0.11688294797718604,18.22813412474007,0.014237152449432055,0.014939410715498185,716.3438839206138,23665.151274653734,8.581204552260182,29.869380073621034,0.5959673483664883,0.5774134984316669,0.5690909208178626,2.8453534446731528,0.8413717750106371,0.8916693780749796,0.8767665981233723,1.4110212261528867,1.4860588087229372,0.0008834705178505548,0.008364067194103344,0.0002910980797391697,0.06381367406042476,0.04194152748702012,1.1979650937556656,0.8242172034473709,0.9681404107919804,11.88868711917969,5.367802158771633,237.79691427240272,0.985483807857216,1.0457899800674648,21.915050927344684,42.63738656293225
0.43689640095773213,0.11707291426126176,18.25464213507566,0.014222237152863436,0.014873435655994034,715.215951998394,23646.59594376361,8.553231752432643,29.928275676403164,0.595330030577154,0.5802297335797356,0.5714175602189315,2.8408873830372636,0.8369517725784683,0.8913869315585832,0.8772048051178137,1.4084618854965762,1.485065236037916,0.0008823441215360784,0.008296174470683895,0.0002926538233543697,0.06379233961127881,0.041823300895793954,1.194742596694871,0.823982269570125,0.9608846188250831,11.841195341741612,5.349994015248476,237.20307125431097,0.9843134198642495,1.0469161740145136,22.040235818047215,42.75975283493794
0.4381834655467243,0.11718431356249703,18.156736340776487,0.01415329117216734,0.01480500835752701,711.5515363870456,23692.908122058063,8.537611861902322,29.912497075525167,0.5952825408117892,0.5821147193471241,0.5690076929703628,2.8419762544118843,0.8359501403492915,0.8911293061151956,0.8764482861931218,1.404836894774222,1.487712815396532,0.0008772969699213997,0.008343082862871573,0.0002938537468399067,0.06375435729526441,0.041843719723498075,1.1952846452186723,0.8163448604208897,0.9618588271229217,11.822591548321608,5.357016850758499,235.95692530912987,0.9829350120226442,1.044200191067225,21.98560042889615,42.824968579498275
0.4373447216491843,0.11712182601774401,18.177095555412834,0.014202406460310736,0.01474459293795456,707.6021024714918,23641.080122963802,8.527587126676265,29.980644848028856,0.596923899829842,0.5821869774223044,0.5702897557416687,2.839199633300099,0.8326986372662122,0.8923043607177228,0.8705701594886137,1.4094512288446988,1.486606454934034,0.0008778531219449683,0.008367656377210436,0.0002935517609029768,0.06362134609286109,0.04198828050267184,1.1937257258395098,0.8131963498460181,0.9547486859679805,11.808067086882218,5.37333461565627,235.77030982758512,0.9817727799030963,1.0491808317106321,21.993479949360683,42.8878708588733
0.4379125513920669,0.11673156639567193,18.21553675161119,0.014193145184076163,0.014836822264293071,706.2453824010872,23521.83696274792,8.5299404251566,29.950579217684282,0.5984187662827376,0.5851389017561407,0.5718720198950245,2.852671572543982,0.836383380902877,0.8913955676020342,0.8686709864019452,1.403180455528214,1.4896784375393783,0.0008771849780036877,0.008402022313155628,0.00029255703279792105,0.06311986991978474,0.04210856824987692,1.1980085344369802,0.8145223254907721,0.9558348593887441,11.810533046973703,5.3792337624158115,235.41650317399606,0.982779674660057,1.0451545020598145,22.03080694095625,42.79598457208492
0.4384582522719483,0.11670742707681747,18.22597944629543,0.014193386434442063,0.014845191289911628,706.6958129331471,23607.90252045349,8.556147486026097,29.928957268650507,0.5966483579994378,0.5870587673170243,0.5714079166220267,2.8501432869732763,0.8354998309365401,0.8913568574162166,0.8745415608108611,1.395227868278137,1.4817258485147002,0.0008782563787230643,0.008370696738203053,0.0002948772209265024,0.06295685144009454,0.04221156302849695,1.1928414980996385,0.8196867166765972,0.9572344622570271,11.830495323250275,5.369528262821425,235.17571997402965,0.981322741076589,1.0417174463329888,21.99902841444774,42.801768563516546
0.43597416068025235,0.11633798155032928,18.137179764944335,0.014137730896161797,0.014819298623500062,707.0267673062872,23661.000331489362,8.576883126387383,29.817096190640992,0.5957943302074126,0.5878855630292285,0.5749195045084778,2.8394447923655424,0.8342340782127988,0.8900237904342452,0.873498459620796,1.391570060240171,1.4940180518028139,0.0008802005233603503,0.008384189755417718,0.00029354013256048826,0.06253249381768394,0.042357366655507725,1.1874164683631379,0.8293992768387722,0.9558582084281408,11.79679946376715,5.395748620858388,234.1974323631028,0.9763216067712935,1.0418412147713174,22.029731327972787,42.8295944146281
0.4367540023272106,0.11625321643549733,18.122904252589855,0.014142805488560145,0.014858357568135496,708.2985090707554,23758.11432151036,8.586238568095578,29.78920936323961,0.5959062755827518,0.587684493364255,0.5737088963957606,2.839935848955965,0.8316768364451035,0.888391719202851,0.8668379289340565,1.397015117273423,1.4948251491815365,0.00087662126142644,0.008388952775012134,0.0002942610071271235,0.06208851012023347,0.04242342030271907,1.1924791453510908,0.8215186333036935,0.9548343979683496,11.716951476950614,5.39000247909382,234.84172472737086,0.972041127666612,1.0458420638872001,22.15823671179612,42.774169210714895
0.4381732201037556,0.11631391735138644,18.1726402622914,0.014213691861974185,0.014850065153240005,706.1278296271648,23842.21580350716,8.60747710461905,29.79480969890823,0.5942318950569807,0.5895095265466026,0.5748006321542959,2.8284535559905324,0.826569106569437,0.8870989077137473,0.875336051308719,1.3957668402979206,1.4941610821841933,0.0008702149438269183,0.008393223973640479,0.0002923739428057764,0.06179359832110127,0.04236530242862681,1.194089811621452,0.8260724762013393,0.9568501539488127,11.744956872107522,5.360563594757123,233.6558160292175,0.9775939308710565,1.0432101524559414,22.169190881657407,42.399634553845225
0.4383767975377463,0.1162342461613722,18.2463481934929,0.01416529480859985,0.014785447036288287,709.8643271000941,23939.006870647765,8.554244384936071,29.982783694207658,0.5952648022592789,0.5861591281541261,0.5732913965425745,2.843170650540184,0.8264406458561939,0.885424125033914,0.8781711292830202,1.3957698041167257,1.4958766508569865,0.0008710323416315907,0.00841857634547054,0.00029098649225201104,0.06135728902117265,0.04248935545391866,1.186677982260418,0.829873513658005,0.9477365553702686,11.711217471345758,5.318266220362934,232.99304189973603,0.9753979212749517,1.04178491570076,22.196547628089366,42.27357149911642
0.43664203462120926,0.11701387452687372,18.236704372392197,0.014118723313597209,0.014799654150113003,708.8055244681632,23995.515432498913,8.542555909006062,29.885354720074666,0.5971807491051211,0.5893104561495174,0.5734924669301968,2.831912334824692,0.8286094812273291,0.8841777931920674,0.876885749853305,1.3976201766102583,1.4907743909705216,0.0008659740560426592,0.00843540653368836,0.0002892867351988379,0.061277122418641146,0.042410398494649774,1.1823765286948256,0.834386191227653,0.9479915590728261,11.669655226248299,5.319436831780827,230.9440543612275,0.9745838899960072,1.0336201145644826,22.14698902975878,42.13007422768462
0.4360308607445536,0.11696454627887228,18.279552520029355,0.01418658725496924,0.014664446028680563,705.7289373461323,23955.923099820342,8.530103645707978,29.994494331071188,0.5961291936050966,0.5892253905578673,0.5730769119132009,2.8343244824849982,0.8262542072690077,0.8861315456171506,0.8760288733472427,1.394415645699447,1.4854387840281815,0.0008666839060021412,0.00847584167195026,0.00028884101611205567,0.06093003565221086,0.04249305214857531,1.1814287912370725,0.8277216129875636,0.9457780658464432,11.700432597714306,5.321424327661284,230.54014558345133,0.9721924597786598,1.029683370411336,22.01579362008479,41.979445982053385
0.436332571842901,0.11666354699393061,18.26083232224242,0.014130194705041168,0.014689444098945835,707.0581057623749,23978.60730638217,8.516809134505447,29.91593632019312,0.5968062771620942,0.5928341723193492,0.5755998813408542,2.8195215392154145,0.8228880597090128,0.8841340117088473,0.875452588933114,1.3976073372231632,1.484343538593259,0.0008683989606664006,0.00845606919676489,0.00029031051443112444,0.06102467105954244,0.04267360988023468,1.1772919028985152,0.826210481535193,0.9564448820583571,11.702727699329326,5.285077452024532,228.96877350810297,0.9745937978864743,1.0266924653909915,21.97683948659763,42.00954443636485
0.43496039047011775,0.11731408492584959,18.30791146260656,0.014101497292948625,0.014697467231962476,708.0763127693518,23904.341245137148,8.514026479707747,29.977604834621353,0.5991009419409975,0.5940018461994226,0.5753363564524041,2.8250230795413662,0.8212832364348791,0.8837742842958429,0.8758883717637397,1.4029850211738142,1.4882818377412694,0.000871723770833971,0.00845293009519492,0.0002899073154054422,0.06059040457816623,0.04295736308290201,1.1811340716386218,0.818362247026195,0.9520408621574217,11.74339729222548,5.290807734407938,228.94432834471897,0.9719730898557798,1.0204167573942622,22.080112224499082,42.223248709940925
0.43666762799876213,0.11768422384746188,18.309996173508356,0.013985127963156135,0.014679952557053158,713.5308371005798,23815.985518246052,8.461066893983435,29.934115644463215,0.5953109666001746,0.593993205530483,0.5772309131568973,2.818812833895359,0.8185565765787266,0.8882627630468989,0.8676517891400767,1.3998249831093343,1.4852019990970795,0.0008737039791006059,0.008417285372604595,0.00028979078238247115,0.060392670599864556,0.04297033012441244,1.183569571236136,0.813435671482342,0.9505918685863034,11.6232160898858,5.268251756978416,228.48977779281626,0.9705521075377769,1.0258249487832507,21.99378593164426,42.268918852826204
0.43529554826028305,0.11789511926183661,18.30523833929364,0.014059072956543227,0.014677753501260913,708.1444726455969,23798.73183936998,8.457295953569112,29.969235885720224,0.5955228902240123,0.593702888123814,0.5721805637998534,2.8142960213924852,0.8239178472586729,0.8807159954118654,0.8685430999175998,1.4041354601654679,1.481953062583756,0.0008787654062286316,0.008383039786398557,0.00028887885915331057,0.05992161730426319,0.04302794291402913,1.1831317397952,0.8109006112835699,0.9504543303819984,11.613679092478183,5.282122069477544,227.63550415452104,0.9677370484917993,1.0292135780974594,22.064225910800463,42.05946789427548
0.43628197923467565,0.11762152494790196,18.27790791369369,0.014047225154195264,0.014724672385591515,707.6347383219745,23793.816440809816,8.455172484041734,29.967918710402834,0.5968620123729825,0.595394080866844,0.570031972910158,2.806176376336304,0.8211014333230359,0.8787548837145365,0.867157407847678,1.4059750360987453,1.4727581963074867,0.0008800166200663404,0.008320827740837396,0.00028884379338750955,0.060282611059621606,0.04297394199020195,1.1829298476870993,0.8089016622931243,0.9492505226556713,11.620286357826739,5.266157399773144,226.33761824107194,0.9709270077993144,1.0292139306532337,22.068791101267752,42.22742382371876
0.4342163755155678,0.11787376329353863,18.262398539254352,0.014120254829981412,0.014760505958827058,708.2071447332404,23859.44821819139,8.424516031324176,29.94205049073313,0.5982982702792551,0.5938466267850944,0.5712475546605141,2.808923165489644,0.8208380883186087,0.8815928867083028,0.8714961263027309,1.4048727218469357,1.4753092674324724,0.0008773806867346655,0.008340612705108164,0.0002896862493013812,0.06002821842693298,0.043012005457145536,1.1749422305714012,0.8085570433573261,0.9513940656419907,11.689178460429668,5.296499410492893,227.4052112844319,0.9714797054086237,1.0314592472020685,22.08375745536319,42.15794779215861
0.4341566592735592,0.11726907136465918,18.22853794133432,0.01410201379733307,0.01481825569758763,708.5957928177756,23834.28471260357,8.386039003582205,29.809619607703173,0.5974180112049383,0.5962889605601575,0.5719177597914459,2.8091856207508887,0.8254950825051913,0.8830629271969533,0.871515152311703,1.4070201837966987,1.481530273050561,0.0008736900306737837,0.008345333842911336,0.000288079138459369,0.059826857157535614,0.04295943714245744,1.1792336727177692,0.809009681516986,0.9509810540975628,11.757014144734919,5.309353504599809,227.9519229492588,0.9755866471957095,1.0279917165604622,22.27642694183103,41.934813293569135
0.43361081851846445,0.1168815477602549,18.23874030269513,0.014155703242470391,0.01478433556360477,707.6833062642556,23730.115723493087,8.388994166504974,29.765558132568597,0.597661965115448,0.5973472056877209,0.5732755361773709,2.807806540293248,0.8288195324690909,0.8832348747764942,0.8739607087789143,1.412015215995142,1.4785873793845452,0.000872442076088817,0.008327233400410364,0.00028811642782062657,0.059422848653055436,0.04302505227090279,1.1813634910639352,0.8077508184019104,0.9503676970743634,11.82819252038795,5.330878013061229,228.72015932495367,0.9714546498641438,1.0322430316304565,22.259044427847037,42.03568041804411
0.4370162071315772,0.1167458398851681,18.190391603677206,0.014246373507564266,0.01477687806570928,708.6939389207241,23651.96843772987,8.392850743253907,29.892169230553396,0.5958495385696376,0.5980734637618407,0.5757888760092333,2.815627220167526,0.8309021318713036,0.8801604802754183,0.8778649717510215,1.4206469628236817,1.4771283608545842,0.0008720903617149272,0.008281812823610174,0.0002861163674052788,0.05936310539940469,0.0428819147170573,1.1892084567944181,0.7972354734409003,0.9489223767517293,11.867580314768217,5.329954063077175,227.9173551079092,0.9709865132130056,1.0339457535549925,22.229479745719658,42.02686107106281
0.43601657903697344,0.11579510626082729,18.219293056064537,0.01426443018194753,0.014789004282805206,705.3849230259566,23683.492097792314,8.420172517851348,29.769198402258436,0.5983524629917328,0.5964162597451154,0.5753657516560821,2.819869423369435,0.8331000934326692,0.8828208841865172,0.8789858753619167,1.419215382758054,1.467645748722622,0.0008714314327751723,0.008311283691285934,0.0002855469957898555,0.05917114936603019,0.04286986107734377,1.1971004746662715,0.8008298478744194,0.9441103664142115,11.864907757158418,5.317618444940341,227.37785470708224,0.9665670895123865,1.040386340303997,22.30619911216175,42.08837026958038
0.4349662686911348,0.11574400096050198,18.221873472040905,0.014263079904585722,0.01480197085676053,705.9235463380808,23788.130221537493,8.413118103451101,29.793316165017785,0.5991124252488795,0.5986738862238112,0.5761128015474611,2.8135092233063803,0.8358083676986648,0.8849742668398562,0.8813844006167664,1.4144892666848108,1.4686500462416938,0.0008748868114706188,0.008271039069080024,0.00028477723346196065,0.058935888381570524,0.0428158634962087,1.19157307497031,0.8001579555813608,0.9450164956191095,11.880827474113287,5.293440414746392,226.15114637516805,0.9642368197679239,1.0403750193347683,22.245351265671225,41.95210583764585
0.43374723167363066,0.11536679278731005,18.252496025268268,0.01420454318673194,0.014802311044969789,705.83272110211,23960.765119822703,8.395070808058946,29.720792961157546,0.5982516327300145,0.599690941896704,0.5777349659704675,2.8062999610816575,0.8399862714298488,0.8808557231055897,0.8793262265930958,1.4173018190008613,1.4712925803749968,0.0008773023330412633,0.008289625483492843,0.0002867951843811036,0.05873270768250673,0.0425978803365072,1.1930452646122993,0.7996457430401087,0.9434595822062168,11.8654798251473,5.280317385963032,225.75058131888457,0.9707944580471802,1.0416537279164149,22.2205296644019,42.03753344897202
0.43327567733103073,0.11543996563248961,18.2438825192291,0.01423002731613572,0.014814835506355888,708.7816387636128,23962.475686022066,8.422891897342273,29.917086024987405,0.5986255879488509,0.5996458382855514,0.5773130901099095,2.8166498878336195,0.8388767431444604,0.876307379536838,0.8735835650192276,1.4247397951080736,1.4676833751089398,0.0008772099200759272,0.008314213048702205,0.0002850141974607558,0.05861604959657486,0.04229040744524123,1.1895600373982227,0.8018499319839378,0.9427326644546679,11.79856449549828,5.283001862721767,224.3755421701595,0.9746943321997579,1.0422532667499282,22.236838620003862,41.93916787467694
0.43297593664293504,0.11572724439662112,18.114153312168305,0.014161303738522308,0.014821040455638576,709.2526832622801,23993.676861842243,8.430857025595374,29.987562577044436,0.5972830687363819,0.5986996393036673,0.5772387585532774,2.8222464101658358,0.8355511316003152,0.8741750122206178,0.8707456459148906,1.4180025434926067,1.4658291607461496,0.0008811698052538633,0.008364692152846596,0.00028368211525443024,0.05841316826020796,0.04235758096852305,1.188663191832316,0.8053897896452944,0.943932421302833,11.775911402228834,5.255327781431795,224.0400298861139,0.9813096012892668,1.0386127426420835,22.1579940528033,41.99365210778814
0.43510280496047365,0.11638340562196067,18.077183809657463,0.014173771290856323,0.014887580581581473,707.971525495679,23895.728183551266,8.421178875737125,29.9663866603671,0.5997237438211608,0.5989927969684959,0.5782673058161436,2.832482037664716,0.8334771487467718,0.8712755693497973,0.8732386048342077,1.4104952299399653,1.460226578927902,0.00088128389814539,0.008394002572888101,0.000282559987074857,0.058216712577458425,0.04216089408178551,1.1888770205307722,0.8052012668090202,0.9477964225834193,11.762135059649468,5.2402113906597245,224.53225787206233,0.9814777558522466,1.0376414801561253,22.248798165787647,41.9003866141769
0.43500308473184873,0.11645635990520681,18.08702805760146,0.014136698692901626,0.01495345062277475,707.8266511787363,23820.66358993676,8.393190834719524,29.96800893437704,0.5989083327014921,0.5978439486879413,0.5795891287940171,2.836730532588383,0.8368273704184465,0.8717293222145349,0.8663668419548387,1.4145199917108897,1.4621433768325385,0.0008779616601523509,0.0083559299375055,0.00028256836531108414,0.05806489252513629,0.042144781646063806,1.1902782793986366,0.8083393324971503,0.9578488582687046,11.767953881039942,5.205886571251299,226.75904251112968,0.9787431268196306,1.0436514467311682,22.2350266369067,42.24818799311098
0.4313233903689868,0.11627121085403294,18.169395853178766,0.01405664082431982,0.014998223092381703,708.2980978046149,23846.084472217404,8.363674047523993,29.9009493502105,0.5992709919131389,0.5967398256272108,0.5816987389803534,2.8395912152915352,0.8356378444681427,0.872140640214665,0.8691825939815314,1.4191983911437547,1.468429808081595,0.0008758032775234943,0.008335959264585252,0.0002820038573749832,0.05765177214563343,0.04198788896901635,1.1908898274142254,0.8117451269020878,0.9544637023667304,11.767685151488783,5.223769773173491,227.80680981585527,0.9834195150706915,1.0482068342465607,22.145939190125908,41.81342456923302
0.4303631238362238,0.11711063580721129,18.206384102224742,0.014027093820592095,0.014932303439032481,704.3123990867285,23814.889228210654,8.399977219120775,29.873816541304752,0.5973770677193291,0.5975597218060827,0.5809863654788285,2.8544791114849115,0.82971683446417,0.8675022228552595,0.8695611217734294,1.4257840717649433,1.4688477873430907,0.0008793844344960579,0.00835530004279316,0.0002816414914577941,0.05695351053169375,0.041870242233227925,1.1928136333563277,0.813146092073325,0.961045993558955,11.795511356798947,5.234785100291817,227.43978145838088,0.9766433892567356,1.0480849739836928,22.237468126518174,41.73820829534699
0.430155059753866,0.11701178286985944,18.33336811410559,0.01407577085029611,0.014981203154730642,705.1399043446932,23828.760149516664,8.433559708954258,29.939266140674196,0.5967965436066879,0.5986618708624956,0.5798476317855757,2.869907829349317,0.8334617379891089,0.872337356504535,0.8681234510673207,1.4243848290354169,1.4766509798201528,0.0008780616005038931,0.008375479426181168,0.00028133811607671547,0.0572877431685831,0.041892644286236805,1.1907229286483378,0.8143000732305046,0.9693593715045544,11.793677444958314,5.210810777380434,225.70019085796628,0.9826042553643063,1.049931747240315,22.201327948296928,41.449686403392214
0.4276978230189562,0.11719479141023115,18.374522620716974,0.014058530909556445,0.014960714011536052,706.3582188685623,23807.617128183756,8.387962542496009,29.997160156562902,0.5940009994527703,0.5974203091428083,0.5815074061692633,2.8725383578943586,0.8333494277271444,0.8757302484202143,0.8684116372974808,1.4288494017863338,1.4761389347704206,0.0008786547615725212,0.008437984294021789,0.0002811048395067936,0.05686575938238341,0.04166956870009303,1.1914322446147527,0.8048183528380675,0.9736237147373262,11.803912466617872,5.221386241170359,225.7523284746244,0.9871878044330971,1.0491709362115595,22.267069239428533,41.34300235591596
0.4241141589683897,0.11674145929659041,18.451448555659645,0.014063797899356427,0.014989669676995677,707.8678335541647,23882.288350607694,8.34657065113892,29.99496941043227,0.591335764376268,0.5991945603930164,0.5800581299040466,2.860440344628856,0.8367533211532572,0.873882985705782,0.8669212732064164,1.4402892680790513,1.473634596948586,0.0008762929278402916,0.008440812756549348,0.00028113143012848253,0.05633574183343799,0.041733076726159425,1.1886540479792052,0.8003444279781989,0.970867661962828,11.840763286225192,5.197031030695168,225.3718708957397,0.9898098397282208,1.046570442628464,22.30375032388525,41.26719733162145
0.4261176880879044,0.11676057483942762,18.435179818532742,0.013957531206824924,0.014976648976898932,706.5376371910777,23922.29000839623,8.336191157381782,29.99696499946046,0.5951027521854753,0.5967500806583619,0.5804238197651245,2.858936020670401,0.8393206592969609,0.8738872063665591,0.8644984110389669,1.4406904409235242,1.4852560967070083,0.0008812897088179269,0.008424756845936517,0.00028038019947153634,0.056153359817391175,0.041560341765993936,1.1890464433027332,0.806689248579059,0.961632090519565,11.823925970093278,5.182535087363406,224.3657442139422,0.9852315645093248,1.048213157394744,22.30142010545512,41.33418573614493
0.42418942034792523,0.11683689588242915,18.50069804635494,0.014003816104924984,0.014987746198707361,704.6628462453241,23798.373744583983,8.308753409088961,29.996260326848883,0.5984362967277363,0.5942967428545795,0.5801651299282038,2.8673083549176934,0.8341940922971551,0.8732928722939658,0.8637664656123186,1.4467042775653083,1.4898558097916956,0.0008842679651661933,0.008386783178492573,0.00028067836695327573,0.05611947260844719,0.04152670119842621,1.194478860165963,0.79828468799421,0.955471260449005,11.8324876095299,5.123628353766454,223.80840289277086,0.9887356911408515,1.0499286568584494,22.24698864581294,41.46855338763608
0.4205926063582142,0.11617396580706563,18.526411571710717,0.013988470197118017,0.014953313047579613,707.630196521203,23914.090830041972,8.287418951995665,29.976730943084522,0.599714073826873,0.5943467233864661,0.5790384209227729,2.8741385295769266,0.836004063353561,0.8751166503260528,0.8617345806228595,1.447734523181232,1.4837778210219241,0.0008879167077403821,0.008341807470276767,0.0002792193781712898,0.05621076775824721,0.041232040027992474,1.1991828122278263,0.795065219509231,0.9570120662328492,11.820459193772662,5.104620790931666,222.67414754241423,1.0000425052517337,1.04677054317903,22.26961759534414,41.514729873907875
0.4198901960405242,0.11644383636405424,18.506315591325016,0.013973298868536585,0.014852332827316003,706.5672228970584,23847.19613284754,8.250441676329823,29.896380892964817,0.5984792264895937,0.5953690167723422,0.5793473652271967,2.8989224496239987,0.8311304138417591,0.8757607513330928,0.8628231718206624,1.4504991627178225,1.4865099986632304,0.0008913470429458063,0.008373347952920676,0.00027853462195204275,0.055672866491678484,0.041280157146259905,1.1999911856888703,0.792519434259197,0.9493156781115629,11.793659279528844,5.114808938564286,221.98582383247867,0.9942488434738187,1.0437059761842722,22.266678805758765,41.467806946533095
0.4183711587318981,0.11662001296293553,18.48327040423164,0.013893174810593038,0.014878667706099545,711.1379324001758,23870.25249754305,8.232631288151147,29.914436577653525,0.596789009994919,0.5953228443686892,0.5775866031718199,2.9000980107144927,0.8324192608587524,0.8670278768183685,0.8603779202773923,1.4511816248516773,1.4861522876874027,0.0008947073768682789,0.008367626496424491,0.00027882734887516285,0.055080939835694155,0.04136380900141342,1.1959399410114049,0.7887403056919232,0.9505627527675421,11.838301898853661,5.125589304940307,221.82081377629837,0.9901940324034534,1.0413308932619365,22.23124355927919,41.36239249315181
0.4177623069415247,0.11626520802043681,18.497436187675515,0.013885397757164013,0.014818766739335926,712.7436841561059,23928.215334354227,8.240548406215567,29.935235879517876,0.5968999224074594,0.5944612858027206,0.5777734941114173,2.8934954935498807,0.8308218582577053,0.8658851286297704,0.8609460877619377,1.4529212906578743,1.4819748525321315,0.0008921665713364784,0.00831640383626697,0.0002781323902670237,0.05416359929900098,0.04138333042141234,1.1994502922849044,0.7801561390899318,0.9433619416636092,11.82675710575381,5.113872427707897,221.47637801596485,0.9845064270756602,1.0471223176417515,22.199275545830478,41.47704999140463
0.41949751094983084,0.11668867247343143,18.590108913603036,0.013849918508587033,0.01487138777508998,710.9691005752394,23997.724960165684,8.182177688781548,29.922619973094967,0.5993596385439748,0.5939100032343595,0.5809240542328635,2.88642960486038,0.8300941120754083,0.8679497606419818,0.8566779558115916,1.4478673971353424,1.4852846993500306,0.0008921596544695878,0.008281759947962302,0.0002781050221633648,0.053303161072694484,0.041211190205594106,1.1952471777974343,0.7826619734636945,0.9423648399466018,11.7891737607429,5.125689912944536,220.146476953974,0.9818341285841415,1.04496777064394,21.997549580342536,41.42322538134704
0.4214996211261311,0.11591404022413727,18.505800072901476,0.01393921322434449,0.014874613689858878,708.3935611548433,23995.447999111657,8.191800070876582,29.78008901484416,0.5989633967508666,0.5969683907302322,0.5833911775419118,2.8950587420509737,0.8337095966034117,0.8671825259170173,0.8635742968109025,1.4508709305686407,1.490254046294395,0.000896359831342751,0.008264321948808826,0.0002780702790497789,0.05285474184305454,0.04123733992260688,1.1925748833194232,0.7830896208444341,0.9352193917293723,11.84630222503573,5.118470452833804,220.6821877048116,0.9845824920669418,1.0429989364271164,22.07361410640301,41.46216407301426
0.4212619340147527,0.11582003262167594,18.507147915321738,0.013958149708548381,0.014814804321339008,707.9352929258314,23999.36006245931,8.184386977186373,29.63195853502788,0.59959584375219,0.5997306211619094,0.5838796339410653,2.8745603698514164,0.8339704373828235,0.8739724954952536,0.8592384243427705,1.4546266541237864,1.490606873739563,0.0008935902641911801,0.008268467389165153,0.00027697239897546156,0.052499215992438376,0.04111776421836812,1.1982577088803896,0.784488163971589,0.9350977969578923,11.858988550069713,5.095844390421903,219.73033309216333,0.9848102967885445,1.0452732928678952,21.995554876297103,41.569916692259234
0.42133464439895135,0.11663659967121083,18.44425494295357,0.013923927210670223,0.014727232114449,706.232074175327,23883.821280480366,8.118936831304945,29.713471735541404,0.5972532331832032,0.5998542240363733,0.5817512031192443,2.8935006889320265,0.8336632974965197,0.877596030912836,0.8607962075122814,1.4582983607228865,1.4961392050006954,0.0008916777023330946,0.008268130334906094,0.00027653793768489326,0.05199587434022221,0.041007571071112386,1.1996327932609205,0.7803414007579417,0.939291038926172,11.812293051528176,5.091867429898375,219.3714313660328,0.9900305023493167,1.0465885396109547,22.04537438222731,41.48367886164224
0.4199775649257468,0.11612640325936756,18.352286380010373,0.013943996513818054,0.014658661518012043,704.7318773823456,23841.5419595512,8.09852948823947,29.752862008239312,0.5952910046388722,0.5969588234711112,0.5832597485407701,2.8710925565751815,0.8374942027547377,0.8743387207136055,0.8583543542286547,1.4534336657859939,1.4977372103472162,0.0008945162952045816,0.008341445894571265,0.00027646726620587453,0.05182455128744705,0.040765343260550105,1.1913770929258294,0.777835959569582,0.9357053113095716,11.85539838789295,5.0883803433859685,219.5285418894968,0.9915387151900347,1.042553875076677,22.12576163660375,41.38049279613331
0.4218090287813769,0.11586411436908232,18.404421797984753,0.013971204035706468,0.014616275833766587,705.1592094591251,23742.93977272035,8.055813828843418,29.714246995907093,0.5971758370794751,0.5984464111263648,0.5821999363526402,2.86652474080145,0.8414745604293867,0.8752811485985081,0.8620575726502472,1.4597485823273992,1.499801445475813,0.0008962834455858698,0.00838046773125381,0.00027657924590327707,0.05157517824209539,0.04072972087133497,1.1967638181431977,0.779038081274142,0.9357854451430873,11.907106546631855,5.063639651371783,219.27146332554162,0.9916293483025271,1.0397087442226662,22.036260988457055,41.74368075948352
0.4219976331307456,0.1165881554481463,18.340666728024743,0.013949506793565226,0.01466592489317574,708.6856952311534,23711.244371861805,8.059662192093159,29.585325545273772,0.5957719150089248,0.5975742107589787,0.584766526280733,2.86486298250013,0.8418852703408699,0.8728729932061986,0.8590945166580976,1.4589716169734404,1.4911438877459127,0.0008962502619093909,0.008335398447935311,0.0002764239732257717,0.05167920881301343,0.040652890928712625,1.192715611941543,0.7842076581694517,0.9316993510582938,11.86869738873906,5.045487597128057,218.2605583501225,0.9844610514868711,1.0391743351228828,22.147573552265122,42.019920699321496
0.4232565228913208,0.11618298632155855,18.372142871928087,0.013883561098797011,0.014708654241170677,708.9897808649416,23575.82049940917,8.11037541478412,29.585287196563996,0.5941438712951735,0.596474651640738,0.5904193085312762,2.867556657507625,0.8426618159880707,0.8733098757157306,0.8551659393655598,1.4590867429137033,1.4942013112539323,0.0008925591251420974,0.008330757684377271,0.00027623416602838,0.05096573926700959,0.04065568070657792,1.1953592548635437,0.7819908698029835,0.9291421717927434,11.853041306552196,5.049551956759339,219.84956214908297,0.9876552436122787,1.040417275222569,22.216335910361053,42.13623028694645
0.42128151770254313,0.11591640735107034,18.40015814990369,0.013951713794366747,0.014816528296836851,708.1680479172389,23548.974989991042,8.069473191989799,29.65746813980778,0.5928120598520462,0.5958574535351188,0.5910484115239794,2.8596490348904453,0.8494926220330506,0.869015292959003,0.862432050788884,1.4651910395974452,1.4893505220156014,0.0008916195726937003,0.008325549456406848,0.000276787205682839,0.05083311697921362,0.040556442287079296,1.1983201519735551,0.7867461661391442,0.921847549456807,11.913974803171511,5.083482969743968,221.10329625638187,0.9858699588236163,1.0437007799376097,22.34359338169096,42.222538803045445
0.42149171254026285,0.11546283551204599,18.50668105975734,0.013929586132029688,0.01479657725099378,710.5867941677409,23618.7633100024,8.106445343537713,29.52339172106437,0.5944724933808497,0.5955439081242078,0.5911087794395338,2.849348006284758,0.8502024005584685,0.8682532228824604,0.8591330627094361,1.4680763703255013,1.4877492785460062,0.0008882809089344136,0.008301573332344396,0.0002750226888071543,0.05003840806124581,0.04079473994968846,1.1969673472935025,0.776071810489307,0.9197885238544229,11.961005255134436,5.061957837900345,221.58121949708905,0.9834116339305998,1.0443420864516872,22.379492687523392,42.12335570931916
0.4230832899650227,0.11553432856369342,18.438988895268874,0.013872927306575616,0.014872294101249336,710.1094110452856,23671.810663106873,8.069525259700425,29.48152119833904,0.5968612966610329,0.5952862073652908,0.5937184527214183,2.8500217306034434,0.8501905976920877,0.8672048574220889,0.8589326413757185,1.463519111671036,1.48696207496915,0.00089184665866144,0.008308719948934796,0.00027546466228555117,0.04975572392911485,0.040705197429437616,1.199250469777922,0.7785030072092132,0.9206623253095125,11.979768745994074,5.040366346863193,221.08514349524316,0.9861058677903964,1.0445380006660703,22.45512340224637,42.06083286688653
0.4244519658345007,0.11564288782164661,18.351123671385768,0.013937257802192843,0.014859096374566361,708.4103770381139,23718.193524753104,8.07241421605085,29.442475385798843,0.5942924683271225,0.5925334358527278,0.5904932464469592,2.863335378294198,0.855395365563096,0.8668312809421683,0.8570811047042802,1.4622171296588258,1.4826089754669496,0.0008897657037138651,0.008243780705496527,0.00027700237833449886,0.04969531553262483,0.04049430954673871,1.1973829570480918,0.7756251302960611,0.9201278506647248,11.970418966486163,5.027594086484828,220.82398540307724,0.98176517594915,1.0456078308099916,22.416605930652135,42.34664697670909
0.42286970071960245,0.11515223788751687,18.20402426624915,0.013947737442448921,0.014885252202450738,710.8774810078859,23848.181087735127,8.048252479156115,29.291163556393833,0.5944667179228141,0.5933921298042529,0.5903784893098982,2.8700995437954746,0.8584132272215088,0.8693885878611042,0.8549333741636472,1.4589261610971684,1.4754621064852886,0.0008899908474365324,0.008267945810553972,0.0002778272979882064,0.050010376594576356,0.04071947004612858,1.1960168854132427,0.7770807924532047,0.9192257489727536,11.946440094134907,5.0237907948746585,218.34526405112237,0.9823646852544989,1.0444217311834814,22.453710015250607,42.58871771746017
0.423337497532895,0.11530613716404067,18.145080447988303,0.014022236804812852,0.014931903840682112,710.8950219745143,23902.558099856782,8.01497045071681,29.35304367015391,0.5902758658218294,0.5954611651070002,0.5898348353307384,2.8624892633743015,0.8588490377992004,0.8716542079180323,0.8506845891845467,1.4525446020717108,1.4823312410303793,0.0008903997623738499,0.008318837095219165,0.0002772161470133087,0.04998488603514124,0.04075668849639318,1.1957531459155553,0.7741559369212077,0.918280968886404,11.851093338831307,5.02929156261184,217.18165536411271,0.9816049638528362,1.037509914713648,22.471642730950997,42.74230499764075
0.4261046911363052,0.11504457827878438,18.137877974439682,0.01409979097424943,0.014868279563740407,710.1952387485352,23908.827648067687,8.059009731561837,29.254169145620057,0.5898857237450869,0.5958795723018961,0.5877024098959662,2.8590692677313547,0.854979933728098,0.8729978158219549,0.8522075407045923,1.4465666068244343,1.490547896759025,0.0008938295443230551,0.008345544740829696,0.00027698101178488425,0.049863449710128877,0.04062868189771462,1.1949350500828968,0.7749806942421357,0.912839725732296,11.859657831032015,5.014623595234547,215.87929267535878,0.9805691062509568,1.040429788665851,22.441118532400193,42.33415352586995
0.4253564980398328,0.11550390055822915,18.069286873893706,0.014100766247647738,0.014919153810412089,707.3424239693613,23919.692219073502,8.033707589501814,29.328779316516727,0.591879020418284,0.5968277073492726,0.5911813037796331,2.8527545523372635,0.8572740057639118,0.8719545425245556,0.8547719104234768,1.4457989043717245,1.4792125258248792,0.0008881398119696368,0.008302111037538437,0.00027630555729136965,0.049599575871007384,0.04080461610923152,1.1973588404778552,0.777537535237273,0.9078940346428939,11.868273963716355,5.012403567998339,216.27220357672175,0.9830928494808133,1.043255343411319,22.436286042234897,42.31670956044253
0.42535279636361417,0.1153110748761104,17.990693501508392,0.014142917332539934,0.014871836267511911,709.4322427887467,23850.521378423273,8.032440399495231,29.36234376201325,0.5906795062108038,0.5947782832209535,0.5901477402935899,2.8546246628733263,0.8608714893335103,0.8702415897712018,0.8522769591260609,1.4493796999925979,1.4731715971973776,0.0008862465192645949,0.008321163543660826,0.00027673146245039477,0.049122221302787594,0.040673372511118265,1.1923676280668487,0.7824520650784865,0.9030910106648036,11.884056389468752,4.986470442117687,215.66290587201328,0.9776021099104093,1.0383746148412591,22.336170673253314,42.38793946620923
0.4265432129505964,0.11532478016892422,18.05281022087024,0.014115737573362127,0.014898887874947423,710.2105118232722,23843.22201056846,7.996456294011864,29.382147442059193,0.5924409488154604,0.5947374976158755,0.5893887328170357,2.8560109670144675,0.8603799857646841,0.8680732509619463,0.8527692452630303,1.4595197700659204,1.4829304377270862,0.0008909075972307683,0.008255707404763798,0.000276859800513371,0.0489752630683823,0.04082520973230888,1.1915953759726288,0.7880340415703361,0.9079222529360926,11.869361948093696,5.017230506316428,214.9630247892974,0.9792884829674361,1.0412228227261375,22.38657611561343,42.40420025127673
0.42663178664389434,0.11634753631885363,18.024143518515235,0.014112853824816383,0.014947146654747008,709.4387599277893,23897.18186008056,7.992909276728469,29.439505373742936,0.5933679665151931,0.5938369589753537,0.5874331767978083,2.8550426151066315,0.8599954021622701,0.8672549887010439,0.854128082484545,1.4620175178435961,1.482908061499409,0.0008912442889238133,0.008248724095361901,0.0002772266941068505,0.048679178483760424,0.040934592584949046,1.197184051395995,0.7892371380565092,0.9018403153196495,11.837323614366364,5.0151342557648375,213.81621982936815,0.9762715929619863,1.0401220966746763,22.47203969363782,42.52578403134863
0.4275195894404057,0.11664351113854957,17.96891193774168,0.014128888718374272,0.014916601701240761,708.5975185605331,23780.589065868626,7.987704448087043,29.50122740107965,0.5932064779110927,0.5960696560234602,0.5869017194571425,2.856103881268961,0.8610590658137061,0.8691815473780702,0.8559488218843533,1.471560940376713,1.4865616193331925,0.0008933333205107778,0.00817730643700871,0.00027631222687352346,0.0483412488020776,0.040542133626448325,1.199966168992457,0.7940903241750649,0.9118643490407942,11.780973066848784,4.970658096739048,213.57073327068792,0.9733726577343387,1.038529548716153,22.490902616901796,42.51454959354422
0.4267981097700299,0.11656177168149404,18.021796190702418,0.014124599450409225,0.014986463784569862,712.2414312268656,23820.022751158667,7.9609370527018335,29.342882674552474,0.5900249301423498,0.5972485055232366,0.5887226746038594,2.863842702260493,0.8604077397864723,0.8618012124073647,0.8515230288077471,1.47499149599985,1.4794774239432413,0.0008936129408367309,0.008196454940557865,0.00027654207322649644,0.04835238659616637,0.040514570063297166,1.194242745974772,0.7925277799733117,0.9123687345426118,11.829743916889067,4.9559152975542,212.22173403051147,0.9719590631216279,1.0398569688367323,22.456144656309306,42.57584015210263
0.42528892433975557,0.11700278462961541,18.02175751203932,0.014196098952840708,0.014986390239265271,711.1545888980397,23708.64485738411,7.983099334330681,29.401032865105186,0.588156496111652,0.5955876505588908,0.5876978744709515,2.858751865998555,0.8637531757486865,0.8586422009163136,0.8522518723035346,1.4808688395445784,1.480455212122409,0.0008945858296558833,0.008214084181908114,0.00027547071566756074,0.04793321230777246,0.04049053134277941,1.195755612403536,0.7879597834540423,0.9147917196112788,11.795514972779745,4.9434447519642655,212.56239134070069,0.9726457258341307,1.0377995339489103,22.389104294513018,42.38601175722775
0.4261621219668139,0.11671741718332752,18.03252694616837,0.01415126472221465,0.01497327424513273,707.918012510044,23783.831488668373,7.9961888814089,29.377068906526386,0.5828264408632781,0.5946863839395506,0.5896422380363964,2.8625397034870828,0.8667759601099558,0.8630819508617769,0.8469722680313961,1.4770711330647344,1.4773944800081498,0.0008933331834138753,0.008247143265276298,0.0002740073206909582,0.04754554826606218,0.040452528688992975,1.196717977130268,0.7893726810148664,0.9051689879758584,11.851163540241018,4.930375541374284,213.37110190059855,0.9707813168611112,1.0404857250431996,22.3734770284338,42.553096858452804
0.427044881152414,0.11648353549517176,17.999352616889812,0.01413881008927674,0.014989291829225109,706.1811403270872,23690.27933815348,8.043318717294968,29.33775010606769,0.5808560116198105,0.5980180981565114,0.5901041898487099,2.856239939098456,0.8618276676844457,0.8657856090769319,0.8447936363938402,1.46898837008436,1.4743810680381697,0.0008918366822577157,0.008206306634418178,0.0002742065927567233,0.04681527863058449,0.040586126854417766,1.1959234390989253,0.7972877281237706,0.9033514510652768,11.829484980720942,4.901018386940175,212.8431487223447,0.9676227172277783,1.036722909920106,22.24095716114509,42.52036346813285
0.4271328679542951,0.11655197068488779,17.96399248738056,0.014103687192743354,0.01491422368562707,702.5496138727204,23754.127761400283,8.085874849290184,29.219516169244216,0.5803401412258952,0.598055117296819,0.5879024483311346,2.8540773461227102,0.8692160232399689,0.870300100936626,0.843113196433081,1.4717958264153284,1.4722224137495072,0.0008948617129774866,0.008221657166620993,0.0002741971158703445,0.0464961983531997,0.04044560178929978,1.192007762178983,0.7994170092270838,0.9001672475351971,11.848694632495704,4.905026181795134,211.94514371423602,0.9755449799889788,1.0345350295201925,22.27922675212739,42.48709114263508
0.4271491214331034,0.11615663001058228,17.93519256995623,0.014052400110007923,0.014884934591517143,702.3532586930877,23711.4614761404,8.08201263737053,29.239260848055597,0.5793907677608979,0.5989057277745584,0.5917237720982137,2.8578350651262463,0.8657170408048692,0.8685297218131628,0.844502534355738,1.4776705068501894,1.472186424555199,0.0008922010415195332,0.008195729472850629,0.00027407885301530973,0.04600769285936102,0.04041239149046134,1.187888395312501,0.7917495107319699,0.9084949084481337,11.793273253216348,4.90597309213417,211.1499392635592,0.977473156713528,1.0349437696307584,22.25790067078391,42.51835440503389
0.42724460971904227,0.11677971447012118,17.94807182454698,0.013986770460969468,0.014864578761296291,703.5656960559634,23744.782848024097,8.066122544710742,29.151752172583674,0.5808818452244396,0.5976423446871288,0.5894527962604966,2.8670803302319685,0.8628683969762204,0.8678284592350274,0.8419910715370511,1.476552732987393,1.471615773547159,0.000891568013662172,0.008190324962646187,0.0002743465095458834,0.045641569849263625,0.04047442309403077,1.1919705334390007,0.8004320835451877,0.9056972908388972,11.82589912808756,4.877258399156368,210.00863538062245,0.9816142405557393,1.0352331802502523,22.254056156786927,42.4721132768142
0.42634813579932784,0.11696121902630914,18.051983021979453,0.013980818168921109,0.014819373600913234,699.2655441526373,23822.27029001949,8.088826914002933,29.09494753413424,0.5811319508556781,0.5988715392972574,0.593331114603959,2.8676062651455205,0.8614703093425561,0.8668760086227557,0.8421751828945688,1.479354390751201,1.4679238723106192,0.0008935380862161961,0.008199830719023794,0.0002740255274707209,0.045252707069857095,0.04086847666372844,1.1940498998112214,0.7993616280451684,0.8977974612570283,11.7970314567238,4.906723814960152,209.33846138764017,0.9763042768524736,1.0308290703850436,22.329961601815995,42.41204332195892
0.4271230068063603,0.11750145082729704,18.0147555433485,0.013941142848990801,0.014760938373425805,695.1900623859709,23765.822649554106,8.02798686741449,29.140116379131925,0.5853179748256153,0.5989456644744565,0.5936278751823592,2.8594707876511363,0.8596927444768336,0.8676393550350188,0.8392506767967401,1.4827782208749472,1.4728158547583765,0.0008882219397152331,0.008246129448351033,0.00027482369372675957,0.04503188931616106,0.04096951741639322,1.1960326351419492,0.7948617654666251,0.8928535581800986,11.777494360141333,4.91322232299836,209.40691394130673,0.9778635847057904,1.033425354231402,22.484044411105156,42.41544128061053
0.4285810488148126,0.11727654891393133,18.008084939136708,0.013966371433488346,0.014863104676912153,692.0052113922086,23763.32752608872,8.009899784887885,29.235900068472574,0.5832602622186537,0.59861924381715,0.596302035462166,2.8674086845861892,0.868960613962331,0.8657204718525244,0.8387708089660765,1.4816821105960483,1.4619967866501882,0.0008860772768386152,0.008222185778688664,0.0002754840496889336,0.04492370417283341,0.041007673241003455,1.1984563968831299,0.7933986878470287,0.8953257410377597,11.791981937610132,4.893212919092999,208.6993361898504,0.980428705194678,1.0272530332111818,22.472661976408034,42.394909256634364
0.42888487075460274,0.11714767955292459,17.91549158583038,0.014015627810590622,0.014939714137968959,693.3440239177133,23692.194700808053,7.99900810339453,29.230721442640743,0.5818218817098575,0.5968445419935381,0.5968091776887217,2.85492128314308,0.8677467156396189,0.8650858514585819,0.8378263499286932,1.484744964858909,1.4606357503934164,0.0008907449722143214,0.008177621435146705,0.0002765203948237069,0.04495425674613634,0.040650474071270044,1.1946779234890037,0.7956100683267117,0.901170631193502,11.789320985682926,4.878887727913789,207.99968807693455,0.9783056651156454,1.0252628688273087,22.42276091113418,42.384506718090535
0.43191640768041545,0.11725165210904714,17.83835542714618,0.014012998110761317,0.014936004548418933,696.6883553529135,23744.807207621907,8.009899183133964,29.153328233627562,0.5826861783407741,0.5990245325146487,0.5994843914964146,2.853246242646954,0.8680758294825197,0.868512087373898,0.8393433070014743,1.4879666826860687,1.4580913527228596,0.0008937496879236412,0.008163913636024776,0.0002767918265739487,0.04490409585123274,0.04049729101752047,1.1995504580264988,0.7990229068984831,0.8990168135049699,11.765047062361303,4.883415621704588,207.75283161044212,0.9818764175211326,1.0228240196062872,22.369825079395387,42.5689746392866
0.432427710345098,0.11720138111440818,17.785386599577993,0.014025412060393249,0.014883497098638034,700.6023754504217,23841.714081659014,8.013303104324034,29.192133880279716,0.5809007711266676,0.5982414879730455,0.5973098631173139,2.844831216384043,0.8688979388286372,0.8704368455985395,0.8339435715159269,1.4888910505896562,1.4522057287735086,0.0008924904432175744,0.008118073955652843,0.0002758621479716898,0.044850564437812185,0.04061872625712907,1.1939422427335513,0.7984561290200407,0.8939237235289688,11.789745229664018,4.890114341391583,207.4117516017049,0.980886592373652,1.0219247140387102,22.484897648609078,42.30496934757123
0.4306900066020189,0.11736510798158253,17.681737521296643,0.014023175397458914,0.01484162224605584,698.379050681429,23891.134876314074,8.018352593121783,29.17087922178961,0.5821639045570469,0.5958639520425825,0.5980040983290487,2.842768328856447,0.8651812490673266,0.8762207479961146,0.8333993726331732,1.4868450676332403,1.4458598256730593,0.0008914778313388848,0.008051443483955216,0.0002733923140100987,0.0446429069070178,0.04077205647806572,1.188278674192001,0.7972523597094824,0.8956928489272304,11.850041163249063,4.900169046779946,207.1375834519905,0.9824108999771896,1.0193204207022326,22.456467202169904,42.17885146898022
0.4291764592597906,0.11779482296669753,17.63454592083712,0.014029501154794392,0.014901488026581403,697.4195758305996,23773.802312691427,8.00703359330526,29.17055595208332,0.5810126436595036,0.598211543963405,0.599996985192654,2.861272758714814,0.8662778334320842,0.8761302079633145,0.836106378001187,1.4888997463091833,1.4374523853734447,0.0008965934804629659,0.008075864089374126,0.0002741881577203587,0.04457564781158979,0.0406316628968596,1.1921016514443061,0.7915688272693518,0.9018569365116148,11.796750492377543,4.861540414471261,207.31402079085478,0.9809294436724598,1.0209969334221898,22.438208527848417,42.114729533108985
0.42653398820629845,0.11758624781290326,17.620438396588405,0.014088817577580766,0.014867307084487563,698.7940726863608,23761.918343364774,7.9882334712862315,29.27283713480824,0.5781000144315039,0.5959309049792524,0.5983065662537995,2.8519598788502676,0.8693104548093733,0.8808362177047215,0.8343766160559842,1.4814093773000225,1.4347612832817818,0.0008981244553648759,0.008093951547206223,0.0002734282016537073,0.04431787046915342,0.04050679490953808,1.1890310266597235,0.787027151152767,0.9034474515526855,11.789557331955248,4.897479121924434,207.78826038589872,0.9807861562720719,1.0235489625904288,22.3686992699468,42.25372228328157
0.4237668413887166,0.1177375516250344,17.70590323457511,0.014132949050369738,0.014816880039788633,699.2588125026131,23725.493028442394,8.013938327805793,29.19165922997752,0.576046548244898,0.5966085608116104,0.5991723897311753,2.8415435106235374,0.8680025538381901,0.8788350399404232,0.8330521124356126,1.484485955152057,1.4346557981984676,0.0008963147398274259,0.008039991297766799,0.00027258166914550597,0.04392291303186951,0.04040930833395522,1.193530266120586,0.7861181212960219,0.9067468808983953,11.728733067911454,4.925128359434073,207.4719912998131,0.9801926094244776,1.025087164734922,22.42312233385738,42.3766847447221
0.4225235590399274,0.11782288757012778,17.73137116028912,0.014121972404585922,0.014819885473436533,700.6327894033232,23599.67187727031,7.982937671859431,29.210488410207283,0.5755957233198763,0.5961658117871764,0.5997881761102913,2.8437087398611554,0.8753292736755026,0.8786816127633382,0.8349362552169414,1.487881580142385,1.4319449268014663,0.0008910259389728741,0.008034754249703634,0.0002719122076537269,0.04343813079294,0.04032024513282733,1.19924605913797,0.7871825869237841,0.9087477239740015,11.689549241809711,4.948269353153359,206.37172370739603,0.9778100364548247,1.0235182052162621,22.46937259591509,42.23953945423394
0.42352683324931717,0.1171724719935958,17.720564179652257,0.014113255228122465,0.01483313080421775,701.848362298998,23583.189108557337,7.999374938152109,29.276600540985534,0.5743811894411704,0.5944534404561133,0.5997181515735927,2.8566645877338397,0.876065047680557,0.8741499998032426,0.836803382501736,1.490296709302498,1.4249300636667335,0.000892527655601488,0.008025237088629919,0.00027157139985793373,0.04321140776601072,0.04023303788064837,1.197831065579205,0.7879732730429333,0.9099468326096785,11.700583706000934,4.955043208300407,205.0196034587184,0.9798092637820266,1.0224661763805019,22.425880259938545,42.2676115921286
0.42538449702835085,0.11736470587014865,17.77989723837479,0.014064849861178974,0.014841080459502685,703.7827009179392,23754.226149369686,8.011336187216754,29.306240202732223,0.5756808888906302,0.5958104496800285,0.5993483027097484,2.8557213245022215,0.8741543538490707,0.8749200869295051,0.8318570404642739,1.489867912095248,1.434729795851003,0.0008953559364159181,0.008053024372010314,0.0002709391052447469,0.04305980546953585,0.04042875848147027,1.1984535377772405,0.7854843056650845,0.9162608223760994,11.6885720163829,4.947738931789506,204.13168427544684,0.9819027171368292,1.0219158871669438,22.317653766956887,42.19743476045686
0.42398603796301104,0.11785534318169581,17.763792332163494,0.014043956506053884,0.014834874695316759,703.6959116131649,23660.787866356266,7.975848563745305,29.17286617159999,0.5759824635338958,0.5987950992292673,0.5937654228292338,2.8682677777546424,0.8816239076551746,0.8716346208950031,0.828961449567934,1.49615060639569,1.4422643660851275,0.0008942730655875032,0.008056861989895846,0.0002707950593649045,0.042851218197799135,0.04036820023188807,1.1985704081700543,0.7871326624433588,0.9175845197665928,11.76250934916584,4.9286249347143505,204.07754067734305,0.9780677722473303,1.0254352235399236,22.253983073349385,42.15845422689227
0.4210386347211292,0.11831014498852904,17.744823761875374,0.014101395697424888,0.01484370809810245,701.9146810863609,23619.057182339264,8.006263628186078,29.05227376188791,0.5772809119830512,0.5993218863312928,0.5924929664908417,2.851115785533402,0.8792496867617051,0.8706242531555042,0.8281130111677796,1.4887460160804797,1.4442341997528727,0.0008913170692165258,0.00805096514285392,0.00027056956682619456,0.042662921057272374,0.04011285728513109,1.193154922589678,0.7817956233051366,0.9216605274938366,11.717739561714462,4.89844435291202,204.70798916735393,0.9829365072510919,1.0169928457321915,22.412401501432257,42.06028355661206
0.4202232012679591,0.1185520162248917,17.759564384551073,0.0141068474406542,0.014884356095177399,700.7698575826821,23630.51202203317,8.006864635251146,29.076634032101314,0.577313064816354,0.5967312806130568,0.5916334955851769,2.8577536641209944,0.879759841508097,0.8794220254835293,0.8300501039875444,1.495797780843326,1.446069815685528,0.0008940388753059385,0.008050068300994067,0.0002717307865111222,0.042523247423370956,0.040323692199475555,1.1942880215187925,0.7803116549244559,0.9200024375328891,11.738639571603944,4.900563567652761,203.53649193609465,0.9892902126925455,1.0185920425919412,22.364475615887162,42.19476744168489
0.41910180596332286,0.11919235073633436,17.725625434185496,0.014109650856088207,0.014850094979592877,698.1286846808046,23585.671709563143,7.99735875962406,29.05629248180799,0.577789057368412,0.5977738167822094,0.5888930515179358,2.857073987151741,0.8836396614025284,0.8746279439904101,0.8297059821476361,1.4973626354235836,1.451411078059307,0.0008927079791598243,0.008021768341232676,0.00027170472642223985,0.04257117237251322,0.040240629203667035,1.1871388008750112,0.7714458469952109,0.9215308407214923,11.771714647922948,4.908569138933945,202.77660672648597,0.9913975157304057,1.0161680344689823,22.415493554014628,42.12694488623222
0.4183263520844662,0.11990898349104145,17.690937320571475,0.014111921784396375,0.014955963808388801,697.2121849528274,23781.844223914664,8.00794086807855,29.01271200819283,0.5791810217703651,0.5969767955754863,0.5850542125799543,2.8601684280696404,0.8778226922539836,0.8701487897817428,0.8324260828368913,1.4940116123990905,1.4506173902627153,0.0008974759280233125,0.008011816524803385,0.0002710629503710916,0.04197979140298482,0.04029724547474131,1.1911629826837418,0.7708102637208529,0.9161595973886,11.810503511465543,4.914295433423496,202.7926071370037,0.9903306396653895,1.0175199146009042,22.378555928338464,42.24524391072012
0.41704308079145547,0.11970182382809119,17.66771994061249,0.014088049523352325,0.014897491238592846,700.765549042098,23786.060597446434,7.998141884148564,29.02379071473219,0.5769138311309414,0.5929740970809126,0.5844108512111695,2.853816026724218,0.8809581464768654,0.865188414881322,0.8327763887700472,1.4943157722542404,1.4508559109615289,0.0008991116337684393,0.008040564008526764,0.0002700664592070092,0.041818437219826934,0.04026774148897094,1.1846843596913834,0.7683581968076765,0.9146263125605506,11.831915795660475,4.91430041029574,202.40149606655459,0.994660968577954,1.0258601194263923,22.30308024434562,42.23235942998764
0.41621432205172726,0.11938844409104393,17.73521893236374,0.014120352856009474,0.0148312539029264,702.561619733341,23874.325232558425,7.982305436896755,29.069972129073665,0.5754324738782645,0.5962852245799167,0.5877567642600245,2.834593735153763,0.8793037059186296,0.8628052771031559,0.8284215559671932,1.4980863702331073,1.446282041101839,0.0008989116073393503,0.008063345738273768,0.000269576908693071,0.04200341979729287,0.04016580903594596,1.1857466538611638,0.7642214805913986,0.9144685849299495,11.84556371237229,4.914966702623976,200.76994521053186,1.0049075471366253,1.0264943285472587,22.229472405302925,42.13702291286591
0.41792781833839154,0.11905554505937715,17.766609025982646,0.014145898112803373,0.014762923274577998,702.6270641720353,23751.795270499326,7.997436913327269,28.996330112173414,0.578249132193757,0.5958067921131397,0.5882261198548353,2.8377557105628823,0.8747353111612504,0.8599741382497732,0.8275388681837301,1.4999673971626197,1.4427975558378345,0.0008991055512197963,0.008117300508142933,0.0002708668637492923,0.04158976898550509,0.040125757297259444,1.1765751922142678,0.76305979433038,0.9142523058281731,11.755218489133904,4.938324333533329,199.98655017026212,1.010394266297622,1.021115826697215,22.142438064192103,42.036169471236725
0.4185100802213638,0.1193086271318219,17.82408349493369,0.014202884338707948,0.014820821329088784,703.0412255379366,23821.297353668506,7.988487629099857,29.024222433699634,0.581502820944101,0.5933861587637792,0.588114328977933,2.8468823249554993,0.8790729870566978,0.8598203961002236,0.8274145448664753,1.4987483286248606,1.4454142193110642,0.0008965638446276787,0.008109279466519967,0.0002717380952867966,0.04118001348903106,0.04017522723831083,1.1758416181437366,0.7675072991912549,0.9158622637257615,11.76776042243834,4.969646398728298,199.91906562956746,1.016071914155607,1.014131486582607,22.116033479189213,42.27423102538706
0.42003764802192906,0.1194553090202541,17.749698242744696,0.014269950270733562,0.014867172582501458,704.5951275670753,23774.41356777581,8.015804343268215,29.05176876751794,0.5817853455318057,0.5921700655512528,0.5924254311679668,2.8432991360532,0.8827993258315682,0.8590092721600336,0.8211006310720704,1.4974310846759982,1.448882840951565,0.0008959061391600395,0.008179634256133798,0.00027025211090741076,0.0408905685872825,0.04029398013155508,1.1738951730101752,0.7681742381245495,0.9198487034999745,11.72025216665286,5.010613784084735,200.25424223542305,1.0186824112495338,1.0066933459153438,22.131056859555763,42.293297354012516
0.42101552522956476,0.11995398619502907,17.799150386144042,0.014316719251919342,0.014856586990383528,706.1215253615794,23809.190453475276,7.994297663837318,29.248549044641745,0.5812511667988974,0.5939288934869608,0.5922936092776935,2.852752910655479,0.8841079902555956,0.8604346942027213,0.8184165495338077,1.4978217595486352,1.4522813966944328,0.0008998521846317257,0.008107485594565573,0.00026977401836490467,0.04061508734766089,0.040221643835058246,1.173192882036566,0.7656717125740637,0.9225988706282898,11.690396655350012,5.024695511396846,199.18600232900368,1.017858663108391,1.003730463082746,22.05197704871739,42.18552327304791
0.4196656676731274,0.1194513658955661,17.740542992596556,0.01442331662845858,0.014885382500461931,703.0531654229809,23912.073647814097,8.051302243579887,29.135875335595145,0.5774864264965566,0.5913349673553878,0.5917565669928462,2.853954561061794,0.8868724143980068,0.8569956421271423,0.8196682117362104,1.4911599717940451,1.4563043851029427,0.0008954515590055301,0.008122291313702876,0.00027015762288625574,0.040342500943364674,0.039992734799863684,1.1710878310751103,0.7643519468736173,0.9182380268111409,11.706190554436857,5.045009843732071,198.89103768501707,1.0180345601140712,1.0051036530579274,22.06542753823045,42.11632357729241
0.4204915519570496,0.11946659368679002,17.682680694547262,0.014379845427984298,0.014914190886572531,702.3090245974067,23876.120373875372,8.0518360640942,29.129396196686177,0.576800324464248,0.5910081989988992,0.5911148973193959,2.8413197821965643,0.8856736963590295,0.8591379308430741,0.8157817431586012,1.4948128817325865,1.4584651658827659,0.000891470985056002,0.008158031455366537,0.00026979986672207625,0.0394835601733546,0.04008818885358509,1.1723129460341088,0.7661901200915162,0.9237753619574623,11.717110734418458,5.054115300405522,199.09074456411332,1.021591400223408,1.0052614015354109,22.081549400836135,42.065020662974696
0.41994999889133944,0.11924918249451107,17.7093929210502,0.014445424046320113,0.014839330535877347,702.50723281015,23877.435539126665,8.019692142775947,29.028786159175034,0.5750155029093059,0.5908807031618648,0.5889472104452113,2.8426201584282293,0.885725177577017,0.8565467675976214,0.810832007620783,1.485026822710154,1.4557573827493178,0.0008885398566889505,0.008136373386610727,0.00027078165060875296,0.039347712068733526,0.040479082388678915,1.1728086963736997,0.7708482100792441,0.9195322594698145,11.782589354935682,5.0366062408847565,197.43144197868165,1.023367580851995,1.0068991999261925,22.09226832444602,41.814598490919856
0.4224119435939687,0.1193667461688141,17.67982368385086,0.014424596376747338,0.014910921331979804,702.7812049623412,23911.489147520926,8.004247440287914,29.01849791974346,0.5764550506374346,0.5883818816043145,0.5900120688384943,2.855767967133482,0.8883089156485585,0.8584661987436876,0.8051227543034538,1.484086574488583,1.4546725792187394,0.0008848338698602446,0.008168729999982442,0.00027189551112305726,0.03929494318794283,0.04050928666849089,1.1760845606062806,0.7694040427696682,0.923973303219568,11.71207225972,5.000005281729385,199.15560511430738,1.0237624428922234,1.0128608456067378,22.138148732826078,41.738864564174335
0.4222869203794184,0.11897433470482983,17.69182431633146,0.014490030096899998,0.014908604500997869,705.5616948248918,23977.72631181693,8.049020604886971,29.088769104932975,0.5749281481911249,0.5901166568768591,0.5913668008452401,2.8540261279387313,0.8893678597276191,0.8593410457274735,0.8084485365146823,1.485188364487787,1.4673462967032656,0.0008827066285632688,0.008191273867960416,0.00027198904746096814,0.03909439336271735,0.04046437045041035,1.1808053707341948,0.767300355708256,0.9241669226742898,11.67837741809107,4.960532316854089,199.70020636698445,1.023898509804377,1.0169088939299535,22.200570840972247,41.75348457593065
0.4209769139112923,0.11877803749465589,17.771598220630256,0.014461811583158108,0.014885631664841222,709.6945344779298,23950.36321518725,8.071441276580115,29.1599830139399,0.5730166838806098,0.5882274568881062,0.5912408517142108,2.849577224336536,0.8891748301666305,0.8580483982578292,0.8095590252568768,1.4880185749439176,1.4666465831644582,0.0008863646424058753,0.008255907796621007,0.0002705360202331373,0.03882721771132359,0.04042402436216327,1.1814243996974296,0.7643800133142555,0.9255226075075513,11.733215325395978,4.977525103957579,199.15084435367126,1.0188415050634287,1.0202115643617797,22.227720822069568,41.71773212329562
0.4212452786081688,0.11845617085184527,17.843459095843176,0.014390862066517362,0.014872281846405464,705.880556090904,23828.9597816108,8.064569100502109,29.167857320879605,0.5734287352070068,0.5863874385394858,0.5944574700071198,2.854066508497511,0.8890444160855332,0.851438344955626,0.8085472184385165,1.4998445304569217,1.4664870756350796,0.0008906727083721967,0.008258572621400983,0.00027203256515217074,0.03852277660461801,0.04023089770268217,1.1778809971282687,0.7624636262376504,0.9143234597909199,11.75196187040765,4.99187863338105,199.53247763121192,1.0178801785801066,1.016169935377132,22.25393381527859,41.57616563324643
0.4223568007979733,0.1175797278288905,17.8244224994448,0.014383206180900754,0.014832217031790728,708.74696328722,23854.104247713967,8.074542081232806,29.186728715252617,0.5732537436884063,0.5881203050308443,0.5933436823132116,2.8577492957963297,0.8844461604364396,0.8569078930784139,0.804443543888724,1.4953359411023486,1.4731810229824358,0.0008935054910414259,0.008290325569123758,0.000272060311882067,0.0379171848750694,0.040261255651735973,1.1840152042280823,0.7662066547606315,0.9115987994051052,11.759969939577074,4.990073482688173,200.4793766634176,1.017219149912755,1.020337889842003,22.232115992494077,41.40913876814803
0.42281022947797314,0.11750479507807611,17.793951694591087,0.014329348039195252,0.014845668192686937,709.2603605069128,23697.09388264797,8.091663985427893,29.22399527238806,0.5755757433497953,0.5863550287440837,0.5915437020083864,2.8493851857202275,0.8848738189062233,0.8569654967376408,0.8057276182477745,1.499612892058848,1.4694556784120592,0.0008916246692955982,0.008277141722949485,0.0002718756331416724,0.0376425998592948,0.040171728854210345,1.1856868899685473,0.7643196005036748,0.9007914641908831,11.77802632648818,4.984196491446007,201.02947849920076,1.0200304760876462,1.0154836660115605,22.19729615617152,41.59420560992032
0.42328844796575027,0.11749806040740439,17.789734007031694,0.014409990953663953,0.01489671150880585,711.6481706456294,23755.397907437975,8.12228597770818,29.18445860175081,0.5723816003942817,0.5822359609880515,0.5921312794285768,2.8578385644195063,0.8834052124956365,0.8532798450260324,0.8070459599078413,1.4975653172475216,1.4636130891041368,0.0008937084331696883,0.008340032397144658,0.0002700911105355653,0.037641868387356475,0.04022734128190826,1.1896795243585,0.7644090664148325,0.9019239561385545,11.759127403411618,4.95262757521223,200.7602824943525,1.0153205853082692,1.0188199825819217,22.287255364352152,41.78763975637689
0.42412941295249756,0.11689079551274048,17.805781473820925,0.014457087764826144,0.014966980453405831,713.5469567430293,23672.147987086755,8.0625896522029,29.1742775417237,0.5736930571442952,0.5844088297406822,0.5921622562354958,2.8675823187021616,0.8811912269202483,0.8499889545899207,0.8046785630841008,1.4940250757107123,1.4605788802240487,0.0008901677343175923,0.008330596530845537,0.00026873761145187526,0.03708481343532897,0.040168683468924674,1.1871290394211698,0.7620561151969407,0.9034319888862603,11.760295291720618,4.971567757682096,202.0831863811107,1.0180270843245245,1.0165370101616962,22.245743442787163,41.67046305037491
0.42607310901464207,0.11623931955892357,17.83660745004714,0.014544445722933601,0.014940805850470595,709.7907959601607,23533.79489525448,8.062301841732486,29.128280026007474,0.5762220726469985,0.5813959189656287,0.5906561406376816,2.887751852921687,0.88200841018068,0.8507316730431355,0.8053120937235536,1.4969257071025606,1.4519062614350402,0.0008886264917120815,0.008369979362754226,0.0002699044388607221,0.037036087801036205,0.04017596769146857,1.187497410030836,0.769057537092007,0.8972270004805313,11.70991294306642,4.937039523783393,201.3347178099765,1.016850130471382,1.0169016691199126,22.096359565611582,41.97255215509306
0.42522969133973726,0.11632501748416813,17.988969941548653,0.014538912512472635,0.01490026970264879,712.1062743082932,23459.87400081376,8.072500153564919,29.222168139961965,0.5746154754212988,0.5793525269963911,0.5892664872054543,2.882294846601745,0.8865993902830438,0.8532106924992895,0.80966553901158,1.4979202426318141,1.4539437173744285,0.0008833472275066155,0.00843128381238878,0.0002699466264463761,0.03682886753630186,0.03978134169488988,1.1958859534926822,0.7673026724875742,0.8889870406834048,11.666386936154332,4.899512488790067,199.9764106724774,1.0203228481639466,1.016508494539119,22.114522887644547,42.22369736788736
0.4263655684883642,0.11559952040830344,17.985221209167147,0.0145862979992058,0.01493375679312343,711.9311552071723,23475.30173230839,8.104611800946067,29.215268618452267,0.5759404251197169,0.579535042846794,0.5848782299803645,2.877969976916725,0.8864108072496343,0.8532517539365077,0.8114793736790773,1.499879999415519,1.457178920681849,0.0008822367092598276,0.008381296781529515,0.0002705444683138529,0.03646883100997053,0.03962637423254566,1.191980828714427,0.7593165428973986,0.8945671493166056,11.65509055177996,4.937363856566329,200.25226312330264,1.0221942035813019,1.025508002424638,22.236174861730095,42.55630543292331
0.4259963923957664,0.11548066082878981,17.895416475442353,0.01458565942045406,0.014988574294218892,715.9650572906144,23416.762960778604,8.158787657570853,29.38912658876051,0.5760135812923437,0.5797081919701342,0.5851650908202557,2.8665146099792307,0.8858870159315977,0.8549344734329333,0.8159615389745853,1.4986870502168117,1.464449848591934,0.0008863756217863817,0.008365162490020863,0.0002707290470782238,0.03599678638015497,0.03956129413428388,1.1924686016887107,0.7597528332395849,0.8931402629298479,11.619912774838937,4.949201041537439,199.70946979786467,1.0213243861332253,1.0234534563337894,22.269881055831863,42.55972382742447
0.4253544783974889,0.11599536510102955,17.882521815524417,0.014567225859480705,0.014913329051462424,717.3980003285134,23478.00695571164,8.126549427991574,29.336442436437974,0.5787810769033027,0.5810161100090412,0.5865435868480802,2.8631490120009446,0.8887822810516504,0.8574436565404708,0.816047424370739,1.4987063878001965,1.4678566891476545,0.0008854384422236959,0.008347891212366006,0.0002708819630958645,0.03550921704636615,0.03943119691722379,1.1896184525476818,0.7661912304576352,0.8916576783339564,11.607341727582023,4.962746439915871,201.36400666319423,1.0265146838757382,1.0267584147131519,22.44741703635801,42.56790291858048
0.42523358258009225,0.11613858011793667,17.916509750951594,0.014572456927671467,0.014938369439973316,712.4465407252554,23435.13237304945,8.112560609699345,29.400964607293943,0.577187120096892,0.5810011450884062,0.5850206320794937,2.8551474646721715,0.893782052966032,0.8562571514454685,0.8182762700341516,1.4904747130353166,1.4670412271796962,0.0008878455549380625,0.008391044323421292,0.00027136533303602565,0.03547753249003101,0.039563110747380184,1.1875315625006773,0.7655692276027284,0.8943643836270936,11.564384569175896,4.960312153687697,199.56869754644748,1.0271358589886,1.0328176709052856,22.389399035797688,42.66837058689356
0.4234494490902543,0.11673522128709765,17.946261790646098,0.014511599138459641,0.01497657582992394,709.9774798116417,23436.615656332244,8.126393613226242,29.268047365850624,0.5771628950225884,0.5810740138312697,0.5857681993141745,2.85913382821683,0.8951936446715177,0.8534362468425026,0.8177842509724313,1.4868258531021132,1.4755840062132661,0.0008812882251020234,0.008420381653671432,0.000269186230203183,0.035232616753534216,0.03959879764585204,1.1910475157938514,0.7732118718927372,0.8970055698543831,11.583711955434838,4.983787424713324,199.7243629188598,1.0257585456471556,1.0346774117828663,22.366743104992015,42.763198251345955
0.4254757747213558,0.11653099550832155,17.967128801934717,0.014523216692296271,0.014935271336946263,709.3638115149004,23528.369192589216,8.143514766732803,29.200465438056145,0.5769447745783252,0.5810138995020065,0.5836065173496267,2.861090944819492,0.8969377977419822,0.8499968321773618,0.8187726941910948,1.4889189174882387,1.4719024592889536,0.0008806512499735979,0.008377549741664447,0.00026772657193472254,0.03501638671426048,0.03937810747892477,1.1992736637935508,0.7702790544598352,0.8936462544398036,11.530497709184033,4.984504880959664,198.1233444811223,1.0218579068662965,1.039259810520585,22.369608039907998,42.991095635885785
0.42413985499229184,0.11659513900579938,18.02775648403167,0.014438038432389524,0.014941181015938413,708.3949529487572,23572.887811228014,8.121153033332654,29.22182471536974,0.5774942289704567,0.5799703370333379,0.5818000426333402,2.865878369666881,0.898331190061957,0.855681959647405,0.8162143529917226,1.4887143409385373,1.4776112775510701,0.0008798802483371438,0.00835535158564092,0.0002678127898607492,0.035098436169656896,0.03933150699601862,1.1938389524316362,0.7730241568743781,0.8901856445647245,11.624444280374833,4.9574402789148095,197.34132212477294,1.0276761555477358,1.0379299389750907,22.28004897948765,43.217904619141855
0.422341774792889,0.11622279127910876,17.995469230731953,0.014453584050307796,0.014961532073218764,707.0630003644628,23575.62793650631,8.129635598741585,29.071319645999253,0.5752404274512426,0.5818504387367398,0.5833309143131198,2.8723630987245667,0.897539367160385,0.8584679869342187,0.8177284751760616,1.485367957542665,1.4860917589071128,0.0008792918100257883,0.008368667928902384,0.00026757773427002896,0.035013011005154616,0.03947247788085343,1.1901497257981124,0.7644978537055355,0.884548610797815,11.598439926398772,4.961361145163204,197.75074703404783,1.0249751491099244,1.0317556403724704,22.318986473876613,43.18596579179839
0.4218708443104367,0.1163471890607857,17.935926631119703,0.014394215101657577,0.014958859229742463,707.9422396683503,23582.771824726555,8.155659868021647,28.856121822567232,0.5753080872973515,0.5807481819694191,0.5815441289734246,2.897765482446056,0.8978873914256452,0.8595433086783714,0.8175068396403727,1.4878693914271153,1.4918265554591117,0.0008775038944033044,0.008300957574718283,0.0002661474679894168,0.035017940201459714,0.03937001838211046,1.1869620218132704,0.7648514830949281,0.8916628173681862,11.51382218824316,4.956854800030828,197.5694171177102,1.0235368861845828,1.035672343405114,22.2646199827615,43.14258709772842
0.422425205351593,0.11565796519466891,17.860259569356472,0.014407210799459374,0.01498812151019405,706.0816267988155,23429.043791849705,8.213398415547031,28.775926371717638,0.5761450968362902,0.5798967891056914,0.5807311457039485,2.888824316268796,0.8947194673828198,0.8563854219404636,0.8196442012736329,1.480955914344832,1.4972638235248728,0.0008753659646423532,0.008305470973131068,0.00026660947185470435,0.03503265659746505,0.03933703913825477,1.1851175902975533,0.7627012788659636,0.8955926986726082,11.465762867978661,4.947848030479175,196.6907420234937,1.0208166493602895,1.041619555643311,22.396718319139275,42.95523020648002
0.42187791105625044,0.11570394553377983,17.90419625844888,0.014325320396348972,0.01499206244853121,707.1849206935434,23386.888177671048,8.213294048313445,28.797865974719397,0.5747506525670117,0.5780184866449586,0.5816882329991689,2.8880826985801153,0.8948456908960483,0.8537656098813,0.8173391617182166,1.4786531623749442,1.4947632284269425,0.0008715837022643496,0.008309457755470982,0.00026509739769612934,0.0350736949389792,0.03928537563987233,1.184947881516393,0.7594956027003738,0.9011612537702992,11.514787374519809,4.895152595588639,197.20618354182923,1.0255334783177732,1.0442720278018882,22.397386092330187,42.80782285960146
0.4230508023199122,0.11621001104202507,17.976288981815106,0.014240883867129463,0.014953097972857389,700.0126582714845,23422.42345355555,8.234085086705798,28.71523057871639,0.576106399384468,0.5812246301079175,0.5862925325930306,2.885658514237117,0.8936414874774595,0.8518757936794208,0.8132382355571611,1.480463298279061,1.4967855928132225,0.0008689971966479298,0.008298578378135728,0.00026369668826890547,0.035054460734332556,0.03937071501823647,1.1863805085046788,0.7578026360864941,0.89523967361747,11.462261928428445,4.875239740407224,195.407354435362,1.023308251058582,1.0400128367260542,22.421142097576382,43.01193933194646
0.4235279034416787,0.1164301540224364,18.033047017669112,0.014282289287086256,0.014998066435978646,700.7913604707949,23355.92488965022,8.219352587237776,28.847605630765585,0.5760950839402049,0.580476260774959,0.5876392756084144,2.8737812728639387,0.8965797032316636,0.8431874458692544,0.8144216076200241,1.487028991486646,1.496085745417261,0.0008708286367084486,0.008291884926788387,0.0002637581779449474,0.03513146754990776,0.03976670472826424,1.187591058855965,0.7633123950291852,0.8950031570451848,11.482174825172269,4.84649874155345,194.28271511757566,1.0178989003967154,1.0433129197019693,22.496630302514287,42.96496019561968
0.42460665022380045,0.11571354232650317,17.97160998651695,0.01420076852518907,0.014974909868933557,700.7353376657288,23444.95588562844,8.22847188812477,28.88114164637534,0.5765602253188783,0.5770209501807464,0.5914113404188028,2.8711381105340137,0.895392354257285,0.8437306831488064,0.8151408041637621,1.4827225436683622,1.4885904512962953,0.0008759589804071623,0.008260496088260969,0.0002647947796717866,0.03505375718209859,0.03972073626879931,1.1783494365720921,0.7626025969455144,0.8932984344906068,11.47379443003187,4.859561741351184,192.69886123895057,1.0192246776054605,1.038920033061856,22.36827388377458,43.15485047136175
0.4232603741917344,0.11598970690342711,18.12626025033711,0.014161753538517867,0.014996962989746863,701.3443713408469,23449.776690250696,8.203082465563895,29.04693742415185,0.5720826541757603,0.5779411511622556,0.5899172783132428,2.8738285452778296,0.8962414913581362,0.8389883915229374,0.816394108694343,1.4887582389200502,1.4856749886759726,0.0008781553488804225,0.00830391150266848,0.0002638980161824368,0.035033279505789626,0.03974265183839808,1.1758167888290814,0.7642510640020196,0.8879406581552954,11.527748713590395,4.867691674200631,192.45182557305503,1.0189826436138572,1.0413027770794876,22.314672369205464,43.104991557496646
0.4224665435739638,0.11657242049606985,18.156362542230962,0.014182868057535974,0.01499029969032887,701.7810164357568,23378.406076729756,8.177090364360499,29.278609864431704,0.5723665624439781,0.5765475698795982,0.5879897454283145,2.852954256680165,0.8966255975082297,0.8407310985014993,0.8150555709867345,1.4877929024321084,1.4870613080002992,0.0008721288192467594,0.008282508451265356,0.00026504717801251475,0.03501142772034129,0.039628946463757156,1.1769517382005892,0.7615701183397394,0.8915360702750084,11.563647332603681,4.856847488861302,192.61754734990154,1.020074586418971,1.0382405849111382,22.357668927123033,43.13343898061477
0.4214164924516032,0.11660013452073442,18.23466877011075,0.014144149364953264,0.014984457378209136,702.1316988719378,23394.12648221566,8.156942897071882,29.206317069073126,0.5739861551890625,0.57466913013235,0.5875823952918952,2.852423756128595,0.8969851894394011,0.8398352785864506,0.8140917453016899,1.4847536668960495,1.4870727108471884,0.0008669739571013244,0.008284412109684607,0.00026534247957871036,0.035117331244014026,0.039359061175206524,1.1718291556946192,0.7605602428531982,0.894508278253981,11.51824769461297,4.867021442809267,191.75944021417317,1.0207061902888157,1.0404449032609422,22.37369686540474,42.99388421889671
0.42456207356514175,0.11647902968457821,18.20022193964947,0.01418477003287206,0.014948825489657126,700.5376170140271,23344.951701863407,8.176395117004692,29.211994806220563,0.5743455711506262,0.5738666044824214,0.5893670590525066,2.8401711365543623,0.89895770565443,0.8381659353574619,0.81311863836961,1.4846366469388408,1.4747747330461969,0.0008694084021271103,0.008336439154712738,0.00026540241358439116,0.03511802250377,0.03928732126318721,1.1694293004130678,0.7563632119087601,0.889973977610764,11.522269377710687,4.853873012737792,190.9154429664101,1.0188985418210013,1.0411151345782577,22.473931022838613,43.12911324995598
0.4232439629887688,0.11660905630157442,18.19964673422777,0.014131674127101474,0.01498446689069028,693.0076437991362,23326.11020657714,8.166606154281796,29.043522738238167,0.5752302957426024,0.5748249163503547,0.5874724356398294,2.8339148774694083,0.8995985585262254,0.8414565693326388,0.8144902987954448,1.4838364281084715,1.4798180272532493,0.0008641078077502813,0.008358741347463174,0.0002657062469134817,0.03500167430652399,0.039124596527013736,1.1699834819173214,0.7687147472034968,0.8920119466452429,11.59777945142152,4.876204456588095,191.9214968222894,1.0202263665533622,1.043889779884341,22.499460871321844,42.96942946959788
0.4218543767974113,0.11623500877496175,18.17224407119857,0.014193844623049193,0.014985576206984411,694.3028731452939,23299.521584567825,8.186265846877353,28.93424119471617,0.5750290317313856,0.573290844176193,0.5860584774774718,2.856083984114948,0.8987101140341796,0.8449164933175201,0.8130871007730334,1.49341067597637,1.4794515661105057,0.0008614007427805011,0.00840786290416434,0.0002656020746623022,0.03509654208926702,0.039240446748368275,1.1790895526542986,0.7733176806593599,0.8892497431531309,11.596914219970936,4.8613664196124535,190.24836882028586,1.020925724290092,1.0464134728388113,22.371140470100674,43.01017575954469
0.4236114233201565,0.11669472841666911,18.160477113516645,0.014149607991775032,0.014983273688664355,693.8860296190476,23376.308924097495,8.182845380764476,28.860869271910637,0.5767707224544153,0.5734704962585769,0.5840707253460515,2.857570362382821,0.8985942468358732,0.8433854722715406,0.8148908606223579,1.488187961441121,1.4723365508774575,0.0008610981223416267,0.008389070065833466,0.0002639341583909565,0.03506821850331857,0.03926865140554981,1.1808983869843213,0.7681142470047317,0.8896201825909564,11.578584616644296,4.825566681650139,190.1502105557546,1.0313961168722416,1.039703580539808,22.245502355595836,43.275642487820555
0.42565455215578574,0.11692114994434391,18.18389349631885,0.014147644992108072,0.014996403688175168,696.1398807582492,23442.067024513686,8.171026450334185,28.67571030412512,0.5795372679387475,0.5768720260483546,0.5809651013514834,2.865362987464371,0.8966414299260403,0.8452830405857752,0.8130578785691012,1.4842864440535823,1.4709285544269337,0.0008565500301925251,0.00834005257740287,0.0002644615033538222,0.035088040383871276,0.039336816912879914,1.185580014789502,0.7751615089431707,0.8932534702118028,11.588396151362009,4.7996070184978255,189.14794199406703,1.0285898669579434,1.0406151056430673,22.25342815425079,43.21084222784725
0.4243956803688917,0.11696027143255311,18.160685247589328,0.014180978332580354,0.014988205592719161,695.7717260667902,23409.14269084714,8.127782860939078,28.690812196063632,0.579832937956569,0.5762908376996646,0.5787306878269929,2.8727522135948877,0.8983760542729297,0.844987384554694,0.8132878128107764,1.4824547484084618,1.4706266611310943,0.0008612345856527186,0.008364746250013735,0.00026541234673731104,0.03505720577654203,0.03927704306970772,1.1852009620955644,0.777835381658711,0.9029697295842881,11.575316953293344,4.8167338040711645,187.94209254160072,1.0289445996909574,1.0409976296423706,22.233493165120674,43.13455712141936
0.4238621780894974,0.11687465607135529,18.123760626107927,0.014248356270396832,0.014954742575326441,696.6882839733642,23395.41730252341,8.153594353816755,28.65102121777369,0.5780737468158688,0.5773308480035731,0.5801117580704375,2.887594343083381,0.8981449154928284,0.8478410347423344,0.8183488820660652,1.489300748303759,1.4673418311734414,0.0008632749447495694,0.008370472278297937,0.00026488814368677566,0.03503726567601766,0.039325716792856645,1.1833538337695406,0.7782216745263378,0.9100058698944798,11.52441398651608,4.768945542367445,186.4601504879919,1.0259555056974226,1.043668998802063,22.25323550865254,43.51870396322405
0.4222044302519213,0.11695059824784367,18.14790169525708,0.014227851200842405,0.014981279991250592,693.8116917546203,23581.991951623273,8.131308587397658,28.733728835576684,0.5760059919538658,0.5790403379160091,0.5808589471990789,2.8784745586341307,0.8984151324368636,0.8426909305153949,0.8187586158205173,1.491982914470214,1.4659243108805784,0.0008629153812831601,0.008373877618122052,0.0002653558540024555,0.035269457873821596,0.03925857392284402,1.180398952499324,0.7779220997576298,0.9139534032128152,11.508973560709821,4.7836468244667785,184.03299549121263,1.0249284695587721,1.0372192968999852,22.316499285435977,43.58224140386966
0.4217524960432164,0.11696282861007572,18.23805164864695,0.014221798866689648,0.014965696312550732,690.2025089382088,23673.88821809633,8.1237867653871,28.84524524657129,0.5767333539883474,0.5768358110640152,0.5813328538489926,2.894545444861777,0.8960303935813141,0.847141079308696,0.819855257231489,1.4879180590277998,1.4662458605611106,0.0008607565960911674,0.008377250818538224,0.00026410142099098473,0.03510648766035624,0.039239143360856654,1.1763207313508917,0.7774727299650694,0.9137061224396522,11.515742888072863,4.7853722936100205,184.56424896777438,1.022499225083585,1.035362926263893,22.37384154278788,43.374651741896486
0.4220888753136547,0.11712923606486189,18.146661052939816,0.014285220546277492,0.014991264649451047,693.4540368599722,23586.10390087191,8.114551711135453,28.695310135104453,0.5764239090061053,0.578634301815729,0.5792306953195704,2.8933119514624335,0.889515489027182,0.8503578352829466,0.8156915078298697,1.4906065881597141,1.4622189417347786,0.0008611350419500594,0.008398016617865182,0.00026408376394055776,0.035093019530367524,0.039180147116871136,1.178278503889192,0.7685174119576148,0.9176718162766218,11.523051517571009,4.785425061378178,182.47264177976018,1.0251314500189312,1.0368915449577722,22.401484653970865,43.47699570262435
0.4240177362269747,0.11708750282750315,18.111851000324616,0.014358500472988674,0.014991302272934113,691.9898150979565,23677.11546820084,8.077697549475884,28.78030322534846,0.5779820235414062,0.5761922315028679,0.5793363542915717,2.9031723749468394,0.8857701472347627,0.8501077072555162,0.817852901452777,1.494861199606094,1.462480550758171,0.0008647221724181592,0.008393562938325078,0.0002626375373778725,0.035082144021918824,0.03899408829479006,1.1836744882433476,0.7691529930813841,0.9134625062487889,11.451082015155528,4.778436508984819,182.8605102345509,1.021176066304928,1.0408826607962691,22.419631320971764,43.424056556653866
0.42207900707154705,0.1174434599830117,18.11347758981178,0.014387923380663773,0.014978829747139079,694.2230348849632,23584.088643571304,8.056756908591119,28.700917587725584,0.5776152480992424,0.5742643884813572,0.5768006834548185,2.9081105008300243,0.8868747860983602,0.8560492197903029,0.8195710087000565,1.4957359035052893,1.467874044712065,0.0008626438530556058,0.008381662340646547,0.00026454997603964065,0.03503313639501305,0.039253631025450444,1.1875055413234312,0.7615707238746672,0.9149498103955015,11.428887312159047,4.756718123438558,182.85860826824762,1.0177665535440004,1.045177077998807,22.39622907498222,43.22129605289799
0.42143322691670865,0.11725891884931616,18.177583179290412,0.01440445353333865,0.01499559065207992,693.449463975892,23543.816566605055,8.053827634708002,28.58394255255161,0.5817388300585433,0.5739262948120211,0.585370001851263,2.915444757588747,0.8838599174517355,0.853218455919597,0.8242689974297908,1.4931217403777601,1.4691869672132478,0.0008712023733043263,0.008410316206554292,0.0002652473435282833,0.03501791625651544,0.03938744288470089,1.1943205881661998,0.7645756118450326,0.9197293178069303,11.402103176557889,4.750905872719158,183.1295668629059,1.0206602564733578,1.0499812994086635,22.417518421436146,43.15013383271125
0.42115426341356865,0.11686630269396832,18.1136565282869,0.01439624024686959,0.0149439430685121,693.880765026154,23575.11575094886,8.061311616610315,28.608717630717432,0.5788187891358731,0.5786114654485376,0.5863017644676205,2.9103604647109775,0.8850831363802013,0.853526333638078,0.8213560304091266,1.4948335267918293,1.4698169110025427,0.0008704475682993806,0.008425028954223934,0.0002658566316600023,0.03505344992216487,0.03928685050768488,1.1996293859686435,0.7487698430344492,0.9190091471243247,11.330642959511163,4.744842450871765,180.83722498320535,1.0182474270840343,1.0457147584400839,22.47706942882838,42.98771824315742
0.422128307516397,0.11613768343906523,18.099783660834166,0.014456596743942462,0.014954388104210353,688.8331985911352,23639.062839483377,8.078801536235348,28.49122240671684,0.5768063483991129,0.5775921950060791,0.5865556715322363,2.9253861072743232,0.8811513254640699,0.8558729206310153,0.8202318296871375,1.4924211174421524,1.4709031330616842,0.0008675410209567149,0.008350617851593372,0.0002641086128535911,0.03501062228588859,0.03924704531475121,1.195727719681982,0.7490948724605143,0.9244973457889973,11.318855459385901,4.739400218991271,180.54440226288955,1.0274270421429024,1.0437702454798088,22.324485901650757,42.986502208082385
0.42237395771637565,0.11601587982046595,18.175751809943556,0.014530697355013835,0.014962513923649468,689.6767319879954,23746.89386052063,8.074175776543543,28.4407391559566,0.5747803049454593,0.5761898224645563,0.58585312768865,2.915994889372784,0.8871768436598438,0.8501953843861352,0.8214832029645791,1.4962314614899774,1.4808616846433116,0.0008751671196181472,0.00835920243327952,0.000263265357262145,0.035091094058153846,0.03915852175114095,1.199305824060818,0.7492334273480586,0.9295435390643751,11.341798616690054,4.7555243669237,179.76603636614848,1.0301502100828293,1.0419778164610263,22.4226510215437,43.19209585914687
0.42187311844576875,0.11594383904663068,18.189359370954545,0.01447856378201293,0.014960312006457685,689.0476139841352,23720.176228029617,8.064682856628108,28.580351159937113,0.5737221244065748,0.5757806830180418,0.5829237134028009,2.9074230057146835,0.8906828898728824,0.8496111290197444,0.8229461121751015,1.4978994261480552,1.4788016547694618,0.0008719355255862207,0.008349710006652267,0.00026385839203673365,0.035187337652950984,0.03926952682396467,1.1964996671639376,0.7503624390163941,0.9258612391283665,11.253201262726696,4.705426288242236,178.34393053319118,1.032617677171593,1.0398497889766023,22.484853117038437,43.15749526744436
0.4232040479670894,0.1159821205924866,18.10751586369194,0.014539404986631225,0.014996526809995081,693.3287873280145,23851.556863626123,8.093444814646572,28.584821663694054,0.5768608836331122,0.5759463095708157,0.5803964347475113,2.887102588366663,0.8836765724074639,0.852570735951321,0.8215797926278318,1.4988351107162001,1.4809277487520263,0.0008682177994326168,0.008348938050246746,0.0002634702484528895,0.03504638072624321,0.03928658064170323,1.194082098371148,0.7507741986841312,0.9243709569740655,11.293457648649547,4.707585540958746,177.9896734710779,1.0320366186815213,1.0461549293485521,22.421539503407075,43.21301462001557
0.4253982100426053,0.1152174195392255,18.083869365146462,0.014632977847286557,0.014987965870422087,691.8202437145586,23859.53908971833,8.081160543775066,28.66845350432734,0.5776887423396594,0.5763900665382233,0.5784063027626688,2.8937339828089397,0.8844595922499311,0.8531917727430354,0.8228139865163885,1.4997253265367856,1.4693277096511983,0.0008688686243347114,0.008384493298096958,0.0002611605694183581,0.03523796576248839,0.03942542071707508,1.193070327518196,0.7475994843225351,0.919609796560476,11.321926374447422,4.7231688299130585,175.41945357218344,1.0347348136324388,1.0436928729443795,22.409722579207575,43.180365274625125
0.42525938912441924,0.11443001979174541,18.10540415820269,0.014584948471781871,0.014967553674066438,692.4254466519334,23793.853837472,8.098514923732678,28.575310043405963,0.5773529657710093,0.5766208475185922,0.5777795505592753,2.8946924297130208,0.8826895299170777,0.8536176919420201,0.8257322826326179,1.495045512187594,1.4648126853899643,0.0008687362867745042,0.00832931381622741,0.000260559903206296,0.035060415988594634,0.039247260458941106,1.1904799133492254,0.7589178787635318,0.9225419000141902,11.40043647608784,4.707456645228474,174.52859353157942,1.0371285190525188,1.0378615670621565,22.455731585144996,43.39876603700422
0.42590754389635205,0.11395865475873761,18.14116153175205,0.014600415459583644,0.014996931697482245,694.5848009695649,23868.91121638745,8.089393548998748,28.624304441688285,0.5814598156592736,0.5771704050335923,0.577892762251349,2.878069092442595,0.8859442137055583,0.8504860963222656,0.8279531996118751,1.489224385582938,1.4651055800400201,0.0008710792885014122,0.008353201632440672,0.00026010857516841707,0.035095453498953814,0.03878094334178329,1.1882667249943184,0.753763784440242,0.9201722123822512,11.423005492423119,4.712355570627671,175.42020297859915,1.037686114971628,1.037470642938472,22.493037685810567,43.38064919794131
0.4249963661264728,0.1141207610518854,18.096204510669033,0.014583475918676852,0.014959165012465967,691.7220235779612,23843.08613382315,8.156484665772222,28.701664004867062,0.5812736494246169,0.5778593592739928,0.5739383875942059,2.8855852127849424,0.883234723075282,0.8535874841542058,0.8333146139877322,1.4808780290747157,1.4592622922848888,0.0008712364068616973,0.008306952305601098,0.00025882009601162464,0.03519460950996362,0.03892368602201462,1.1847017630956211,0.7549644844354875,0.9272744058901629,11.415976484815195,4.711644483605904,173.16995911314714,1.0428416080590721,1.0395556194013562,22.459915105648246,43.570544776597245
0.42862000221564067,0.1135561855461826,18.171965759197782,0.014504138818526177,0.01487241222568625,696.3820732738861,23794.858629273014,8.195060275775278,28.713663951203944,0.579116892277751,0.5814171241021915,0.5734024098277783,2.884480982879704,0.8836851004421375,0.852483335159933,0.8350059653271406,1.4857981481161995,1.459250885592611,0.0008762274036723725,0.008277042086452205,0.00025882511676134697,0.03502474121403442,0.03875373901767459,1.1784544545918998,0.763312004428927,0.9275719825519229,11.401343393376722,4.688730587940322,171.8339621023248,1.0448419880545425,1.0375030478680858,22.40990078956299,43.77330506934444
0.4299419554330851,0.11361311312496808,18.076040078179034,0.014549466635465847,0.014916691921398492,695.0341932160667,23727.621706291393,8.26019088016313,28.625165671709766,0.578359909511784,0.5811268745782716,0.5688989212964081,2.8802248669314525,0.8856327077571028,0.8528688092685313,0.8307107788553135,1.4787297829556378,1.4563265929159812,0.0008773179107093524,0.008240134273367348,0.00026061154825054663,0.03508742950843594,0.03853020039738939,1.176237916417561,0.7687500468201097,0.9296636882082066,11.426074285450586,4.689649267265831,171.9616281334901,1.044387449689801,1.0357788358346436,22.31618468390375,43.74047949930816
0.4301882434691437,0.11378880475765159,18.097076908750722,0.014596797850949583,0.014988782032217223,694.3204012816907,23853.803367261487,8.26085495390145,28.65711861014931,0.5840911933517099,0.5785406422612663,0.5694019807055742,2.8604911955160137,0.8851185136338431,0.8568956754861635,0.8315793434151737,1.4756851159934166,1.4532186573279449,0.0008724564110016204,0.008220651969171341,0.00026148740807145746,0.035243418808308474,0.03869505239912788,1.1767281363486497,0.7668675981971368,0.9290985438066646,11.410030165583088,4.68970321151954,171.87727956749666,1.0427856802142021,1.0427748039451559,22.400176786531254,43.418895685395825
0.42921403449341433,0.11321379126290322,18.046880021650818,0.01463849146821847,0.014981256980036339,693.8331932028931,23817.210691137654,8.229853712114108,28.663558252849622,0.5888364853001462,0.5744214677684779,0.5669226953996721,2.8456954750519103,0.888784149647983,0.8585018690901728,0.8288827626339649,1.4732497851567403,1.4494989133539107,0.0008755984534886598,0.008232952531661238,0.0002594658582742132,0.03516189953115634,0.03872126803559498,1.1789758763707974,0.7692936109476257,0.9317745912443379,11.348134692186413,4.667060457449794,172.4362972818228,1.0486078395675489,1.0455976721231193,22.45007732284606,43.672914783822144
0.42946123711992856,0.11309450120445963,18.098242338155476,0.014656146147350247,0.014984225488647532,694.6584300350994,23748.27978219347,8.23102624027231,28.44240649840038,0.5862180122025961,0.5708546257582595,0.5697024177174395,2.8246712148752793,0.8866741347774799,0.8621065201504317,0.8305721558540595,1.4738125139612512,1.4466306164520342,0.0008761661826057593,0.00821778844720603,0.0002583853191575971,0.03505394670194397,0.03881855532834196,1.1774050751711536,0.7658500135150021,0.9401216442519135,11.355923630426537,4.673692239939681,171.85204777473749,1.0442442888774235,1.0482575798444134,22.404228651096908,43.65745914786461
0.43195486615456724,0.11347440487077008,18.069113383629595,0.01471700767477959,0.014954726076993137,693.4318217767723,23652.68608726577,8.259126912335581,28.360538731840492,0.5892768862387079,0.5715643303203115,0.569591850007016,2.827344990330502,0.8909597562605234,0.8654505029048544,0.8320057669874973,1.471694825507691,1.4476953713203888,0.0008751490264140155,0.008187885072335031,0.000258930220251679,0.03500862151036424,0.038769424207932654,1.1737385580672215,0.7699260632801346,0.9501297924681013,11.37732260270491,4.665298169832163,170.22879528652916,1.0411905770258205,1.046085736416434,22.221893343471873,43.741718470831614
0.43261512381466843,0.1135466860490393,18.0912520003887,0.014722946805662437,0.014988034951536841,692.4656591144193,23621.89338457546,8.271714081719601,28.433457497505778,0.5873700982857996,0.5708994959081373,0.5666191069617329,2.823497822981641,0.8937423103229553,0.8714145966987976,0.8310816020206926,1.4680398348062105,1.4547211487045264,0.0008787152209064449,0.00820637190963802,0.00025870569946966895,0.035029915109603495,0.0389159134421584,1.1677512279298148,0.7781019012854234,0.9457724214565487,11.339396023394002,4.660240188981711,169.4466809166173,1.0343935527294303,1.048198357730294,22.169342141694898,43.813215132220684
0.42944775775730537,0.11333977016636171,18.116216234498566,0.014836720878990763,0.014970670863841318,691.5783026460064,23560.426568030707,8.28025090756038,28.449966460644482,0.5858982704671124,0.5703173834611632,0.5629759487537943,2.840087816958224,0.8999300042918974,0.8704574538911583,0.8317255944609563,1.4669346078678238,1.4537555220449994,0.0008844270141288016,0.008190940316391922,0.0002596735141838632,0.035041440716408016,0.03883703040898812,1.169132854592273,0.7768973313699797,0.9487862401760048,11.324307751788123,4.664084931484468,168.66750350244078,1.0344411942412033,1.0459837921538935,22.25428736069896,43.73091965886618
0.4306661307747064,0.11290067826032266,18.037455448751444,0.014796975393278306,0.014942975108725387,691.418820205627,23497.734229814083,8.340302884577333,28.426935662800837,0.5866491899713396,0.5682347443015191,0.5613046613518847,2.8330693409386645,0.8989369332029675,0.8673615157826675,0.8258771181144164,1.460913793186927,1.4558982581308737,0.0008861797429224957,0.008226880649086792,0.0002587040570294688,0.03502286551995808,0.038862532786100565,1.1754667285909408,0.7812003150059327,0.9528503640403879,11.36010785382885,4.632300426232408,167.56256151197172,1.0345815264823275,1.045801575257683,22.227592039307446,43.59885254800297
0.42954239307938313,0.11329334536723815,18.01445716889339,0.014734408436618928,0.014975537493367575,687.6629950577939,23697.936311609417,8.319869371653173,28.588574287057867,0.5847688716759999,0.565708041277275,0.5590826752075322,2.8432056261627054,0.8970811438957497,0.8700297507471431,0.8244176865189202,1.4546409928064896,1.449333300884335,0.0008862691761327006,0.008206849020175449,0.0002592841782723847,0.03509425798962285,0.038935876536244404,1.1803900691905151,0.7778315159958825,0.950592720358288,11.336219073585287,4.624569091065868,167.19269867314725,1.0357554452961186,1.0452271445922243,22.206752421768815,43.761387493291096
0.43000517732398763,0.11378736066423996,18.060657284703804,0.014738884706046888,0.014948384591920267,685.4383477020646,23716.694787282417,8.300221033174509,28.631106072742305,0.5859255179573921,0.5671798598263477,0.5599309210262537,2.834634555270387,0.895339523737419,0.8648804014120817,0.8260576478660631,1.4544151112213228,1.4557406744684533,0.0008870067542649742,0.008257788631958387,0.0002588986121600381,0.035175478165440026,0.0389081796607562,1.1819343818427164,0.7753006807482683,0.9486730643250358,11.357433197443001,4.612624378164427,164.5823403405535,1.0404145564675638,1.045296446254238,22.161701680411497,43.743944136163286
0.43276858985084016,0.11303851269724112,18.172551899891676,0.014682272442867952,0.014974398725255916,682.6801131194529,23767.36383334409,8.285688278418267,28.578807492730782,0.5851442183465677,0.5671222029888257,0.5603840914415931,2.8215151191293053,0.8995138269050716,0.8654979492873408,0.8191431196581658,1.4591211162996884,1.4606189894272534,0.0008882224514372358,0.008230463872143937,0.0002584738816555051,0.03514590846139888,0.038913241381546594,1.1821126410200744,0.7842020615745728,0.9579296715197033,11.390075002292523,4.612334210435525,163.92049803401497,1.0398200800586368,1.049369504406098,22.069282389237095,43.810385415348314
0.4310332921993489,0.11288725350170224,18.10935186791653,0.01469875592698866,0.014883179758895712,677.255470022233,23809.056604267724,8.224081276194788,28.630045040792453,0.5840619886460048,0.5677663964434276,0.5586858781635078,2.823478067646135,0.8934815599622317,0.862764701021072,0.8217914618997088,1.4588905342391536,1.4596202831568277,0.0008886452415402964,0.008242288361392588,0.0002591851295605318,0.03514988761413046,0.038904969613964537,1.1792287343012948,0.7853770043549152,0.9568006366232209,11.350765787137941,4.575366392679048,162.20287164645296,1.04163634236678,1.0487079965815362,22.02349215588425,44.00793702435256
0.42870322828906954,0.11290008030002328,18.033043538157177,0.014762518221952122,0.014907289454895906,678.1267765800706,23748.348860453345,8.218943567480924,28.69232684242858,0.5864812482039976,0.5672649187699264,0.5610032371031801,2.8139602518708626,0.8917205552950852,0.8640252898414869,0.8215264319875759,1.4607147510741412,1.4681685068564854,0.000883366190867888,0.008216558230278366,0.0002597182163823287,0.0350659663956735,0.03897028806401316,1.1830490362021076,0.7938685656462547,0.953559618648552,11.348809128597331,4.577078266523383,161.27159946501175,1.0465671861664563,1.0401036140367106,21.970008598211514,44.03325058549313
0.427880424918385,0.1125148110479762,18.064023874079755,0.014638976389619834,0.014925679879361378,681.9882405391878,23768.56057231122,8.262078887689054,28.72075355298211,0.587365707500465,0.5634963791098528,0.5644307417675869,2.798988125834774,0.8926768902354498,0.8664853482158755,0.8248136455359893,1.4595071414003615,1.4651908191544634,0.0008831464052671602,0.008193288797657879,0.0002600436178907334,0.03505113822517415,0.03898658680262215,1.1842400345057476,0.7933884917063495,0.9496637316162695,11.373586579840842,4.568086235230397,160.83730682768837,1.0419247477667777,1.045820024515192,21.91084441322565,44.0416346693782
0.42869648809258637,0.11287064649628281,18.21002682883966,0.014613987464631334,0.014933162546356935,682.9319820591447,23816.477287995644,8.254172621557144,28.747949587211522,0.5904134547653428,0.5641148434394475,0.5628889664175574,2.804406007396405,0.8918412134691016,0.8634773544821063,0.8227671662212614,1.4561900706039106,1.459361511982962,0.0008835021559223292,0.008164621758270993,0.0002606541225240307,0.035103500327274606,0.038960498642525515,1.1785000390029647,0.7977022203151852,0.9440909859083717,11.388416549087166,4.561700955908187,160.51030770705472,1.0440743085928628,1.0473011369348135,21.96396991831478,43.79846949177411
0.4279381705527473,0.11266964940724129,18.27857502387468,0.014590586320376561,0.014960767595041995,681.5595672840527,23870.972243373893,8.237499999331805,28.665619319634395,0.5916016749266764,0.5649222274420878,0.5637142153312258,2.803251823574162,0.8859554302092176,0.8624358207314288,0.8245772533637181,1.454789270008858,1.4590211897957914,0.0008844837049777443,0.008160563509398032,0.0002615859157656405,0.03534735648495662,0.03881201409168715,1.1734707801138915,0.7926564563023021,0.9392845091568401,11.426828809145992,4.558925531803533,159.10093946867488,1.0405532536011801,1.0471361402974735,21.99778810224863,43.80534661614968
0.42647117009546,0.1119662353897292,18.224571522174667,0.014479333619008083,0.014928520430206883,683.2637429432034,23841.206038159155,8.288549975396736,28.76490706265206,0.5928968027226693,0.5671916972593856,0.5601750842170852,2.7839993682107065,0.8876994469505961,0.862511566041691,0.8234211637610849,1.4566195252044256,1.4556988556829595,0.0008875139544781513,0.008139930501275228,0.00026258869407737805,0.03505249528316613,0.03879836134295071,1.1746519451695314,0.7848524089023575,0.9349161281473638,11.44561854735805,4.550286451475801,158.79340634247725,1.0404959487880387,1.0499496029585484,22.07422393979712,43.90676354056951
0.4263668089197218,0.11209514019489378,18.30241198251968,0.01443080650278408,0.014960716518081176,681.5789859736334,23874.68070080076,8.256289605883758,28.751307227031372,0.5923382456616709,0.5656469310650213,0.5613202414825715,2.801930063645332,0.8892068197934218,0.8648135066332465,0.8204876457374101,1.4599552691015745,1.4515291246076039,0.000887496705753159,0.008166171066407771,0.0002642414449543935,0.03500751484704075,0.038907798404389314,1.1795647348618374,0.7835357984878363,0.9371761106686534,11.451648364968346,4.530083690421479,158.14610187599413,1.0381388314448534,1.0467388550194627,22.20275812474785,44.10870329028025
0.4261936410709396,0.11208590525089648,18.295421857456713,0.014329306723239675,0.014998361606677243,680.2814809172266,23854.248704444504,8.25778152532476,28.624099353590868,0.593379734968785,0.5687851834038179,0.5577911251354661,2.7767608300206477,0.8915330965677555,0.863718113246328,0.8207139956508603,1.4613349064339771,1.4522921360044903,0.0008906394143132659,0.00819023118054746,0.000264354376301387,0.03511777882138129,0.0390110212305364,1.1794717930763932,0.7838806113851651,0.9304366350442637,11.481386300704793,4.552764768216372,156.7687332221847,1.037627386122772,1.0486158997633295,22.297832711951223,44.16100457920595
0.42604965845453685,0.11223074984269303,18.32673743334968,0.014341684466149236,0.014999756397434815,681.0284320178275,23850.198582073976,8.270700690012434,28.635330353733238,0.5938261396721752,0.5690941152595944,0.5607758162246562,2.7762359969839654,0.8883672881013788,0.8594663506108347,0.8252788777556661,1.4599043429711942,1.4514726584764337,0.0008917203745381516,0.008190137558008145,0.00026483699947324794,0.0350382462854109,0.03893363949253912,1.1794703721769553,0.790081290834231,0.9302209967336059,11.447209403736958,4.51459117783593,157.24191373917614,1.041953702346042,1.047389642874159,22.302086827371976,44.068309378450984
0.42407562543735344,0.11249555268001063,18.321632912253385,0.014317003210726013,0.014999006864048774,682.3176322384559,23780.126405008657,8.268667163556344,28.60746478170766,0.5926222053589144,0.5657139061543365,0.5599276547934878,2.778577837478639,0.8936111378347537,0.862792164880968,0.8260380299317704,1.457962529833142,1.4534243026570695,0.0008930179808510331,0.008132095945143103,0.00026432802188298716,0.03503364156014911,0.038529224203017354,1.1762803530353458,0.791475769912785,0.9305028260004528,11.442196002199834,4.499535591805678,157.5006402403981,1.0417770355624794,1.0446930114825947,22.312551917237574,44.177433572870086
0.423303601260497,0.11241740313076269,18.262542870083355,0.014330227822904116,0.01497347453601038,682.3032217722629,23755.52952475575,8.22214366083757,28.54843980535995,0.5972083233771159,0.564736987701421,0.5605079275397183,2.7871026853347685,0.8930186107344078,0.859338530915097,0.8242976235469544,1.4595155311396029,1.4594720881171463,0.0008901043060180576,0.00814514024778501,0.00026484388396914665,0.03503587985576105,0.03856583167668664,1.1745235391127662,0.7862320832136633,0.9326918493215371,11.415241050497679,4.4914775070757536,157.0070506322686,1.0328426144001888,1.0467250907268844,22.390720505930716,44.18909590427558
0.4230979250320916,0.11212662059450104,18.211336480937657,0.014443594869509515,0.014969840636971874,680.3315752472128,23758.30514592547,8.258840358057356,28.466612671016144,0.5982085571783524,0.5661878647582261,0.5585604833460951,2.7886616717267194,0.8911689365828739,0.8612609885687362,0.8218671186812793,1.458304925302902,1.4600784614534685,0.0008853458521895504,0.00814503194108498,0.00026581460384235385,0.03500227398233318,0.03874425642871388,1.1774466221632574,0.7847507718618573,0.92439652011149,11.432792745241555,4.487714346634868,156.8854816468754,1.025081995132059,1.046244923651431,22.46460769894856,44.43506287800209
0.4238149867622773,0.11275921103621181,18.268347896014575,0.014569294813646093,0.014999809885608334,682.0713415276243,23724.888467074274,8.29214114853007,28.409486460561258,0.5995471413143942,0.5661099026169314,0.560379765481495,2.787425234467723,0.8897074027383747,0.8640591395589778,0.8181538667201889,1.4568506471722373,1.4595419278145818,0.0008843401465061571,0.008125049421900793,0.00026733938579952607,0.03500759427652854,0.038645582436841415,1.1712342664492024,0.7791378050453708,0.9324307364310463,11.397087196433347,4.500171967395742,157.1793652317835,1.0195382422491719,1.0475447887451899,22.451930489234385,44.30211086798131
0.4240662315377032,0.11310041152786146,18.265999409867923,0.014504419295505099,0.014986152775766646,684.6060711312954,23688.569036109824,8.270703176722689,28.554000573565848,0.5968989964121518,0.5636595529202295,0.5589672916261336,2.7745759236950094,0.8920730129887797,0.8627628571064493,0.821331081404448,1.4508575163013893,1.459844593735142,0.0008871773714692578,0.008149468978926612,0.0002665588269486641,0.035091990838352065,0.03858106745196647,1.177135717504876,0.7792142131334361,0.9339783743638591,11.34130014868927,4.477998864644023,155.0298482681312,1.0216971789492537,1.045622998563833,22.449579919646105,44.253581585262964
0.4248165342656579,0.1133672483584018,18.25010074093612,0.014525358102601508,0.014992816217563007,687.4667293623964,23676.996654530187,8.27339656758525,28.490252802028813,0.5962615110204804,0.5657182048698415,0.5572113851095389,2.7636705189778406,0.8919966428131507,0.8627868575815854,0.8196607232812434,1.4472846308441616,1.464768025528721,0.0008892124239338615,0.00814042582517476,0.00026819719410080397,0.03514161183922885,0.038556866688940934,1.180998565971999,0.7777697391138717,0.925996313263591,11.359873862829769,4.482581907813048,154.39048109921396,1.0217517218123269,1.0447948013041513,22.44596270399713,44.397877088157976
0.42669802105030136,0.11321186013849888,18.181379606093916,0.014545228748828328,0.014995712520841557,687.5725481793568,23612.059263906012,8.226985776884385,28.301457855191398,0.5940660782662727,0.5652346619097289,0.5543257319968087,2.755234832577345,0.8930044984424221,0.8611368374477755,0.8179870957756568,1.446723949720535,1.4715537239984995,0.0008884837923672317,0.008092846944797552,0.00026814063801942336,0.03506318006729676,0.03853597895217544,1.1718649352761914,0.7854217033457467,0.9285624863641598,11.397375898611507,4.472030756032616,154.548984355621,1.0276920205589477,1.0459261489240368,22.49817378230277,44.16207275076575
0.42612064006822703,0.11347259896967543,18.115826765549976,0.01453325087908197,0.014998943686327796,684.9323172541482,23722.76936441314,8.17369295078242,28.230859926086385,0.5940609966485609,0.5648935780490528,0.5539705739934877,2.7419135236918084,0.8896802326448415,0.8602522519280389,0.8117902303075313,1.4374832893824085,1.478470990675027,0.0008843824453062382,0.008109235813205846,0.0002679000094156535,0.03507916727468769,0.03848702422330089,1.1777668386340834,0.7828074645991153,0.9249501581833091,11.350681101004716,4.458241281502732,153.39625003161444,1.0256045903540467,1.0451294462872567,22.33918872075523,43.96932861251717
0.4247504041123379,0.11293759998412158,18.253925110588057,0.014574538384603666,0.014923684230530799,684.3287495054117,23663.935492932236,8.179837947428437,28.239900583255878,0.5965358376869523,0.5623804433796725,0.5558822625658477,2.762977026022818,0.8909635948415541,0.8646274437868255,0.8095733009070144,1.4388747523236072,1.479133181446693,0.0008818836325160791,0.008143592395573737,0.0002674367457206511,0.03501849049523947,0.038272277193434685,1.1800250838083326,0.7828190772455105,0.9285833847711631,11.391088210332128,4.4563502397818056,153.09489877622926,1.0263330043358792,1.0425954894803324,22.359292295087357,43.96737890795081
0.42311444608677395,0.11247109471739215,18.20043121088547,0.014579135387273083,0.014978863616856344,691.6595727957344,23507.545652676767,8.156081897226446,28.244996165993754,0.5945103754760642,0.5637150552632865,0.5535448724647363,2.755241094954426,0.8881486274845395,0.8609383484024609,0.8093515655483546,1.4370054559315422,1.4752411146333362,0.0008776905427996246,0.008089506871436085,0.0002675457871534857,0.03500302234929243,0.03830895412319672,1.1831665314154045,0.7846784078501124,0.9234921938214176,11.384485801226324,4.486721642547602,152.94340268411912,1.0298087771506754,1.043957459748356,22.173346651057066,43.81503166932251
0.4220462598245456,0.11243216853338099,18.24700515371866,0.014523664952047991,0.014980876590820218,689.9345540530553,23580.573780929353,8.144055551205415,28.151681458760798,0.5958389458826601,0.5668027532161897,0.554808372885043,2.755639215315902,0.8860322738356706,0.8599879354421655,0.8103480342104715,1.437557934898078,1.475677313811886,0.0008766836990036324,0.008067689064086959,0.00026851247449622724,0.03505380831145212,0.03831382196665128,1.1793216637260966,0.7816704130226548,0.9317030973034416,11.487310186314243,4.50139425428463,150.7958384998392,1.0316587648436226,1.0422911794152891,22.142530895977654,43.89534522156127
0.42196344183540246,0.11248243156473335,18.305109534569137,0.014573162753754261,0.014996283208300527,692.4161538459473,23477.4942701996,8.124988405976124,28.18327199056274,0.5924249129899005,0.5684846335996292,0.5500801598465614,2.7486680067021405,0.8858500847162807,0.8610999899564654,0.8143867270903954,1.4481913309499963,1.4781829772032535,0.0008758885265081602,0.00804546460410802,0.0002681526996631122,0.035084207598141105,0.03802704930671289,1.179257785153215,0.7868618417880732,0.9275343895640712,11.588487230875455,4.495899018847262,149.86411930959875,1.0328718841483242,1.04098061911017,22.151567455987664,43.766794526494294
0.42448849631515223,0.11192398235088495,18.19085974724311,0.014557092710518763,0.014964229319490216,689.9225178965175,23505.119351400364,8.161685786075155,28.128261121676086,0.5908356366338244,0.5675326133552547,0.5506281906833275,2.754005867500864,0.8868624458480759,0.8645042643940823,0.8128753017149436,1.4559441080309008,1.4791061559635126,0.0008733927690371475,0.008106795980876573,0.00026994871512349677,0.03515279944002226,0.03798705334810218,1.1764356683843233,0.7838134551758721,0.9321610934229081,11.603144968109726,4.449705822529241,149.20807189774968,1.0328135454555567,1.0378585184527989,22.23517564447581,43.86301292538169
0.4239377020520808,0.11196108119451491,18.26404964802039,0.01462005163295983,0.014971374828228416,692.0203514973837,23497.269509428887,8.17772126079398,28.017336910435535,0.5905804056843815,0.5680683597476812,0.550576789994611,2.741429729722012,0.8870308461184658,0.8639761367592435,0.8130673399040717,1.4507282885751995,1.4817483725624685,0.0008737460052256988,0.00805056022943737,0.00026978510371086594,0.03529050078238181,0.03779923634382953,1.1800216959309682,0.7836535596636206,0.9378284684385115,11.679947293162003,4.40914983194097,147.42202204023374,1.0304162371736243,1.0379488149346103,22.240820134680547,43.71041673844318
0.4242730109902557,0.11170090847735634,18.18722946891648,0.014713232685582368,0.014961114947452753,689.0485291658882,23493.79056433671,8.097981745483672,27.95332917747277,0.587091530038933,0.5679733133624385,0.548199820126118,2.73676371172591,0.8886279713700753,0.8597160288660797,0.8141528134528919,1.4559746220154255,1.4840972630465947,0.0008738671590778634,0.008043854922548159,0.0002700934780553944,0.035156837536874784,0.03746274194532823,1.1846090964238634,0.7829735847731707,0.9467585433713869,11.65794131183134,4.3856601230872565,146.56027556939807,1.0302704455790417,1.0397584516194007,22.236766840035767,43.80896378061518
0.4230017799772404,0.11177826336057814,18.241191140840513,0.014716823133097969,0.014989394948711087,687.2107248837091,23401.128934802287,8.114801902930164,27.826379070986018,0.587964800614682,0.5698499075457311,0.5487455903911775,2.7321353114475198,0.8910032907503334,0.8574949452858511,0.8171048118412847,1.456190416782973,1.4918330854289088,0.000871521045946824,0.008051544112208243,0.00026976621464130837,0.03513710979213943,0.0373712482650715,1.1788358980587175,0.7894263200679082,0.9485081278996736,11.64922135273909,4.3801940752801105,146.91222114648215,1.0268730938497426,1.0429277394548515,22.137778632410082,43.44304222432636
0.42142152713126185,0.11177651571038891,18.21326093033012,0.014692003322062445,0.014932952702194687,693.5604045671478,23367.072700774126,8.129247384886156,27.7506643697959,0.5900052345081278,0.5704675666657101,0.5460921053075427,2.73363656447914,0.8883109766624185,0.8571148687299707,0.8110359389782609,1.4636420383867794,1.4952590173881293,0.0008744385092243425,0.008033752168332046,0.0002707241236504891,0.03517525146497478,0.03733141995911823,1.1792350086719297,0.7865509467860369,0.9419983772547106,11.653944767364738,4.354049252185916,145.54240954987364,1.024915487339773,1.0377131574868221,22.181066723076686,43.31786065455615
0.4221809339589997,0.11144622255580028,18.198238437016514,0.01468700717644017,0.014953574948587936,696.8817224692211,23306.445554476646,8.155619025096797,27.669822412472364,0.5874593839508955,0.5716289297657949,0.5465070705153179,2.739507838388632,0.8841737106198715,0.8552430568346575,0.8095672036809943,1.4521707199034644,1.4964239381343165,0.0008771348616874636,0.008059485075611734,0.00026957618995813586,0.035014296714786265,0.03701923542266964,1.1919773854187965,0.800230726795054,0.9430854149467638,11.660291444478991,4.335111034888045,146.4995012926272,1.0243208180538856,1.0286312216564866,22.207001847089018,43.210918195723224
0.42233533992019356,0.11048648088919039,18.267879640045834,0.01469877203984045,0.01497891487242695,695.403408779177,23235.84582502195,8.147624306337267,27.825343925187532,0.5851966039026091,0.5710051527380324,0.549688251578767,2.739133332433513,0.8822528151431567,0.853077010056555,0.8079216851826965,1.4534022625928318,1.4941184283112774,0.000881384703627548,0.008088917214884762,0.00026946461097245353,0.035156973606498665,0.03701252386405245,1.1987799418551166,0.7965702056560202,0.9485857869985655,11.690452431949344,4.310546170808586,145.73648393208285,1.024693049912694,1.0304667873151094,22.310104973822252,42.98223680045486
0.42214199086825516,0.11136331593242775,18.288020399030966,0.014762651931425513,0.014964702672117185,693.3593982991814,23133.7761997017,8.21037849338437,27.713319087548797,0.5851112515044813,0.5713900193511021,0.549222106642767,2.732857817642311,0.8863823025585074,0.8497138797463565,0.8131480404462296,1.4572939575073809,1.490911597503573,0.00087875691879499,0.008079413890753959,0.0002691594859493109,0.035052300335451904,0.037085231299236084,1.1998512801156482,0.7971196082628305,0.9479904838199038,11.6551895713143,4.323714333285534,145.3709066610899,1.0297548997472752,1.0301492636761536,22.271360513881763,43.05802025121434
0.422427428319287,0.11065203325625667,18.312364413975526,0.01484216155535453,0.014982505813893356,693.9288151235476,23158.878604020858,8.207303371190571,27.836564870044217,0.5860779707937604,0.5718452077381426,0.5480536932428226,2.743018003480814,0.8847534666444065,0.8485724612447054,0.8135941591274347,1.4481847558518874,1.489849245265314,0.0008769124834234323,0.008058962728065729,0.0002690546671565668,0.035213296911560714,0.03717974910552106,1.196900030812458,0.7915379685691903,0.9515806241158539,11.611450400156789,4.310479581912794,143.23201989098928,1.0298851123997268,1.0321570153600717,22.218471740932863,43.2737262279118
0.42386499464298405,0.11075274063908044,18.374360651184755,0.014853365210204104,0.014928888138492413,688.733080440282,23274.893594004214,8.221603575065064,27.74703321807732,0.5856997796607866,0.5714902143469535,0.5480635998477116,2.744145387170726,0.8874397304148636,0.8470257530342281,0.8096499000011586,1.442802323132256,1.4993050073136407,0.000882402841690465,0.008057760264030765,0.0002702591501490927,0.0350568811268397,0.03737309405176756,1.19822374176653,0.8033911932449755,0.9526033886275947,11.66362389538457,4.269599794289235,143.2787341468558,1.0292329766148909,1.0348083989680454,22.2297436078623,43.18572809686583
0.42226547312873497,0.1109216517870847,18.28284049428759,0.014873413418823249,0.014879728370165922,687.027441001402,23350.064586948498,8.232898391751348,27.75820647248181,0.5866433924535496,0.5699864041806195,0.5495189950027178,2.729354394543041,0.8951088166425896,0.8485394713920366,0.813564672589952,1.440980740510466,1.4958586878613183,0.0008874167449817802,0.008064567851350133,0.00026967532425616433,0.03505945696175985,0.03728333963207002,1.1900139591991148,0.8021230737752513,0.9489639432837466,11.67958491841464,4.2544291129517715,142.84750751375148,1.0331231195505153,1.0312159519737256,22.16731996804088,43.2761817470994
0.4215456340262289,0.111326629897995,18.181378637637305,0.014872142221669205,0.014948875844533348,688.1304727719685,23385.519072152776,8.203495299532792,27.749182461840103,0.590688654836195,0.5727327498748602,0.5467263043043312,2.742465562966341,0.8978206560656359,0.8514381966622886,0.8122975072840805,1.4396291298716468,1.488451545778875,0.0008889210958116613,0.008053940419182191,0.0002677998880887328,0.03503189598153607,0.0372046381320653,1.1911529096261477,0.8013748315224902,0.9514763363927337,11.647825391568324,4.243522189818536,143.3735578059059,1.028503076749294,1.0356259411984434,22.12054151941322,43.254648813643406
0.42080184247043834,0.11122866656563932,18.20361798750483,0.014895391632765171,0.014953609436913411,684.4954798176009,23461.92713545788,8.17521611700635,27.891812502875666,0.5920146386812581,0.5718037193271567,0.5467943747273741,2.756260145173734,0.8980231980062302,0.8557935538788194,0.8081307894881384,1.4442686422023694,1.4873927907244167,0.0008837589233429865,0.00803231648680256,0.0002677822721964149,0.035021775275132845,0.03723704982554076,1.1962938300617836,0.799059745614283,0.9501570620238368,11.589113899316448,4.243116021849895,143.03388640958383,1.026291275237412,1.0318009565480142,22.068559785993024,43.24730551598019
0.4185552337229,0.11150462870759788,18.309501065103102,0.0149247985443681,0.01498470092667716,685.9263448899685,23395.459761085818,8.200752972865548,27.97230196786871,0.5926477328925757,0.5730035797390975,0.5436549816110916,2.746900519546107,0.8904010659558768,0.8585623288531202,0.811034826522611,1.4431135354532694,1.484881058329404,0.0008793953886718462,0.008055269045322253,0.0002664779730132423,0.03506255921253107,0.03738656633150602,1.1958363546100284,0.8046888252311439,0.9503518135555659,11.594110442633584,4.236216820327481,141.90874049660843,1.0248948206864994,1.0340816913049131,22.01296328040951,43.270517922968004
0.41848372018041313,0.11118420508217833,18.37383369315811,0.014935829588402895,0.014963258327424345,684.8254898738651,23443.5972608281,8.242744622816941,27.700744842238716,0.5901355418807153,0.573500855596541,0.5410991470781037,2.748934650489668,0.8878050339282655,0.8531727653272941,0.8096556684227649,1.4370101778512032,1.4772652205607313,0.0008864619481512561,0.008005390941037228,0.00026512841057686423,0.03508000241767499,0.03726836071934107,1.1962734241924444,0.8067448044795207,0.9458378825145152,11.608976964626313,4.265401550268039,141.0467948138153,1.0201436909378272,1.035214833234349,22.015436905971807,43.444002475884375
0.4181972526344131,0.11131706874988248,18.31403433538107,0.01499313796535425,0.014993817070174375,678.8796066661087,23631.582394054978,8.251916318965002,27.576380779764573,0.5867132231748095,0.5726566677653931,0.5408753475885169,2.7528704757750524,0.8915182546547399,0.8561039842093973,0.8143277457222561,1.4379769118062873,1.4765152685835532,0.0008878297168178412,0.008003116587642084,0.00026663645469740966,0.03517378630274967,0.03714260094118107,1.1983708542274558,0.8074802672270472,0.9567513919582191,11.632845020193862,4.2957073383276905,141.358479586771,1.0188623861464143,1.0375542706183245,22.086889777066773,43.44371701538424
0.4173489485103983,0.11142707673891858,18.310885031494852,0.014960260193389125,0.01499391749883651,675.440337042804,23669.219955603858,8.28642158283481,27.555894832733802,0.5900471386354864,0.5727536547039741,0.5432252923691209,2.7518410857235414,0.8926945840794014,0.8598665236007624,0.8140089555088504,1.43575156161397,1.475959222683587,0.000890100394440635,0.008067577522973917,0.0002663678082080718,0.035065645492824114,0.03722454460093436,1.192654716016437,0.7991212463699691,0.9643596287498758,11.671987138421052,4.294385328663293,141.1078026138913,1.0245002502596265,1.0336375762796868,22.17878550795494,43.36441332656961
0.4154520009448432,0.11138634227500621,18.243535236332306,0.014987279592715001,0.014991935411584207,673.9331795865802,23589.261502116857,8.265740560982813,27.376030508247187,0.5901752965257774,0.5739093668269034,0.5412595091556611,2.756016547800104,0.8900153972098824,0.8601544542732821,0.8136526611092806,1.436788094805203,1.4712424377901667,0.0008922406353491903,0.008096333265939311,0.0002670870940646604,0.03502508751312941,0.037153457083640415,1.1950152993822676,0.7925671890663878,0.9637986835686497,11.630445700751636,4.289718939464869,141.10293309741732,1.0227405669556011,1.032986281657748,22.141669133026973,43.44581996048614
0.4157303835478399,0.11141765254129941,18.248145229018796,0.01497620780127962,0.014985225864705074,670.5290673988627,23535.689685717807,8.246046186399827,27.420716080005874,0.5919261317152669,0.5742537783903808,0.5398255530876094,2.7739062308958493,0.8894447415377811,0.86226415966607,0.8123674344293624,1.4432406016933426,1.4718641209415322,0.0008960711606570587,0.008094831280087646,0.00026638920614417493,0.0350262083506854,0.03723960556844577,1.1934008804877583,0.7985070056255374,0.963182926913508,11.540666783734796,4.282580064195228,139.2959124182831,1.0231619008608461,1.0359049751251124,21.94117728472213,43.17204550940825
0.41493249254111114,0.1115281611460348,18.311516563630608,0.01498026449733279,0.014952298687359226,669.5705945895006,23469.36049623812,8.28466436577041,27.586486079710436,0.5894188791403034,0.5749070535393395,0.5398428474341449,2.766226064760518,0.8944122846065188,0.8600688923312451,0.8090635592783519,1.4377855524250864,1.4630930356013603,0.0008958976269726053,0.008102244300004833,0.00026804449426677345,0.035094968788789406,0.037192989515098474,1.1942546130946696,0.796147322162448,0.962053033407749,11.615540336372845,4.240642996604944,138.08942302637158,1.0223070542725974,1.0399541449375447,22.070627431166276,43.29939993907965
0.4138175777460765,0.11123699928372487,18.484154594357943,0.014939634101589674,0.014967769641793475,669.8022313884169,23399.470151549704,8.299119978310072,27.436779406354535,0.5878081799257987,0.5745656038659671,0.5394607763450184,2.7757682208323726,0.8985854519919598,0.8548136003101332,0.8081385427141843,1.4390977407930217,1.4616502069845312,0.0008926519602200877,0.008090087576510622,0.00026840794780542336,0.035016820541420454,0.0372502935128257,1.1918514050899311,0.7926431273128426,0.956610431303689,11.583240791099847,4.239963762132639,138.64061202821833,1.0210095007573077,1.043843343067317,22.117549173576126,43.24963398951418
0.4117270899714623,0.11114155656355758,18.478493706037042,0.014907432974683067,0.014971923540686348,664.836281173145,23378.29976842732,8.306609618644814,27.471388888586173,0.5868869846571736,0.5723245570840244,0.5398824005756443,2.774860219099564,0.8954963897840675,0.8624711385853158,0.8054547996511751,1.4432674227926647,1.4704163569064306,0.0008947151831683606,0.008136902112438189,0.00026910243867409375,0.035090353049064944,0.0370239333505725,1.1928791751767287,0.7942074096886976,0.9609562134941736,11.542482558601803,4.207150977045995,137.80011231368408,1.0263662061583583,1.0397780750290442,22.0923258405406,43.031781849234186
0.4092417292838728,0.11123404563052079,18.46999136369918,0.014929498301613806,0.01494818818393022,663.0679453814492,23434.802810129266,8.319012270938254,27.462937755320535,0.5893196633623907,0.5683973478212644,0.5422141681551493,2.7631039865110045,0.8965106361659586,0.8695287853575007,0.8013633683284566,1.4362100764303873,1.4766233557894182,0.0008970872162351503,0.00813923970866925,0.000267795143216439,0.035150460928328506,0.03728044233852286,1.1945414217440256,0.7959439816593736,0.9656567639193219,11.551202480168069,4.178961687359293,137.41445665644852,1.0335038635231906,1.0420966981510316,22.14839355111353,42.96836915332037
0.40791381855797637,0.11124551085287901,18.524128479812948,0.014958586519091625,0.014999707079635962,659.3506129332507,23674.623858663595,8.324382906019043,27.46526691109747,0.5888171156610746,0.5668444055078711,0.5448146919507838,2.7653485930033406,0.8952955109565093,0.8669875781997904,0.7969452954606558,1.434736198475716,1.4754970060282422,0.0008955321844518339,0.008195572198925045,0.000269477331269692,0.0350269677630504,0.037482472053169125,1.1907815096670276,0.7941920393665473,0.9707983956396907,11.602969693710238,4.152508567691126,138.67756314580905,1.0316263754836885,1.0432223087391617,22.152095964707744,42.83776569220285
0.4070771896566393,0.11071769352552337,18.467711459070678,0.01493160721025299,0.014999974433992057,659.6456971597346,23785.18574534747,8.31248472613204,27.553863136132062,0.5883830196440957,0.5659855634624713,0.5468829054177677,2.783438092009106,0.8990641355784258,0.8630118819300096,0.8014813065576908,1.433741723616925,1.475852927903017,0.0008996841859391565,0.008162326877870397,0.00026828806179345993,0.035009103155218664,0.03762795502405647,1.1915457130803797,0.7909694838601719,0.9746019103345072,11.618642265907233,4.155833034172526,138.36602476473976,1.0321152209358337,1.0476967240997066,22.16770644989849,42.76285242527545
0.4049275352454351,0.11052840198176386,18.490183156152103,0.014916787813639708,0.014944897335364977,657.2291056007739,23934.774870032506,8.325813345937329,27.542088811832922,0.588002535992179,0.5681645890787271,0.5444683574581864,2.7793751079869757,0.8970919022356086,0.8632311907996273,0.801857729673414,1.418755827520112,1.476658482109068,0.0008967015108944841,0.008110180117572042,0.000269266622373084,0.0351230101281354,0.037458034511362585,1.1864783362205102,0.7907625184127048,0.9627084583496187,11.59427617340987,4.16687120300204,136.69950144041488,1.0366139884459338,1.0462003899784142,22.20239582626665,42.782725541911944
0.40507059196838247,0.11060177067313248,18.454146044474935,0.014917691674824662,0.014985340555626296,655.6856912301425,23808.980247077612,8.32553110343307,27.504810844202893,0.5887567692825985,0.5713702220869968,0.5418963574535913,2.7841318635635064,0.8994920208135433,0.8629416225460459,0.8027041888531015,1.4198788787455752,1.476842692418853,0.000899673760022548,0.008124908450189332,0.0002669665206767585,0.0350291352103783,0.03765992823767041,1.1827322844298858,0.7943251081509319,0.9699206493447879,11.645804436766522,4.162260407687942,136.77002474081962,1.0389131035852666,1.0466200630749407,22.137510798145748,42.55913704704671
0.403908058233963,0.11045307681931395,18.389398237419133,0.01491698987614845,0.014996705910661727,655.10235722778,23837.714463671437,8.31277807501542,27.478592092790556,0.5866268843767288,0.5730142398605489,0.5400419617528883,2.7807117424460936,0.8998633791011786,0.8607018725629835,0.8019511438153571,1.4229878753611491,1.4711398799744435,0.0008964066743956846,0.00811324018186333,0.0002682971854423038,0.03510630934617532,0.037936916738692025,1.1828266571928845,0.8004287595544645,0.9683177132676596,11.633777690552597,4.175129948388608,135.02388055263756,1.0380951114069452,1.0464061380188683,22.15870200358581,42.56558523220453
0.40405281963101775,0.11040174704500674,18.379465629914645,0.014977539808334718,0.014959126030380899,653.812294337411,23767.881921349323,8.330893032950886,27.498472611344194,0.5900966246578732,0.5734567375339071,0.5412313140036602,2.785420143603747,0.8965200900320285,0.8652046087490544,0.8037472082098147,1.4234784652517436,1.4678547184977433,0.0008921594522268012,0.008109022846319156,0.00026608009970302906,0.03511939010274222,0.03790668715412812,1.1861033186391199,0.8037916167912211,0.9582004422835259,11.650210262299648,4.152696486489499,134.71784283549772,1.0386799062235836,1.0457644269777133,22.196128636148337,42.81930026506175
0.40228425344579893,0.10991091863477784,18.403430319147063,0.014888421487699234,0.014944066201339132,655.4263349972832,23789.13479732152,8.324042292803775,27.426375413574974,0.5907110375824782,0.5746726491703732,0.5420873640186978,2.798360692533698,0.8912844215905068,0.8629124557226034,0.8026246460459296,1.4226395567827115,1.4672768998780985,0.0008888099218300713,0.008078289090574479,0.000266508905745923,0.035088846276550185,0.0377732244623732,1.1909554025364122,0.8003948707868878,0.9595680146253677,11.687033981056494,4.128172773545344,133.50170074448707,1.0410998768461852,1.0418261481588167,22.149416006921825,42.59910012331367
0.3994667742389446,0.11016187102796514,18.39674900393206,0.014865665196493072,0.0149565412899287,657.7831186834202,23715.6072560682,8.327069906667521,27.463168342525094,0.5906380397255059,0.5731980997891712,0.538665273979935,2.8121896509085116,0.8899198659284406,0.8642320589898501,0.8027322945960704,1.4183690513606406,1.4704071309066393,0.0008972614337389781,0.008017464026437464,0.00026679996602504145,0.035126536740804536,0.037712113923903764,1.1899915262019036,0.8049465825184066,0.9639342676501834,11.732726742139457,4.098700164610377,132.00440477512672,1.0437596660787856,1.046517175233293,22.256678733815704,42.5894641884592
0.39843182547515116,0.11038628149254401,18.38144038629045,0.014809640968925694,0.014937247137574152,657.2113008307421,23769.11690796783,8.273553092189815,27.32891090934786,0.5898291296151604,0.5762302625686287,0.5394590704164145,2.8032611293070637,0.8943395518328681,0.8645557205290298,0.8025767779481913,1.423566258913037,1.4620812761101114,0.0008950100764118385,0.00801866187025996,0.00026834842595485024,0.035019947732575475,0.03781621687119917,1.1868435071426557,0.8017915979096223,0.9636197869034602,11.761163063357658,4.09591182033391,132.3078207464791,1.0431950457838666,1.0456415228860343,22.24068117425754,42.39047914614207
0.39991641393200006,0.11039522198321985,18.4086909113061,0.01478154833551307,0.014938089245503374,658.476139324906,23805.78593038713,8.26314660479917,27.312031463502088,0.5880703561372497,0.5751425012923477,0.5406386678506447,2.8161608720821865,0.8912347194921055,0.870429536846047,0.8077562207296233,1.428547981016182,1.4690910315666008,0.0008958133284857722,0.008042471864281468,0.00026682811738094404,0.03509292908345363,0.037718449538305505,1.1869652590547701,0.7936432100195997,0.959344049051386,11.741026581829288,4.104578106153817,131.56322447537534,1.0453065374962598,1.0480593923492734,22.343379201840044,42.376189040252164
0.3987464827932256,0.11065496129987057,18.24317000677612,0.014893663481091054,0.01492606349903902,655.3111580262212,23796.460147155198,8.266480649513719,27.30367125291006,0.590821989427615,0.5758084933660415,0.5389734102991748,2.810698712529039,0.8947128983991712,0.8670728397016263,0.8119601854032248,1.4242972125607192,1.477905002875639,0.0008952163593665797,0.008051549755946942,0.00026826129805774835,0.03506173253520257,0.03778637425100398,1.1887652053207411,0.7951713951864132,0.949694672008967,11.814633328307938,4.12872963144431,130.24297497676838,1.0478664634157837,1.0431091083363282,22.448035392062398,42.252476958817006
0.3999045046920036,0.11032750939988527,18.239966952607126,0.014916321827596767,0.014978499131766455,655.3533386621863,23938.577336934708,8.303441969630247,27.23198197181585,0.5934380458225547,0.5740572298156729,0.540224143080226,2.7992631209311543,0.894748295959796,0.8677926704787197,0.8105125778090082,1.4274156261066542,1.477954078438208,0.000896765842776842,0.008050950481340155,0.00026794743362687837,0.03509247621911004,0.03780330339213352,1.1959662549316588,0.7934037180489187,0.9570842166942954,11.815034142752605,4.108858016635048,129.28282887415642,1.0469066253721193,1.0326831228954632,22.345349381706324,42.10457569599609
0.40093666128888034,0.10996816550857609,18.259206859009335,0.014868580669598114,0.014987717304703309,658.333072940005,23959.754185169877,8.2661096766976,27.29232807624223,0.593640373070341,0.5739465589838083,0.5382695072406292,2.8045498843686265,0.8947834890492423,0.8701084424209024,0.8140413408395214,1.434953755521347,1.4808120843369628,0.0008988853936771485,0.008075556521819937,0.00026733398353647516,0.03510705873136552,0.03776610285224278,1.1975527854696222,0.8032158451381195,0.9485109090827297,11.7945364318833,4.085407832236257,127.84221993380983,1.0468985081896542,1.0385196744719452,22.437557630728268,42.158148477688634
0.4007925433735205,0.11012654978112127,18.25517081568749,0.014888737816204499,0.01494262454959278,659.2905927172983,23983.42473227715,8.19531407928389,27.210757123811728,0.5909609202433028,0.5738253967061565,0.5403606974703096,2.800320856076655,0.8973463546019571,0.8738943140273912,0.8175165310761945,1.4396728071213059,1.478152594329423,0.0008944881087845653,0.008059044840541037,0.00026866419034330503,0.03524562657465479,0.03748626156537414,1.1886365579541103,0.7976027851956723,0.9422669944884323,11.812820941007393,4.082986187251351,127.17497425539436,1.0433978271742421,1.0393808483321223,22.391093571221855,42.004272992303385
0.4035843382447413,0.11029224557057368,18.16655304257701,0.014869356217523924,0.014884065108464324,659.72482443999,23939.550463784803,8.220406098622078,27.282380933694963,0.59288168124529,0.5753012101379005,0.5453851131527914,2.7832636969303235,0.8955067544873138,0.8721230332731444,0.8164863478092546,1.4363369242784476,1.477809035440541,0.0008978501487913676,0.008073656960863748,0.0002675258361739656,0.03511098845513855,0.03714040953674974,1.1862704290586785,0.7977373320523005,0.9429406095398616,11.758317030484148,4.075688865090969,126.23220930931815,1.048263030030855,1.037080975251748,22.37530508321587,42.068760080506
0.40477033810334434,0.11072558958585435,18.183913594147917,0.014876542132110959,0.01496043106263699,657.1989207543108,23819.256231764473,8.211407545201359,27.149517081870894,0.5921442519379294,0.5762867963555635,0.5478401079670558,2.7865575199275314,0.8968918783833586,0.8708530673155056,0.8142890421545689,1.4430759850661397,1.490615669920862,0.000898892623836043,0.008066233098445346,0.00026872167084933065,0.03521015357305911,0.037243731620457285,1.1870097071163987,0.7983118017867415,0.9401243977654323,11.746885785449637,4.0747519325422825,126.01425650867677,1.0457656762424203,1.0367774415757056,22.449819054283385,41.76982576869224
0.40249343760335166,0.11003097938151739,18.136608996213297,0.014821113692884347,0.014998723396951458,656.7608734074272,23802.88794827333,8.165415426145525,27.248249243263963,0.5945618609074035,0.5754099035988489,0.5513353051173934,2.7866580044275056,0.8968287417308248,0.8690341106953513,0.8145285605296267,1.4412090397654147,1.489246155316801,0.0008960947587054101,0.008066464410441477,0.0002700545207356868,0.035121458176398404,0.037204346071706786,1.184251234081414,0.7968036895499324,0.9308120115298947,11.778075428581902,4.068230502287014,125.72041120541084,1.0443655246243067,1.0338218283226475,22.44988972418701,41.75102618818441
0.40399205038310865,0.11073470181852643,18.034328647917533,0.014814950061606524,0.014938368246539574,659.9455845361662,23913.10974330595,8.160085658599872,27.165653892059453,0.5923944640653582,0.5725751246052989,0.5521864870032868,2.7802045525855705,0.8931268851597631,0.8676104401821092,0.8191002503751712,1.4393413843382274,1.4942476078235998,0.0008955548204849798,0.008054092992640625,0.00027110077783345946,0.03507307564145893,0.03699721247674503,1.1934710226162208,0.7947091689886182,0.9267425943521495,11.754255482497435,4.088853572970793,124.95309474629673,1.0466437976510319,1.0368882289551633,22.49375721167691,42.02310634678101
0.404176673659989,0.11072871114967654,18.046319369439818,0.014858915242742342,0.014969151864200402,658.0665285759794,23947.42888177728,8.252527810082787,26.987279570593998,0.593762212373844,0.5728845626352054,0.548212989785548,2.7863852462862115,0.8913881996567391,0.8659140846561306,0.8197909058617364,1.4368774055014868,1.492987546422946,0.0008997315914179524,0.008090041484065197,0.000270394836415594,0.035282405923416735,0.03672656327290197,1.1894101828042634,0.7879639170435536,0.9295145969256601,11.682885612570923,4.11705363858745,122.95050346069671,1.0418349191819882,1.03371261230655,22.49538411685504,41.96093970403346
0.40673252705108104,0.11100943882038199,17.92367692572039,0.01488984505773164,0.014977826508952853,655.6278130231177,23975.2819991029,8.26006003356939,26.84612920549682,0.5937774255191031,0.5704984219186463,0.5500660653179978,2.7863414342578743,0.8914252626394238,0.8701198679910757,0.8149349036879735,1.4303621646829756,1.4939875500392275,0.0008986337189507323,0.008132809754579246,0.0002679865189396668,0.03508174640195593,0.03710176579909524,1.1905121815885338,0.7827450161200745,0.9293694953675108,11.60414289491369,4.1086199547962226,122.19345727660678,1.0466488787527457,1.030327972786456,22.471783482573343,42.30494127474475
0.4103040144101971,0.11176479584600885,17.882617468848917,0.014856940945698532,0.014996789639418013,654.3305762553786,23962.610670649028,8.293721936980448,26.77238090998182,0.5923522516370037,0.572543154398941,0.5509786925026402,2.785538525826184,0.8922137025685559,0.8729755599413705,0.8124623109604036,1.43533380565882,1.489891753607599,0.0008983000121040346,0.008107838126785288,0.00026589682986336385,0.03512351296021926,0.03724731324912153,1.1823127115218197,0.7849290451886496,0.9381614489633017,11.627940246084021,4.1105702490845335,121.36290170521855,1.0448721271337464,1.0283051505489726,22.468846679271746,42.28187400870398
0.41146979048092847,0.11131534597013469,17.80506546378992,0.014749382579171107,0.014977371197012949,653.1571993202791,23899.27141703498,8.311384524562477,26.827200417006242,0.5923578727311113,0.5742941963722532,0.5526094278124596,2.792262428996773,0.8939092677742463,0.8753657081231908,0.8093579724608232,1.434608985993534,1.492018211736289,0.0008998824359094788,0.008108246065488817,0.0002665107491297131,0.035034457167671826,0.0370115895821435,1.1871472431977956,0.7863815500571738,0.9354483742635071,11.68985074684214,4.096185112253711,120.89147330903002,1.0471588103700653,1.0250727792733456,22.361734373672853,42.091317552955125
0.41253855145007984,0.11145995407451319,17.816578732379988,0.014691832224371792,0.01498905813159296,653.7737884107283,23915.62429906904,8.332019332435907,26.77664818646938,0.5921457752124678,0.5750075296914062,0.552155246721863,2.787668754622062,0.892966546453246,0.8734385100563834,0.8084770915898659,1.434580270995143,1.4902146166509562,0.0008997547629122704,0.008083573186938517,0.00026651738241114867,0.035068362354089604,0.03673260575266158,1.1964033149586515,0.7864809901988189,0.9337417310421284,11.67167558139178,4.108091604404321,118.43316403615897,1.0480070878587504,1.0249921877638133,22.39338419636184,42.1174871092995
0.4135829863983217,0.111564654379424,17.789153085006966,0.014689953999501073,0.014976191121394353,657.9095881290557,23911.33273726205,8.274961010034401,26.76512869388978,0.5892007020124992,0.5756963696112528,0.5529586461624263,2.7764690561511305,0.8931170556738464,0.8687851712340702,0.8095651844847828,1.4378532242768363,1.4922382420802176,0.000899697759491442,0.008076489659000124,0.0002671124766805816,0.035115840131641075,0.036851665506234886,1.1933017133118844,0.7871525434405557,0.9320832373592054,11.701157206557808,4.0835207933124,117.1048460808016,1.0496434725427455,1.0241219203324232,22.45521831938052,42.282977450674565
0.4156350722718018,0.11108739395202107,17.771706467274296,0.0147669166189602,0.014941035372630975,660.249819411123,23991.961740109542,8.259631107881154,26.823405237019728,0.5909922311909324,0.5771526556621429,0.5547503461444708,2.7687793354795547,0.8887915115048393,0.875095946829685,0.8053470755049453,1.4399153689524384,1.4952849506435808,0.0008990934600681516,0.008089553701236379,0.00026749451717368475,0.035043103160855266,0.036630688550949496,1.1940215786740713,0.7804905358210577,0.9308651835686067,11.714299991862301,4.049109532447651,117.48490268359387,1.0482660124330887,1.0197855945124865,22.462800923292974,42.25178444405865
0.41458146352386827,0.11118047496634353,17.65735002457982,0.01476357393521375,0.014963989637070678,663.7817617566279,23956.14607670349,8.253912202168612,26.861908596191384,0.594936699568034,0.5767352945160263,0.5538454531931318,2.76750709580116,0.8909711836929016,0.8753870496432662,0.8061488243362532,1.4444724831197613,1.4980676936668043,0.0008999558804854374,0.008088999704693511,0.0002670167704820665,0.03517106259822153,0.03674565757427029,1.1931358137885513,0.7773322496395305,0.9294495636084493,11.673462145579235,4.024675870736886,116.05533667072869,1.0429999895660458,1.0185407025146993,22.43712732950635,42.590202181971115
0.4155838835293574,0.11140684257524325,17.660313672731007,0.01476307984953989,0.014967867916407874,663.732113655513,23908.36315689322,8.282545644456233,26.91458302657778,0.5924725112486151,0.5718253316821339,0.553574364930724,2.78680207143529,0.8874488090128382,0.8745706290319761,0.8073145681881124,1.440431946968978,1.4940776969046738,0.0008993115484980587,0.008092234428811476,0.0002665263827832328,0.03512260530362987,0.03699950929235493,1.1871272361757554,0.7758659121677591,0.9274533517568403,11.687940352305652,4.027777972947648,114.90153529625621,1.040887644685987,1.0159139549707903,22.320252652754846,42.44043291502915
0.4171803596941159,0.11081392688001968,17.7207050046529,0.01467707505130891,0.014955355590635723,661.0410241066033,23994.471316992123,8.323454799289125,26.863666340200986,0.5932723367942185,0.5734204964700614,0.5505624224198911,2.785572379981948,0.8872454267401387,0.8787075290163866,0.8103701271440544,1.4432980118748886,1.4969624277596698,0.00089945778936937,0.008116643188513448,0.0002657909713282246,0.03503741020954584,0.036976130882893234,1.187079755463548,0.7751053555167527,0.928215316673292,11.674719890478285,4.0314724455294755,115.96343149716658,1.0412658888584347,1.018955434946508,22.32457232710064,42.50890412278781
0.4164618900898156,0.11087580708077945,17.700288363682475,0.014706524930555942,0.014942086364537773,657.8900927179066,23908.85831553543,8.332635309561349,27.04074772711001,0.5938842606784707,0.5743795853671552,0.5528974048548667,2.7946449022997326,0.8869308534046086,0.884531000493935,0.8064333595545037,1.448725001093734,1.4957213903216064,0.0008981221573315205,0.008100904325182358,0.00026646227707559453,0.03520698068695796,0.03660028839305453,1.1849629924900142,0.7723318550702425,0.930741634271311,11.630862469520334,4.034070505178257,115.30405797091731,1.0402495135870695,1.0218791603380244,22.23180279580372,42.46840759537868
0.41613130953003113,0.11167496095988473,17.6260163973107,0.014692536772544574,0.01499112679303186,655.6237443736399,23984.98138770577,8.315637079383416,27.039130328306243,0.5929716345185323,0.5731565478788834,0.5542852134984263,2.805446505285155,0.8887498648606658,0.8862320119070701,0.8018436259516729,1.4446232741048048,1.495441921490385,0.0008985210041642891,0.00806377870143855,0.00026572738785932425,0.03519910713971463,0.03669413261796232,1.1927832124266262,0.7689481952229523,0.927861701861694,11.615582795155118,4.041754174937306,115.20175861927942,1.0491808994827605,1.0189528256852147,22.273612501610078,42.338810447869676
0.4161080957058857,0.11150605435221801,17.69824890043879,0.014669434494823472,0.014983649077010863,657.9701756671747,23961.021863984137,8.290192054926475,27.158467542392405,0.5938184621968728,0.5697827111642365,0.5533738341424751,2.8129299820305347,0.890853944487432,0.8871567483227231,0.8016177730517611,1.4414908163056548,1.4831927376893193,0.0008966679062307095,0.0080576721475701,0.0002636450910677342,0.03513216442369507,0.03660269317483709,1.195855593552099,0.7692890198159489,0.9314982182849982,11.565920076208842,4.036320966268766,114.82124216966812,1.0493740338390007,1.0173298863022975,22.364284835509647,42.142605221996284
0.41648488869976114,0.11129169129683476,17.588859920329188,0.01474207292452608,0.014998186850214694,661.8893164582499,23997.69073894566,8.311891399205443,27.144261633942598,0.59347718582873,0.5697338844390162,0.555512617235626,2.802293120661773,0.8898762241028932,0.885667646693926,0.8039042827381015,1.450717066075121,1.4815921686537719,0.0008964315522199286,0.008052236845161083,0.0002632702520891254,0.03509559231255008,0.03681480510983063,1.195798672717573,0.7731797213085696,0.9328432328487954,11.541439065546445,4.0524869153304675,112.92922082663611,1.0480901111297725,1.017341522375244,22.28887910063013,42.10116420227633
0.41814718197577705,0.11123780628047084,17.55315773235733,0.014731361739264271,0.014967094898830408,661.1508527703734,23987.006111122384,8.304293347141671,27.119572458878874,0.5970828478016819,0.5691803034192965,0.5578693923791823,2.8144831131219488,0.8888782946058235,0.8843188259319773,0.8049223314952362,1.4496236883323073,1.481513885509738,0.0008959243661602086,0.008041688096579243,0.0002644549388977585,0.03514328920724199,0.036984620844211495,1.199187735590529,0.7680795623130379,0.9340539699198749,11.514044524224822,4.044869513292871,111.25433589044141,1.0493329250103578,1.0187052074043792,22.29176895638049,42.192152974285165
0.41873359402022664,0.11071696937422265,17.478893944935077,0.014737656975572857,0.01499302215656734,658.0724272079632,23972.597099019542,8.303381563838773,27.120344962536358,0.5947297055938453,0.5700565511786281,0.557296778627258,2.797329789385081,0.8875157850442088,0.8872849311535115,0.804904561544828,1.4523917143409535,1.4830235076492346,0.0008925385023649551,0.00805033183620479,0.000264609750470423,0.03500907199793894,0.03680794211881692,1.1972189798876143,0.7629394302909929,0.9416567982875688,11.477690140913277,4.003572258693742,108.93167181659405,1.0454639893756448,1.020036784303175,22.14601254960981,42.21437319245529
0.42362129061270576,0.1107085842159667,17.433651003920215,0.014717251223228759,0.01499856196439737,658.7741431884372,23993.9651179188,8.26854480676215,27.1632892241302,0.5942040969644632,0.5686502886282108,0.558477908915386,2.779691803787875,0.8849930934806162,0.8853434734998751,0.8043086604068249,1.450723754048365,1.4897351438538535,0.0008982858852175613,0.00805983823799012,0.00026559232018562437,0.03505921253443341,0.036704245106810626,1.1897803936119031,0.7579675247800717,0.9449225042525348,11.515110634438583,3.997340774814115,108.23636371782545,1.0471929902145047,1.0184634822711474,22.20548360979326,42.08797316997367
0.4229988172906463,0.11090093029311798,17.4840886507431,0.014919881447334296,0.014977637279655256,659.4991747498773,23938.828357244663,8.289803797180996,27.25400556282378,0.5921609345698025,0.5669922265461729,0.5580326074065827,2.782788604905732,0.8814299119790918,0.8872568198569065,0.8018074703860144,1.4477898098122826,1.4865961918966075,0.0008991999013245735,0.008036139997342352,0.0002670156368536494,0.03508025307118917,0.036684867016169735,1.1884588967250163,0.7600428276438342,0.949072170720446,11.538434256505582,3.9724568392985358,106.58333474284626,1.0475930618579683,1.0137256413984577,22.059513878401592,42.06046506711259
0.4209558638311817,0.11032580214382667,17.381877193565842,0.014940874343543648,0.014949304210261994,658.5859387991486,23970.118682232947,8.31768332450812,27.482140581336495,0.587451163614332,0.5692258945809519,0.5575602033547614,2.805845103221247,0.8819037677145969,0.8854558272219533,0.7930237477189924,1.451115850610332,1.487393532990947,0.0008949934433821967,0.008022731509989733,0.0002659786592271496,0.035129890412477965,0.03669767273982829,1.1885901019035991,0.7595758249517428,0.948167617193556,11.457048669031009,3.9715531046765182,105.31860377480591,1.0465096063221573,1.0103509984661205,21.993443727220825,41.90372985263534
0.4172442549060378,0.11037700870525192,17.47272823958757,0.014974988900710232,0.014935728010011395,659.8601414919239,23935.742187177937,8.321172868725084,27.48829154434744,0.5850309946021961,0.5736479935522653,0.5564192660105102,2.809997200732339,0.8791950042748489,0.8927914676824916,0.7899388519704191,1.4578542803102978,1.4819100013221442,0.000897676518292401,0.007982036805769106,0.0002656317731530529,0.03525924997800569,0.03676167315797312,1.1983931420419545,0.7590737879834318,0.9369503719955092,11.346910445323111,3.972570352143328,103.6383390112513,1.0469994323678573,1.0135034112088532,22.043447155917807,41.7550607306057
0.4164614570923096,0.11092079200679758,17.4975393577974,0.014912633815916189,0.014919511327990099,660.7482587249192,23918.699306577368,8.352373279484347,27.450151723384305,0.5862496683205795,0.5758383250787185,0.5563944611827362,2.831338250695488,0.8837001277156493,0.8879938951416795,0.7883175182761124,1.4538738860240683,1.4882048954859315,0.0008947896000085546,0.007979025290097651,0.0002666029449642529,0.035086720803974535,0.03681938563882978,1.1985876094663983,0.7585401611555932,0.9483215232151092,11.361800886271977,3.976470767683159,102.5468064299335,1.0426116555436251,1.0169990607769597,22.051645527149784,41.789365562886736
0.41650221763863093,0.11130453019149428,17.48285572886786,0.014894817849490717,0.014990732408652016,662.6370349813292,23993.519834574166,8.382039777261019,27.449723433590968,0.5881715153481607,0.5707046215799519,0.5547751988402362,2.810574137937507,0.880887718933528,0.8912813741744511,0.7917917809263006,1.4560042560824926,1.486897850120903,0.0008964146142816392,0.007995340071159918,0.00026683905197445387,0.03507682807821219,0.037057083561003394,1.1997610021653409,0.7581850450079523,0.9429618808209217,11.377502606380444,3.945390498662271,102.6369931835713,1.0447223264634533,1.0124361957289578,22.049119039336926,41.62389533241847
0.4180399441237925,0.11094165521206929,17.52410310660892,0.014847860302094843,0.014962781556754042,662.3779916935129,23926.646287090203,8.389549471350945,27.572878955317893,0.5891112662416476,0.5683600196430699,0.5582974927412379,2.813547202207558,0.8782605077494627,0.8911219174413476,0.7914105978954298,1.4560305055784217,1.4833566909370075,0.000896464057838298,0.007979604474034546,0.0002674023139319191,0.035090853169772375,0.036897233997332725,1.1974025941409305,0.7612090970266653,0.9477928273406455,11.340902275923268,3.947505583232007,100.37749213583518,1.0460800341076066,1.0137601594832248,22.13269813811052,41.46773846235171
0.4180241683504151,0.11029750488123148,17.660410982535904,0.014881820153337128,0.014944587638575415,660.2301843583825,23997.88049256888,8.353894873852418,27.556658676989695,0.5920533837424232,0.5670964971934561,0.5558784260518165,2.7973450673066353,0.8757180698823318,0.8973984511877495,0.7899363146610826,1.455757941573575,1.4847540611534056,0.0008921180096089098,0.007959265274969079,0.00026636246074169314,0.03501661228897958,0.03701250972830825,1.1989364595492884,0.7593517350814694,0.9547681004814911,11.305700045718433,3.942776562543374,101.18316082476377,1.046731534668274,1.0113906454287813,22.118820444420862,41.53951652697968
0.41888661109519626,0.10974859423716624,17.692566277564087,0.014798697094904176,0.01487675564460715,659.0743117897091,23944.85509404455,8.35908407832645,27.653568514682057,0.5913897497237921,0.5635360224950199,0.5539874565141407,2.7964388493332164,0.8770971974962284,0.8972263032386458,0.7890407687660408,1.458906353363866,1.4879527563538797,0.0008895766098650006,0.007905249753511012,0.00026635664763486407,0.03504749641275617,0.036697328570854795,1.1950839420175299,0.7665743083041315,0.9438710909223116,11.249928625608094,3.9182397550355423,100.07148948806739,1.0432014959638938,1.0091394092518722,22.01600020456017,41.56846932524326
0.4184226567726012,0.10979575702692579,17.668515691536136,0.014800267242830043,0.014957422220946181,657.4685144549878,23879.64515141592,8.342699576013729,27.77022406156589,0.592284348858737,0.5645201245927319,0.5536301848356143,2.8122009835541424,0.8771992607354302,0.8968754266123788,0.7900110027625131,1.453360615175755,1.4877346651459238,0.0008840875528192871,0.007922775174436429,0.00026701713642816746,0.035119876559648266,0.03663080211826559,1.1964275347788407,0.7705058559131157,0.9460375158123262,11.26705519116852,3.923453184477553,100.47577597508867,1.0360838672518695,1.009839182978553,22.02248685179226,41.54956765567641
0.4193627720646341,0.10940129347921546,17.698896017901603,0.014785353491412447,0.014988073039746929,663.3983751283948,23899.9993668515,8.385176892282043,27.7844774103645,0.593080074311978,0.5624485122908173,0.5526113300105229,2.797535719097625,0.8776564011597865,0.8985716864702635,0.7820543706876644,1.448806614955173,1.483535937855711,0.0008813140461187997,0.007885016324406337,0.0002665184211826471,0.03504797160624901,0.03643545406769989,1.1979784990768285,0.7730529672970191,0.9390895298178169,11.313025510442548,3.956572069484848,100.98719058825226,1.0380746507678125,1.0056957253393983,21.8889712695524,41.574973803723765
0.41799928054810087,0.10935567944664669,17.647169962197964,0.014770445856567265,0.01496466184267456,662.130649580993,23948.839392144335,8.440433092755889,27.915270142878732,0.59412451895418,0.5640270304896703,0.5525759431545295,2.7798204137603526,0.876168881124487,0.8987142885648762,0.7834737249154469,1.4543182540077557,1.4797431130282408,0.0008844574906450015,0.007906835430251733,0.00026597134510535574,0.035093672007032894,0.03644305413197214,1.1905052336599407,0.7724088127429658,0.9440442133356877,11.289867252285983,3.9187297600461113,100.05235989727444,1.0420221262753389,1.0093513725494478,21.901878283728422,41.743209521423665
0.4173068377755541,0.10956593539261487,17.717373732172653,0.014806930458772405,0.014921820514731883,660.384118033857,23924.36019651153,8.462010890200018,27.979480325214553,0.5952128574365237,0.563189686617812,0.5549979047795434,2.8025358128759392,0.8781790859944849,0.8980420927796745,0.7870311917370673,1.4582565503496951,1.4784814448328696,0.0008850876628814841,0.00789266269085821,0.0002659673759958859,0.035049199892418795,0.036110132816256926,1.189944527563685,0.7810789755576902,0.9389058906371386,11.303548259754354,3.9185822029658013,100.2399956690692,1.0402500921545021,1.0155029292124125,21.82852520411864,41.72466653953232
0.4188267415554716,0.10936147527602025,17.74066898222291,0.014840242692799962,0.014977689561621014,657.7982969592913,23933.930093558018,8.428548756187075,28.004588426708366,0.5950770006787308,0.5607631502748862,0.5556015179629215,2.8101467159116873,0.8834383031230585,0.8937600060400038,0.7832535764364205,1.4588451794013504,1.4718734781299756,0.0008874271621954029,0.007871978726003613,0.00026729421229217966,0.035218400842925775,0.03599435867005491,1.1944787945236668,0.7751447527597831,0.9433823710630755,11.279406571720836,3.878736696398036,100.5422905000925,1.0380883505840952,1.0179434234628593,21.894557397868248,41.73318246604478
0.4194281329282993,0.10975635541777844,17.74688356524598,0.014814790281574584,0.014947378595539483,662.5966244133408,23968.842049184386,8.441665694986796,27.98041933590372,0.5946139437153625,0.5659316972610684,0.5570534031336575,2.787689315310619,0.8863363434689244,0.8959101772678728,0.7831582301023248,1.4641549594939096,1.4681926467538051,0.0008880433940565004,0.007849284613526507,0.0002666563572619399,0.03524454655611866,0.035656679200847446,1.1968763252188668,0.7762305664278303,0.952231345801789,11.25166352791257,3.8779705863749943,100.79211141663079,1.0491220988798828,1.0234406575454953,22.006813644593354,41.79890972642372
0.4186241861095395,0.10944536358927108,17.760106368285133,0.014798985244709632,0.014949727372471267,661.2286468413265,23960.478959981527,8.439405668991771,28.03508938532097,0.5937859587491043,0.5698678610964518,0.559824869564742,2.7823404167388976,0.8871695680563855,0.8989319894783739,0.7870929486950077,1.4694237869770126,1.472344311497648,0.0008851231884690581,0.007869975292672991,0.00026433042576153,0.03504484829487809,0.03565920218329681,1.1924065115580542,0.7765819060737993,0.9512692133168936,11.225940179588054,3.9017298823840245,100.98322699110342,1.043822926450231,1.0201909538039686,21.97908078744352,41.76628255374064
0.418228335530974,0.10991196453525795,17.734740578867235,0.014750021795109898,0.014971900276917156,663.5516030787762,23952.386136957903,8.453040088659618,27.913499466422408,0.5945436807386238,0.5691198008479601,0.5559262181979545,2.7864440000143285,0.8945199621653058,0.8987578870378318,0.7886661811156156,1.4820354759808316,1.4858560054768002,0.0008865829768096141,0.00787067759223573,0.000263502583331771,0.03501386649724396,0.03592839120925151,1.195924242486294,0.7836789887910524,0.9593917032449387,11.199161960315976,3.8904860993429873,100.58306758113719,1.0455844300287855,1.019063604157122,21.943942442940756,41.90461128790102
0.41971384366180337,0.1097288164385257,17.722573287571386,0.014785845235778515,0.014997925670145053,659.1012314565913,23937.042176895255,8.41447046082591,27.90095075220652,0.5927128310275597,0.5655729697507317,0.5572024094595752,2.7742503447569806,0.8955209365881546,0.8988038902680042,0.785193153102359,1.4887219185534897,1.4873118436653396,0.0008852865517292917,0.007852495460738585,0.00026563360050030024,0.03501307202048002,0.03574214261934422,1.1946759283681876,0.7746540295830273,0.9593096558143075,11.219679551913837,3.886326639717814,100.0335186296327,1.0449651306010794,1.0183779524195324,21.936113758942593,42.090808760825446
0.41960446716205435,0.10894878120572228,17.87081674384423,0.014822111014042655,0.01499218295356951,661.8560458707099,23871.441629341833,8.408557280799414,27.953331355967872,0.5949474140399423,0.565726710691666,0.555624297817263,2.762635315737104,0.8983630504082072,0.8993557151155221,0.7834228060360283,1.490424745707277,1.4896134618792574,0.000886868263589027,0.007818326346594398,0.00026450048523065143,0.03503332319093613,0.03549310141087563,1.1928357568482377,0.7738894550444699,0.9561760967561883,11.243312290633336,3.8903009495782173,100.11919583324368,1.0451971680932466,1.0185079160802097,21.901548674843035,41.87475112653002
0.41980773592523307,0.10869063496248901,17.84112299197377,0.01483883099678863,0.014994368060177697,661.4117872088129,23952.231123503163,8.412926887733118,28.056032202781427,0.593589715120725,0.5617499067412047,0.5572808773454799,2.7564045064697793,0.894798609944812,0.8963306167858918,0.7849249889002843,1.4851940908763874,1.4949694962400086,0.000889137575616856,0.007844012884197192,0.00026271871231445184,0.03503637135594328,0.035301999251061124,1.1978976049983678,0.7810322689185828,0.954683865648993,11.248620407846278,3.8370361850855983,100.5735527627716,1.045729858295336,1.0194686663339205,21.8817715180697,41.85178232587851
0.42008410244301164,0.10856207498444519,17.79631014564746,0.01488382354238145,0.014931029327541326,661.4601526574601,23988.619661539382,8.438610658357854,27.93187382588771,0.596717430951194,0.5603308044054878,0.5601501974137776,2.743813063137941,0.8935672638682467,0.895067669272895,0.7856434892480632,1.4732209733378907,1.4977936205567528,0.0008891944932857688,0.007814414939359644,0.000263534452325676,0.03503395897122311,0.03520581513494556,1.1994359850083207,0.787026146743312,0.9522329131388038,11.225916720005753,3.8223092641804834,100.00129748272629,1.0377712595135131,1.018680418774488,21.981925250375035,41.9210307940035
0.41919072633979876,0.1086340874280245,17.854153561982965,0.014823599407784922,0.014915184091159552,662.6851703208262,23965.35493778446,8.432702451238892,28.00376647337101,0.5979327954847082,0.5617911718733459,0.5574212417797852,2.721623301505946,0.8964581477492229,0.8943281283697969,0.7878590196563457,1.4697557395857996,1.495380666371796,0.0008823604990735148,0.007806570859334193,0.0002643941429697787,0.03506005347670383,0.03497520578524216,1.1950876932271122,0.7865018459887652,0.9594122118719535,11.306544528450118,3.811971241847359,100.11983292236597,1.0360680813290832,1.0224286233874327,21.919095305547106,42.027335691519745
0.41702156887983766,0.10874553649778562,17.794022065734893,0.014834535882231187,0.014973177812002188,662.4568323206928,23898.940831938504,8.483329538060055,28.071571858933297,0.5971116672356745,0.5649568869307497,0.5541614669789513,2.727942198640847,0.897206416212465,0.8945029666848099,0.7890400048850589,1.4666193513133008,1.4974658055107883,0.0008770585910039777,0.007782753295683306,0.0002642584476604885,0.035145231330395627,0.03517726890309228,1.1939576540544585,0.7851049050806787,0.949510661292211,11.282963665647268,3.800715841884646,100.22873375379663,1.0410380457792514,1.0284904855902226,21.770121118911817,42.037471942668496
0.4150321746377586,0.1084779765188886,17.708241180442293,0.014862756923893066,0.014977952937060916,662.255347879378,23998.491202175548,8.511977005361006,28.12857641832182,0.595816815509668,0.563069135734256,0.5560696018120652,2.722145064138117,0.8956284409085995,0.8966033880672507,0.7927836689160221,1.4637496027776393,1.493913904384478,0.0008750591191820275,0.007787849923238161,0.0002647389308842673,0.03515728406243239,0.03492808597762386,1.1939317353531216,0.7799634851354049,0.946749020190401,11.257823942096822,3.792816774763508,100.0175571722747,1.041245947999745,1.0295891423696524,21.736787145540927,42.0153937829216
0.41898041252164114,0.109112759889918,17.644470352502452,0.014926529848088978,0.01497851788608546,661.555932110241,23893.774560735248,8.5432557032948,28.06038899620214,0.5981469946422343,0.5634477682785104,0.5555883044186417,2.719671988478321,0.8936663747760015,0.8889625155494172,0.7945196770763912,1.4565273965487096,1.4942841415236596,0.0008764187353540726,0.007767357160152618,0.00026376377209564857,0.03503780629087935,0.034595977023219586,1.1903824917536976,0.7774199447554498,0.94376890464491,11.184755946624438,3.781168612348854,100.94084897796546,1.0441806774233424,1.033209320702614,21.70758546444494,42.25195234064606
0.4217102553871832,0.1090919284128666,17.675989036312675,0.014937318133927876,0.014942277993271415,667.6564023339608,23896.585896010678,8.541658311394228,28.198496773224324,0.5965306307476327,0.5635559510190629,0.5541542257817905,2.7211168324137893,0.8914069494176204,0.8906151176663215,0.791699837405147,1.449718147116395,1.4978633311310607,0.0008735455427666577,0.007821065249499742,0.00026652281787248924,0.035013721565880875,0.03476145000706232,1.1901285583903618,0.7850776415042073,0.9452302524974087,11.230457194000946,3.7526534157010265,100.60451372290852,1.048260972044095,1.0339670843634152,21.801542661292643,42.135692665901836
0.4221951866065703,0.10951213311557223,17.740584213304242,0.014979112889248724,0.014980194859868642,667.8674636856531,23897.814908925375,8.59577425433938,28.311073870329196,0.5938780558914547,0.5654262902243242,0.5540744210194599,2.7119678944792915,0.8939613378201815,0.8898923177335132,0.788376380720794,1.449887420033471,1.49667116846146,0.0008731807725630313,0.007818896421031665,0.00026645578148991935,0.03512279076563536,0.03456790077550548,1.1923769710270014,0.7767440134122975,0.9523302281115462,11.216586461447736,3.7554114900261473,100.71719891245432,1.0412754538254685,1.035637167486301,21.68662561272427,42.03655337166728
0.41985542454189567,0.11044720695355296,17.835983645660708,0.014932387691794549,0.014991503834368796,666.7270476545907,23875.43655030607,8.557169172200972,28.31115700157849,0.5894175253647617,0.5687318486353765,0.5557853929161356,2.7053809102398043,0.8933195015147317,0.8925811030448249,0.7928728508095234,1.4542903264312401,1.4979933962368348,0.000871405819988223,0.007843581378216924,0.0002657421948554959,0.03516735813129245,0.03464910356642812,1.1914885633036272,0.7804562010795894,0.9485729250022354,11.255619443104141,3.730524928451296,101.2713579596322,1.0432944537366309,1.0376576879358574,21.580594808322086,41.87629887330428
0.4201647800903788,0.11158657708351803,17.754954132861652,0.014857104163294273,0.014964736469753978,665.4431847376086,23999.196902641495,8.554820635979267,28.209519131139462,0.5873972126153921,0.5702940991934288,0.5550680047203499,2.7019173437591495,0.8955700406525974,0.8991633612485745,0.788582812750363,1.452576002649707,1.4996589988803288,0.0008709230055861873,0.00784071171317013,0.00026334858913192293,0.03515183343137295,0.03457081268895023,1.1945218597059677,0.7840514517053423,0.9456115568501736,11.251066127929226,3.752359531206113,101.87441999989528,1.0402100977352688,1.0402150734833508,21.746327503664926,41.906092284050956
0.42017989207285694,0.11249019845790431,17.81839960205483,0.014930246180264275,0.014839817605507415,669.4367523290709,23997.918155634135,8.533837822120079,28.2393187212573,0.5881517900655321,0.5714639670741503,0.5516412272226544,2.6906163179666387,0.8960532971492647,0.8967940714188791,0.7936734493944645,1.449209596417298,1.4972979795718795,0.0008715041760149582,0.0077815695379883296,0.0002636821425169284,0.035008010045741035,0.0344235306901216,1.1938839277190818,0.7797487425419211,0.9361011328596012,11.23697955176211,3.762038766183587,101.73925632011604,1.036159212130983,1.0434770966381082,21.746925586421433,42.10120965964151
0.41942528741928176,0.11264672989246208,17.76976951801345,0.01497688339596727,0.014955895335340412,667.5317882219649,23984.874840730623,8.49258114721361,28.401902936103088,0.5862437433799101,0.5733588915341323,0.5536779772552932,2.6784431556737753,0.8913741642454504,0.899468417117383,0.7963023749975444,1.4542872886562834,1.4943614523178546,0.0008738539888264623,0.007792899526031946,0.00026299704339147894,0.03518540362399675,0.03434526855778981,1.1956377001513592,0.7747376052496172,0.9334443868522636,11.298142926640358,3.758009694285269,102.68914416081262,1.0333360300281975,1.0483339197990542,21.726252330369825,42.37820750216151
0.4192158798068185,0.11250992493273965,17.819280873673875,0.014917016985924651,0.014970324796570468,664.8484889466337,23925.928117215397,8.459644104437462,28.34767027970274,0.5869107531619896,0.5712154533310831,0.551296486550293,2.6747031719562777,0.8922430199998582,0.8953081184545095,0.7907615301446218,1.4466864943075912,1.4867401080955278,0.0008719498595113346,0.007777995971610467,0.0002643970810636359,0.035130017556970976,0.03439346586303042,1.1893071783728093,0.7729237120199256,0.9334441183380717,11.371116524107638,3.720516946538302,103.116579427088,1.0328019391773788,1.0485757590768499,21.696455063671426,42.37678271210366
0.41727864611408466,0.11250244948070999,17.948299776302317,0.014879120753734166,0.014972428730079255,662.1491543670008,23971.555359440637,8.469387140334874,28.257960474934357,0.5908979449340586,0.5710082953571851,0.5506484455081562,2.680492746569765,0.8971738207862824,0.8965267659610863,0.7929446670741299,1.4372195564576917,1.4852167467325372,0.0008679423857078317,0.0077875286209436395,0.0002636369348375641,0.03502925928474517,0.03425503791759701,1.186413056135551,0.7696980553974044,0.9361762167801084,11.404175508937056,3.736043493927139,102.99048116254616,1.0315548724573624,1.0435519138808675,21.713222299716417,42.310395298709
0.41490425976633677,0.11307934628173903,17.946132544598157,0.014871259203330186,0.014987170603261109,661.9605769338829,23992.31071505274,8.459108242663236,28.271003591682074,0.5879410884824174,0.5722547535783569,0.5503754170837322,2.6847822014709077,0.895388499798665,0.8989603057358694,0.7949916553460715,1.445442984410294,1.4885048370200162,0.0008687479768179228,0.0077881397343594755,0.00026164820709086227,0.035082960406616334,0.033952362025169776,1.1872987527918684,0.7662315498682061,0.9373182900426578,11.429323544001138,3.7563830351246357,101.21863410806024,1.033098307971773,1.0396571190466664,21.783854895370858,42.390293465919655
0.41813544298866834,0.11336602005673864,18.002347952927355,0.014920523975152963,0.014971475040775754,662.4768490603726,23963.609132283153,8.395988720375339,28.26057573091597,0.5870595476923827,0.5741987730431756,0.5497602777921199,2.674606860446626,0.890637851451087,0.8998166299550898,0.7970264045601381,1.4374833808755194,1.4823272068158204,0.0008669267422287291,0.007804454941123779,0.0002633839641449337,0.03521632137091649,0.03385774537809565,1.1820161552833988,0.7716578465011673,0.945633304727313,11.353149064727216,3.722886170075765,100.76315281908697,1.033072591594019,1.047910598362931,21.679941192176376,42.34940421017374
0.4195158645952726,0.11306005304462366,17.97929488782386,0.014909308145369768,0.014984338111657645,664.9478779647791,23921.557375879955,8.369937204746565,28.321695034177807,0.5877892414183218,0.5734575994870824,0.5495762801042873,2.670317940168491,0.886025575927328,0.8984084094016945,0.7980669000073496,1.4385732859148013,1.4787801445434208,0.0008658591129557743,0.007813049895532683,0.00026314065706378514,0.03511777884645299,0.033581889181016414,1.1838905879170467,0.7681311239814838,0.9595642231607168,11.395710982709355,3.71599949288316,100.85447433997909,1.0271755056304572,1.047610272568924,21.541599201355584,42.24063208966334
0.4184136798765687,0.1132343723450689,18.065390920467664,0.014963611822194455,0.014955163974139304,663.2877249081779,23905.21522489423,8.350351208189837,28.140005434080614,0.5914017167022019,0.5745897734548233,0.5504846900774729,2.6625644197278326,0.8840410496275659,0.8995519269289838,0.7958834635857988,1.4490935823192197,1.4854932730926231,0.0008672080587655167,0.007817742375849063,0.00026364691979095047,0.03511125157850974,0.03331597960141475,1.1848775967787357,0.7626629232552252,0.9523910506034347,11.423895917564804,3.7198494275884855,101.20572241624659,1.0253485182922064,1.0483760555863266,21.473975945858477,42.36943353922883
0.41933770749956406,0.1128802703197935,18.01226263222658,0.014940579695467018,0.014995495963939384,666.6473456496203,23809.490305499352,8.375017245212263,28.152051082397787,0.5904289885349974,0.5754268495136765,0.5531680386898131,2.66213928095323,0.885891198064624,0.898192491155458,0.7947332300141738,1.4428472000707933,1.4843049560072363,0.0008700773427649384,0.007805265930195634,0.0002634991834157188,0.035029444667838264,0.033311429042677775,1.1869154347369577,0.7567030511577983,0.9545164801206933,11.404341966280919,3.717797954921992,100.8498193517427,1.0252178284484192,1.0474695600122248,21.413347409481034,42.31527948572436
0.422044039321515,0.1131626049817053,18.067745560085314,0.014864633348154443,0.014985521387298055,665.08524502028,23817.878193947778,8.414126527157437,28.203747072045527,0.5903969792784772,0.5767445415341802,0.5525996918436041,2.6602347110481848,0.88704327416078,0.8998777389266213,0.7926601636314561,1.4469062657784824,1.4853343679089983,0.0008654709934717046,0.007817567049673395,0.00026352906318091214,0.03508349200089814,0.03282356327259581,1.1888922913696218,0.7461490683302127,0.957174625664646,11.432613209542923,3.6945535410434447,100.01671395004604,1.0282645623747877,1.0446898262599416,21.39421018025338,42.31783980685543
0.4243516876452532,0.11340477556087719,18.141151574029127,0.014921601830882314,0.014981561102231231,663.9918422671424,23988.03271239623,8.418235922681138,28.074715448506048,0.5884728903592564,0.5734719827263837,0.5523800330730907,2.662620586631442,0.8853888746676298,0.8991134143238764,0.7946960358654109,1.4510157258995702,1.4858369926992299,0.0008602024236709858,0.00781914874099956,0.00026296726823632564,0.035090624955409676,0.032888322868286274,1.1882146669103522,0.7445122140934619,0.9535401160634517,11.393210617648897,3.666827349662671,101.27474977437807,1.0253777677782308,1.0439564332480422,21.404683225306083,42.24527229815615
0.4231223542952736,0.11340653145825072,18.179992329502465,0.01495576847270188,0.01498701014396068,665.9442249727491,23946.106702673656,8.42317310383905,28.10298290902371,0.5883678767949551,0.5735494993813618,0.5550948225713761,2.65928316432121,0.8846285867530082,0.8992952855658037,0.7968014008498214,1.445666126568057,1.4810795434501403,0.0008638560328191114,0.00781339016071816,0.00026321860411788453,0.0350585491170383,0.032759566377813285,1.1890197222758565,0.7449436137778592,0.9498183366036375,11.33690118474413,3.672082097418956,100.33144686936852,1.0259781080611474,1.0427901258283532,21.339049979880233,42.38023660757464
0.4239598864142821,0.11343411666711153,18.225606251283665,0.014952977948530444,0.014946956695396599,662.3076088419663,23939.206104787034,8.396196858406832,28.030736202067477,0.5900084836739449,0.5720090099633954,0.5566558855687789,2.66517416327117,0.8871574252915831,0.8966266418444091,0.7947884422296893,1.4481130289434916,1.4883366230516994,0.000863377629729507,0.007821668242650076,0.0002616277382174507,0.035027065601068996,0.03267553299488167,1.1902823841268777,0.749141476790513,0.9477258300450466,11.319007569421126,3.677997174729921,100.28675418263059,1.0199122081424343,1.0476806266472272,21.41644059325579,42.55901115432595
0.42199442366231005,0.11426691894220618,18.210518259478743,0.01495461031835102,0.014989652945050877,663.4654877352183,23884.318395174574,8.407145381734477,28.201937455499664,0.5882244911603217,0.5741563193355075,0.5573197968495316,2.672120529987988,0.8839001078084753,0.8963123939082854,0.7917647120396977,1.4502422074876002,1.4786156368687697,0.0008609297558409816,0.007800397980202614,0.00026262676715208704,0.03503998472655873,0.032899317072896644,1.1937875339307702,0.7483759401271267,0.9455202183120156,11.319683857324202,3.6240438796017074,101.09257834674776,1.0190501308432385,1.0439016872433475,21.479503805367898,42.898429872128794
0.41919042383041316,0.1149780938396411,18.291810286605255,0.014947932847995272,0.014995790100497106,667.7683419475497,23730.152353500223,8.43301004247763,28.20769609536861,0.5854480860012092,0.5749942564263856,0.5606690937311439,2.6699203460705396,0.8832823669850309,0.8969545597099858,0.7935063658073429,1.4407355444548624,1.474514199031816,0.0008631380006331356,0.007786765036494165,0.000261411752038359,0.03514468120858325,0.032736774628974494,1.1928994578115424,0.743584382174404,0.9471752191856659,11.387702453846757,3.6087700167909538,100.44272600209466,1.0115480209646346,1.04019015973667,21.587328720995636,42.98076888793676
0.4179674161854693,0.11497461257033874,18.358702624645872,0.014986283285268619,0.014986533230133593,664.1788589861286,23741.94695878632,8.391588869939715,28.108444450119126,0.5862040391018397,0.5757711156907679,0.5611370513189499,2.6738962247654947,0.8838183969763611,0.8950043571307021,0.7900024361176092,1.4439142717510665,1.4585129160187713,0.0008620677751486554,0.00778881023344956,0.00026304207709988936,0.03505816376665207,0.03261702096971283,1.183144500934342,0.7423347615425347,0.9443195907850055,11.421322570651931,3.6178629438645094,100.5663527221743,1.011711629613311,1.0430052826203036,21.61880434586642,42.891980488470125
0.41957970616918094,0.11537362627034858,18.535376346403453,0.014958920606301941,0.014993330997866894,664.0379683479676,23688.241225534184,8.396857728255355,28.238887705880096,0.585181992084391,0.5755883575474806,0.5645163545068367,2.6779764142221714,0.8844612837379413,0.8946698477156431,0.7888030182104098,1.453044261175343,1.4545639750273995,0.000865071712742117,0.007795930612220397,0.0002629428270006915,0.035104332977656506,0.032611115918968495,1.1752536037999062,0.7476647124136084,0.9403395901389604,11.47489356306323,3.5737527591076255,100.77543421129866,1.0146912872260982,1.0448228666945845,21.528546767927192,42.923699612797
0.4171462986340973,0.11517299249179609,18.533733539079698,0.014936468694831484,0.014996674414682144,662.1369114762566,23653.298136477923,8.407841659371837,28.176314769834253,0.5841255699529158,0.5747867306035991,0.5678885529583706,2.681173006743681,0.8852199113458589,0.8957197895625294,0.7869438867430304,1.451674201220316,1.4639945896657205,0.0008621569748714093,0.007713760128329626,0.0002621318451804595,0.03511480320763292,0.03247357832384111,1.1744574720789505,0.753073049507565,0.9393657394349223,11.416705244102086,3.5455835562816183,100.58440410039628,1.0106795257284191,1.0432118073479506,21.52874634243363,42.801401935992445
0.4136696440399488,0.11528246150146573,18.58210723410867,0.014903682994487707,0.014977697878718388,659.9324745718761,23636.407430107058,8.397287032233208,28.181102766413794,0.5795089442847438,0.5758934336512765,0.5697606317239425,2.6873479873414787,0.8794912175286991,0.8912349687630532,0.7895961278619967,1.4502774030353895,1.4622363490950396,0.0008676620649435117,0.007706037095468939,0.00026488469927851005,0.035094418256405954,0.03252125148350007,1.1736809889377728,0.7549441483094805,0.93207270081609,11.407587818927887,3.526511064008545,100.20210875519972,1.0113248931546215,1.0411684767583929,21.513158031382773,42.92543262526779
0.41309911193673937,0.11489561681571772,18.52298516816819,0.014877473758134589,0.014966087046562878,662.7144067804236,23591.406338990862,8.388534118404975,28.362277630373683,0.5820057579002273,0.5768246778263668,0.5695470440525312,2.681694444698382,0.8780674970253715,0.8914032863075129,0.7920908890366832,1.4523792550848276,1.463210318039557,0.0008722662641392404,0.0077292634662334,0.00026341519020789064,0.03501991289196804,0.03265175148021864,1.1754738064253645,0.7531186446223389,0.9326513549638064,11.458547626030306,3.515996281600044,100.38427153583724,1.014614249713177,1.0409985003834819,21.55748443267006,42.760065918452426
0.410199463908509,0.11479020747161368,18.62432951705755,0.014882146539963042,0.014999045486244672,662.5405323287719,23709.55097001384,8.404082744576682,28.21407238108286,0.5862211901387829,0.5789384819096025,0.5687341579356741,2.693294628653184,0.8763754387830636,0.8974414461772551,0.7911633625848157,1.4596021570296114,1.4642850530428322,0.0008753072567200098,0.007709302631028333,0.00026406691885162795,0.03510948329015916,0.03245746160345423,1.1661792817652417,0.7569019712727858,0.9289642073973944,11.546832008830673,3.5140669372374402,100.36772288323526,1.0171014774575433,1.043084747305503,21.573503229684295,42.88324857349907
0.40915254713860627,0.11456480070418631,18.513877746410813,0.014931031027650645,0.014981424692067143,662.339440519718,23906.854482583,8.451997125463201,28.180962631148184,0.58448631416049,0.5773459262773457,0.567808215088758,2.681490596371066,0.876471463080197,0.8959164430435494,0.7929629558105264,1.4614690225919407,1.4664501524590476,0.0008748599564001622,0.007687805798761481,0.000264949575847679,0.03504584315939196,0.03239757432917556,1.1639089075157047,0.7550781431888262,0.931039366470085,11.553429064718527,3.5091452772098437,100.33318851431054,1.0194556222754405,1.0381255463219292,21.428244594001658,42.987986766146555
0.4088818219402504,0.11488914678857455,18.565134051213498,0.01486332928911693,0.01499959806468964,663.5286075983196,23882.657067023745,8.461490635847419,28.098417182049367,0.5823721150226769,0.5792575063166384,0.568280344913985,2.685789312961067,0.8729832135597807,0.8950629448300786,0.789489633652195,1.457422543293644,1.4700607272954358,0.0008735553531096725,0.0076876368492600775,0.00026495950834053394,0.03502536663768904,0.03226009115931727,1.1692441558036883,0.7568979501714669,0.9344775656849422,11.522387723003185,3.5179457564362884,100.55715105766912,1.0185970379997908,1.0429991993844445,21.473591780699156,42.86066667270146
0.40800936696589823,0.1148512571798579,18.469823308572696,0.014796368154330209,0.014994365531523609,661.0290766965462,23974.98123742178,8.45544606564893,28.183130099736598,0.5847455760494266,0.5783768250998725,0.5679530740444863,2.688424665094538,0.8736306320344627,0.8923387621194206,0.7865649957649098,1.4583919800237704,1.4777648794577647,0.0008734347450855037,0.007713278058730582,0.0002655311237247596,0.03508474367103216,0.031799660439194424,1.1700416782612388,0.752720090848372,0.9276916140317274,11.561608927335046,3.4760078158379004,101.63155666643132,1.018360083766642,1.0485174733895861,21.453933323975722,42.7927254196586
0.4064812503127564,0.11500048646359666,18.379907074222213,0.014832819363872736,0.01498785247428886,661.737795042065,23897.119297075606,8.41620544112774,27.98831151010618,0.5843090706811488,0.5765165789081529,0.5670948063481638,2.681698782011598,0.8724535520095681,0.893628167489697,0.7858751982494221,1.4547379815776753,1.4728387565056,0.0008739041165957917,0.007719209068660332,0.00026471403360402894,0.03506543914526223,0.03190122181139169,1.164533845826014,0.7551476301953085,0.9278111233868968,11.513047233251541,3.4788672300664136,100.21629844520417,1.0206929684996986,1.047988775174112,21.413396379625848,42.496159328538106
0.40630260271909396,0.115452447192438,18.406953561242826,0.014833110723096987,0.01496112780467238,666.1197425550156,23904.31467796613,8.402014825909266,27.795894515077638,0.5857619466757767,0.5762090405547331,0.5673455829657634,2.6792187176273257,0.8704472264929816,0.8982160381613383,0.7813231971273675,1.4553073343749994,1.4689461122263625,0.000871351178406569,0.007712582899824922,0.00026487676716138595,0.035005995557299455,0.03212283847532754,1.164569700553804,0.7594986154583467,0.9305259061882378,11.428573569601754,3.4509735649873083,100.93075117155094,1.0185747040678257,1.0459023591423962,21.278711015472737,42.54465178857854
0.4055278796688581,0.1155998211144345,18.351821874984104,0.014802949045231245,0.014984585797322654,668.0854895977744,23960.96480150183,8.413100233261046,27.82372144702259,0.5844130361229212,0.5755952325610956,0.5647495552814505,2.6780277318086974,0.8664661125915236,0.8964383109506507,0.7784164503756162,1.4623986532806472,1.4686826543695661,0.0008718477138686485,0.007689857398281613,0.00026427594801007887,0.03514765567163123,0.03196526447908599,1.163524339667539,0.7601231793796609,0.9234253415644749,11.45789578079821,3.4192117103611466,100.78464098273874,1.0185446577427855,1.0450740321123249,21.332264007900296,42.38797044394468
0.4026294850591802,0.1155369814988219,18.315021800884864,0.014829144247155543,0.014991747978782374,671.1441775170907,23863.27569607112,8.386280390227201,27.905497031820502,0.5828399090500312,0.575927722056997,0.5639755632516568,2.6745686232062647,0.8662588496802517,0.8973198508027737,0.78160448314161,1.4651977971834615,1.4651585344221338,0.0008678292655328306,0.007721174330973283,0.0002637714542789559,0.03507371374599794,0.03206993265000618,1.1669223866438447,0.7577149149458262,0.9265964453667102,11.482781046067021,3.4254061160086318,100.86431966871247,1.0226655384628554,1.0444217827097189,21.364611239896007,42.796245217996315
0.39934983278771674,0.11474543357134596,18.264061383707045,0.01477295463943187,0.014984852108507677,675.266265558847,23912.795131136518,8.384497959503042,27.792996961863757,0.5806068291084505,0.5732394380165362,0.560613950935802,2.6677205543885147,0.8693865892386913,0.8987430021526035,0.776006331424013,1.4597896822265257,1.4637030617662123,0.0008659216512954267,0.007712038572308615,0.00026344881925440987,0.03512624043674531,0.03181311495108015,1.169230683526109,0.753782610792356,0.9280144160212043,11.520220875297346,3.4165713935758406,101.00146713226914,1.0212595486615084,1.0480608069349628,21.432787473057378,42.703532468850625
0.3976606209947631,0.11475239052348549,18.259587634650643,0.014810804137954593,0.014999898084522777,675.7505272247109,23904.807239338912,8.387930673099785,27.902594374876806,0.5808881429910013,0.574867016814274,0.5620862397232633,2.677292952914244,0.8646012820241039,0.8961747066465747,0.7714178501796555,1.4593897693945497,1.472540119113519,0.0008670606060729324,0.007687579117335178,0.00026291011672286736,0.03510157034995378,0.031788372970031405,1.1680733656159286,0.7547967608341998,0.9303468933565127,11.616940172027022,3.38420102315342,101.51312946296837,1.0282325783099766,1.0458661279190475,21.41849324879477,42.850650996524735
0.3986898435872264,0.11457769321080451,18.33348961362982,0.014886229140954667,0.01492925116523877,673.2944377481987,23952.29590235099,8.364407635695711,27.814071920625764,0.5825812822684105,0.5761953195954622,0.5616984580780056,2.6708606036161053,0.8625708089239797,0.8944585629834655,0.772635956912823,1.461394207102182,1.4698208396851868,0.0008675197843057001,0.007713584253289711,0.00026207188913056497,0.03519566755375657,0.031857360202439476,1.17582975657177,0.7608217684156622,0.9282052329706363,11.665280105125813,3.3700342867682536,100.2459057703037,1.029267265600425,1.049897837215623,21.446035835603684,42.647975905898846
0.4005581647427109,0.1146877144218677,18.323980876330047,0.014875536854857934,0.014979271222687936,673.7023819545304,23878.793083033743,8.380009371637176,27.753255255677523,0.5828151813664553,0.5774124842054501,0.5600670921576926,2.672743721230965,0.8659917870372811,0.8954930971441312,0.7756537761487806,1.4555181437321414,1.4714884314889516,0.0008702617066342951,0.007716728439004455,0.0002629127305874271,0.03507825710229658,0.031967737031683846,1.1766114816933468,0.7568020428155803,0.9263756259299779,11.67849706250472,3.341276787543928,100.17264671552029,1.0254521801714807,1.0492193174028812,21.510824258596905,42.801368609511535
0.4029941146489758,0.11449858536865182,18.344521200784353,0.014835948921135312,0.014973758474382535,673.7165331514805,23889.97017313294,8.34786671138602,27.75716549245086,0.5798850167798159,0.5764840114901972,0.5561043442197554,2.663123257213012,0.8690893726671647,0.8952786726292747,0.7778857532542656,1.4587873250949186,1.4628859501529827,0.0008674069780944981,0.007739234232592998,0.0002639012684945091,0.03501989019757275,0.032182461879477216,1.1762861038143555,0.7602791720304997,0.935168241008209,11.734637384011792,3.311953510950002,100.29047746700877,1.0256911790798957,1.0456943632317919,21.507155998121508,42.61308700656513
0.4021096763240962,0.11499842126880708,18.34366520822654,0.014926362786816713,0.014993415049691618,668.5706120333386,23794.690050129495,8.325156459950588,27.684801460253702,0.5817834759075727,0.5765647917256924,0.5598858653681736,2.6587007584099682,0.8713304110604277,0.8978834071507986,0.7781259732900777,1.454844370347057,1.4665565383367116,0.0008677435769154412,0.007762489423495936,0.0002629132546411665,0.035145857662174936,0.03191390455236934,1.1756165146361761,0.7569967534335127,0.9333442667146126,11.767186941005114,3.2882970378290532,100.13187472177111,1.0241793169758198,1.042977250029078,21.505705776392976,42.86408953135008
0.39988844797581974,0.11414345025387714,18.407121766165087,0.014949999673464654,0.014975483627554433,665.7328730076077,23808.17644930864,8.345530790392173,27.654702196104125,0.5826864638242749,0.5772577862900768,0.5628841773629893,2.653153289074554,0.8721612549121858,0.8998020150884337,0.7775248974849267,1.4581863721531414,1.4642463516810733,0.0008662534725071956,0.00773659922341317,0.0002629952026971949,0.035075531323965355,0.03173489588596265,1.1774131132162353,0.7578442585202398,0.9387956019895475,11.749874970309172,3.2971292971113018,100.740554289859,1.0235945009179328,1.0419038646219156,21.551267755078065,42.84763058976371
0.4009606318336611,0.11412826339383594,18.36576524128387,0.014969341265856842,0.014927163416429908,664.7360808572981,23826.04585998777,8.338591128758031,27.65194394058513,0.5846101607919238,0.5790562806888632,0.564674496468197,2.6684596965018357,0.87131680204942,0.8994242029758226,0.7750250664592245,1.4593916753820415,1.4596993636709217,0.0008647124007165223,0.007784314327619312,0.00026281513301497686,0.0351064429360729,0.03172496829959509,1.17798373063046,0.7566605373154174,0.9390083958830374,11.763457963952154,3.2630637961998974,100.31788460381628,1.0209458916188454,1.0413464573278866,21.56193621377343,42.98294495426501
0.4001773778826837,0.11462117151264548,18.301818261958964,0.014968924734250566,0.014955988773443894,667.3924602458512,23877.757323511574,8.369601131767705,27.586430953059153,0.5872834567221586,0.5791876454568274,0.5651044244809904,2.6614389789849957,0.8743243202796717,0.8982741135298433,0.7737413076913475,1.4656033521039946,1.4521670024680389,0.0008688474520273855,0.0077561066973880835,0.00026416041007036297,0.03500601506322891,0.03132584342653913,1.1823055809881762,0.7498068636597418,0.9503462122123268,11.764472933869149,3.2482278643268603,101.505130315903,1.0160221163117806,1.0421742480106742,21.34378639193807,42.884398157134356
0.399477735942935,0.11459953143483063,18.449389411326084,0.014978908767391623,0.014943802207219591,666.7175206530405,23984.212542061214,8.38169189655052,27.717343237701638,0.5883416975018467,0.5796651953519525,0.5658414545944418,2.682604168236323,0.8746531990551593,0.8989421833631782,0.7749282455467571,1.462512030453179,1.450638557114413,0.0008688052559417947,0.007774183268909787,0.00026388969062990543,0.03508930177863592,0.03128497768247922,1.1741551152251386,0.7506053439800158,0.946999386766958,11.78917734790994,3.2312479153668368,100.07724901384802,1.014722649949949,1.0429761041037795,21.296531622809916,42.91801521021289
0.39990221909378165,0.11447471766610315,18.490846371315772,0.014967703075392073,0.014996420982837285,666.9068388092169,23996.068302458505,8.408513046112489,27.71832398119981,0.5866009496239264,0.5778008890174439,0.5631890024887901,2.7003090370074267,0.8748918121927021,0.8992792355873173,0.7735072309232146,1.4645589674840442,1.4498124911599093,0.0008668410079895734,0.0077877227970337285,0.00026368032354748646,0.035045940038946344,0.03128447902190194,1.1792793645629616,0.749211763263146,0.9485317711907614,11.764393317520511,3.240017939091331,100.10212880704638,1.0185207737700797,1.0358983173953733,21.337686008469866,43.105959784126455
0.4027761867077819,0.11521888606194228,18.59669548260491,0.01498385658618985,0.014976685178232333,669.2029988792546,23966.10697251168,8.404052254594044,27.90116874172354,0.5887412046540658,0.5751902778922728,0.5656049226286762,2.69756654610751,0.8705684251806596,0.8998613524370609,0.7720063953623761,1.4729092400626775,1.4456066469784619,0.000872118946686828,0.007789240187862641,0.0002636552382815877,0.035005871547968324,0.03103141594397696,1.1830119203837368,0.7467532753337195,0.9480300270858457,11.754016373296631,3.2153221409143415,100.84535676367605,1.0190927007233148,1.033506890765156,21.443556082252975,42.88455562014543
0.40238894320144364,0.1152076168447464,18.62015450010261,0.014949759738900623,0.014981186361337091,663.6607564564025,23915.952783261208,8.440770950043696,27.977836622612127,0.5844944925930453,0.5717532587113935,0.5624001381077567,2.6897567260048496,0.8723830541335468,0.8996130572234919,0.7694087508666458,1.468680144453115,1.445807311789239,0.0008640351833653801,0.007717732797648197,0.0002633625043418557,0.035013114488143905,0.03101804533534886,1.183173673279833,0.7449465065017471,0.9488504443755688,11.724753309914767,3.2374907454404647,100.44856033766479,1.0122537976181414,1.0370170070052898,21.471457240662076,42.9108083585789
0.4026738885196674,0.11499083843305671,18.614619621346762,0.014977532541397845,0.014991095489618435,665.4090768728809,23981.628259719713,8.38355931158038,27.95522687897345,0.5827961831865491,0.5704909925231493,0.5591500273375529,2.6848721592302947,0.8706333617275598,0.8992467560675387,0.7741228717776389,1.4814267790507503,1.4484409730194132,0.0008655598974715355,0.007746642624338459,0.00026428629194069945,0.03506176002079428,0.03105754704758334,1.181363776195623,0.7477987862256318,0.9475048123480261,11.64411249233951,3.2182115151185613,100.43184829544707,1.0139844896332375,1.0371387403129742,21.41089991951351,43.025701700306634
0.40270317723678983,0.1156794097471329,18.59405175501476,0.014997227517610782,0.014988736629342645,664.7426594701607,23956.53786517932,8.400802669733416,27.892435106382013,0.5854506987778902,0.5691096116117724,0.5560304333504803,2.6979978654371917,0.8770824834419875,0.899558663657425,0.7753388687264342,1.4797608654645629,1.4533674740798235,0.0008597577181635585,0.007750150644489661,0.0002646885096987291,0.035050814053197654,0.03126889868667978,1.1872723023005827,0.7492589415665645,0.9372422719505734,11.597550596440868,3.2074912013839896,100.2650987327261,1.0126872582482358,1.0458018291705464,21.405037576239845,43.07979493917965
0.40397007761736503,0.11592794621641907,18.70998009405519,0.014995826618420778,0.014979703143095869,666.015378440334,23937.45815011768,8.3527918162179,28.03953029484321,0.5866692748852907,0.5693400495854564,0.5546134913873546,2.6938986094996364,0.8789029560874745,0.8994483494571966,0.7739519792379408,1.4735152613337748,1.4548182153885043,0.00086574233862025,0.007747654031011214,0.00026353887967052794,0.035048885091027965,0.031230990967375825,1.1886409540024307,0.7556385647972135,0.9328311297466594,11.587344370766242,3.1830499780016703,100.66591765534204,1.0110868718406067,1.0429764871991354,21.477896956228236,43.04381626500944
0.40307697407657606,0.11545784463135864,18.859739761180975,0.014959108858843466,0.014981385509162202,663.666549214032,23803.096853534913,8.36212600369143,28.071980972364628,0.587108162075589,0.5695006541753806,0.5521353630950498,2.685514098271928,0.8823451620832392,0.8956941256381324,0.7745157806232897,1.4724045172242517,1.4512817947636396,0.000866975738600558,0.007767082985509882,0.00026368536481889227,0.03500331629226126,0.031202340314764397,1.1876955264948785,0.7606196058880342,0.9371706368799676,11.53678712635831,3.1320058233733974,101.4694334969675,1.0141088078204694,1.0429726116108167,21.578468914327626,43.09516084354004
0.4029604025499683,0.11573812105205947,18.831432318044236,0.014971549056669003,0.014982362638883275,661.8189307539614,23796.27995410135,8.342161845268713,27.987267355920377,0.5884966096299861,0.5732546414916802,0.5504463030911143,2.689986760018656,0.882311737782407,0.8972965397836237,0.7796265707433643,1.4670663368302186,1.4547929758167963,0.0008669777674959503,0.00774738696328148,0.0002615413442432081,0.03508712725416164,0.03115505069601813,1.1850479396152083,0.7551040788857244,0.9406348814420732,11.59451767834364,3.127494773847022,101.1571003876918,1.0105255423248933,1.0459267056051997,21.561335590601427,43.28236232644306
0.4025598808135229,0.11583545856850437,18.814209244713478,0.014976348500440708,0.014990683072971411,657.8285889486601,23869.37069972933,8.333912709070637,28.095283996363207,0.5897081516200123,0.5708848133260894,0.5521176301088234,2.692420771465335,0.8780637523610333,0.8998614887094797,0.7807462769531467,1.4670497547068528,1.4554994832443808,0.0008690348334837297,0.007655354708480287,0.0002629262188200724,0.035179723274738305,0.031003431049792876,1.177337988367827,0.7581871970040133,0.9364714767999063,11.552872015675547,3.1286532422556146,100.38920906208288,1.014330925603518,1.0441912628399226,21.60542663237969,43.287887163204225
0.40107787109748516,0.11602097535456819,18.869179911357048,0.014954124143593182,0.014958329691362201,660.0954703208052,23834.325045506288,8.335196290630442,28.003705275087516,0.5889971745883763,0.5736010703333124,0.5491449050454881,2.6914337261699863,0.8720930699860102,0.8974731953013069,0.7786993656989802,1.4626103664685721,1.453928624893267,0.0008679846472373195,0.007639451346317761,0.0002621612718792181,0.03512276746920879,0.0307408653907853,1.1748799573241235,0.7596940814284077,0.9366563961556946,11.521176064439029,3.122400356310545,100.74433869316755,1.0158229695174272,1.0448378010251016,21.481610405190548,43.296499507519435
0.3989978518533421,0.11575016541785163,18.945295189945636,0.01495789163812614,0.014934418512223139,659.0699789368908,23852.07427196053,8.284148172844386,27.828714387678083,0.5846590832480998,0.574731450880769,0.5464355971597366,2.679968557308801,0.8711931703589868,0.8935799510362212,0.7818796922067235,1.4717676666205701,1.4511716982379068,0.0008638777623613599,0.007618771292180831,0.0002623960528115224,0.03519183435827672,0.0307165919712449,1.168355798117167,0.7607488047495553,0.9242072877990174,11.505078803111012,3.083034229724492,100.02624852896474,1.0110429706040247,1.0443639169849785,21.498103326203207,43.164842647723155
0.3988897616493695,0.1149830953404116,18.75239324927583,0.014959301620634437,0.01489608809999486,655.2155539951391,23860.838502285154,8.334134294512204,27.969311144948286,0.5844893599351976,0.5734681432992654,0.5469591528415391,2.6812924099662117,0.871885086121359,0.8918020006488525,0.7803273195980807,1.4678361241200857,1.4565981346313395,0.0008619833418253423,0.0076345565813424636,0.00026266306119973235,0.035066359704104086,0.030795587992538342,1.172860285310877,0.7605320930225924,0.923657522691963,11.494588774419029,3.064076140169271,100.10248415586912,1.0096270066031345,1.0427855647258202,21.53631767835525,43.03585666556625
0.3998893336662366,0.1150993330072785,18.749092361314894,0.014992787671360213,0.01490709105765486,652.6423423170635,23954.94605451642,8.270401384091617,28.045734673438638,0.586113378981474,0.5755502463708012,0.545514263971215,2.6853377382088652,0.8689972143756094,0.8950975716166628,0.7781559035273377,1.4668324016605188,1.462136304563216,0.0008627579727023838,0.007648323289798803,0.0002617763891775286,0.03500883916325756,0.030860628737999156,1.1656121935478743,0.7580817334873963,0.9161587159205243,11.526477531570395,3.0485378480987575,100.66485279213715,1.0113685790093663,1.0461449880339275,21.47846500778043,43.33122451744721
0.397952339266378,0.11512938868594025,18.73188531836546,0.01496193857625718,0.014932856721392105,653.5972821260783,23957.542106876637,8.274300421425385,28.03673619213384,0.5874787699679912,0.5712016624619629,0.5467441955225937,2.6802992201559133,0.8694479342606464,0.894889646727205,0.7802754135031778,1.4615522441331408,1.452285463139912,0.0008614820262568029,0.007664223855928662,0.0002624690523795982,0.03515853617382893,0.03064934153236324,1.163524117193598,0.7537738928556614,0.9149941124604705,11.461601228870093,3.013966351478264,100.16191693307857,1.00673185415102,1.04704911907244,21.479362218926674,43.27977888759644
0.39893610649123,0.11499380423040399,18.78792409352902,0.014897117933586957,0.014939203719404397,656.3631149663644,23980.472726677104,8.242202167610623,27.99693672013285,0.5870412101213662,0.5719457556212314,0.5457321408301877,2.6909954372721403,0.8676250304205594,0.8953735339741745,0.7787807287592028,1.460921782972458,1.4503207279143244,0.0008649049499021355,0.007677710387841682,0.00026085818131070906,0.03505904785321535,0.03066426571690998,1.165122746313206,0.7509861307113198,0.9222615660715717,11.4418386335455,3.0231438816552387,101.09581158617148,0.9944836962565675,1.0486248793807633,21.440597981880924,43.277816784352986
0.39909991253628974,0.11485993748829958,18.85955308062703,0.014959946103221558,0.014945472976964878,660.2203106690818,23968.689231336593,8.286115631109713,28.006684457067326,0.5869884243495983,0.5727161418534847,0.5457983562309998,2.691638942187799,0.8694513781067713,0.893327032420715,0.7774030576607714,1.4573610264436636,1.4537975674132595,0.0008654336808963586,0.0076346580047993015,0.0002616159846064078,0.035039172965039986,0.030713196418700878,1.1589027560312903,0.7549936085635326,0.9226926908281503,11.398682413490057,3.0120186985831108,101.12322646861854,0.9928074497794045,1.0488666620917169,21.3399770221605,43.540921510635435
0.40080175166102744,0.1149647336121506,18.913856548015215,0.014940902945211193,0.014978433382546789,661.422552398787,23980.335963048256,8.310757803937115,28.059211709590837,0.5862789763898938,0.5683427822350423,0.5459304897741803,2.69636666909479,0.8691675932182661,0.8935726478227067,0.7799282012159928,1.460803042055017,1.4546012658654914,0.0008660558553508429,0.007603003570472713,0.0002613177270361715,0.035018194484662916,0.030728374333461123,1.1560036746012277,0.7583649229872801,0.9190210627767947,11.457762582428076,2.9989294570306244,101.98279950704449,0.9955222617158964,1.0490340096548614,21.396624805945,43.46702243338525
0.3999103300310298,0.11502874473910359,18.824810481616744,0.014959120661835227,0.014963244578362858,661.8960741547837,23976.534209093224,8.25104363615114,28.214491512102228,0.5850331250913531,0.5682782789981055,0.5458269890130605,2.6842327437469558,0.8719638898565774,0.8931410993529594,0.7772109233600142,1.4634174422438695,1.455259786248646,0.0008661653401483299,0.007629780111928959,0.0002616582886148438,0.03505968752046763,0.030745294468448477,1.1538107782452234,0.7628922521853846,0.9250779765211168,11.39920981568591,3.0212845998705387,100.10219597985939,0.9962565724379037,1.0463571752633634,21.389864933061673,43.411138694153
0.39837222458047417,0.11430707777238751,18.836084011669087,0.01494201162328976,0.01496388887872849,664.523013457751,23949.961004266966,8.242357963037485,28.124768765499596,0.5850058973913559,0.5673034458041893,0.5447889854179488,2.6689990781736506,0.8668783767991333,0.8969091476622926,0.7746765008490472,1.4596717812125137,1.448299985603325,0.0008649878782813017,0.0076031654689619425,0.0002627072991952991,0.03502604587388592,0.03048886686748041,1.157876446343757,0.7480618846651874,0.9247820832776449,11.480427815157386,3.0198700571758277,100.15142445779361,1.0011824061940797,1.0494369019110268,21.428594679442167,43.43225573232107
0.40069899487964505,0.11544266095440088,18.800275997902947,0.014943407218416312,0.014988048567621844,661.5859920990717,23993.152620144476,8.19153381474397,28.207997716341982,0.5864965726011874,0.5674648341608869,0.5449799847848982,2.6713349487089997,0.8707977487486894,0.8993342822303304,0.7777578125213189,1.4656981246334064,1.4444826567027622,0.0008665444971890023,0.007585604314951952,0.0002614426771179962,0.035015080044131536,0.030502100156382,1.153442078664758,0.7528326649936057,0.918397737111926,11.527878873250122,2.9792139307663006,101.554014502318,1.0013720837674942,1.0484929833366032,21.377203756843944,43.47224138969856
0.3991034893192758,0.11538570739084428,18.820216852415527,0.014949310248111372,0.01493542334169832,661.1236504761091,23963.81915613175,8.167923589378319,28.4615903069193,0.5841493854383022,0.568216490734941,0.5472496556670157,2.653263699882416,0.8707638386955697,0.8997971699364193,0.7712969678703694,1.4689478980612878,1.4483675763992279,0.0008659644204398566,0.007536296678632409,0.000262905991318173,0.035096352613925366,0.030423571468140002,1.150098287819982,0.7499878198657854,0.9118342034278686,11.504173704427538,2.9546102697927203,100.3941679600722,1.0067491375349438,1.0475046238767123,21.536948695128856,43.21057771469008
0.39996546946909795,0.11562302945418636,18.740360814773126,0.014926187592590448,0.014984867528213482,657.5207437227107,23931.3347511459,8.14943040824916,28.41913158162694,0.58340051132555,0.5709927784396389,0.5475822419152893,2.66329902321591,0.8705199894100605,0.8996951878916858,0.7703285699116562,1.4753397302367333,1.4479931302076645,0.0008674379374721511,0.007548685749747552,0.0002634133451222628,0.03512790273397747,0.030480925394734494,1.1451158335157212,0.7520717060962772,0.9159711418847228,11.502233189665247,2.9408124326872285,100.24234761185231,1.0055581509047413,1.046732086772548,21.600274441386425,43.257729607747024
0.40132757400589913,0.11526603084617319,18.638287778445736,0.014961135456122526,0.014983590037040438,659.4980760266295,23936.68981469114,8.11625575355988,28.49330023661582,0.5850942474333398,0.5691998275384968,0.5473754832383136,2.6495550861905177,0.8715417462095103,0.8981135292998115,0.7713466053467979,1.471625879144452,1.4520124672134516,0.0008635352979719601,0.0075650141056984935,0.00026280447714695986,0.03504954723640531,0.030265689648948046,1.1427581195769079,0.7629758887824895,0.9159308300938322,11.491142003697957,2.941919685322382,100.06524487605128,1.0082990746667084,1.0499088850954004,21.6567961514162,43.214488134787565
0.4032954534654509,0.1155041415881411,18.641083451351744,0.014983166965478644,0.01495277419153152,657.0622424069467,23864.474996303517,8.147653764300488,28.475369519660596,0.5851411852469024,0.5674416638610466,0.5476529050461653,2.6561236927792335,0.8764451191672307,0.8985137826550769,0.7742263378261711,1.4721574578799925,1.4545283762812589,0.0008657597063951954,0.007614243693145043,0.00026328234056474957,0.03502525719047304,0.02981794297742808,1.1439973076286265,0.7691590401817391,0.9102407939874888,11.445183262580954,2.9135151375114465,100.7033633200462,1.0096633743618058,1.0482655088157968,21.648871309949364,43.29816892197094
0.4015618315421746,0.11557229283276518,18.656048494818176,0.01498074834103764,0.014978446017326884,657.750553157531,23903.440485607996,8.172057069915207,28.35013162004541,0.5867978263099096,0.5667443051095221,0.5495043473638864,2.6552104315505463,0.8802993551693677,0.8964493074184944,0.7701723656453321,1.4662273403511514,1.4551787780760095,0.0008657145185034707,0.007615679694394726,0.00026363411861784667,0.03510226460542155,0.029900063622321876,1.1504961642599172,0.7651050617374334,0.8985224179569936,11.47186242756727,2.8925516447048927,100.54589696398533,1.0031913659659064,1.0477525563322505,21.59476197491626,43.344535424189466
0.4036014716968501,0.11603722235363993,18.706705835137786,0.01499109864370071,0.014974849714967141,657.0944500870716,23861.13097701027,8.134382853446686,28.310680269676066,0.5854522270060332,0.565826863231269,0.5473167725623042,2.648112668210049,0.8780828989196996,0.8967487213494069,0.7686757848605582,1.469109377575172,1.4573241395820296,0.000870807478341312,0.007620573868625244,0.00026365724027507386,0.035040430060544,0.029997989905237776,1.1467925721474257,0.7589628231203995,0.8974756923354501,11.504066637565918,2.901520813563661,100.48996931413356,1.0016323309288573,1.0495861641011632,21.699391443655845,43.31030444374203
0.4037419497511716,0.11720819925356381,18.741553266496794,0.014993440964116573,0.0149797305576638,650.0281051077785,23863.07096878499,8.128367414689041,28.242610915454577,0.5852220719623556,0.5670264353287277,0.5487878855053345,2.6486214777383106,0.8774030875432516,0.8973963628685774,0.765117306171952,1.473830599196279,1.4512796099837701,0.0008728324610085647,0.007630510497289969,0.00026439545863535176,0.035080718966506504,0.029989146033604284,1.1459316672917848,0.7575704320644905,0.8969685912370007,11.481500582474045,2.858837355026415,100.94285172560852,1.0023918867484658,1.0491449684607292,21.68896357855156,43.444007089391185
0.40398007099733746,0.11710150093075959,18.712189846429492,0.014978178830263726,0.01499987708268622,650.6010102210372,23958.88304033465,8.045176104888801,28.406608251886556,0.5850160951382904,0.5667725277858919,0.5497314966943883,2.65169391816205,0.8748332646934754,0.8953655177355063,0.7687439201653894,1.4737172404593848,1.448899743279637,0.0008685035351916097,0.007561400502793623,0.00026637165447645654,0.035116520911768784,0.029842659954174004,1.1409728499494296,0.7525817914979728,0.8814413577426552,11.51637171625923,2.844086936117605,100.43479013589771,1.0058660983457057,1.048796890193206,21.64063351185436,43.28020326136607
0.40408579951912865,0.11715863404914693,18.749469464165756,0.014990149796991856,0.014969450565121573,652.3106222525768,23987.898768115705,8.089669850713872,28.5189662435694,0.585169156036518,0.5666673012202862,0.5543452448006634,2.6543500090385934,0.8692363148324155,0.8956678273550988,0.7648243821953161,1.4687756781739214,1.4474927034746805,0.0008663924456463124,0.007551505680603723,0.0002656659147821378,0.03504338479904765,0.029768115130581505,1.1391320904077835,0.7615346637633745,0.8815014568678593,11.541994433056121,2.8139349483554237,101.08862432587952,1.0074738580577487,1.0445110333765308,21.633965026936046,43.244615231656724
0.4027935175612355,0.11647992269612287,18.660877386373937,0.014998801817142646,0.014943677764454339,650.6543400214836,23928.99945320859,8.05132900740452,28.556029888291608,0.58328578050398,0.5641274253330439,0.555006705041109,2.642072384578883,0.8720691382358009,0.8972971985039682,0.7623787044984744,1.470155652310213,1.4482167870814968,0.0008674732037087089,0.0075232452421669,0.0002658194704475792,0.03502841550320457,0.029642247268708954,1.1421011760347242,0.7648464992299983,0.8816014078624271,11.485547182485044,2.825495055973052,100.09376816538428,1.0113765846016916,1.040963150946101,21.614860928724248,43.331289560566866
0.4062786129723605,0.11647884768908423,18.695974855403144,0.014976727680468526,0.01495202382233879,649.2937896260864,23884.93348849867,8.083516809978354,28.640894563717993,0.5837711972219667,0.5640671901439176,0.5546964546988673,2.6332216248002625,0.8691411767151567,0.8987634100601531,0.7596896476313577,1.4740868274812966,1.4505512377709857,0.0008696607774162785,0.0075270577248209075,0.00026595166105894153,0.0350006795436966,0.02966901100219405,1.1407142036464373,0.760526756577698,0.8808640575398842,11.479854374506436,2.8268290653337926,100.67023588715743,1.0099259652057146,1.0435359078256228,21.50357721577755,43.6418895157028
0.40699267159509095,0.11681257435519787,18.624921505982766,0.0149566242457758,0.014987464672062977,650.1368609896907,23829.25154827408,8.085042958572313,28.659628856210368,0.5839233470433947,0.5600877931908437,0.5551534411388863,2.6323989740144915,0.867156332126913,0.89393604204499,0.7592512199769413,1.4650443955139827,1.4512200744107266,0.0008692331732730546,0.007505762974609229,0.00026704245282423947,0.03504455371201535,0.029598697587128173,1.1408120756170317,0.7606744205730548,0.8794824550355336,11.449829240197925,2.818146188616725,100.00003283611296,1.0079620730898122,1.042275161832157,21.56793817958315,43.807958394405745
0.4099981537420327,0.11669897804336958,18.56828014866234,0.01497618008790903,0.014984325376558102,649.040756602285,23853.814363016354,8.132604642421505,28.60535150933188,0.5826824593755138,0.5582280811876793,0.558378391321224,2.640831396633102,0.8716819730942621,0.8930512875556038,0.7559221187609609,1.4723336220243495,1.4467257429543845,0.0008703952646468112,0.007497248435604836,0.00026679553714056706,0.03501887445594991,0.029561743768054576,1.1431263142433548,0.7638761023917511,0.8885265797564857,11.462727556574915,2.8071114357891687,100.11543261122443,1.00490426252821,1.037126182853498,21.61207558288566,43.75791703438456
0.40830986236596195,0.11727632973436579,18.567299488068716,0.014959112843094109,0.014965816689365394,651.641974263745,23965.34321809351,8.176784911257426,28.553457791777355,0.5836601803688076,0.5579327892065398,0.5596685972469768,2.6365228688715754,0.8698024885346076,0.8926149022731436,0.7555911931954518,1.469094172404675,1.4405320101618146,0.0008724814012271083,0.007473103157131127,0.000267892814346601,0.035190718180626995,0.029466019819327487,1.143010130207031,0.7696932597153279,0.8885857917709485,11.484535027717262,2.7601441803854616,100.34988398683495,1.0006197705018813,1.038641075640096,21.585371798817068,43.70417337887481
0.40802936121935074,0.11752058903667713,18.504318879916198,0.0149860799020645,0.0149988747643198,654.1857080757993,23968.862745976163,8.204289243238609,28.641251147560176,0.5818050105360745,0.5562250779821262,0.5605178231556981,2.626396117704565,0.8716649963140751,0.8916239159754953,0.7559025453387153,1.4776102486322742,1.4427678884273547,0.0008742212090120698,0.007483425031617845,0.0002688391239504797,0.03517172681069328,0.029494982043332823,1.1398523211805047,0.7769390463460724,0.8844620015763024,11.429866775431819,2.7758716296071166,100.12633146599053,0.9985935484111603,1.0411487535181545,21.636089170471454,43.48907664764915
0.40854083139468717,0.11686343519802724,18.425547595948846,0.014972695140273917,0.014987846731492333,655.9043650392806,23780.059377563804,8.180981523506894,28.57468456282833,0.5823516640394117,0.5555285292496162,0.560402043365586,2.6369069417069744,0.8723526944904836,0.8938518292133014,0.7582373484759241,1.4733729556448876,1.4479067371245964,0.000873169254197561,0.007495344148541587,0.00026792003477001705,0.03500870476381887,0.029410541343138034,1.143395115453299,0.7801256066075194,0.8905834836202862,11.375163162974138,2.7814272987325173,100.4326257606396,0.9981210451126136,1.047185513603803,21.57111294657468,43.49863503253542
0.40710913563061624,0.1169699648855848,18.350443139997346,0.014936878451379181,0.014999138342607155,656.816058014078,23852.081861863764,8.194388604984756,28.588909069617173,0.5817142320146692,0.5552798845821387,0.5592370664603269,2.6218766061905225,0.8721994842455755,0.8922405346161342,0.7621718373202852,1.4732253869931633,1.4419128050063368,0.0008739108081923975,0.007562369514709519,0.0002669617212874399,0.0350608796548793,0.029421679661216563,1.1370504121961476,0.7730447674349324,0.8894995689558379,11.42385500965791,2.7476495802071743,101.10861226901075,1.001020701346531,1.0483703572190055,21.448187983032692,43.41000297732367
0.4087264997377473,0.11698799988977007,18.488592916887185,0.014926822356365409,0.014995390740588185,655.9739893506344,23837.346686959787,8.156970825563645,28.640763045983054,0.5822981107123493,0.5519238936154581,0.5601056289028786,2.6367931303648957,0.8662883757052887,0.892567255988824,0.7646479641975819,1.4700626992204133,1.4436796512208891,0.0008735539411885501,0.007529431098966691,0.0002661413403531657,0.03508945000014811,0.029655749775621004,1.1418705311343693,0.7749544818965906,0.8884810916291939,11.437831773208273,2.728233882687393,100.09833022411942,1.0011971189102156,1.0476899679247802,21.266518949471756,43.47169579779733
0.4072883008086283,0.11696587030951597,18.516989603230535,0.014974495182762964,0.014990306746723948,657.0792430400028,23913.41078733971,8.13370301085306,28.59998104547501,0.5860662717123042,0.5521164856485647,0.558499203301936,2.6256415797047508,0.8690257554788884,0.890981606949834,0.7666176039349055,1.4701587188143264,1.4439071408807809,0.0008695054769699304,0.007545619554934517,0.00026638085604057256,0.03501747047779745,0.029605142780898534,1.1399191297896536,0.782805323794087,0.8766997760432438,11.461428987856925,2.705989642472733,100.05780190027866,0.9995776930520771,1.0472143019388689,21.206674059105847,43.23589339291693
0.40765241620808523,0.11653426088747594,18.560827276144497,0.014983825497600915,0.014966041027107658,655.7170735935416,23989.562542092786,8.124525341426354,28.502383588046328,0.5848715937054234,0.5491183612547031,0.554669897595981,2.64092444165459,0.8695404775044184,0.8945023385986546,0.7693707305028372,1.4742689646211982,1.448944852636746,0.0008640316353337519,0.0075188815773896195,0.00026523795155276186,0.03512459776274276,0.029500430557625166,1.1357007163447934,0.7864691293081137,0.8791509418493907,11.48887424938333,2.6922017136258733,100.12352726527047,1.0020480223015744,1.0488201683317846,21.295183020530498,43.474958802716266
0.40867737691528283,0.11607278051468548,18.6353454921282,0.014960855725989517,0.014986920622528902,654.5585063977023,23802.071775215216,8.145798959444857,28.322401612216844,0.5860437757713405,0.5476822694870589,0.5572878491315384,2.641256283219672,0.8698170811631194,0.8957298354768234,0.7726256932883295,1.4779832924169345,1.4561790578284888,0.000861887750261807,0.007489620940627346,0.0002655411846476739,0.0350516997769648,0.029554914436784593,1.1299595605033295,0.7918265575767351,0.8817228582641162,11.537440159715999,2.6920977464695057,100.255353165183,0.996610288046073,1.0494719217564614,21.33972915145768,43.593622510704
0.4074920091025578,0.11546281350097282,18.679579959813587,0.014972797544888722,0.014997661422837602,651.8295440091,23868.047337442138,8.156841265058993,28.376577845304176,0.5857870014542611,0.550142290143207,0.557086586428113,2.6396350813258573,0.8698418855508797,0.8999203542991085,0.7732365205006485,1.4748863145310056,1.4551969551563508,0.0008639651345863282,0.007510133806405838,0.00026637048578339874,0.03511104132006066,0.029563566675229004,1.1298912255193334,0.7850945587231666,0.8793139292245105,11.49285561988927,2.7040850641017418,100.10020306509114,0.9917111789342268,1.0454143936179945,21.337571402214117,43.48147894506056
0.4087995861590187,0.11505096546725671,18.665978723182054,0.014883222427534835,0.014985622921320819,654.3205278551283,23902.229302108055,8.097242921432002,28.558138657504603,0.5841540751100347,0.5509956690222576,0.5598889561783128,2.651602577219147,0.8746443912408451,0.898414402804698,0.7709255197824605,1.4821150802086789,1.449919806766058,0.0008633985750866698,0.0074889202462892,0.00026580551897971525,0.035040516450042906,0.029480435372214984,1.1381278241804793,0.7832605824065477,0.8761250377682595,11.514614013813542,2.6877234418270204,100.19314513929689,0.9946922795028758,1.045343130749928,21.168054443850888,43.33761681282674
0.4085188712322694,0.11537022561408311,18.626620405764605,0.014878204809476684,0.014981585776715345,650.4898038115726,23923.052604041168,8.132727669262836,28.417492627504664,0.5829192549170608,0.5485539392948408,0.5582049854325839,2.6441406381387003,0.8748470741449554,0.8986525925769793,0.7707463124077131,1.4746492306020307,1.4477069579550084,0.0008624103490195643,0.00746962231905467,0.0002658317168681342,0.035061014858764526,0.02942643685062803,1.1349239425115056,0.7811736196814686,0.8833881431239625,11.517189310079337,2.6557893196459337,100.98400241318403,1.0003260581222007,1.046391036635546,21.21373686851575,43.363283136485414
0.4093231523760094,0.11524584718299004,18.591753013561195,0.014884572040327896,0.014968725384414905,647.3798706337991,23955.057882809833,8.120666248661458,28.39690831628296,0.5810155207769577,0.5468968418610209,0.5598601209602776,2.6574973521359437,0.8743590767741909,0.8950812748861309,0.7630728577933792,1.4718523162977104,1.4563075382855215,0.0008649189115222627,0.007477129680750175,0.00026474070568871316,0.03504894440936349,0.029418346769339118,1.1296991129044562,0.7807938539286311,0.8815716462963831,11.516668592798231,2.6422241563325533,100.19236819717135,1.0041042736067753,1.0424312778485387,21.11281040397592,43.26122802697563
0.40774646259716457,0.11502776038855209,18.635545928618004,0.014852442503362297,0.014998361830055906,647.0798844461403,23901.125685563195,8.166984510362424,28.452099923705518,0.5839433035473109,0.5498838340319583,0.5558646139684559,2.651462990417128,0.8749889582066188,0.898681509412486,0.7623035462650216,1.46922970518776,1.4530862243539064,0.0008684387840156619,0.007432345871117673,0.000265270814796672,0.035004501394215,0.029633525351261177,1.1255582544616862,0.7780961214054158,0.8760730147171996,11.528446108587847,2.657082275263873,100.69953374543138,1.0071479581554426,1.0467473483863559,21.10231036318928,43.493662958755586
0.4113191677700637,0.11535551120340834,18.614951720040402,0.01482543177740615,0.014976612081320421,644.0928309115034,23995.2205433185,8.161771464623863,28.405230708595948,0.5800143077147026,0.5487215354885009,0.5549518652964366,2.6558958922037634,0.8758766205544782,0.8989232368026105,0.7649225410717384,1.4764302401069864,1.4557398876117937,0.0008685894164260172,0.007448708820412633,0.0002656680693290238,0.03501028049723502,0.029776202548378657,1.123294591877778,0.7867100322780138,0.878189867193332,11.485033365412441,2.6275927178368534,100.09659233904237,1.0042317224690998,1.0481535027980529,20.92762770390289,43.737929369995285
0.40736874459242106,0.11469698363638059,18.669338196318293,0.01488452237828692,0.014986999948939891,643.7678512664389,23992.228555480313,8.190762343491587,28.395192687348953,0.5780681134104685,0.5499440033212468,0.5561766793995996,2.650012741846207,0.8763547654385044,0.8972387048297453,0.7625880177217719,1.4752296061028694,1.451373387128482,0.0008698657918689498,0.007492362353937268,0.00026600871203193973,0.03500563745158804,0.029661715090793885,1.1241307514329755,0.7827122421937451,0.8795251836301318,11.519947236878222,2.5895727020389687,101.74073435739771,0.99963261147663,1.0485817768568597,20.801748843347152,43.62612269312639
0.4092682900268437,0.11400460543753843,18.651741131944565,0.014884936751878157,0.014953648165777452,644.3782773939711,23925.22393711058,8.211822746073667,28.412601770586814,0.5734268369614298,0.5520506053846018,0.5551149973447127,2.657198948650093,0.8791861134880375,0.8944649375495936,0.7673117567053,1.4836600576331525,1.45086451159578,0.0008665392041823757,0.007477910487269604,0.0002659997943873243,0.03505492746755822,0.02953160292999145,1.1237704803842328,0.776762753551893,0.8766935184223698,11.453663093706623,2.573641495272625,100.86237316234053,0.9995516725286167,1.0436141555827616,20.93501069987501,43.86697057708905
0.4078320065996334,0.11399425211090282,18.66521108713569,0.014920707047261774,0.014960113097382339,644.336786159207,23839.945577598948,8.13665845459643,28.57324020304932,0.5747297060540184,0.549024364043053,0.5536171047228197,2.6498215979215662,0.8743563192407969,0.8945032174306305,0.7680041337992644,1.4769582578965388,1.448526915742035,0.0008636651248470372,0.007491854765543587,0.0002639561834881269,0.035236591956977946,0.029548794805171995,1.116422917496781,0.7688044027106654,0.8768712587001558,11.457453685115636,2.526557629731127,100.04546380278025,1.0034086293485576,1.037954985572569,20.85048969826351,43.88567545837551
0.4091005224765072,0.11380881492121148,18.721822501512115,0.014991334363163434,0.014916647548782119,647.5562334567376,23883.925489550096,8.142137800055284,28.639499002535583,0.5790653766907684,0.549497197566335,0.5547702953342404,2.6634681721196007,0.8725254690756057,0.8977198077681247,0.7603070584639912,1.4712793764750016,1.4496547649617724,0.0008622117260714481,0.007510568723335528,0.0002653259268215901,0.03501305238957904,0.02937571732282683,1.114824455311618,0.7668367611260455,0.8767891701314158,11.479878840850587,2.5137562563349545,100.49102019503025,1.0066876975774552,1.0359229854406868,20.9436986115379,43.84850875033768
0.4095064418924183,0.1131645567050829,18.67344250851175,0.014912989259526008,0.01499705725346578,649.851270368299,23904.872938612014,8.167372798484763,28.726654496486677,0.578454104215776,0.5492537210181223,0.5532621861902407,2.66697171408717,0.868249690399948,0.8992358990023468,0.7605955768875001,1.4715720022208294,1.4495958755276694,0.0008636229742014945,0.007512218759126675,0.00026557231433292346,0.035359681614750345,0.02935351315751656,1.1174389181896114,0.7709494209880684,0.8851020963249879,11.48674765013525,2.4725387385577138,100.03678091861471,1.005229141198621,1.0354825964870034,20.916726104097567,43.71164216442165
0.4101502671205153,0.11307533477927689,18.68267859490165,0.014881574153604624,0.014995588250711714,651.3525835379739,23874.35896738341,8.161362107683505,28.716207604653096,0.5829884532291748,0.5495909577664151,0.5526785975700943,2.6585289778880163,0.8716486662155403,0.8975440598715115,0.7605427739639264,1.4715841878034934,1.4428128409879237,0.00086643281586503,0.007493300339920448,0.0002660605539867367,0.03526894331654991,0.029201292713548783,1.1116215679845305,0.7733252520949648,0.8824341743043981,11.48658802336966,2.4624785338064856,101.17865411457176,1.0051360853285523,1.0391230881440192,20.869091447270733,43.94125732799998
0.4102862109954818,0.11216902468307421,18.76133035876285,0.014943597246621596,0.014946463763515438,650.5136800495524,23929.169337297677,8.193742371267442,28.69516978128814,0.5824843844174189,0.5481871583840835,0.5535127651275539,2.6422238899350763,0.8703829870724514,0.8989642959447364,0.7598703316498794,1.4690527940147735,1.4418681962517659,0.0008684696821369667,0.0074917356096205765,0.0002662641272084268,0.0350463711930865,0.02942237868759366,1.1060941149664008,0.7660368209220456,0.877496467476851,11.496104585321934,2.4611166950322017,100.87722810765216,1.0018758932074472,1.0389835330225818,20.873762323640303,43.79718196927863
0.4090527226830214,0.11222622675390898,18.856925198385046,0.014921127189015936,0.014979933584695454,649.8630629757353,23971.781410497617,8.207665274352276,28.76933482979136,0.5821676478398853,0.547249550916408,0.5552328380209498,2.631974990262563,0.865240734905612,0.8995399188705419,0.7580177266786092,1.4757687782386681,1.4484346111078175,0.000866635385136763,0.007509349395705047,0.0002648502141497744,0.0350871531568707,0.0295369735604751,1.1064161278268512,0.7703178344249436,0.8877794744808802,11.509689198065074,2.4560501107702426,100.85328943965749,0.9986581771290397,1.046728622550019,20.799461265941012,43.83414095042422
0.4083234057929752,0.1124002838508761,18.95620209184103,0.014916944730338357,0.014975439945107308,649.3519387180838,23930.76171423156,8.240410131640617,28.660185195269758,0.5839562111543659,0.5486873877450303,0.5535027215631414,2.6348524693322086,0.8668283979342233,0.8972310257222973,0.7538469742034298,1.4735962823778215,1.445963370669421,0.0008648103798242331,0.007424908943018469,0.00026554734095817834,0.035063000638231784,0.029343281401395034,1.108226419060615,0.7674530200834146,0.8868020054455464,11.497927334962545,2.411199976326554,100.72946933978068,0.9977207414660898,1.0482068613054438,20.87772394490619,43.890292043101184
0.409271670841628,0.11233054655035753,18.907612672554052,0.014898080321416055,0.014903630974390361,649.7684575010564,23893.4440782031,8.23755078135179,28.798221587361255,0.5840851754064461,0.5480397288532807,0.5566749626276757,2.629679432150444,0.8655164366883806,0.8983422937653008,0.7594622954791107,1.4816015780445844,1.4354239961418773,0.0008627314771279383,0.007443280249058414,0.00026612929117371663,0.03500235911851394,0.029419148476858666,1.1110381295845682,0.7629830390552779,0.8883622938308433,11.53343499849733,2.374415452517025,100.45015313796175,0.9981554890363351,1.0465727534822635,20.995938017537753,44.05116257076244
0.4089745287198358,0.11290169339250149,19.001495155334332,0.01488314109037598,0.01494292227944661,652.104707544184,23999.44620899069,8.200151950038057,28.81839194268839,0.5841979168968177,0.5492594726909305,0.5556199418605339,2.621486902020806,0.8684265183788271,0.8981544328761594,0.7640280718999674,1.4787638595941828,1.4391480548468207,0.0008682414985429593,0.007476532076525578,0.00026643389169951035,0.03516791562200762,0.02936094945587064,1.1128655626145034,0.7650555668067739,0.8847999615205934,11.507346844338029,2.361737129166225,100.03001027521357,0.9994389342357564,1.047032156196266,20.936911422326077,44.22981919514613
0.4089687629140187,0.1130087239458274,19.027693897388872,0.014877915257915148,0.014967077534033233,650.1524721451016,23891.720064623565,8.24987556507263,28.80813289671351,0.58695553431367,0.5484474931163289,0.5552595921005661,2.6335699626779294,0.8711024892505234,0.8998681179702529,0.7624107313649439,1.4711034398869212,1.4371119887131503,0.0008740794581285464,0.007468160901539174,0.0002642929834851206,0.03527457992271176,0.028993800165362207,1.1169359898890228,0.767644521590234,0.8904163552069948,11.505897487735144,2.3434620102178605,100.10470037351972,1.0025085203137758,1.0485489254510914,20.82056596770008,44.42502381984835
0.41100786015517554,0.11319583300003282,19.036241324015283,0.01481027860824587,0.014998877328270623,651.5985832966021,23883.52896880218,8.244274376381705,28.713506723061744,0.5858270586938136,0.55313104816175,0.5571502567549623,2.639309016704589,0.8728024656542965,0.8993264565739361,0.7604531991207291,1.4623817701485946,1.4334144531889705,0.0008745025452617401,0.007489359430833516,0.0002662663580377828,0.03525217218167482,0.028953101667682703,1.1160952224501601,0.7636980975505665,0.8903751255432711,11.52999469539364,2.3239230097948873,100.25412440882015,1.0062860082666327,1.0471012385104983,20.886231763351446,44.39160564611347
0.41257644583755443,0.1130545019698119,19.011332713172347,0.01484532291239676,0.014951344738207218,649.6031933840673,23973.711265080998,8.229762363444632,28.837096893010802,0.5839745092737993,0.5522441236084642,0.5568018571959447,2.652678508135814,0.8787290505738258,0.8957779674609762,0.7581343452070902,1.459145134356353,1.4279163537126853,0.0008730798323597882,0.007471035232475516,0.0002674882747144532,0.035123909650052285,0.028933075086507092,1.1172309069493707,0.7615171615594254,0.8962613568396505,11.60646804195257,2.3007511840967245,100.02639971346987,1.0039485134660446,1.0469246460210375,20.903144680183832,44.52778448923667
0.41052248148393444,0.11294319016940295,18.998791958345382,0.014758182629000293,0.014982391069816582,648.7822697899259,23949.46200994625,8.235437553867275,28.747980562997498,0.582838297784404,0.5516762088601065,0.5579325697857722,2.632701120765434,0.8796869575998968,0.8981366900041754,0.7600648263939318,1.4681708913871514,1.42835156852485,0.0008716770112678098,0.007415051994063165,0.0002680199601764094,0.03503848512067388,0.028977912770918445,1.117046363502502,0.75037891334767,0.8950025707732623,11.561308292794328,2.31536020150843,100.35508580229904,1.0050705389548977,1.0483793923993705,20.848064372672905,44.79893336566307
0.41004183525983773,0.11273701763095607,18.89038278188589,0.01471080588583381,0.014988578710945631,645.5858582449068,23947.746521321696,8.228745941463197,28.6766938448496,0.5819715678139518,0.5519018299237726,0.5582710313567604,2.641686987576901,0.8787828941236164,0.8950981114538086,0.7639686617529367,1.4622434479400845,1.423123127998374,0.0008727464516942737,0.007449162948277205,0.0002663967298244936,0.035041245596500806,0.028782187835186587,1.1206357546395656,0.7473178826631311,0.8984631667761794,11.593650035988537,2.2937613338432654,100.11319054396172,1.0023754212576488,1.0451260212506437,20.806396259088576,44.771080298157976
0.40970121551624444,0.11317668808655347,18.9789301961059,0.014825246689704034,0.01496628088454129,644.9550264004835,23959.464598952793,8.22141292956787,28.737334300064383,0.5803615857794878,0.5495116844668763,0.5593676632105942,2.6379812348554226,0.8763506901368532,0.8995808542193557,0.7683262956871127,1.462058479713139,1.4272155719562156,0.0008720932428041996,0.0074619531996083285,0.0002651771715509308,0.035047540096219576,0.02854903844326942,1.1205473026700805,0.7406333825169827,0.8896286560482508,11.595810278049067,2.2891756521429945,100.61562502241686,1.0005926119553967,1.0449009130113387,20.88185533851465,44.67877327083518
0.4078477054485268,0.11315022203659267,19.03169455597501,0.014902572071887865,0.014950853179535867,650.8837762257283,23967.994179355872,8.223964058127034,28.777909312118794,0.5802326677516447,0.5484467898391115,0.5599055597472719,2.6368273689240973,0.8760034059881988,0.8910300705550894,0.7633557626185157,1.4673158405668492,1.4174792255665372,0.0008687390237153386,0.007516674722416879,0.0002639152461110654,0.03504049408138976,0.028330039855422477,1.1285134287432328,0.7472658047725254,0.8779156956757146,11.594419421014319,2.275882357470785,100.05969964841273,1.0030021397373408,1.0471526868058496,20.89681674469312,44.80598316599547
0.4074703668137011,0.1131941079324832,19.043854022809548,0.014920765496396936,0.014989873353585616,649.9702335420433,23900.27463581063,8.199026781329573,28.682747720502295,0.5804304587495203,0.5500556235067247,0.5610400570975275,2.6274402822151686,0.8753448405245475,0.8915795388326777,0.7635692897816956,1.4594021587447779,1.4228326052835847,0.0008726836547662319,0.007539195122735744,0.0002614930143347983,0.03508299454148261,0.028187589506457392,1.1324376553959232,0.7450039863266535,0.877463129829916,11.572398186361324,2.276893035888871,100.72666043740577,0.9986409013346462,1.047759095745071,20.954347806874857,44.80181184808985
0.40609612895379754,0.11372762863445372,19.11531505023229,0.014925813074646717,0.014990485379760464,651.0054625182743,23961.7779923804,8.21413424426025,28.727728301677544,0.5797530208454572,0.5505781509382416,0.5580430694271621,2.6256930562782776,0.8684663694371341,0.8981446561450374,0.7591797369912402,1.460279360714757,1.4265189793923119,0.0008670995290609594,0.007601328187991549,0.000261489438972983,0.0351182782654931,0.02805148190746834,1.1345601404894168,0.7412545367276818,0.8733928197333848,11.539266167131418,2.260709281920865,101.34065068601805,0.9967104760561647,1.0481515105685413,20.841468542683817,44.691033923026104
0.40668339350503635,0.11395405776825783,19.146686173624776,0.014938683070620183,0.014970387361369011,648.1423987704377,23967.98396423118,8.23235431779406,28.867039894442623,0.5781442667988966,0.5503647262684319,0.5571694089916065,2.614842939110025,0.8681511547211754,0.8988480111282076,0.7540595564888476,1.4573146949007638,1.425228314956715,0.0008695129160282926,0.007566478614706568,0.000262292551559196,0.03512170685069278,0.028166723642562303,1.1364961164890015,0.7453431920221982,0.8753752390720754,11.601442196972958,2.267369276885313,100.39298084389128,0.9980889843269617,1.0470387152196092,20.75058097962791,44.813227756497795
0.404869025425278,0.11337030955936866,19.195232015917643,0.014970381232349334,0.01493597624187123,650.265664576087,23851.06205348571,8.248091198205051,28.89482744185074,0.5782607359686639,0.5494692895320721,0.5591290510895996,2.6196143408570935,0.8632094199766467,0.896996262505681,0.7497054188509299,1.4595423205416689,1.4231805187647957,0.0008655959794297457,0.007584421760561942,0.0002627683411654787,0.035044397277768674,0.028119645380010428,1.1390323508695808,0.7475553062223598,0.8754098338607933,11.604845525008182,2.2457841190841297,100.77764332210106,0.9984796469159639,1.0489303702683686,20.788957653310135,44.737591997423614
0.40437286487229135,0.11361074860088964,19.119228532455516,0.014933119735697971,0.014961290932104496,652.4443331402537,23923.319502431437,8.257701171040537,28.946352370018282,0.5795453988060127,0.5482850371104224,0.559415117780126,2.6167856686340394,0.8639752985888012,0.8982971929549481,0.7514861963852401,1.4631788834809651,1.4236926450355105,0.0008675251048559792,0.0075581506261434145,0.0002618431664524003,0.03518019685031128,0.028238665966629845,1.138826374432244,0.7458231401764908,0.8748737369126499,11.644568222635064,2.2266753253942997,100.1231404561852,0.9966979189932359,1.047104410875523,20.775682292543827,44.64956838654718
0.40694396404920435,0.11395264100507703,19.10041580083764,0.014882741389162374,0.014982364092867973,650.7225463239457,23906.069314248267,8.224448941992184,29.010833003779737,0.5822190774505209,0.5494281595821842,0.5586211828103659,2.5996493678999144,0.8623019830972961,0.8993667638997082,0.7509314030880198,1.4599826149413646,1.4232079846012018,0.0008674618726303308,0.007495426109265818,0.00026287173756062377,0.03500942396310393,0.02834260556729698,1.1379587006452814,0.7423526200071761,0.8788392497649132,11.585125239689509,2.228329652340511,100.38754281971426,1.0015916746310585,1.0481146409508324,20.842689919947617,44.6726117298013
0.4069535738966452,0.11348720161517614,19.04605611946935,0.014881559542374849,0.014981786184465665,652.8071147980307,23915.86466988697,8.217640489309046,28.94991583524786,0.579479588772743,0.5485498016722753,0.5586747798164281,2.595929207233174,0.8567877960497216,0.8999805696901211,0.7452983630746607,1.4578131321307175,1.416448659025378,0.0008640192501405497,0.00748834985555897,0.0002630229145409068,0.035143754892924844,0.02831586455231806,1.141672418744803,0.7461894910189326,0.8838920495359667,11.568134695427686,2.1905287991596105,100.15964624168836,0.9985016953477083,1.0491648942032354,20.859375946250697,44.74085245858026
0.4065426266142768,0.11248965445419482,19.01414797184555,0.014933166574673109,0.014997350257707907,652.1302041966422,23859.31754632129,8.232266614622251,29.062511502825842,0.5794377395549645,0.5437813016336175,0.5557135588734217,2.588314492857181,0.8553500095466942,0.8988755610059378,0.743591830490753,1.4545973140756638,1.412131023169457,0.0008655303080285585,0.007490347639157067,0.00026172055241214273,0.0350193987575968,0.02834316969463892,1.1410738869395476,0.7421756915595861,0.8814025111310597,11.57670946951173,2.181486573487115,101.07058108137572,0.9966937807158001,1.0485610176073992,20.83434747487949,44.78360560334728
0.40523020159116624,0.11267214054472106,19.04311059462521,0.014860840926993149,0.014983275608661636,651.4584823833208,23865.724957349605,8.229015590791489,29.229441404800305,0.577705997709633,0.5430068295847766,0.5591234715595678,2.594389326297613,0.8528733327851334,0.8973874708596948,0.7458448462426389,1.4546273486355958,1.4060644494552856,0.000866760541013898,0.007486746642849948,0.00026064664506298324,0.03503957329959369,0.02818825606539936,1.136042304999953,0.7501517985606674,0.8795623708872479,11.569677268947387,2.1578098451307204,100.07517276619602,0.9995208815694384,1.0481675488678288,20.859855740295032,44.76155597335978
0.4051593031264509,0.11258809461441836,18.967670252554104,0.014929953707938856,0.014981838462549305,653.1052982685757,23979.354405479728,8.249345807617734,29.051247561713996,0.5783517981424866,0.5423299785871873,0.5581709611693104,2.607884833334299,0.8528597269701181,0.8973667970880154,0.746940310807062,1.4599060584719545,1.4107727844230604,0.0008624828764900432,0.007440433087233105,0.0002632084176378105,0.03500272017320321,0.028118286213348328,1.1348810414668138,0.7485779147489419,0.8775867860876354,11.511941343494836,2.1392443074333474,100.76817798435343,0.9959474428513013,1.04397676044187,20.852469403370982,44.959422740212446
0.405462243072608,0.11286357571434334,18.94451327959796,0.014996088102427233,0.014989515419448938,651.9949695599074,23997.450867558797,8.224723331023107,29.087384485584668,0.5802610457476745,0.5411215720175909,0.5564451297383408,2.596584958065264,0.8531757481447889,0.8973465925696461,0.7443057736878919,1.4566310072967255,1.416033811080761,0.0008585481534681711,0.007461324466675045,0.00026189451685877186,0.03502379702625973,0.028119403371930918,1.1329234417419325,0.7523029336768755,0.8744903437644876,11.543235334172664,2.1466725607215786,100.5172616188799,0.9937950027167524,1.0440786770965442,20.875562061313335,44.853239550487004
0.40751339596828,0.11271587655906487,18.968511760418995,0.014966169678000841,0.014996962503591036,649.058006022234,23930.354415833735,8.245613431807485,29.050504763638866,0.5796697194110745,0.5425919436746728,0.5555910761524034,2.611733615834533,0.8489471749291218,0.899009999178958,0.7421927605695448,1.4544508038111958,1.4097115911179008,0.0008603142439742819,0.007485642241271034,0.0002608198873957607,0.03502479274810349,0.02802138175702922,1.1355246934417986,0.7559816935517941,0.8769839220566259,11.611116574531035,2.1300244584006056,101.31149000766774,0.994969655145117,1.0464505448482446,20.864977811720543,44.84408886184468
0.4072979910381146,0.1125523346481658,18.929078877182,0.014987958792662182,0.014954931852406358,647.2393359877417,23978.88827551283,8.187106925373309,28.928531418705017,0.5793418224372225,0.543811400713143,0.5555194836396216,2.6184611579844947,0.8482657425347596,0.898651679064749,0.741746810724474,1.4529237268397566,1.4027059090626368,0.000862982161957971,0.007460313223439689,0.00026023080427437585,0.0351193680148041,0.0278934590028563,1.1340576214258675,0.7535019402495801,0.866694657740292,11.631148070583123,2.1032219774697953,100.52109887730407,0.9906190194288184,1.0413156230821696,20.735200706254936,44.81602481929848
0.40807425465345654,0.11220157158061611,18.886546540323927,0.014995120842763545,0.01499851619900323,648.1691974869583,23974.21581389282,8.203782743810047,28.911586593088465,0.5789140950909216,0.5421485139767152,0.5569738808486505,2.627535820732068,0.8502711009414913,0.8977603281512075,0.7378470156910014,1.449546265603045,1.4022545891582132,0.0008608833347461326,0.007474937845482786,0.0002602176032609391,0.035037622486204796,0.02802567947620337,1.1359091987859307,0.7440702510665047,0.8710037558339765,11.610728224653062,2.1083441652384614,100.70254908614696,0.9934941819629581,1.0454752818162514,20.779484415635622,44.995595900123085
0.40939890232447285,0.11187929047429354,18.943245325584357,0.014973288178921762,0.014946776753475468,650.2255893854749,23970.288148848038,8.147135272367889,28.943465519857426,0.5816511364006214,0.5431618439567246,0.556732777290467,2.6180175782981556,0.851375673911581,0.8955302811679304,0.7401524888289608,1.4498089394528857,1.3965600006143704,0.0008611192787075673,0.007442174368111822,0.0002594293391732179,0.03502344793640334,0.02796153603711174,1.1327313877611418,0.7402634365717109,0.8703078703368431,11.638011002905177,2.089235421405581,100.4824688929212,0.9956665592160061,1.0486182168864737,20.827757588737295,44.98885819313121
0.4101709512457025,0.11192699922560659,18.881426216521046,0.014953551546766452,0.01497950602513477,650.4732682809877,23983.926965004157,8.162992878769566,29.037141533815806,0.5796213156532554,0.5445069828280168,0.5575894355958545,2.6266773045644323,0.8504318997817507,0.8946736220535365,0.7380247265897113,1.4559617662886752,1.3898928395599326,0.0008596693481944073,0.007443576201274315,0.0002582159257677084,0.035042124410101336,0.027820982430261983,1.1379837749010913,0.7435111979231964,0.8703374575467601,11.578578408914298,2.102319685363881,100.09558320926415,0.9988749955646704,1.0468066759479346,20.82750333226592,44.80727366062657
0.4125992505147616,0.1115600734533078,18.911993164028367,0.014935374282186288,0.014992105958487672,650.5830434882772,23992.53168054308,8.15363077463553,28.909728833967577,0.5793717374398494,0.54204077882429,0.5618550342913109,2.6340126637583015,0.8511922299217941,0.897249227819505,0.7386620519326691,1.4619173003123993,1.395490179244534,0.0008603474750012495,0.007433891059365736,0.00025864807771088,0.03504057178930892,0.02781079214560983,1.143561916423565,0.7457138643550362,0.876618038824531,11.619536003807273,2.043555272673206,101.98254634726757,0.998129347621772,1.0490240192680482,20.87406481854107,44.67597644791831
0.41314669915177893,0.11218046099576905,19.053460050289285,0.014983821836056548,0.014999534277866293,647.2246249278196,23963.057903186593,8.1436578335418,28.998278585209132,0.5770662091672124,0.5419489924378573,0.5616889415731056,2.638077414771231,0.8545494551523322,0.8965429260491548,0.742392957013574,1.4555733025021178,1.4001538098732695,0.0008630509177951203,0.0074227308893129625,0.00025972634890913563,0.035003284103314325,0.02818820279347383,1.1390130549937312,0.7433725485377652,0.8778930657739488,11.650046751294454,2.048895218928433,101.08902671723419,0.997283324591238,1.043726662743544,20.87508754176766,44.351232046274006
0.4148477052915371,0.11233493326108768,19.058239084495764,0.014913176996825374,0.01499655330059725,648.3229810304724,23935.227698539078,8.193741734318687,28.944091438153762,0.5758464876042365,0.541765027551344,0.5637789752324207,2.6365531235621877,0.8541865302456334,0.8957986268485564,0.7417201634254328,1.4565289061234936,1.393111175239066,0.0008612959022622459,0.0074225305693332005,0.0002593881533586378,0.035021963866846986,0.02771227571446089,1.1367691881324,0.7413925818642614,0.8798197431729528,11.677976694587624,2.0352845425175548,101.6135615983892,0.992108422365673,1.0486256750913179,20.92142925637163,44.34744526729901
0.4129314718736581,0.11286901464974375,19.071107580507526,0.01497143172472592,0.014988560083947763,652.4996961281528,23866.374475743476,8.194961736746897,28.921517849281642,0.5757353351374903,0.5444157699828834,0.5620858569784504,2.626096327085724,0.8539103614684888,0.8969948874437543,0.7327827399676565,1.4588267319676544,1.3972070954166702,0.0008636108226417825,0.007461671343570491,0.0002580486911605629,0.035071089641908616,0.027798953010119837,1.137265562681162,0.7363413888587114,0.8797718661740876,11.715827132883259,2.010301951103643,101.81810709863493,0.9905239329291524,1.0470024894339902,20.981889541887174,44.28033541474604
0.4149160819763101,0.11269204129028632,18.974555659385548,0.014990507113529191,0.014981889324790791,652.9483962786261,23856.848859249763,8.24135679997488,28.808435219211734,0.5760883347662883,0.5435575429284222,0.5579409638077595,2.624299623048503,0.8520153670663073,0.8975280509059603,0.7348139365862713,1.4523403461473159,1.407433044923726,0.000865295427732718,0.007437770458911901,0.00025640381256693886,0.03517306162915728,0.027869955256895326,1.1272921154907174,0.7425984047331382,0.8858591555665483,11.696800566415082,2.0052087240210676,100.37412399223112,0.9966167213337206,1.0497569567799616,21.002550128588627,44.23795917562881
0.41644580003436027,0.11239918843496735,18.953904719507573,0.014982989121806916,0.014999534144909827,654.1328347343491,23794.35875362164,8.24993076392322,28.79872518353164,0.5752329449235695,0.5416185850324612,0.557483969226402,2.6328214000215087,0.8553813810864218,0.8996833202107701,0.7353939794185712,1.4465390211881635,1.4072044436349829,0.0008642824342613699,0.007394520793427083,0.00025536122117661035,0.03507961305632903,0.027763906995046297,1.129821471095204,0.7444995114797005,0.8865513050235891,11.69001710250684,2.025179233099027,100.3408939704023,0.9905894883886404,1.0476659236242891,21.05671925307426,44.383294791490016
0.41422549593686764,0.11245091789314036,19.004107215724346,0.014973321193661557,0.014948072004445456,655.998886508826,23849.610634789053,8.218859197220214,28.71407434578815,0.5746667976909325,0.5381027690523007,0.5523137722055218,2.624017535636234,0.8557418211241582,0.8996355815768006,0.736251056879107,1.4501316268218942,1.401840791671114,0.000861200418469049,0.007385403195334752,0.00025538147692218545,0.03507210198057544,0.02769468566160582,1.1262938958101225,0.7536162897525646,0.8848665555930825,11.72658321890817,2.003560444298785,100.50405632074182,0.9901813406113964,1.0477071378504448,21.193420620682687,44.502219959773406
0.41565017270534327,0.1126079791191573,19.00532316228841,0.014963861897046158,0.014994537917835499,655.788671882957,23948.94703540537,8.233839016669782,28.763403850158355,0.575620867489128,0.5374650072420101,0.5505201819596314,2.6342805930826874,0.8544207044890008,0.8955471949414642,0.736078001854125,1.45459917464809,1.3985753738025772,0.0008584529096040568,0.007398340651505028,0.0002550273479048825,0.03501263181516619,0.027873594398080594,1.1300618389803676,0.7380630788101071,0.8825958284821523,11.749333467995797,2.010059764224339,100.05287728225801,0.9930681671601321,1.0477054483071082,21.13333207738028,44.30579769363621
0.4148677735531437,0.11220596392918195,19.084093182696538,0.014981611719522659,0.0149995505392337,658.9374371929281,23861.862470895965,8.293341866479963,28.805240895440257,0.5735030459045041,0.5403334065862003,0.5499670328455121,2.6454936275869727,0.8572558063901022,0.8938155453153255,0.7326307314696989,1.4566557462975265,1.3998531414725786,0.0008551610558245705,0.007429845743469083,0.0002539917557092707,0.0350400272805582,0.027665299553423735,1.1288451943796143,0.7296068771439947,0.8795478953247841,11.675885248835792,2.0087439031906946,100.09440833402647,0.988029086904781,1.0480557610853793,21.088450369813096,44.35115332707482
0.41455926835228524,0.11275573134309272,19.09319962444644,0.014955636277531577,0.014994851088075115,659.4214777033171,23936.09534939758,8.331752492312097,28.72997884494789,0.5724282333343733,0.5383098960217056,0.5502970762824257,2.6340355480244764,0.857895393098362,0.8976848555403116,0.7296977744289281,1.461222175227301,1.401857858009185,0.0008474204631527022,0.007415281774557518,0.00025629040407222663,0.035029628641290424,0.027680663680503925,1.129457101516576,0.7365695195133539,0.8817696386876823,11.731591606011516,2.020861438519105,100.0284706597752,0.9906174065462927,1.0461154314350425,20.98753634293598,44.22345820550962
0.4139748083491063,0.11190970499891904,19.153349996746297,0.014979107846161266,0.014990050114571916,663.793495558717,23917.529128832597,8.325394404818706,28.765974817484544,0.5721127598562309,0.5387850642976348,0.5500547742391738,2.6309342348756415,0.8583416959089483,0.8936072136695574,0.7278043650634396,1.4559838907592335,1.4062868285728831,0.0008460600546198637,0.007391317201736242,0.0002550247128345686,0.035013768004087314,0.02748101169576548,1.1141964115022838,0.7370599720935901,0.8817856440040129,11.809377194122163,2.0130314994116643,100.13619013777513,0.990398509051246,1.0411364365487958,21.02474403443704,44.10679185615965
0.41599938145489446,0.11150125589858959,19.203381604823704,0.014986335592856826,0.014988882458478557,663.7219373413475,23996.409197321853,8.320370251302046,28.894551930608543,0.5729304532272808,0.5368291476675405,0.5488519281954921,2.630733651064957,0.8597249262271451,0.8967082288432534,0.7272260036575879,1.4493953531503943,1.4024526919550007,0.0008458171639862215,0.007368070741311302,0.0002553878487695262,0.03505791524556101,0.027236063514541258,1.1096085766505481,0.7381046760913431,0.8819713910717729,11.830861843686781,2.015961871840661,101.17880469588147,0.9878585681857508,1.046287321470996,20.952393878192847,43.945719021534074
0.4152077674971102,0.1111984211415892,19.172455713708086,0.014975617710975232,0.014978822143823773,658.5967224611696,23986.784855639165,8.332203926399066,28.812320095296062,0.5692193343955599,0.5371706064355299,0.5511866182345221,2.631769392040449,0.8635606856767685,0.8989083463354502,0.7271080476267788,1.4473793999676452,1.3964040856862172,0.0008478820755868997,0.007410033993772377,0.0002543537017964656,0.03509539776330139,0.027072214643296975,1.1120531244057512,0.7369205313700766,0.8812861377515494,11.861797625771644,2.0060272879063223,100.29544877575198,0.9806548466951974,1.0438849712766178,20.971573153018976,43.88376028584078
0.41430485088996416,0.11133495582841839,19.266989369672046,0.014988026320686042,0.014992951704624478,658.5542222172566,23916.752205537807,8.3546088460361,28.670958846556438,0.5705859220546158,0.5351486061571455,0.5486148268928418,2.6382004395241845,0.8636132264846935,0.8999778470464175,0.7241904937381869,1.450833403060738,1.3967174577982244,0.000844110766274058,0.007422863756352126,0.00025365614705088736,0.035063962318392754,0.026744312401188266,1.1148519368503904,0.7373871188074685,0.8779543816278368,11.877539919258536,2.0140882547058263,100.73937421109625,0.9825405425365651,1.046375469138351,21.03197762104475,43.57243372379342
0.41506451802195,0.11164625363976982,19.327400686217747,0.014984682436136727,0.014998916775428759,658.2276909679116,23905.18905837911,8.335529998891367,28.67217523835065,0.5725326977902477,0.531788170360898,0.5493026957446575,2.6304859235595535,0.8610382970965169,0.898221282009904,0.722908735048029,1.4577870051043753,1.3929484528053966,0.000842363136930812,0.0074408966863728785,0.0002526983792660698,0.03501067807904859,0.02684745015452319,1.1115109767236666,0.7371658798827433,0.8691069402549328,11.850905365811046,2.0200015786495182,101.06304874051644,0.9742610020571724,1.0453876849381785,21.038128192288553,43.56290878139689
0.41316266750652936,0.11190829462124728,19.391762281848848,0.014961622226670355,0.014994472279216343,662.1695899814683,23995.205488551233,8.304595681505607,28.691130220011363,0.5692424613912124,0.5277898619733556,0.5484157733785855,2.6305329560066206,0.8626083441213923,0.8983600393292764,0.7220537297947716,1.457785307396722,1.3907023734369905,0.000846208640557817,0.007414902124232866,0.00025409401132208895,0.035123956837006295,0.02690575257695561,1.1088121752074271,0.7411422857669406,0.8647181614259122,11.815377693634952,2.0015193059483396,100.08448508154468,0.9777985868584151,1.040994040205413,20.977132954890966,43.529387042490946
0.4121198335545297,0.11229872053786036,19.309371626048733,0.01497751734090586,0.01499163079898257,662.7857229779371,23893.06759735194,8.317579254424645,28.654866691229405,0.5706915078090055,0.5300029378261951,0.549069440577334,2.6335432598548034,0.8667046485265754,0.8980871250703182,0.7243353232143164,1.4586441790733684,1.388176407723478,0.0008473048981953746,0.0074004130612500855,0.00025311849651601313,0.03503951281432607,0.02683099394218724,1.115516808687105,0.7458790396100261,0.8581975606902122,11.78602975934526,2.0040518407393377,100.01745856455507,0.9747397524913185,1.0406102039156362,20.988426847219003,43.589998512169345
0.4094628819383288,0.11266590432317021,19.188964383358407,0.014947857299636113,0.014937097825738,661.3485718122747,23993.196903413005,8.312494283604062,28.704066462882093,0.5677248170245958,0.527395637959768,0.5473081839247429,2.644679711490746,0.863516199955389,0.8986616386843508,0.7251719126973171,1.4541537538594949,1.39066200595419,0.0008510299054853216,0.007432432968482764,0.00025107350622151716,0.03502994080849526,0.02649918821506563,1.1129207206313187,0.748171507928719,0.8576033990145656,11.842464549604877,2.0003480910930085,100.26384219575144,0.9790001290593263,1.0446269426597108,20.99578682882769,43.669625011236526
0.4091463409829377,0.11317193734871446,19.192956678051686,0.014902653566747862,0.014961654856963182,662.0805954100217,23931.05659793002,8.296612834141234,28.850650773867034,0.5661612460019071,0.5274729353610793,0.5490372671441366,2.6411584974178157,0.8612866076769886,0.8944041732994277,0.7268284012284606,1.4462512939960839,1.398844999823833,0.0008527132209478405,0.007402876510803011,0.00025049832741516793,0.03502253416057301,0.026566172164493147,1.1166580248605844,0.7421318765903873,0.8483350742856897,11.854676059884955,2.0021149400813965,100.48798197614744,0.9782945877708155,1.0485340126483444,21.00173753816822,43.49354597363233
0.4110762848773291,0.11299830185055278,19.063310511287277,0.014914724758121618,0.014972684219533985,661.1476916157343,23872.125715739738,8.33329289841837,28.704804325994413,0.5647556097113748,0.5277691892446801,0.5531507284792025,2.6386458081349833,0.8614811341931613,0.8930120797632098,0.723851990974503,1.4420493477601943,1.3994640223758168,0.0008530889206910484,0.007452807892575744,0.0002502007943420329,0.03509183069267676,0.026214201942747258,1.1142984194963164,0.7398226072620391,0.8371722704106461,11.807398046209796,2.004552239557992,100.06419815236939,0.976024619674965,1.0493683582238802,20.958384910337262,43.624730702995684
0.41087957829882116,0.11318880222333802,18.94273600144546,0.014889037443662344,0.01499266726885659,662.6134450732907,23924.917754812628,8.27414091659317,28.741925818059958,0.5644662863184029,0.5272923603503608,0.549243943653742,2.6253178931466468,0.8588196032449528,0.8967748012502041,0.7215118885236185,1.4434383496330108,1.393783841733585,0.0008503162295515859,0.007466393361903869,0.0002506604190664986,0.035199692453005145,0.025966908111386196,1.120828649668873,0.73648045936375,0.8271891237981343,11.808669331477194,2.0008523796484408,100.28123479550818,0.9674536114251217,1.048812872551326,20.982957858444504,43.56882441677054
0.4115199656185063,0.11337585998364134,18.92658784709543,0.014889593743261655,0.01498019722553815,663.6233773979166,23938.603918128796,8.228152025388002,28.616857015814606,0.5622578451548315,0.5267826465498312,0.550787973723495,2.61783788040309,0.8624141010271487,0.8966388362278339,0.716093322419896,1.437152993734272,1.3897903125266053,0.0008458666944471606,0.007485882509627224,0.0002502868558932942,0.03510730384336045,0.025969216176000887,1.119431401568416,0.7400966669649243,0.8259105790839102,11.79190564623437,2.00603289801427,100.35212312175443,0.9691584954556177,1.046539054294391,20.930561379011824,43.39589575843485
0.41312814992410624,0.11314522511462283,18.934814345186975,0.014932283371809508,0.01497472001716143,665.1395053064655,23922.65933279945,8.263719346103306,28.72526316850248,0.5642849155517157,0.5248833927947467,0.550728392534951,2.6141060151154116,0.863145254429909,0.8987776220348791,0.7135488596468343,1.4403885579029074,1.3846046568754826,0.0008479028620496782,0.007514753994980507,0.00025103874616060176,0.03500075108537468,0.02590070835711669,1.12096023220605,0.7322106114219065,0.8166263646916282,11.761713537559114,2.038578219274765,100.54737692638436,0.9680124600438362,1.0433251855827512,20.915726919151382,43.40542598461935
0.41451974875947156,0.11262223220539873,18.97137839080898,0.014901982438979553,0.014987820832683284,662.2678574314048,23961.764153801218,8.238992512046067,28.695154714719543,0.563451279462935,0.5227371473696817,0.5531873064804468,2.597206965422637,0.8628451197871569,0.8993548901533951,0.7117277672384837,1.4383411216022208,1.3928221342800402,0.0008487407299699206,0.007451674904190621,0.0002503670155313085,0.03503879889542631,0.02577337583234736,1.1188005121098172,0.7322812400124392,0.8223104886967053,11.74727161142417,2.030800638189447,100.2824023355072,0.9721567180414089,1.042554977132954,20.806545934686838,43.44472242223189
0.4162431593545744,0.11316767034215179,18.998059737960922,0.014895379933511609,0.014977479943239808,666.3343379359462,23993.32108334113,8.240660665992111,28.72570008425825,0.5633634767235314,0.5263472111377292,0.5563328246187473,2.603733493500741,0.8644277642746585,0.8996168025221191,0.7161058075942153,1.4441648137744612,1.392532394745386,0.0008480078276386967,0.007467999435158609,0.000250125562602555,0.035006337229046086,0.02556680746212253,1.1155460740747962,0.735336736444984,0.8218866603886915,11.794525931090824,2.0147465451581117,100.78915176969522,0.9703250099727845,1.044080051608118,20.71166022731481,43.49965288747469
0.4162370755204129,0.11310925232467524,18.93913027190409,0.014837905506906333,0.014993337465132543,666.8308226905278,23965.487120856396,8.276208803730032,28.605826396861914,0.563142192422881,0.5276727546879194,0.5566993955933144,2.6132151274530124,0.8663971926496473,0.8998515134664692,0.7165186535572284,1.4434949072335197,1.3832296421074106,0.0008478112324360989,0.007500944171371928,0.0002495438996443407,0.0350392736168524,0.025472332285738884,1.109767546526397,0.7278126876975352,0.8170389519662836,11.839331530782033,2.006356609242057,100.73814384684476,0.9696445486380555,1.0438622422034787,20.756575622810974,43.434161196401604
0.4150930800758103,0.1132470206115534,18.974150698764934,0.014861555791422492,0.014995338133333107,664.9706926148833,23953.97910760827,8.297593471764865,28.64158877835555,0.5632158080162241,0.5336826285113907,0.5543832931845593,2.6109133834800846,0.8725296890823212,0.899137758268552,0.7172957032615117,1.4401713209614293,1.3858907494410002,0.0008435971763559652,0.007519608277914161,0.00024902042007403916,0.035015749421713656,0.025606613201944784,1.1050197775870214,0.7270466604041528,0.8162595806506591,11.811377721082621,2.0228552105980606,100.68462451990746,0.9669104966571452,1.0486489806538493,20.875424959115307,43.335597427249176
0.41555764217062996,0.11346576476230749,18.88617667157128,0.014952065719305477,0.014968218090250602,665.3654299617659,23938.612413327457,8.296512831748416,28.5980296623908,0.5638493293925686,0.5328071204619267,0.5533906808612515,2.616091721746582,0.8665435122646438,0.8980256161406571,0.723529721979465,1.4445935002985797,1.394730067441027,0.000845128256569833,0.007510753186458011,0.0002500091702466682,0.0351274609240008,0.02546926032878288,1.099468177498426,0.7270810022785321,0.8146073366242448,11.82364153260514,2.0005430440525247,100.29085345826711,0.9699240604696128,1.0469631077617445,20.9455174846201,43.445543412542385
0.41651856914706736,0.11350441410262273,18.878944403960656,0.01488485598712339,0.014982540998512872,665.1565011958364,23982.03374832051,8.272222923273004,28.579578247986102,0.5605713043622046,0.5330067364813169,0.552139068666653,2.621487222761126,0.8620896090222201,0.8982859907613792,0.7261339824941301,1.442320460440349,1.3911951374559177,0.0008412300498464429,0.007517033780437077,0.00025007050688614327,0.03500373559722837,0.025417895855024842,1.1046217170824508,0.7297683321611034,0.8138012443281847,11.79557025342051,2.0003892286841167,100.25917094583491,0.9692311528733478,1.0442777870411721,20.860751309371903,43.628215432793425
0.4188097568138448,0.11370166848417869,18.9066092616067,0.014979277334119611,0.014980809548246266,665.6551685953718,23947.166703891162,8.292999506993084,28.619084750996134,0.5614342472778701,0.5351674471510662,0.550524631072702,2.641445720283621,0.8614759511977198,0.8974427446735173,0.7241928678476409,1.4480966411523872,1.3924475210381713,0.0008393983300578329,0.007493031515628546,0.00024949429719627053,0.03501042423111886,0.025385370899710793,1.1085682922269118,0.7291350069100528,0.8113956156915629,11.753088032659699,2.0025208754737145,100.0932664755795,0.9731263522106842,1.0440917102532468,20.77230443062964,43.826163503567486
0.41737287455163286,0.11311379402644434,18.950825542915844,0.014996021838196183,0.014988567215013205,665.0008063149344,23960.15943139251,8.300187338686877,28.5083560371615,0.5619835280208175,0.534157991655413,0.5520078137378446,2.6326509640973748,0.8588700318794569,0.8991200079595815,0.7238631180107858,1.443986269133452,1.3923127684344185,0.0008399382644564155,0.007476474581816583,0.00025015873829832563,0.035003742772166,0.02513950135454455,1.112191158062221,0.7236205569772096,0.8044195199535027,11.821545518867492,2.00722144718542,100.19461098173663,0.9668404469822083,1.0477127749073292,20.723304750739548,43.64082840258412
0.41952850990560153,0.11363104813868805,19.03839373691297,0.01495731429409104,0.014998855160681758,663.2642974244342,23952.91065699338,8.271843330822152,28.489241283558503,0.5601499506133596,0.5318823241263994,0.5512724923545199,2.6266321222622455,0.8528705763054225,0.8997721513894815,0.7257112488606061,1.451248123642055,1.3923054764292986,0.0008390811368257276,0.007526734062656116,0.0002501218404275958,0.03512741350621543,0.024899387654627406,1.1109304258360564,0.7243390399928348,0.8014379000223449,11.838793901247172,2.0041535359809264,100.19549963959481,0.9637445061454898,1.0444861579033722,20.775795085181837,43.62401286907943
0.41972333510041016,0.11344216519019173,18.962770735950794,0.014929287588943985,0.014967340833305125,664.8591608053216,23997.89181750899,8.273886179858954,28.532139941896844,0.5628374042746053,0.533624379433178,0.5523317111719716,2.617599149666268,0.857132256654419,0.8987737140007157,0.7285035498230984,1.4496201813658671,1.397361329177983,0.0008341281482467754,0.007490179689297283,0.00024910135804852583,0.0350534621656505,0.024741148743211438,1.1037944878004537,0.724591797953048,0.7992410163464808,11.890867081295143,2.0191533140484403,100.33434525237763,0.9657570012175842,1.0493602761556575,20.788789219345738,43.23389441391897
0.41862292274577,0.11384739878700802,18.907789097322507,0.014941932747808048,0.014985466059090478,663.1584642001332,23950.356463060467,8.285244768436678,28.56843189643108,0.5621031218668121,0.5360353125180044,0.5521645625034536,2.614595852537137,0.8567028674000122,0.8973517688144551,0.7264612276991812,1.4445615934917404,1.3996712581483128,0.0008291696972320122,0.007500880264393728,0.0002484014204305995,0.035088442296589986,0.024551997724784665,1.101341067322078,0.7223801048748623,0.7990141290518036,11.93268755992622,2.006676007876405,100.23597477409099,0.968373658082402,1.044404830741886,20.74759847072625,43.365524348176066
0.4198013195306314,0.1136504221794321,18.93901426313978,0.014925480796617815,0.01499363795171513,657.1462135603906,23848.650316337207,8.306835228352385,28.560389837592687,0.5619067425951896,0.5354532413812122,0.5469851171787131,2.625474631979901,0.8575227027447485,0.8997198543054651,0.7321388404695429,1.4404119863561518,1.4014274115653942,0.0008265328609306401,0.007475341591692251,0.0002487845171643198,0.0350606169323567,0.024678183709499566,1.1048241559799772,0.7255606424898086,0.8044565231585576,11.941040551779013,2.0010800312603556,100.213680489961,0.9611841703335382,1.0395948894652012,20.81704562178993,43.3739643983181
0.421533457417836,0.11412690093564011,18.86743326081063,0.014962620065564274,0.014989106512998038,662.0578586760233,23905.704178987762,8.332680160671982,28.656743915340304,0.5635145139965471,0.5341722434256396,0.5450651591538447,2.6356551684939777,0.854295205004867,0.897930524965174,0.7392932335052195,1.4412435092358074,1.3986609719109508,0.0008245722982251976,0.007464262393717581,0.000249046358760484,0.03506706132293213,0.024307474376684478,1.1000876499627623,0.7240378792986475,0.8043924848069443,11.920655207450242,2.00302370496797,100.2246675127308,0.9640837619225948,1.035321925554461,20.82661268385658,43.3232928599668
0.41908012061124944,0.11394565565332777,18.92597469373828,0.014994107039834345,0.014989800762684368,662.1164784058903,23982.688715732977,8.32071402345946,28.54529007488125,0.5623735539911212,0.5330573332358473,0.5438897821529096,2.641385284740178,0.8564955338398668,0.8993248224296516,0.7397916665699549,1.4463926062296673,1.4057436821361995,0.0008234013104000673,0.007434809363892399,0.00024978984227381416,0.03512309875683828,0.024315275712785606,1.1020637116126017,0.7199534774701429,0.8065656405146735,11.941196169465723,2.005376875347973,100.06359781105694,0.9698284734291738,1.040716633698322,20.74766876332505,43.44242712634712
0.41899283564874634,0.11355128949609229,18.941318569726764,0.014934003051430597,0.014994911797895081,663.5723440226285,23846.09771799828,8.297087940638772,28.546186912086952,0.5596874807870613,0.5329254547540243,0.5430672522936756,2.6485793853455055,0.8596383573170937,0.8951494971820414,0.7375083608217126,1.4453960108380683,1.4045563640048366,0.0008247091214906722,0.0074032481555262285,0.000251257104286344,0.03503390742144897,0.024163701812227528,1.105900926345733,0.7248510606162221,0.8116650564469701,11.91699474599312,2.004543103588496,100.05303669605546,0.9700351353301487,1.0404170252590543,20.841137799532742,43.61134405048917
0.41787091638376056,0.11393094756039127,18.97583491043102,0.014895213145386957,0.014998890809322391,661.853942563559,23819.861559688492,8.267122915427164,28.401627931609326,0.5584561885611412,0.5351226740503874,0.5393570127086952,2.6591512675694475,0.8610049046650212,0.8997070131934632,0.7426107364082877,1.4465974053227257,1.4010027067679818,0.000820443739286569,0.007377780619318517,0.00025279241373165126,0.035076739504373476,0.024043465990346756,1.109561267898623,0.7290515522488484,0.8047814883143467,11.836351551378417,2.005803909174869,100.13780891916325,0.9678496287357755,1.0401027428869642,20.83312472237115,43.52935014573962
0.4181796790175356,0.11410494200387686,18.898312539304975,0.014938842481270996,0.014983378540073838,660.6149069213978,23785.858312619683,8.26363902607586,28.35347600929504,0.5565399649837509,0.5318797442893691,0.5380163143940546,2.6627286349158186,0.8592436135356424,0.8990215813608352,0.7458765615334751,1.4432902540160408,1.3966522645588857,0.0008216617534035704,0.007401371149490761,0.0002521370848523979,0.03501893544327579,0.023762468653997053,1.108415840727252,0.725788406961826,0.8071599622037882,11.884608797376396,2.019996909556883,100.18841137092033,0.9647139350187046,1.0409601804755995,20.917498218222452,43.816234431315046
0.4177754473535706,0.11375082091481234,18.830923336423123,0.01499225676851471,0.014956079073225293,663.0044443793223,23686.704944151847,8.302169950387583,28.365283609373613,0.5532068582882951,0.529885987810726,0.5352337579269031,2.661625421636842,0.8583652372325913,0.8998367442011045,0.7440551479081468,1.4502085579163262,1.3960801637124858,0.0008145809397768024,0.0073780045220986626,0.00025318676310360426,0.03508937491130027,0.023674741692475028,1.1068376290186406,0.7337301006386159,0.8036998325585317,11.881139453450256,2.0142898833301333,100.08181311055051,0.9588596097968348,1.0420291599284646,21.123106890394652,43.88929525694073
0.4165050607856784,0.11359832211595826,18.822897974004285,0.014924353663220804,0.014938951090515434,659.4180147265189,23815.090736158112,8.258573315184057,28.406463230182563,0.5532233015082098,0.5288656298796497,0.5359814752553427,2.6516336866122168,0.8567933721704983,0.8977896952106185,0.7441770265660066,1.4561395429677477,1.3931228740940962,0.0008160325912665222,0.007343207793786811,0.00025297003419436613,0.035027350689644424,0.023779630166837377,1.1014960244073884,0.7371899628926551,0.8115215742017842,11.89921699963737,2.0059722192758507,100.24979813452268,0.9635239744096138,1.044335147864786,21.189400121910268,44.02999852288996
0.4156252626914843,0.11311466046955736,18.80466640137753,0.014980752516378985,0.014988125841061229,658.3706141947758,23745.75964492067,8.289533622155705,28.372955897491163,0.5564515032114792,0.5298522744681681,0.5340700900594896,2.657295424418128,0.8590859271009679,0.8998944097150938,0.7427089361030964,1.4557239285866994,1.3973202858662164,0.0008195604340810134,0.007383397858462466,0.0002531912888117087,0.03509719932951345,0.023868678012852366,1.1007729797573982,0.7335108802358519,0.808783073410858,11.903777876420476,2.0140692581191786,100.20998627407562,0.9688802548114945,1.049769591489912,21.198607746994895,44.21436200359534
0.41354248602956956,0.11284348954545997,18.88930076254869,0.014975482698896418,0.014999102220809574,656.3059599305424,23844.423079789853,8.3263553611231,28.39185942487895,0.5558990788645274,0.5259024583982883,0.5368851078124868,2.6608812263185646,0.8564389880833595,0.8973344827026094,0.739686335728641,1.4614856375452456,1.400983298206172,0.0008196861653938692,0.007451303665213043,0.0002531984978979924,0.03510782228160432,0.023800854696692193,1.1101838583386379,0.7348983806763382,0.8093527349486278,11.895874131206625,2.0128269719352736,100.22569341086998,0.971777615580137,1.049794160763455,21.17245324975954,44.41451841033138
0.4116089734951811,0.11281351785894454,18.761184965895175,0.014936363030747812,0.014986811954741611,660.1805061783772,23830.781401570403,8.320484800383968,28.400405887174365,0.5527219891500381,0.524800265190021,0.5368377504809292,2.666789733903399,0.8577420554181068,0.8985897532414753,0.73711050855658,1.4672407454802494,1.3997074453485647,0.0008207917339016716,0.007459007253060177,0.00025089428948622003,0.03503788067465137,0.023651082855648996,1.1083905228450381,0.7366154929114954,0.8106083866335071,11.875674051100562,2.005785178313822,100.09008511764614,0.9715069120842398,1.049025003695631,21.01859863391106,44.59585947211697
0.4127289694613712,0.11292997390148618,18.65860797105882,0.01497797817985303,0.014970702457591717,657.4002220217467,23786.107035180674,8.31799243363101,28.39972034973591,0.5522755275857867,0.5254993242403312,0.5379049157337324,2.6664116377891194,0.860397695757307,0.8994394607567929,0.7340568688581104,1.4677551645288842,1.3991604368589157,0.0008169623771507809,0.007439954012858908,0.0002508953076062687,0.03502773528788947,0.023710373826516456,1.1077907721393057,0.7389234381504388,0.8026056113178337,11.937714779645166,2.0013412376930844,100.25603149116817,0.9704343691964737,1.0479132070273232,21.15178463909194,44.80200955772848
0.4115681154742142,0.11284841796759089,18.594880936537127,0.014977222437208103,0.014977665818890025,656.9296472777787,23889.878531592753,8.345860205442266,28.230280807037936,0.55485175439256,0.525300861408428,0.534867674324323,2.6517034429229898,0.863751869321203,0.8978589382487276,0.7346511428381544,1.474846997515217,1.403016316540071,0.0008208189699230775,0.007435587816197418,0.0002501863912399532,0.03504019491479449,0.02350553787087902,1.1147130190041539,0.7371655060792657,0.8101466942878871,11.886709227982898,2.0005163842116387,100.31219133625886,0.9709660262807404,1.0499829058864107,21.07750648674202,44.856008309267786
0.4109384000931908,0.1130780989392238,18.590423262367153,0.014945969146771964,0.014973442481316625,654.9724615814195,23909.51584511659,8.315046970223406,28.225941987205932,0.5560222513681489,0.5264805662582379,0.5346259671095974,2.664211549205643,0.8695146764707008,0.8987623348901362,0.731743574040187,1.4716118103778877,1.4030206102000535,0.0008223192361705495,0.007469336962819168,0.0002477187344579043,0.03504327019421081,0.02328993933855232,1.1230228609153918,0.7320596199524771,0.8109731614615768,11.928728522484887,2.018162250923133,100.22821821996119,0.973550788491517,1.0472413318224902,21.069597101061056,44.883018576993
0.4131635218529471,0.11307810781545952,18.698293092519453,0.014985055045186255,0.014945781019850321,654.9601859885515,23895.72759445728,8.359463808544524,28.155038686613178,0.5562009843207296,0.5231992418090042,0.5313844691958927,2.6546658886305483,0.8699439135797488,0.895805722497969,0.7341884827290016,1.4763405098774602,1.3988867776847558,0.0008154053239454341,0.007446340661088035,0.0002457691373149606,0.03505995699730234,0.022962201329415968,1.1255287306377957,0.7404089504249349,0.811944077567838,11.976196633274315,2.0158856122795585,100.19208735147339,0.9732095599033788,1.045307592096511,20.941243581587695,44.923618248635385
0.41576458575835895,0.11299859408913017,18.696205491413426,0.014998211825859555,0.014999314669627164,654.8507595321262,23896.115519050414,8.354744423627773,28.287841403137403,0.5551668520070013,0.527646635663204,0.532438263263133,2.65578962027011,0.8664234024493931,0.8986968717955818,0.7350819869552271,1.4739269963725157,1.4008897017684132,0.0008132486510590064,0.007460188110571464,0.0002466194396717194,0.03509817455412463,0.02296291259385918,1.130094291242222,0.7411800514374732,0.8101927573362669,11.942445066413162,2.0283175601775487,100.1918764682996,0.9712655576908208,1.0495119517582343,20.89490809788501,44.91932799744043
0.41740127876104904,0.11273208146667632,18.627317551749908,0.014972169181762758,0.014994587870047569,655.7117696140423,23935.025772535395,8.342030274880134,28.49955336062436,0.5548354237070308,0.5274245219253356,0.5351191562104262,2.646071751359858,0.8622223300260284,0.8986834152469574,0.7352833966409581,1.4764822517311045,1.4010424184277743,0.000811199383205643,0.007438309943837778,0.00024591689919003135,0.03508916672140231,0.02280126508922613,1.137445061409201,0.745212346103348,0.8116736825347337,11.92684412580513,2.0100947843747337,100.26571306776721,0.9670755834633381,1.0451857481003062,20.877172655897517,44.864491748057986
0.419329138870499,0.11296389468014938,18.683011917934163,0.014983347624899822,0.014986855601582277,656.1694772013522,23798.560596240502,8.354051698671432,28.56721531746819,0.5531348961592712,0.525772902024027,0.5343773775475724,2.638443452046402,0.8578213139759395,0.8994166969423905,0.7343753475023438,1.4787510589228667,1.3986202537673267,0.0008144831518986438,0.007412122314775213,0.00024521843861754003,0.03515160473955518,0.022420665587607636,1.14219994512672,0.7496116882048186,0.8175463806433755,11.99902018511188,2.0026440223129325,100.05747292000187,0.963347568747485,1.047050374000248,20.923546459677848,44.69959154684006
0.42032957463997317,0.11265887400216786,18.631257293034558,0.01497429253790384,0.01499247638225904,656.714933139626,23961.488474762697,8.397482847127211,28.628714823980467,0.5518367127943975,0.5240174677267645,0.5335526288569182,2.6254986850578437,0.8543261394507219,0.8971719263167235,0.7282523867150825,1.479431526199149,1.397159359926219,0.0008129799103663776,0.007401944803749459,0.00024492191725281005,0.035042084525276074,0.022203480357798698,1.1466157394317391,0.7520336557723383,0.8259805989767003,11.96934950160518,2.022884301911395,100.14989070590566,0.9642762082266111,1.0417647019890701,20.845255050315153,44.893126523806785
0.4210288647311394,0.11315303090746963,18.599253049922503,0.014952804177532395,0.014991409444431617,653.2837729450272,23925.355337886125,8.391805745317951,28.65032122580531,0.5521901742686893,0.5244102135953003,0.5347744678027984,2.6395199038163506,0.8566817956749343,0.8994445958681748,0.7339126771963926,1.4829164895178657,1.391435810350118,0.0008152499203123361,0.0074344447335175845,0.00024577796384017323,0.03507371752458709,0.02212651968631874,1.1549915983668653,0.7559172497509505,0.8288126639547578,11.928751120794322,2.0134907407766436,100.30229068481704,0.9606824097174159,1.0432696014507012,20.762565725954396,44.797638609593136
0.4208639307353996,0.11232292831975658,18.719550754065388,0.01493781378769698,0.014956027796314338,656.6563816979624,23959.081425140208,8.438584542588911,28.63244126484935,0.5513007183664843,0.5228323073915233,0.5334907878203156,2.634300074204339,0.8572865483339445,0.8961470932024548,0.7378341824132472,1.480723496424841,1.4000522257286763,0.0008164005238332334,0.007405661351133869,0.0002452550452923599,0.03503378640639931,0.022077763667518756,1.1537253777947922,0.7546781358021285,0.8341585787495954,11.921043138999071,2.0033026650109327,100.07713209141534,0.9622983218646731,1.041669241106262,20.733864197521225,44.83789192296036
0.4204731805347724,0.11257244928218595,18.763965280684296,0.014926822501845328,0.014972237097003932,654.3796942326376,23934.205674723107,8.476318951213134,28.643672146551566,0.5502914334822278,0.5226692124828224,0.531052884535016,2.62580687617177,0.86136049931061,0.8976618845293872,0.7377620478640902,1.4810202830263752,1.4061443118237071,0.0008181394718288333,0.007469730671262967,0.00024638199195546205,0.03500636639848832,0.022365619105525703,1.1525634749283227,0.7475685939769481,0.8317089588852551,11.897881398879548,2.000431096325924,100.32339564883047,0.9635285721127599,1.0491166920169124,20.72470581063753,44.82815589942416
0.4201250230534758,0.11240099741806416,18.79991112349399,0.014920502216636563,0.014980648346182429,648.967289757201,23882.62720806599,8.501930817371846,28.58849637811055,0.5475503616945341,0.5223065798543495,0.5318909255074235,2.6138994686244827,0.8579279543653838,0.8967975447644682,0.7368435287103653,1.487883167686857,1.406051418951172,0.0008169620206028214,0.00750451879668513,0.0002478530933440614,0.0350579758536438,0.02216294955414941,1.1547540898745359,0.7500036061473382,0.8326512383245745,11.8731694149797,2.0019276331414835,100.40099739080259,0.963321501961118,1.0499848133500571,20.760981638830277,44.94068457861117
0.42253875217853626,0.11217794519520226,18.88458520728626,0.014927233195422577,0.014992204621653467,651.0305087134914,23984.584849105402,8.493358146517378,28.544542149001323,0.5476803479907918,0.5215588945637878,0.5314002322277278,2.598869656630233,0.8636309992343959,0.893832042934501,0.7338025174871239,1.4935120666589679,1.4063270042788527,0.0008145526752812388,0.007561867155379232,0.0002474986131637408,0.035004456178018194,0.022191451004229503,1.1490931892279368,0.7509519015550745,0.8352472471774763,11.856691071432422,2.014553169821158,100.23402068125867,0.9669443204446795,1.0468293875090555,20.6526741955102,44.81941288759229
0.42303174522655357,0.11234444291168487,18.786297733988814,0.014928708922401413,0.014981080121086496,647.5407218326294,23963.82931710179,8.517267626187083,28.598647155571403,0.5509764714777385,0.5234205273713375,0.5340423441645313,2.6015277669676453,0.8701252538063727,0.8999670438577141,0.730754803332898,1.4983787858364455,1.4022702437271974,0.0008127934000380547,0.007499140267985133,0.00024891241522433056,0.03501176014517208,0.02218358156626469,1.1491720453473782,0.7482005837690399,0.8390163052432082,11.775902673127751,2.0288206172539884,100.15805720126812,0.9622789557204973,1.0451791857159778,20.759249463404792,44.611015236495945
0.4219584347027166,0.11308095579832918,18.71955252400152,0.01492914628456414,0.014928219664382618,647.603818983902,23971.435487783627,8.480316294962252,28.504268805972973,0.5493033940724461,0.5223801047298561,0.5335191879178167,2.6227565200073277,0.8708737789230042,0.8998743055320635,0.7319843954564982,1.4958977663584405,1.4014921261790116,0.0008147721732888872,0.007538832846981482,0.0002495046413754291,0.035086823416055214,0.02196875799578954,1.1463891395411026,0.7388971850893709,0.8353595506607767,11.780244864062592,2.0002924235038613,100.00606094743735,0.9590695171863924,1.0484173316670924,20.8546390358251,44.41005735667968
0.4216113253426112,0.11274801783439564,18.73664068351721,0.014915313158828148,0.014983788479657926,644.6052806324915,23966.101298166424,8.493829746523533,28.58380364681754,0.5485413405308276,0.5242784494373582,0.5338507317535467,2.6426756747144085,0.870679272540142,0.8969877796621611,0.7320145473910316,1.4995132866986967,1.4056382587419933,0.000812487225369296,0.007513967013032592,0.00024790680970490235,0.03502022124670737,0.021770804234592222,1.1442135127751543,0.7406129545832832,0.8335006836461551,11.858190381813248,2.026712449260661,100.01878967307438,0.9610887458135785,1.049239378190605,20.76918604306011,44.260228145545085
0.42076665669956664,0.11296767491267451,18.861892276582967,0.014985446089834112,0.01498392693401378,646.4153546943164,23942.734719542972,8.499146485163442,28.585311318256796,0.5480254982049649,0.523321537180454,0.5332815929074058,2.6469872722832384,0.8679474620791481,0.8998633836874708,0.7334926806240939,1.495596151933077,1.4036135137047516,0.0008083741003407518,0.007553764925495776,0.00024669392003709786,0.035039759292753825,0.021651395616955994,1.14679933972776,0.7427448043572064,0.8281330313448393,11.852642742398787,2.01609596546187,100.22158815572281,0.9660075320945423,1.0494549893540297,20.70554782961763,44.532802709640904
0.4204837160091439,0.1128167783289148,18.830416170555402,0.014963057630887896,0.014989262246235147,642.2879392058471,23931.892429708107,8.536093753382586,28.534109167562715,0.5478527267962675,0.5219067488314038,0.5339891250473252,2.6329386453406483,0.8698422832430402,0.8952009588943768,0.7330474086006874,1.4887057131981,1.4054956836793815,0.0008111754182938174,0.007492850510420188,0.00024704481680799003,0.03509096734952587,0.021302699592532646,1.1520727856657564,0.7487976363158807,0.8276644449669418,11.836636801610052,2.0130241402202285,100.21649180515819,0.9620370591971177,1.0473507354958274,20.816661706714147,44.401276032125985
0.42050513538211887,0.11345036238370067,18.6928592532119,0.014903476333019703,0.014992658636036892,645.1486488154704,23990.63324243977,8.545251733016816,28.367665823615155,0.545902268949877,0.5218313384546904,0.5330912696956963,2.6124495202431595,0.8661433003423764,0.8963140171813138,0.7288477575361554,1.4907013972860297,1.4028045440147963,0.0008106780062847551,0.007475340669704491,0.0002486562173721041,0.03505003653660098,0.021184633633359328,1.1531673608979116,0.7440316905458442,0.8249721569159055,11.869434328137903,2.030265927688827,100.18945677413697,0.9604566191522803,1.0471487633377188,20.89764200446571,44.17662656580895
0.42112566522923134,0.11358805315927305,18.824958108316288,0.014928902632008597,0.014989357004466165,643.3193372665612,23914.39664395851,8.536640580647116,28.42898326268415,0.5449386662010329,0.5218877506108195,0.5356754463212029,2.619254368342952,0.8645712161955755,0.8960691738843654,0.7237530547395394,1.498236972512282,1.4067468067380733,0.0008148618679619128,0.007495202038576373,0.0002494925728990684,0.03504590561868513,0.021074176111573365,1.1554399290471475,0.7463285858740556,0.8300990560947141,11.86455926050093,2.0000154270084063,100.83343144764233,0.9627191242823286,1.048715712753573,20.918908692234243,43.986424562664446
0.4189065429175866,0.11290631928289485,18.84374676940806,0.014950522279663772,0.014967251769548245,643.9649889172651,23970.347094715355,8.54072022491097,28.544044319484765,0.5469649012865474,0.5221749388098397,0.5365804998423069,2.623474603766266,0.8628049111686105,0.8993226774015812,0.7268748592488056,1.498085707566461,1.4027208645735103,0.0008148134220749815,0.007494115242148205,0.00025025837307826896,0.03505691153008995,0.020905520572833573,1.150362771813783,0.7542886730566429,0.8297312984758956,11.953290926443765,2.00971548276394,100.68345375005141,0.9580025060375313,1.047585214078458,20.843121779031115,43.781452224267014
0.4191383630161923,0.11323248256264504,18.927660245814227,0.014936020120299388,0.014969711966112065,642.6382960186698,23962.938119775925,8.508667580246133,28.50541574584236,0.5487405063414174,0.5214101557134447,0.5317274071546171,2.6409086151801207,0.8618947285962009,0.8983019963757679,0.7272336650809669,1.4988443847055435,1.4094741582149635,0.0008152876138558408,0.00749217784183775,0.00025045929542931255,0.03505751313100916,0.02074304492191218,1.1539995811140717,0.7534739250215262,0.832630984841965,11.922260026723206,2.010963695829193,100.30944049403577,0.9602989482477499,1.045344884363655,20.8482939053814,43.810182977711406
0.4186609136790918,0.11350901159839666,18.87218179103555,0.014976460178462185,0.014965117598417888,644.8407383322194,23989.797838066104,8.464792516581872,28.436205495505224,0.5488037676933641,0.5218286912088645,0.5325943104455004,2.630580094365079,0.8604094308590851,0.8995230619574938,0.7248008446572912,1.4951569131287707,1.4082647698765285,0.0008174075536253693,0.007492157798778322,0.00025063436580034137,0.035065739330253025,0.02106461374171776,1.154224530531575,0.754700195583381,0.8278462591830704,11.925667903282589,2.0006457959945205,100.20014172078137,0.9613068572185175,1.0452057953661682,20.82870926864695,43.726717629946705
0.41969977648934725,0.11435152287258474,18.79663545493617,0.014985326456304793,0.014987168309351916,645.7735540800508,23994.212541220433,8.545455870097882,28.46154496558121,0.5456707774781605,0.521012334390529,0.5306987575402605,2.629426847403967,0.8622865430339245,0.8994206584472212,0.7219762714847003,1.49399266979492,1.4035217018295958,0.0008109959137786538,0.00750740513990795,0.0002502571027929897,0.035034471260835025,0.020739696590223254,1.1552926411751945,0.7552753942316957,0.8269649866737901,11.860487852931575,2.0260095101362667,100.30724550987233,0.9649866910702459,1.0449832654285858,20.766074519854133,43.85463113133673
0.4196294636075358,0.11424382820748173,18.81984921288302,0.014996959849376575,0.014967715817512783,645.8908391269375,23908.1881021771,8.540908209325833,28.56956287616906,0.54845090494882,0.5201890738544811,0.5283163358210775,2.635154642299723,0.8613949267215659,0.8997797414007789,0.7209574804455716,1.4877586728120087,1.4146573344876416,0.0008131067829864402,0.007503462491424692,0.000250067196111048,0.0351047802114718,0.020480015756222502,1.1546524276894325,0.7507149126928887,0.8360641298679304,11.770886048702526,2.0115167682562287,100.32981997751354,0.9627923374275748,1.0488599131877145,20.70054248643858,44.10505645969417
0.42076586738989186,0.11479417709899455,18.70816548154565,0.014976196885782098,0.014995148109711726,644.464137879018,23978.830607274063,8.534948400084104,28.465449145393354,0.5505365337348229,0.5206205633726726,0.5258037508678116,2.641591447586788,0.8604574394896772,0.8998713380719514,0.7236378072802758,1.4942364640608814,1.4172267261235696,0.0008106276612547628,0.007530317108656363,0.0002493685452903374,0.035038103474043195,0.020545955704374293,1.1526456870476736,0.7518419157234486,0.8425533092533628,11.718050236998916,2.00450264782543,100.54716917968038,0.9638006683787809,1.049324533990132,20.805734142160418,43.96545914734284
0.41951471959880177,0.11411290264668116,18.666575086422878,0.014982060312183357,0.014972725138697846,641.5265341872597,23947.14675642913,8.557750220937503,28.70831961448683,0.5514513133194445,0.52264650731617,0.5223287988566431,2.621974221752576,0.8633561941239749,0.8997290271230554,0.7233447717741565,1.4957018549450651,1.4133864872834547,0.00080980791039599,0.00753328303476212,0.00024804064408575347,0.03500809125030598,0.02049382556473418,1.1503124122660364,0.7548839199395304,0.8463502498923732,11.698625993989795,2.000417829727043,100.17217784520768,0.9583822103977061,1.0498468653578208,20.988038513755537,43.884334792897185
0.42113450388277474,0.11359662229930106,18.841804713900537,0.014978039866678918,0.014985375967951424,642.9220919085593,23858.836960668414,8.529207629454117,28.672049319632244,0.5491773947090098,0.5254976701563929,0.5232521046681908,2.617363782505977,0.8590744322964571,0.8986392356252817,0.7238265860161691,1.4935827138246476,1.407178478622272,0.0008096051492208233,0.007554900810649003,0.0002487002573831015,0.035017726669052694,0.020261810843685963,1.1577459189941661,0.7519164167325166,0.8541729537674357,11.713223332965788,2.001597540140149,100.16228728340334,0.9542667426506748,1.0486978659064567,20.927580125260846,44.14478590861633
0.42212558271750594,0.11311756907666604,18.807714734150053,0.014975160831727752,0.014995899283297235,643.3986402869673,23961.010708809034,8.506763624278282,28.6823069474561,0.5479807375294349,0.5237067335277484,0.5219932728067832,2.6215721160825685,0.8554526140799446,0.8975946039617272,0.719426943973584,1.4914301199611684,1.4086545111299271,0.0008183822273818678,0.0075171944580093965,0.0002500080854926365,0.03501788693852333,0.0200311535141552,1.1576366721153324,0.7558590152806905,0.8555242919092585,11.66137693210579,2.001111720186347,100.09454414669814,0.9545886125782391,1.047383262369486,20.978532089583638,44.36866925972993
