0.3033785760386238,0.06945350919249059,11.340028647950334,0.009894181362733016,0.009500949449803469,459.1454893125291,17246.27172824818,6.0277529194334365,20.53783824554648,0.37204706297419043,0.3899244749081026,0.405215838666891,1.9623522507005722,0.5245746198778494,0.858463637092565,0.6541247426633082,0.9295674873002367,1.018717914104868,0.0005705866188096534,0.00586962651782861,0.00023511325263758236,0.07382781557475893,0.024598584589017623,0.9092474340394573,4.555272986964012e-05,0.8071213802881727,8.459247578732137,3.942922550303328,136.20181537494705,0.6483201731697593,0.676269140184783,17.29219146473179,30.202377705791832
0.3018458326741958,0.06887516824942376,11.229997744938414,0.009949408620340435,0.009484420695364579,458.16010728071876,17384.265254013775,6.0854744841420505,20.474669706361635,0.37042603519510736,0.39122019082512,0.40698363369461305,1.9623425474869511,0.5261789236466295,0.8544966106836736,0.6544947042994822,0.9283952993024467,1.0203880018604403,0.0005743088371194631,0.005887995871029443,0.00023476476571387866,0.07431193670473725,0.024470507307427454,0.9116725652664813,3.282057064758848e-05,0.8096966131173229,8.401015147633965,3.944102550311154,136.98041604302972,0.650560034025133,0.6785039521482554,17.266979028713735,30.028185842629707
0.30195621709819426,0.06868076446738515,11.123227111632733,0.009939826310855292,0.00948914331520753,452.1702754895141,17184.09097947599,6.105066001683745,20.483546269928166,0.3733840201214226,0.3912282900309074,0.40972588177876823,1.9526448671911374,0.5238474194693408,0.8506780938298458,0.6572690143739369,0.9331296855656346,1.0274840113938597,0.0005772351865413022,0.005893506382650251,0.00023570424331561423,0.07378401118439616,0.024658396079023672,0.9148128311813305,5.515994707609192e-05,0.8099095293853308,8.403752232845553,3.9136700854851623,135.66013490675988,0.6525601412205209,0.6796122515787734,17.270764559363645,29.982616279241448
0.30196826559510354,0.06909521252602674,11.117349357099023,0.009920895303292817,0.009470235081014007,451.1166057844033,17214.026027752127,6.151645585526743,20.54516856821435,0.3737372753946408,0.39212623172317196,0.41065559818881714,1.944679948954276,0.5312577525042739,0.8557887343072336,0.659980437326887,0.9295060843134746,1.029394262973337,0.0005756082438731228,0.005939384267203928,0.00023578285325714295,0.07373068537994487,0.02476692870508081,0.9130863651414487,0.0001100029499132648,0.8165144426956947,8.334194115845968,3.8974077315049738,134.89920745641004,0.6483301978692994,0.6798127590916467,17.340561519493598,30.247843455539297
0.30404814741299074,0.06902921713632881,11.053765051287876,0.009936842829264405,0.00944536142181508,448.9335221673512,17128.902499124433,6.196665862530954,20.52859102330494,0.3742754889853599,0.3887613965220382,0.40741192185357566,1.9520491208478123,0.52634850349387,0.8544468811826665,0.6551390261194584,0.9266449740212735,1.022873990866651,0.0005701050818808519,0.005941578483994209,0.00023517354625164847,0.07395122461652,0.02477099682269491,0.9152717362152514,6.720838079123724e-05,0.8136469557222434,8.332301306521542,3.8846053584153966,135.42438443987479,0.6551984379057489,0.6819424706462407,17.362358153853982,30.325310436251677
0.3058217287941174,0.06909984338086994,11.025448497682007,0.00995241221062573,0.009408803811198557,447.5784266333669,17127.462694277634,6.288255878305117,20.555742175383884,0.37542283535387994,0.39114052443095154,0.40474898596568437,1.9467924150685343,0.5285263484269711,0.8529378601063675,0.6508567076581745,0.9274654403257991,1.0205740815989868,0.0005626791007477842,0.005950785551163298,0.0002351279059946849,0.07366524834275325,0.024779590593270374,0.9135950580099288,1.41352776612474e-05,0.8178536187285264,8.347014245482518,3.9077625851368265,133.060745596181,0.6548202213241108,0.6814225965986643,17.274805829507823,30.20732552930598
0.305134611372173,0.06969326921121123,11.073388650356462,0.009978526373586764,0.009398483650045732,453.4740384365907,17226.20030784458,6.254828787205611,20.408444360185904,0.37196503582254054,0.3930303463784037,0.4041943089361059,1.9424113931572375,0.5328187831363519,0.8553588466724968,0.6517089703680037,0.9176036007131602,1.0255048237946653,0.0005662938342050254,0.005925804253963361,0.00023478521061571445,0.07419620555186741,0.024964037728252085,0.9126991517009417,1.577573409132422e-05,0.8184098034694252,8.309281864428561,3.894045714034424,132.87651021298566,0.6557315406496337,0.6757468171667922,17.259897530210605,30.13708325025001
0.30409410464867415,0.06903623099039259,11.126776558514475,0.009934700436969144,0.009386788408546547,453.25728560343475,17341.67368998225,6.265169255748992,20.420016303923262,0.37367376046599415,0.3910652754881839,0.4038615792348852,1.953287199120604,0.5272024788578683,0.8578585080125763,0.6530273373848066,0.9259818571568298,1.0162308598984438,0.0005668582275705891,0.005932060375167268,0.00023354793322434106,0.07405925300009199,0.02515796871863704,0.9030325565934567,5.129220016724787e-05,0.820258818279555,8.325660498932006,3.9355452201844208,131.79796106191023,0.6533815812633119,0.6734102435636545,17.162370644891574,29.9120416961613
0.3048257464036787,0.06871034184464439,11.164872330807334,0.009965726319020717,0.009371799553362226,452.4614267665867,17397.057068312464,6.260919936640312,20.375274501855994,0.37604499522557394,0.39131640602433265,0.40487717557766656,1.9379737172040858,0.5293360413273941,0.8593468185486259,0.6481253288048324,0.921900412781538,1.0202824802151753,0.000567607185682297,0.005928943871430914,0.00023481046696361218,0.07411878905638913,0.025246380896673224,0.8995088722693436,3.0445291699532327e-05,0.8161049645786086,8.318773678919106,3.9476301589264766,131.48992589505804,0.6560561293251583,0.6700380832586712,17.047797593244134,29.960405897136326
0.30356535917537397,0.06880632857645588,11.216791932986148,0.009874326935639898,0.00938437804338204,451.4174537392438,17265.35226319056,6.3046325676204535,20.38961644360985,0.37367814665270427,0.39494171120077487,0.4044978152726877,1.945231984423562,0.5304862478447495,0.8595481979026663,0.6501719917352212,0.924426414216444,1.030799211075565,0.0005669737966351037,0.005875834287844001,0.00023498872019735316,0.07403080623722919,0.025209300373567792,0.9020412365280057,3.603187211648259e-06,0.8124541083607822,8.286728971493702,3.963746413241135,132.23710434176786,0.653994561483659,0.6712882400170203,17.06139781375309,29.98794204626967
0.30347254649174243,0.06865009781211989,11.143707729421143,0.009934919289890034,0.00933312694964491,449.01638212911024,17297.293340564433,6.307331868871839,20.50482293669181,0.3783841406231606,0.3969450273024151,0.40301285480338106,1.9561836415155778,0.5321311057986626,0.8572162656210754,0.6483493865096455,0.9223960529001536,1.0307493542898754,0.000563735579787123,0.0058525748284448545,0.0002351870486813057,0.07403923688015905,0.0251841360772717,0.9029037183801534,1.7517581688685387e-05,0.8073940511522496,8.30792001166726,3.9514547734193846,130.29187802538232,0.6540116993374614,0.6750366294204679,17.034745060603782,29.90340873011922
0.3028185776068391,0.06855193770210276,11.132307733407188,0.009932934985390081,0.009261736531449452,445.19997004205976,17246.951117975885,6.3084090003551285,20.3854153223447,0.3780451356279828,0.3941492287254612,0.4048300058890598,1.9606334647649395,0.5300785280519752,0.8587323090754319,0.6518477131753718,0.921690910766763,1.0285680269284339,0.0005631303373938064,0.005863854524224305,0.00023526704211365544,0.07362497166148761,0.02500180516888956,0.9128289657575099,0.0001706418417690224,0.8134040308137154,8.268336498369964,3.922199956865651,129.49358342813906,0.6555395614140572,0.6716880925543741,16.979373267035474,29.748213513435037
0.30212283947390645,0.06822496969789878,11.043090498961549,0.009967962303195932,0.009297656377525906,446.0437595779606,17366.79220015212,6.287499187231011,20.41499334564016,0.3789290530705119,0.3925249265629079,0.40448822023830466,1.9445463934784655,0.5306488370289576,0.8556070378376925,0.6553103943516236,0.9254055067803616,1.0277183973433737,0.0005636697371807115,0.005859662273781196,0.00023360497237681437,0.0729441256781131,0.024994363499764406,0.9110187422327098,3.3137108344545796e-05,0.8116513158058656,8.31552662230799,3.950258052328109,128.8114113840842,0.6500502152030713,0.6704256841358114,16.959924273648223,29.83619054655191
0.30156916093357855,0.06833711829543256,11.06197821610527,0.009881285852105804,0.009263995187091109,441.49213894160255,17226.589705243267,6.303781124403163,20.42411999183585,0.37759594698828897,0.3924317597366207,0.40280000481702516,1.9313117201627885,0.5327597009168411,0.8594750989361586,0.654660674767141,0.9283749793603925,1.0258344273236297,0.0005606391871078048,0.00588109515501824,0.0002332736178924863,0.07320643838911597,0.025001745492363805,0.9098122186279146,9.597206949283913e-05,0.8099783444900311,8.276277549036005,3.9478711879582753,128.64400046899152,0.6452831951870323,0.6747059885666222,16.944008717480894,29.898201921581794
0.30145069349168246,0.0690280216533683,11.042251637322103,0.009982330834624582,0.009208482117141627,439.5127441365246,17270.571677229676,6.281462674870999,20.382225667295778,0.37901648688835254,0.39164580142270516,0.4029067111231636,1.9139257106069265,0.5277576926958695,0.856210359028128,0.6534683381196513,0.9316322791875381,1.0209632666232173,0.0005586969289974046,0.005884912129108285,0.000232606494587083,0.07334372214532398,0.025034660762506437,0.9080844485311731,5.96503770717205e-05,0.8082060947475113,8.2535805568578,3.9571348772214052,129.05049550688554,0.6423596323343712,0.6762674295204988,16.97835843177088,29.73457242698249
0.30192854506503447,0.069229011556706,11.150214348101931,0.010029179177339186,0.009282333712611291,435.8092367956517,17389.9044201107,6.346137419349487,20.269995546392263,0.38026011243485314,0.39304292648400346,0.40219562599711906,1.9155612221776666,0.5253193766557086,0.8603763338895873,0.6518773384252199,0.9285094319073792,1.02842053552783,0.0005599927943795138,0.005866597495102934,0.00023011973065460573,0.0739491303323671,0.02490632607903589,0.9079594551871423,0.00013319450734130723,0.8070618633174043,8.29094900025425,3.9214149568245076,129.71256385644787,0.6476326803698971,0.6827681141310548,16.934481214422682,29.6476747296596
0.3013774184844626,0.06834922420938444,11.138986182273097,0.010049206705612298,0.009306523385242559,437.5388135449557,17494.279108343457,6.341604983065087,20.249283781206,0.38076700016071585,0.39301181597283197,0.4008064152765023,1.896746654402076,0.5228108319443356,0.862736042953208,0.6503727277699474,0.9251212061928364,1.0246035695634632,0.0005573309363478703,0.00585238691038931,0.00023016556345217544,0.07419070524113404,0.02467470756854501,0.9072679291949023,0.00011149897697703577,0.7975952110828772,8.296409854069042,3.935930562074035,130.7777702908514,0.6505725725845165,0.6875356916130672,16.910884446394395,29.461056631849818
0.30257559928922684,0.06933784463567204,11.143261947940161,0.01003814494459985,0.00929674980270984,435.5709734683323,17601.66341534674,6.413520925098021,20.289653853455054,0.37976455104246976,0.3951193606623723,0.4003883692813949,1.8857537634178307,0.5239053745247398,0.8638061058529347,0.6502753075398277,0.9293250439831896,1.020704027126561,0.0005621787020445798,0.005815610064900228,0.00023103907819487513,0.07410532152308989,0.02467640836835583,0.9079796621650186,0.0001614979321647082,0.803354463880991,8.313018743028842,3.9322389827968505,130.10417230536203,0.650362715997369,0.6843458288690181,16.948102012243552,29.225212722645274
0.302515822965908,0.06973666260279762,11.109834137356627,0.010066477497614957,0.00927394760260635,438.1512007219919,17672.87718484083,6.419391151911071,20.208376480918982,0.3800865621987936,0.3954925932401671,0.40438253599650215,1.8856820156935137,0.5272669915104787,0.8631951164162698,0.6496539544234279,0.9345287610969634,1.0215514304453828,0.0005622158138614726,0.005839312475780598,0.0002307205518614328,0.07421971231748375,0.02465215898676845,0.9061610742788307,0.00013447911610132155,0.803107837174559,8.325731018637175,3.9358006116127524,129.89369555586634,0.6478735760783086,0.6820454586233358,17.082939345314777,29.17350324182025
0.30088011382917945,0.06993941340281545,11.114027986550592,0.01007685332817258,0.009321186720513996,440.20631061633526,17642.143012970613,6.410412179952632,20.279826626300377,0.3809030025157278,0.39666632178947875,0.4031410814538665,1.872722201869402,0.5334927754983522,0.8633698159706381,0.651898235328421,0.9239265922011266,1.0196040173006196,0.0005708924153440905,0.005861926740210289,0.0002312942306584578,0.07451846934901349,0.02477604659791652,0.9021270971900343,3.338546571515915e-05,0.7984302120126135,8.382447333812776,3.924897586890273,130.38005618425703,0.6518897736802894,0.6867325517530737,17.115494174785745,28.948869241427694
0.3020159121335068,0.07031296082826803,11.166861444257012,0.010085971383773045,0.009229949907479556,438.6060723234418,17683.301465107575,6.416403002816767,20.174749969689202,0.37875122793777566,0.3986349721468335,0.4035276601526989,1.8757404209937871,0.529975771278123,0.8638999045637112,0.6508790698634132,0.9285691746354019,1.0137992797374342,0.000565091587635431,0.005897590825376439,0.00023176243146143938,0.07426606343615746,0.025035249463652702,0.9040620869390084,1.4494275081289999e-05,0.7949999253115917,8.350136941964598,3.920482631243494,132.341349255125,0.6512333240983457,0.6883673273211732,17.16645948192326,29.031810843557185
0.2978153965933727,0.07016831021333288,11.173286669768505,0.01005768333323155,0.009260181252448301,437.8214825273986,17636.64585155099,6.41195623227974,20.129112242067247,0.37997557797187176,0.4006437977268619,0.40582180353964664,1.8859718198096422,0.5321096979204273,0.8633135169568708,0.649506717137483,0.9200496425288333,1.0144174379305997,0.0005630403002336128,0.005882755284231277,0.00023305499921286496,0.0747490841285819,0.025103341331002255,0.9062000600146002,3.409486375715825e-05,0.7985326832585175,8.353968950400004,3.9122688586891905,131.95118123653137,0.6535813785751015,0.6851702372293668,17.20541189364858,28.92062570977352
0.2997976254088734,0.07027908752531586,11.219088176267213,0.010098385186678393,0.009349442336951485,437.8950575762432,17642.988110172068,6.438932847420062,19.911172789901123,0.3835182374639968,0.3998901142829046,0.4054772794344492,1.8883464723781809,0.5306392371807105,0.86757723179086,0.6519048430207631,0.9240494003697786,1.0084502588405102,0.0005627000862993782,0.005925674252844913,0.00023215558381450065,0.07506152368735938,0.024977784455639765,0.9106422411567053,8.561517055264835e-05,0.806124245438442,8.312017767690259,3.926073436005642,132.28047661696257,0.6554079555936417,0.6897874373235958,17.30116661973483,29.09578712871198
0.2994385230545188,0.07061626283969122,11.235231131185241,0.010080405804171341,0.009370537690379571,437.7152390673816,17611.471110261577,6.467192536654026,19.9327735601947,0.3835522971718131,0.40238621695455895,0.4028560114301106,1.9049766147484872,0.5311938444259219,0.8686220216550242,0.6520813948544895,0.911248657969353,1.0072893183166307,0.0005578942851910366,0.005907329707295616,0.00023226465628008254,0.07516285205012853,0.025175715176916844,0.9064594511733972,0.00014472424038937585,0.8015919181155284,8.278991233572267,3.944231622356875,131.33609120485562,0.6607662570094142,0.684546144650528,17.39913959106296,29.12277010954367
0.30454736864815307,0.0712131495355665,11.267086040371655,0.01011196589675503,0.009428588458503239,434.21387083727245,17643.098584537463,6.4976716216262735,19.92676753936377,0.3801429917888417,0.39633988263346825,0.4018571043735816,1.8922723638422476,0.5287440055281297,0.869965707253387,0.6494023027415057,0.9035355661494292,1.010538894086695,0.0005565298132860227,0.0059066961029052,0.00023263729617351578,0.07467331267944044,0.02519497032813775,0.9006372393610694,9.295948982994312e-05,0.8031751542123576,8.271137943026101,3.951576920400973,130.08435939844037,0.6564108614637644,0.6872325354495867,17.37068496376169,29.262006740867985
0.30293008855686354,0.07117438881573675,11.270017957442409,0.010147899583537897,0.009347668938443418,435.5506575186683,17676.9718667712,6.521865092438656,19.946088531762562,0.3789819214126465,0.39943744311612905,0.397705652652074,1.9050565785279974,0.5282211738522529,0.8651862219934928,0.6462180933587878,0.9110330043849433,1.0126001735903896,0.0005579492001814736,0.005888427921140609,0.0002327595560271551,0.07486907966308592,0.025278455802472274,0.9042796958609786,3.2812648573363896e-05,0.8003489992135164,8.195009725906237,3.9371734931565574,130.99611254771557,0.6567966357073509,0.6860947856993592,17.329612223079227,29.219834311216676
0.30309800069599513,0.07129428821957944,11.148388051414255,0.010150231169300914,0.009295271469000695,439.4425114532487,17633.019495525063,6.539938828800471,19.826299136272205,0.38130448309192555,0.40106963057592043,0.39911445618846986,1.9048032640309973,0.5240431383316976,0.8679427632222747,0.6498676896813758,0.9081052945857166,1.0120862094499081,0.0005609238480160387,0.005917549694068102,0.00023393393298425867,0.07496636379898028,0.025187226676594877,0.8998630177081367,0.00012350409002771144,0.7900990807944053,8.161444280415315,3.9427584927878807,131.16419355700293,0.6557250272968832,0.6914398627075742,17.25651187123445,29.25162249410384
0.3046348974636247,0.07105416685615096,11.328026843645956,0.01013737618152019,0.009289455958647563,442.07796452498025,17670.640053819254,6.569618508338077,19.87690897693996,0.3782493804765862,0.3978853144248172,0.4033349423523435,1.9067253654431966,0.5269455898063311,0.8676153651521008,0.6509450613499348,0.9145516393129921,0.9968518301550816,0.0005606626847955956,0.005914763281576446,0.00023627731288992945,0.07541265193165458,0.02534054570500289,0.9051508991908335,8.30930523984679e-05,0.7850812427450041,8.146732079969693,3.9545004238781973,131.7550303157887,0.6555194865684136,0.6903735839016287,17.26159629526029,29.2200108847658
0.30552694403270153,0.07017932062970414,11.27175109784215,0.010097685124172398,0.00927974276563793,439.89692262886814,17538.98444817808,6.518962798981414,19.9976464727721,0.3803312902957163,0.4004293863477372,0.40545846600989527,1.9123195517531781,0.523781555691715,0.8716043730581208,0.6521489739356727,0.924964567841293,1.0007948750719973,0.0005540376557664004,0.005901084920198607,0.00023616975259079466,0.07554167800444704,0.02525138193524245,0.9049119593322743,0.00012675841133867241,0.7853158573229685,8.144059473635314,3.948912686706485,132.42554129338856,0.6571460056892076,0.6912215699918467,17.29253297276447,29.187588357508982
0.30292341763858627,0.06991201700779144,11.32368617107235,0.010201693981652927,0.009278903327376917,441.8311031996595,17563.189495166233,6.514886096789983,20.14547503149531,0.38175153338271417,0.39905476502428455,0.4066298284487706,1.9308094924517656,0.5268343495204919,0.8698087063267301,0.6513636101063212,0.923242973399547,1.004628860458205,0.0005570827341425906,0.005909635707408858,0.00023540347506363066,0.07521929437510669,0.02508936203215161,0.9021863237679133,0.00016697038170678462,0.7886885896025172,8.146621671873508,3.9453184670707446,133.21637048627372,0.6515624695913034,0.6909182179984739,17.332594816060485,29.216498867893776
0.30504082875065935,0.06979103583507615,11.273829106014068,0.010183710386540921,0.0092189868428165,444.10165006906664,17527.17518524001,6.530268963214975,20.12355463065154,0.38691392053551493,0.396940824250883,0.40785133407385893,1.9365656547725894,0.5265129816242371,0.8665749125288408,0.6539244782803675,0.913673266685977,1.0020305327755612,0.0005565982276459882,0.005872971722293822,0.0002349461459767677,0.07478976494901653,0.025292070153711252,0.899979290708478,2.3910335148815743e-05,0.7927376546580169,8.140981454818368,3.9003746563018082,132.24878223986642,0.6481610351021332,0.6934252750353196,17.245163888260176,29.477523048273945
0.30459000064769365,0.07023250373463404,11.329957853988583,0.010090129211831448,0.009259312661570457,444.7140002376703,17471.996490574384,6.5553540635736125,20.06913813895465,0.3908743207285455,0.39910736104402533,0.40756201212920323,1.9244829665849232,0.524241587871917,0.8723868584501582,0.662279853097904,0.9184328350641402,0.9981796022831356,0.0005506503534956723,0.00587514023306943,0.00023525238722784194,0.07506137647141149,0.025303618924951723,0.9042739599364331,4.8693451964213304e-05,0.7899707085155833,8.151727413861922,3.8743988365498896,132.4501414603601,0.6528057870747228,0.6928629723646478,17.380592715523974,29.46768841654053
0.30518185624762023,0.06995711604572102,11.380718271204401,0.010110330654337656,0.00920359883786476,446.1639327519084,17649.12828220789,6.557250201168662,20.15223094299192,0.3925411265138587,0.39537887296580987,0.40475457822022515,1.927462726237487,0.5274981027850171,0.8747517206801932,0.6630505499376567,0.9212246149173141,0.9892610253337986,0.0005516935335160561,0.005829294162841631,0.00023425953018474152,0.0748145699743192,0.025243206565619476,0.9050315600716596,2.6718186458090623e-05,0.78720333723155,8.11710170442559,3.846588318475173,133.96564541383742,0.6496441422182285,0.6873191993335913,17.33615357284064,29.462830054935605
0.30442194376683934,0.0703596674613182,11.371512291515433,0.010094317278669654,0.00924430886131472,445.4701566956423,17690.966842390277,6.511506361663659,20.222810129182033,0.3912179427997718,0.3952676883575514,0.4076284599967612,1.9209905407526386,0.5263599577815926,0.8770241604668503,0.6591231290683,0.9232121319283665,0.9933863296783748,0.0005541251300192509,0.0058602340843037426,0.00023303028543225578,0.07470101016369837,0.02530329443158516,0.9004161158118354,5.548426860699994e-06,0.7896390739570942,8.119021995264099,3.845139185178571,133.38204732443975,0.6509870249813708,0.6891460365444124,17.245244295460335,29.276984222759967
0.3041740458311311,0.07058873182050379,11.39758536198643,0.01006039964092864,0.009253063616348527,445.800250266145,17776.294666993726,6.468484191826362,20.165804651588232,0.3914728805566017,0.3976405393389865,0.4062017641142176,1.9055275624175674,0.5272852238996385,0.8769910393122637,0.6604811078752839,0.9259439121136517,0.9962832807463595,0.0005534732960638265,0.005833165553303869,0.00023121743562019238,0.07504293348086075,0.025199157676913782,0.8981160140679304,4.0576950670862364e-05,0.7926480325840036,8.118791947014023,3.863630960765445,133.2685698219371,0.6461244155625703,0.6906664495029531,17.180868434291366,29.37172087949626
0.30562561642858455,0.07069373817344186,11.350820406566893,0.0100801885119697,0.00940648635004027,445.3711719939323,17712.52096682931,6.480221498050694,20.181299115220646,0.391374075776632,0.3972424144690641,0.40658605641317186,1.9114056059367541,0.5305118831888348,0.8815356904892948,0.6580437324889586,0.9180357192094598,0.9966653308673763,0.0005595769815469429,0.005881947666283599,0.00023117674018501236,0.07517467023254544,0.025318005529942105,0.8910858153616039,0.00010534677856089368,0.7945904803812539,8.144638654482971,3.863393098835413,132.1665924915596,0.6468493590416505,0.689035705242422,17.271015868770977,29.319125782872508
0.30502381619835744,0.07013369592722973,11.316241451092086,0.009986370942696143,0.009415633749155546,443.7351276100285,17644.225110421146,6.456850251513263,20.132967944737498,0.3924132343174097,0.3953416057582576,0.4061918043048903,1.920505573218654,0.5268905793546989,0.8793651620939005,0.6557908902060124,0.9107154089071272,0.9955924386168341,0.0005533302177203243,0.005847741418995483,0.00023203817481275051,0.07472241021758912,0.025262671316971214,0.8935729881626603,0.0001410658715612275,0.7948656300371816,8.154687068000603,3.83952679274895,132.4708061530991,0.6445116046749924,0.6916836832414759,17.195148563269704,29.289010641919266
0.30340000932880135,0.06992706192168756,11.394863097616845,0.01002957508936641,0.009454436915591181,442.37129720440123,17618.56510023175,6.475640374498634,20.266858359233392,0.39278273794933066,0.3968696573888395,0.40366404803740014,1.9215758217300989,0.5281844208186937,0.8774393445639591,0.6547543632009426,0.9011374188750852,0.9902495319229753,0.0005583431497510413,0.005857499184442362,0.00023087360129258358,0.07447561880194524,0.025399290213280308,0.8961968314503918,2.949437583110262e-05,0.7956166490018065,8.16319597700994,3.8193576728079472,130.86044480080918,0.6439565221365121,0.6879703726106825,17.039170124225024,29.15817012401001
0.30382306901093964,0.06957993384364966,11.421978441471195,0.010059642220628265,0.009446096597827367,441.4790266439274,17645.208875186512,6.467774650201605,20.128118444283352,0.3941045447854518,0.3987806296503619,0.4030101179815036,1.917362034014065,0.532432043673883,0.8764002980686417,0.6528809606028312,0.8872017363871764,0.9863205767196532,0.0005566669845113107,0.005805220310317865,0.00023116358895676527,0.074096175394515,0.025440860240510826,0.9029013194931521,1.0246985123951973e-05,0.787609900524734,8.13721206873193,3.8335552383077864,130.5584488934792,0.6405372717327513,0.6918461370140787,17.00818158677689,29.222586823973195
0.30243651756077733,0.06978680146806067,11.346277539245781,0.010096829280065577,0.009447790123851177,441.5482601788183,17700.694709990876,6.45481020275023,20.129923894151112,0.39130364404149676,0.39975951460552517,0.40143763749536304,1.9091574801476736,0.5353610715183694,0.878760505730742,0.6501674785698843,0.881773599795327,0.9774623975919541,0.0005558259276328552,0.00581685879359997,0.00023063660298388138,0.07399939235171141,0.025491764064506768,0.9006550527921217,6.457468179359652e-05,0.7865906672132241,8.18330263182363,3.8134627197666475,131.49049081643474,0.6454017253474144,0.6884952406329227,17.01924644149114,29.269228323499647
0.30057928637599124,0.07002097715232646,11.17967799862544,0.010074175636356503,0.009448427723196404,439.5788266425611,17700.4466791183,6.444740068227596,20.005975299537145,0.39224332886989355,0.40026412839583875,0.3986771593860993,1.8966581373781128,0.5396079754021078,0.8807994576364293,0.6493783523048207,0.8823973782645682,0.9761678660350397,0.0005547421152871299,0.0057961907652367434,0.00023065039393874487,0.0739534761777998,0.02538515365705749,0.9027718372935286,0.0001062932792751697,0.7917158771935768,8.158676464048943,3.7923822975033303,131.2644561246592,0.6472742835976095,0.6882129745809741,16.949917607518344,29.307149795637613
0.30255607347846747,0.07043225990284836,11.128625339430418,0.010033335504604127,0.009454480337857637,443.1663342650804,17853.71584528261,6.4537378664988445,20.018414694092584,0.3907956745653707,0.3974947383189549,0.39749586368113954,1.9121538252792885,0.5412411767041531,0.8800771222935868,0.6511249464899213,0.8863361003026266,0.9770480325312917,0.000556182077200569,0.00573323035736473,0.00022934666650947363,0.07374172444246004,0.025329075188518055,0.90989829062634,0.00012695541071689202,0.7900546483884426,8.129513782848843,3.7536045420871735,130.5840271027003,0.6514401079609268,0.6841217995879441,16.938981368851536,29.16699977630758
0.30363218485225413,0.07071775315334991,11.131011731952736,0.010067604785109298,0.00943666271466871,443.49070980171035,17781.779513692567,6.4648124625203245,20.254582347481495,0.38927583276704836,0.3910640119936665,0.39893503274032854,1.9223878365197709,0.5432124617208144,0.8804989563957781,0.6474672309816866,0.8887395680929078,0.97837848495419,0.0005596577343172003,0.0057473070412482055,0.0002295011815673463,0.07362017844266062,0.025354463674333194,0.9139368672954663,9.52227322463463e-06,0.7944567613591001,8.190002003697556,3.723598658301243,131.67859341158334,0.6539378050193574,0.6814752487788781,16.99869060901232,29.312399708490844
0.30375990338888564,0.07079457001447496,11.143586401275316,0.01002161356761321,0.009409655561905993,445.43283253209574,17810.68081495763,6.459768565649881,20.074898012133914,0.38996311799636396,0.38758357327062876,0.39762960659100244,1.921242461238895,0.5398805163828414,0.8785604400945838,0.6434787948472778,0.8927441086635064,0.9810657303481702,0.0005588694222271171,0.005749361796055179,0.00022908256953009453,0.07345925122493398,0.025481716303446922,0.9177559372631888,6.783241492402907e-06,0.7967976313910831,8.162152397189605,3.715025641404635,132.39798350705433,0.6559920397449008,0.6732929938689187,17.12107430382862,29.629970272724115
0.30512510544370425,0.07098349716686439,11.05934836830922,0.010004544528926733,0.009422800823040553,442.96651687791734,17826.213816969263,6.447830265447274,20.238030151646605,0.3899161389231604,0.3868205307047999,0.3964647736667331,1.923726070697667,0.5401977836105872,0.8803515375268539,0.6425081958027047,0.8902252473810857,0.9806471657571334,0.0005578674077036451,0.005736364046809868,0.0002291918173668687,0.07332576205269295,0.02515139924117992,0.9249126505616604,6.595730111639495e-06,0.7953894481850469,8.201494382960357,3.722106035411554,133.2140677189177,0.6518336244751752,0.6757231668929918,17.264316985394846,29.77134145676453
0.30311163256683255,0.07073192569484218,11.205675444770476,0.010015739719725107,0.00936270372708952,440.66259079427266,17728.483871798653,6.44221397371104,20.22018533688508,0.3942154044125281,0.38928613098525466,0.39585181249563056,1.9191882475802033,0.5398732748359937,0.8822738957476176,0.6460449491103932,0.8968175494853957,0.9855866728957586,0.0005607675460915062,0.005721587625162932,0.00022757263642925296,0.07309795675878834,0.02489659869231221,0.9235868904809607,4.73496284836744e-05,0.8041661393549995,8.29667959837817,3.7103661160610577,134.71696181307848,0.6514090556077612,0.6671195564890309,17.257797148238218,29.635269274959807
0.3013179041288321,0.0710774953902361,11.22111015768188,0.009956143521837057,0.009334267011830101,443.6693929426674,17804.36294874734,6.442113184218181,20.217608796248737,0.39470270080283204,0.38664221515666564,0.3917588501160945,1.9058663616021163,0.5361717704201938,0.8813962018341946,0.6443921756589219,0.891039968650141,0.9820497286658347,0.000561768495390158,0.0056935310923846875,0.0002283902886805411,0.07276664256768901,0.024925053613009146,0.9260225557875791,2.2830795253689883e-06,0.8003361097283994,8.245913159760201,3.719496406105541,134.39475279079133,0.6490610351877999,0.6628769058935554,17.25590366653622,29.604642211352207
0.29893654253355545,0.07105422202953522,11.148152024394356,0.009893511370955158,0.009343428769211485,442.20736851431366,17727.333888495537,6.500081113045143,20.15842222871862,0.3920055399225661,0.384580468527686,0.39261191609927987,1.8992896335519858,0.5373007030789435,0.87969773429825,0.640265903698062,0.8952952176191045,0.9882313479103049,0.0005614505911107285,0.005662261617157643,0.00022673971353931747,0.07275285031814588,0.024982827084361604,0.9275659415814466,9.771788535931453e-05,0.795852196190563,8.223998744350245,3.702145104939677,133.05511921121627,0.6465388900117217,0.663832012092233,17.253870309345555,29.499802043107053
0.3017491324574851,0.07088072914116085,11.14950802736794,0.009776430650976897,0.00937137724653932,442.1054440033478,17731.20170581465,6.474300443842117,20.12439097488835,0.39058846921613904,0.3871411439011481,0.3914520616364098,1.9104232147588367,0.5381109148531842,0.880236642155204,0.6452485189259449,0.8908295925686845,0.9799571094439072,0.00056332263152503,0.005676916013910029,0.00022649227826273145,0.07291729780056681,0.025133555414851582,0.9241046753021757,2.2608420222799955e-05,0.795732047389489,8.201555385125129,3.684266475786159,132.4539073969519,0.6445824086888468,0.6643311240942248,17.195074948566585,29.638019688047827
0.3020408597223392,0.07113101474432768,11.122152679253315,0.009838266980177505,0.009454630983015145,442.30430819586223,17764.244542495417,6.500805532296043,20.158137706733015,0.3905771525343923,0.38410126096869135,0.3922039813241889,1.9263900946284649,0.5359524275516285,0.8793352947613575,0.6481702919660567,0.8921677449676908,0.9753030113209735,0.0005642746746252674,0.005626210365961512,0.0002275076166275676,0.07206199658752327,0.02517877160927167,0.9262504445022705,8.408403631769499e-07,0.7998703695399694,8.216418840620683,3.6546601499348244,132.52865604279415,0.6438160457236265,0.6670281727381929,17.18690896320719,29.65287024244873
0.3035296267930622,0.07103847671485213,11.15943897246211,0.00984123578403302,0.009529383554527544,439.5283679560504,17802.80337045323,6.500303328545699,20.220256692239605,0.389419877132464,0.3866907677540958,0.3925629852196593,1.9190450742420546,0.5380640912623167,0.8807379626200735,0.6505217579484728,0.8829502021665279,0.9802110122030512,0.0005665958577797343,0.005660823122169605,0.00022749179239592177,0.07223467903966262,0.025032155530630446,0.9348839918930679,5.523090349675945e-05,0.7959910549963332,8.193710398872133,3.6417751131681575,131.9428036864608,0.64231063028269,0.6635266147612606,17.26776763981318,29.380204479894584
0.30546060702990263,0.07056138820405067,11.148899666140975,0.009752768873966387,0.009460235215535672,436.5000600201699,17959.710239023818,6.476615644082897,20.045877041740585,0.3879841548199345,0.3879349135079088,0.39077178128608175,1.9190920065780375,0.5403225974425161,0.8792337089983675,0.6500937052166702,0.8757061151943328,0.9855264920185569,0.0005630019719375494,0.0056815051275109696,0.00022680157737450473,0.07257157395494496,0.02495133566544597,0.9355768046079149,6.753883636894742e-06,0.7930731943306352,8.173598670699475,3.643105325603579,131.21903556818236,0.638234365160312,0.66645159307128,17.425899869618256,29.227741760678473
0.306076189982546,0.070604500715264,11.150949555673536,0.009889817105641222,0.009401190093383034,438.0288476966467,17939.085442238727,6.464993000643689,20.141036999786333,0.38963480307036996,0.3864686115440992,0.3894702449342337,1.9118945539659364,0.5422249451653169,0.8770922074783379,0.6480052003051812,0.876378392496444,0.9879546460881865,0.0005573484541260102,0.005632463087450562,0.00022581314761033194,0.07243357374458376,0.025033486205267838,0.930032024465583,1.658132566882878e-05,0.7980216318986018,8.149390890118541,3.627709500769508,132.03211231080206,0.6439748037110118,0.667888453495354,17.497032126134112,29.407200070436257
0.30336951254244937,0.06990938431508195,11.092235242582648,0.009874141105225437,0.009395079479179863,436.66925906085504,18021.101621053964,6.508330973461094,20.1358969741663,0.38735163074326356,0.3841849419958476,0.3919728533663262,1.911007343246809,0.5407972182327538,0.8772273462808294,0.6518654227992751,0.8754538976400114,0.9812258388637227,0.0005545678367445896,0.005669054693076068,0.00022519234151525342,0.07256807553275559,0.025259008563278985,0.9263233937668848,2.2523376624805003e-05,0.7983680994207724,8.13886735783566,3.6220689563779134,131.3831050063629,0.6454714703587572,0.6719261054109125,17.47346040602389,29.534426540558055
0.304290763035687,0.06992239982243018,11.071837091082966,0.009767191824186009,0.009380785645694702,436.07371097981945,18017.235212511925,6.523442306999198,20.278682364844073,0.3862055072516829,0.38450034160586843,0.3881703859540097,1.9271707236820712,0.5479846206455766,0.8723186529295999,0.6499190364930252,0.8826839425011949,0.9831359932308517,0.0005519534272671319,0.0056672390589874696,0.00022593640149874968,0.07244492004134555,0.025238438822355633,0.9313616956590659,5.440049145314849e-05,0.7967751463071451,8.093697889949713,3.611234359749156,130.27295223581027,0.6462200197671129,0.6795728557525222,17.540873920850505,29.556796673431833
0.3040152208107558,0.069557654467975,11.027221035442068,0.00983493672202751,0.00942717054020364,432.9658892939937,18034.508657515482,6.4972143888267775,20.600323406390714,0.3828792885785255,0.3896776910334521,0.3846482900593525,1.9231614159445867,0.5515578255613048,0.8740288876654967,0.6470936033967392,0.8824529123536574,0.9860006503141066,0.0005514935748316377,0.005696295261266452,0.00022675369661163296,0.07222240500437017,0.02522474047138644,0.9296744500268403,2.7195704241895986e-06,0.8040764242107399,8.085790846075772,3.6027278914853387,129.65902668447015,0.6515711608095222,0.6825945775673373,17.44359839117592,29.362857463960022
0.30586007557617945,0.06977673773107165,11.050116158821563,0.00987127500057282,0.00944822077630167,429.997406445341,18111.080994875247,6.487741378816471,20.55634520176504,0.3818325844503745,0.3897237167388397,0.3854078112416244,1.9366884299627465,0.5499526469836051,0.8751052093297494,0.647016924096557,0.8833473729331184,0.9794777832255344,0.0005497061628972909,0.0056681047896342,0.00022692208853078744,0.07195890879835302,0.025409463203370928,0.9354789594349765,7.680845428823766e-06,0.8038420271499132,8.10853287914429,3.5881549831362256,130.46245368724843,0.6487121659159063,0.681502827682422,17.520831991868796,29.106886417762507
0.307440359921482,0.0702735164865334,10.982900504661574,0.00987412381707851,0.009433452958866237,430.43712546916277,18155.85045475197,6.538115970627331,20.512509576086977,0.38088626760808725,0.39069391918527874,0.3868083903376477,1.9383022664534137,0.5471200977639047,0.8744645344412495,0.6419603560273629,0.8824421339155154,0.9832583975092412,0.0005485790167727904,0.005716009440235528,0.00022595122781320182,0.07168160195132064,0.0253987089599647,0.9348499017630467,4.364659316470688e-05,0.8037810111570796,8.009680661706838,3.552744676447546,131.12557008641613,0.6536008473285919,0.6854852286597278,17.642282374393172,29.444852550746432
0.3079037192420041,0.06996094486094799,11.032711637064768,0.009799254695917628,0.00942290912258216,426.5103580365343,18080.047241686003,6.5524799306087225,20.651284544127748,0.380123065520839,0.3897829269823585,0.38489592786643856,1.9176465260917392,0.5423410047995588,0.8718048108167412,0.6451893971954067,0.8725001312246305,0.9776443429578715,0.0005434770014666672,0.0057006325110510875,0.00022458530919311723,0.07142351320624821,0.025371787996919075,0.9306206416529987,0.00010960260425888789,0.8092460765047464,7.943868034772169,3.5548414800445975,129.82377931051684,0.6518435723187299,0.6846376938621809,17.655688546409532,29.67341558462645
0.3066217798037456,0.06998265992103984,11.11181344959712,0.009765842424804777,0.009444708125521643,429.03842094940154,17976.153934784837,6.52884207286659,20.620859672509493,0.3775335264972231,0.38931963396988206,0.38909434825399697,1.8914356422017542,0.5449837840044943,0.8680871077181174,0.651755386298137,0.8784283736757562,0.9773830108137954,0.0005442244034862407,0.005715960779312827,0.00022401729167099993,0.07119700163522813,0.025258288210461787,0.9308297859326159,4.081180147280452e-05,0.8035609968069743,7.944604440674711,3.5834929537880433,128.9589078389616,0.6529570403007322,0.6833085077838585,17.727683122388118,29.37286667524257
0.3058694302441509,0.06992475264798684,11.132090636464136,0.009690552250976033,0.009396202178311665,428.80734422227994,18051.695794273735,6.566002505999144,20.500342682843232,0.37667718891206065,0.38923424264538753,0.3926916244868919,1.8915904763132334,0.5499580057146951,0.8667807754902327,0.6513338814347338,0.8832032890633701,0.9757341695796066,0.0005422322140819128,0.005724716138594388,0.00022385898088547482,0.07108505512126155,0.025272974789034314,0.9283028817165334,0.00012418187782318324,0.8018755086248891,7.982089526764551,3.5463213217613307,128.93260473352035,0.6573149215308497,0.6844043567962237,17.83175970827916,29.436203191657267
0.3078659165141869,0.07019258728014914,11.168507402467652,0.009811625982998066,0.009365077732257832,428.58640161954816,18030.29347826041,6.6133178669793375,20.32152976229192,0.3755901368146442,0.3923160593910225,0.390129577494443,1.8973836572600435,0.5506512543745788,0.8641131550781693,0.6483046161719951,0.8783141000678749,0.976744515714048,0.0005425631160148458,0.005694171286684469,0.00022379304145272517,0.07095513069629891,0.025536349736234892,0.9338233589348565,1.1546761168283867e-06,0.7962154539519073,7.994851323837681,3.5280310091939073,128.80085461482952,0.6553560277931011,0.6822690115861939,17.908678583056926,29.40488445687723
0.30534317529994537,0.06954788840314775,11.233309032251112,0.0098443592428613,0.00937536901890349,429.1731952500082,17948.399734415012,6.585439344734652,20.388224110569823,0.37581424585907763,0.39362296831649585,0.3881676092289177,1.9147955912427936,0.5493213952754419,0.8679345992836258,0.6423943785776468,0.8918670478264463,0.978903875216289,0.0005433363280989158,0.005649513092979799,0.00022328982760033806,0.07115832682377057,0.02557308702003778,0.9341680928264786,3.51335759656842e-05,0.7976785484014393,8.041211187287535,3.535255466322607,128.8109148994225,0.6582501357524333,0.6824427391929546,17.868225214154627,29.615897906486268
0.30605397428888037,0.06973515448161857,11.15892907042783,0.009823485800445484,0.009356211795207145,430.0439201910166,18043.515634383675,6.58671969146972,20.384218815373714,0.3742848474861271,0.39700630050029684,0.39059549897916723,1.9279407557385377,0.5438523695808595,0.8669744853021428,0.6423465087509159,0.89939843194074,0.977070809715073,0.0005456617943413511,0.005678521910919576,0.0002235687322241665,0.0709998325466195,0.025574948524282822,0.937220922420209,5.106958780627399e-05,0.794522184703905,8.054932695688509,3.570061443830113,129.34952288470006,0.6600577036051067,0.6814027488977775,17.77980843952651,29.81380889523928
0.3069813238522622,0.06944461816960566,11.292269076880675,0.00986509187746805,0.00928282216070817,429.83361580315886,18202.59297670524,6.5925610041866065,20.38884249693412,0.37548289888302094,0.3948139380714328,0.39207346282078503,1.9348183326068107,0.542873493555212,0.8682950823342451,0.6427161075625679,0.8983153364432521,0.9786801000050684,0.000540786557294919,0.005690943934291219,0.0002239452850883849,0.07083765363670481,0.025610385389030495,0.9407049523800521,2.734320750643521e-05,0.8016740224257035,8.02196803746413,3.5366555359075234,129.61414378981016,0.6593707501497118,0.678912436226955,17.808723676494473,29.698893618738342
0.3074392503416374,0.06918568496786931,11.289324926239196,0.00983078978257313,0.009283096707160599,433.5003997710367,18393.162369666432,6.613564915543841,20.56888597774351,0.378783143281376,0.39486136035032077,0.3955043445236972,1.9408434465529356,0.541903667253376,0.8675162278300454,0.6468358678001693,0.9005807626971838,0.9741305151166296,0.0005378680770636351,0.005699673805647273,0.00022367861369864292,0.07046379117403437,0.025686950076257316,0.9446670721706169,2.398647090766777e-05,0.7957119104045558,8.072920508397571,3.5412905065726648,128.21806885042324,0.6540179411041743,0.6762878664558702,17.646736819676022,29.68839843210878
0.30550750500326707,0.06967752982260045,11.244689628302336,0.009811931719785288,0.009325115086451544,431.7491550534897,18431.563017764343,6.668657187893876,20.534107588073255,0.37844395282556786,0.40026848021341566,0.39632901285924055,1.925683003657259,0.5435821310522622,0.8674363752788122,0.6490022988080456,0.9027298324571091,0.9711809806670927,0.0005378943826361631,0.005750343955747531,0.0002242848427712437,0.07129114620597311,0.02548794465302478,0.9468330432073755,3.4110552857618745e-06,0.7900836668321255,8.100545592912361,3.532057639535622,128.16770982468975,0.6528627463002316,0.6771816831519984,17.598259413772624,29.811549791005824
0.30512096796737403,0.069587156121264,11.231330036525055,0.009857613448941873,0.009309605426051628,433.5131104870039,18295.816490353092,6.664373711798353,20.620198031309105,0.3791885055497829,0.39939305126323044,0.3963304056278586,1.9235071167077804,0.5434321843549004,0.871580315831914,0.6474441374876255,0.9024794971558848,0.9794873607620189,0.0005378837885725656,0.005724885242510724,0.00022417012808862352,0.07199801041886733,0.025305908706199826,0.9467008624367188,2.7856887578777176e-06,0.7983895205325449,8.212171489781714,3.5243525131602365,128.249069355401,0.6482792775987325,0.6766620678460867,17.673439045550182,29.650149852705407
0.30564324772604323,0.06973808143772604,11.38220321740205,0.009812165663556305,0.009289661365504473,436.3083671143196,18228.445430163178,6.659379318177465,20.509722066145954,0.38018818131593857,0.39787632028934816,0.3944713586141341,1.9323340930985629,0.5445059929493102,0.8721953091849522,0.6472383553602266,0.8980817439821366,0.9864351348936734,0.0005378392563183575,0.005746922269068816,0.00022384298220762462,0.07216369103702153,0.025205924338069903,0.9510125638156941,0.00032072949018439124,0.7915590979650525,8.225875176619256,3.5244306675608894,126.15278976305987,0.6499939252942724,0.6775763147244439,17.747858576859695,29.521842835071237
0.3038083468579323,0.06995303412909097,11.507583825401904,0.009778446732405391,0.009235305378704766,437.9355221497712,18379.527492905316,6.698506373691589,20.60768329111418,0.37691399777247847,0.3967313292253528,0.3932000503554333,1.921202996793483,0.547157077289817,0.8691360262687855,0.6501596874616531,0.8923210357357908,0.9804042520166526,0.0005388114822160446,0.0057788236147549975,0.00022314573675122703,0.0716142459169229,0.025532956375496796,0.9486077004472526,4.199623545274734e-05,0.7947478779595949,8.17994753412224,3.5189050418020984,127.07525514702075,0.6506149107320949,0.681996590002455,17.853659384041304,29.566729706612502
0.30325109931877525,0.07001042403438552,11.416529127117263,0.00979844773653596,0.009283227563442064,434.9986938769633,18366.511036604366,6.686575516294466,20.772547517892203,0.3768731450555913,0.3947740115667233,0.3940970594474285,1.940942874288954,0.5479486336400307,0.8687306357169966,0.6500845683547726,0.8916533171396906,0.9782645437720804,0.0005385295739159023,0.005812372422745102,0.00022212333509572142,0.0720293511571465,0.025481796687596408,0.9542502796506688,0.00010185790354425345,0.7942344652804095,8.168527050520916,3.5168512168112676,126.45766462109165,0.6537084587551243,0.6817346819689265,17.825666916975138,29.901920553043013
0.30469375378665176,0.07024793287592922,11.398876344964865,0.009784105927166602,0.00932277067869028,434.9552141988781,18370.454230140058,6.677846321362517,20.746924927292895,0.3768432484747977,0.39323307689756737,0.39550233265943513,1.9599874644649866,0.549857400628249,0.8710002776851214,0.6491368952158234,0.8845600553793813,0.9774103107971911,0.000542817485185739,0.00581345631335628,0.00022197538585082296,0.07185890431964422,0.025452024862753737,0.9507282612847334,0.00011763132309229716,0.7894116314137526,8.203874566966379,3.523194332343136,127.15525780051578,0.6550186791220758,0.68169485341593,17.790921241398557,29.9848250247728
0.30459657878531643,0.07052988345145035,11.305186619289675,0.009845148431616194,0.009353852351517769,435.2246768937945,18227.02649516586,6.698249206294412,20.472686532296827,0.37621511933165697,0.39268880982370974,0.39752060556982705,1.968818835238678,0.5448631170959319,0.8763710421132324,0.6482171769211227,0.8837279516030802,0.9783793633720941,0.0005443514371937902,0.005811917331546121,0.00022157802395653814,0.07171181442785501,0.025706819932846892,0.9545453475428373,7.808819989069108e-06,0.7920158276798649,8.22774907062117,3.527319313983133,127.68241413140478,0.657165256969889,0.6792139568526069,17.80257061337214,30.000615354279724
0.3038259250210523,0.07020689542331447,11.329919939763776,0.009970235185654921,0.009338475889664893,434.831812745003,18166.973231884964,6.702218083910403,20.44785967337773,0.3770334379113988,0.3929497945632075,0.3966823618414478,1.970138505346075,0.5434014427520643,0.8769609069037007,0.6472649064622051,0.8790219181999364,0.9802687975816673,0.0005508930173931657,0.005817423496971141,0.0002224690931487537,0.07202813585751544,0.02568263107265402,0.9525837841716571,0.00010807147141874489,0.7893056720219733,8.308232133963417,3.5231745246980433,130.8568928004641,0.6614670503894808,0.6715706220968857,17.80044723476923,30.111513034172745
0.30239394583458434,0.07009536904568457,11.37785027715516,0.009982706751060274,0.009280471242574515,433.85281559027385,18109.652167081196,6.688577220715573,20.57025335037392,0.3772814595245459,0.391879652158876,0.39645313814704847,1.9811292838981476,0.5449456149453447,0.8720364272875596,0.6455349622205775,0.8756824915616818,0.9798486693444475,0.0005505232238213324,0.005826605931162981,0.00022284033920874107,0.0720708192376207,0.02574597498497501,0.9487433676200798,1.831003321241263e-05,0.7906661632685451,8.242823573187641,3.538252583952061,127.93195438542149,0.6586244596343631,0.6763822944396637,17.824936645825968,30.018311433465286
0.3042418298694,0.0704969185723303,11.366644455352537,0.009951911441460876,0.00929892572820254,430.37751093953045,18220.780948844007,6.706399841511749,20.538120994550532,0.3748936385332629,0.3864773780047002,0.39702385064265755,1.9672094184648015,0.5424550337130924,0.872056568474704,0.6471038867219162,0.8834304402022521,0.9775441462662806,0.0005531821182109987,0.00579767221872025,0.00022391208310193808,0.07181730657469945,0.025730715802039335,0.9533545028980959,2.950210994427868e-05,0.7827063056985463,8.164003938234979,3.551234186398358,126.55373061000465,0.6564009357957511,0.6747854265826215,17.824615526892675,30.185216244099433
0.3049136623336545,0.06956833053427962,11.303962227055772,0.009996607098863521,0.009255941534027486,429.111301904796,18330.74384667749,6.679013017476049,20.55065879844638,0.374216317899938,0.38467228384054064,0.39973932188110817,1.9777096991782372,0.5430586097411442,0.871371785489972,0.6498016066065941,0.8803677485993463,0.9802231655159068,0.0005543984770854787,0.0058276483596709045,0.00022512447362432582,0.07189118023947141,0.025762201366261235,0.9566383720757836,8.927541936058784e-06,0.7784902455724045,8.21542351246178,3.5574420671277007,125.27697298125749,0.6533825335117719,0.6769375425051841,17.796632567884945,30.25176159905265
0.304470851764914,0.06978772729230492,11.318657301157645,0.009973257931749357,0.009262641516015897,427.28004647486637,18498.86972715627,6.673606349418174,20.540681642054633,0.3739320068973134,0.3851854141819704,0.3990949009041352,1.9792171185053493,0.5492549156734169,0.8690454953485931,0.6581710506441107,0.8832186132297271,0.9860951923053289,0.0005544211535739622,0.005825930010500973,0.00022412480458443027,0.07199338986338918,0.025675832551360685,0.9513383712442912,9.337517026224021e-06,0.7868653403873612,8.126856778449513,3.5636913631729987,125.09539310123581,0.650090153709345,0.6784087063368746,17.925238002456886,30.374795521544723
0.3058316245724156,0.06955918981982762,11.268348362790038,0.009970226610059812,0.009250497546470317,431.8097183192397,18534.89585656136,6.710225474502159,20.55242591386673,0.3770670583204023,0.3845455422686878,0.3963766883877016,1.9776801215922046,0.5498485009850028,0.8656131932981765,0.6605501822009623,0.889846916731613,0.9952990059165462,0.0005536944721290835,0.0058023022944576315,0.00022484679304310426,0.07191203410619805,0.025745706230368526,0.9516388349291229,2.5478223554427488e-05,0.7850163851125681,8.144511989004675,3.586146057800438,121.86015836671152,0.6501209198074226,0.6795603831650777,18.042487299006122,30.22684839665888
0.30588534109393534,0.06924393119479934,11.317225366893807,0.009967237409206579,0.009146446775456766,429.8862616201352,18675.012827312963,6.6924591381642955,20.635555405128663,0.3786387360116724,0.388627162635112,0.39737285973178516,1.966160703696141,0.5503787834125381,0.8646426940304982,0.6575427001160288,0.8885865120415103,0.9866403879213472,0.0005550474036027338,0.005785279284704679,0.00022523703776301885,0.07144986678214948,0.02582017643980122,0.951766207309102,0.00028685347616413124,0.7962079746492997,8.12294110504873,3.5871517523684298,121.98930033860293,0.6529464416825176,0.6815861035319256,17.994118415101113,30.293241405552454
0.30467845023602075,0.0691987167153357,11.335623107307958,0.009937811124987322,0.009116220567375294,429.27446304018275,18571.1445046967,6.683694316168556,20.587405905316647,0.3748675759021572,0.3896558178021173,0.3986476752272621,1.9471199583616876,0.5426490034057012,0.8591465088054736,0.6564323739210416,0.8923708641718094,0.989074313687421,0.0005550921325904774,0.0057961219672833094,0.00022727188400299304,0.07150537831888096,0.025919078835826694,0.953693443582543,0.00023179401932674855,0.7937921455928165,8.106945010876972,3.6043669994346796,121.69749127530136,0.6540772359725855,0.6744882617036233,18.072122248010466,30.07778395182788
0.3012018601007982,0.06912113158741459,11.221128182723962,0.009957100172583484,0.009186732105810159,427.94778566031755,18584.386281806197,6.704240664249891,20.420781720681607,0.37550811660642114,0.3905437570017733,0.40134026571008913,1.9525267453650632,0.5393011039838969,0.859337261638095,0.6533881085613299,0.8963412607439477,0.9912166242281096,0.0005555822221060464,0.005749111344420998,0.00022709644634739783,0.07144793322176039,0.026035921569946854,0.9506032762647783,0.00017434200809228565,0.7953998945674048,8.10867410576306,3.5968423393829574,123.61316220341305,0.660655887710046,0.6774990257549526,18.087210388663973,30.393885498983934
0.30340099129918946,0.06935798930951959,11.198421515573436,0.009989513386635045,0.009192105791213346,430.29133772512506,18621.28284980598,6.7894884512205405,20.31196308437844,0.3747952372059457,0.3905710264465761,0.4014310767022558,1.9589823889941396,0.5399265127573154,0.8598781631722926,0.6596105323489847,0.8978822853367923,0.9950421635303939,0.0005576918134184837,0.005726379449058547,0.00022827097556678202,0.07175392283769937,0.026034095429772773,0.9525712338383439,9.776603563643481e-05,0.7972267780314369,8.072367752201052,3.605901764721752,124.07782866226248,0.6633610992353621,0.6786391177967207,17.99110905213398,30.20936078717626
0.30174293778669353,0.06987459095361583,11.109702744584402,0.010023040497872188,0.009226127258629232,430.4542602982731,18664.26734206067,6.821391055382953,20.259554067365624,0.3746948437133428,0.393953843595219,0.3973183466083709,1.948637565759239,0.5378822647056973,0.8567144658648786,0.6637933509309281,0.8902846351253533,1.0000970084125036,0.0005575601054643119,0.005743508881853999,0.00022893906216133952,0.07153079595946066,0.0258854655913406,0.9473984079397378,5.609324396037103e-05,0.8054604696814597,8.113016410483109,3.5963322707900907,125.01356488588708,0.6622212655998749,0.6766116509285588,18.01996419620735,30.28372012211838
0.30049025355044606,0.06975470011716056,11.085532327171661,0.010037973184012144,0.009237556465370104,432.46848444066694,18766.24670304084,6.8276703259597324,20.185030089675532,0.3756794835586945,0.39724839130195805,0.39542319003241955,1.9488674228584622,0.5352461735669477,0.8598070184335559,0.6605078815304011,0.8869018769832225,1.001334253818718,0.000557664304106501,0.005732959114835869,0.00022774973617007308,0.07141826583932039,0.025864521210278633,0.9474531522050581,6.428298853428514e-05,0.8089915968088142,8.147828484425975,3.5894880789137784,125.37862792242974,0.6613035304403638,0.6771771799429164,18.054982456462728,30.274640927903917
0.3023537822171652,0.06949785035354458,11.081675657718169,0.010002441893250858,0.009194559684671033,432.0804477043991,18801.47578782675,6.869275837461558,20.11952137063826,0.37401607165960166,0.39729947974443813,0.3958932679746764,1.9450450628234943,0.5329140558464629,0.8643728270907319,0.6629717005055119,0.8978932022484685,1.0039276081942297,0.0005563643488245843,0.005672338474916783,0.00022712312743434942,0.07127756003047749,0.02592291298710604,0.949458694377799,0.00011282443222054983,0.8183124061148687,8.188687376217462,3.579832995658302,125.93773503246948,0.6692229516167324,0.682594516710508,18.07377960042085,30.166657776766236
0.30101999646294597,0.06934492525159651,11.093973943328004,0.010030449850119376,0.009204027905354005,432.6053142891904,18759.635033692797,6.884974067939238,20.2369371560339,0.3728553039402467,0.398387089986735,0.397492109667419,1.9435729588006527,0.5318954132425037,0.8697364176548769,0.6638216725609698,0.8962420281106986,1.0027771335143556,0.0005589922768001975,0.005694516487669165,0.0002274419101899729,0.07140382628316268,0.02596343038650659,0.9503571470081841,2.725935261727291e-05,0.8218524359738133,8.191746359487473,3.5841846295346644,126.97793671055081,0.667773436543082,0.6871887981321777,18.0711862107777,29.85584912400273
0.297118007441175,0.06922494130102479,11.079107109586555,0.010048037999913405,0.009191462324910846,432.39436418938755,18839.294430827318,6.875278655254954,20.120942023796516,0.3732367495238789,0.39974371291621,0.3962090802838936,1.939976916869077,0.5360906640167228,0.8680139206668939,0.6602683312170502,0.896751598219305,1.009066466047108,0.0005631707345252725,0.0056884712452776875,0.00022753571924683425,0.07192550732546331,0.026056560618352327,0.947401514694394,0.00014669157717413483,0.8201007201948756,8.157008235889588,3.5923522860439907,127.35591776734391,0.6663173364104172,0.6872250848098158,18.031422253895666,30.138711331910937
0.29639657331052255,0.06872279019428157,11.016069069816439,0.01006559985879579,0.009145971456598925,432.77541826901285,18847.468281374575,6.8906324748357015,20.320122801389843,0.37514670622805096,0.3975933812189057,0.39670502896721427,1.9472519585946169,0.5377406099795949,0.8725738790283886,0.6607120226932292,0.8973285280180189,1.0022154208725722,0.00056231653608625,0.005653568718116825,0.00022622708000683285,0.07229688283037192,0.02587999546895221,0.9495678884999702,6.492956260593152e-05,0.8259707129384988,8.193273283779611,3.5915255711909597,128.03777976338924,0.6692131281752344,0.6886475883212262,18.066502231871496,29.98809511835595
0.2988828902434087,0.06958923180428152,10.94781081585347,0.010198295902053326,0.009177050491288703,431.6467337053603,18847.71610694231,6.851835978514836,20.28009395798757,0.37450513045697326,0.3983389488108083,0.3972301786441236,1.9640880838010275,0.539518118357811,0.8744752613705169,0.6622857295441151,0.8966954715194361,1.0080894432589187,0.0005557844044729946,0.0056878880936855605,0.00022542613078693134,0.07224689164574505,0.02584494443737827,0.9524887007205679,6.873478396553879e-05,0.8180509632376675,8.163534218704637,3.591520822597587,128.58383875863038,0.6772794508617206,0.6868600489530049,17.985441270653222,29.78929051352144
0.2977071129380401,0.07006533455878795,10.863166834619124,0.010188789852036336,0.009238776822520207,434.3514651766816,18827.922917163603,6.812510883877826,20.08634094837192,0.3723442564101158,0.3987449049881525,0.39853111401237956,1.9789546108390292,0.5384297121396054,0.871604667827879,0.659903236571809,0.9022766246685425,1.0086265292034629,0.0005558755303026252,0.005675997302782253,0.0002238392775390736,0.07134301381971318,0.02614504750662573,0.9538824242551146,2.599426716045906e-05,0.8151556844767589,8.169671227787324,3.592076649341305,129.64788580854085,0.680785415741661,0.68782876850997,18.115662161960408,29.78846587618894
0.2985527712247294,0.07022290333696748,10.859050325058826,0.010240988459422196,0.009230813435716665,437.27857602494436,18755.565544861725,6.80200619621588,20.1415382219606,0.3719085991039775,0.3977618851223842,0.3976034059629099,2.0009315869453044,0.5386737715712918,0.8715041380347386,0.6604760625857644,0.8977598293894257,1.0132205697683816,0.0005546023906909011,0.005606866718612776,0.00022503062097436024,0.07163104855566198,0.02605062455189735,0.9519783579016672,7.206123281639611e-05,0.8240835934711496,8.216258196445688,3.5848178764910554,129.568333870765,0.6732706224649577,0.6864115210691503,18.13412404877523,29.372202710039204
0.2983680817672125,0.0707528712358591,10.903343279205336,0.010154974988391002,0.009217826093428983,437.14328705957126,18844.51680527231,6.814113154023287,20.23804618850123,0.37220657860286893,0.3941359225441314,0.3976475988463391,2.015877912704423,0.5409716788724361,0.8787799974103548,0.6551102252615252,0.8993392347284808,1.0190110284644525,0.000553169688991513,0.005635022251542311,0.0002250139482170157,0.07120176512539496,0.02613718965609539,0.9563420799169166,0.00020910564750964368,0.8233806249169264,8.190077001618915,3.557393232282742,128.06207261176576,0.6746704780543471,0.6852247980702054,18.223773878788613,29.48021880316009
0.2994669247616196,0.0703693331994252,10.856226508018523,0.010145954379811164,0.009197367051207191,438.24396187450463,19009.646491629883,6.783958915214677,20.333319082758614,0.37232652561822316,0.39497819297331116,0.400451964061354,2.017723621234949,0.5409278788618147,0.8765254955484295,0.6505267575087557,0.9026219735624313,1.030306477357325,0.000555855332772885,0.005618482575726025,0.00022564103337437884,0.07119898827183424,0.026161304923268028,0.9549535783006071,0.00020436730670901323,0.8183243729557022,8.143831490987571,3.56619512796037,126.93317306038354,0.6736883020839249,0.6891234741215432,18.139483453323574,29.633835728038743
0.3000765896718475,0.07096958055528477,10.746089595060285,0.010158563850257304,0.00918877011106503,441.5003440288844,18911.491458071985,6.776009060594558,20.265446369783177,0.3724656513738134,0.39652050539561207,0.4007992024371592,2.0105939337943513,0.5384539886086143,0.879819161779277,0.6508528061314837,0.9027826048109268,1.0295098925692496,0.0005529491399218938,0.005679751451218326,0.00022534959298439513,0.0718792673454487,0.02614206438038917,0.9530161544845889,0.00010210706728218914,0.8210231648056026,8.102474329683066,3.5517614499963313,127.87973590563516,0.6688302301384508,0.6921252832752347,18.096129809266756,29.42733139959392
0.3009343715918682,0.07057863253037074,10.763863277312295,0.010175543734812767,0.009057000019374737,444.29772701908433,18838.15843845945,6.757661215569112,20.15007092723507,0.37137312640015385,0.3916830180310568,0.3979075856203963,2.005254446756158,0.5396890749926887,0.8806975503368537,0.6483424773638238,0.9061983270765062,1.0295894036813857,0.000555394473557735,0.005640764590409655,0.00022436632298201119,0.07249263991345364,0.026275792393273913,0.9505690094981427,4.7074481020592854e-05,0.816019921216486,8.075977801532018,3.5982308419777604,129.154137200386,0.663803072565738,0.6926692741262974,18.05452274806207,29.38897949492712
0.29860986856727695,0.0708863424738885,10.703346737779404,0.010177105920620376,0.009013964686954713,444.0140302410337,18790.01029640784,6.7813126301935895,20.25757985683795,0.3749966342068881,0.394974610380317,0.3992757603450398,2.000116666232964,0.5322931153277755,0.88031318167632,0.6469432168309541,0.9093573737787137,1.024235672516816,0.0005553330752836277,0.005651874664293841,0.00022415550382901518,0.07270083020071984,0.026375354361334286,0.9465725855278585,2.4042849604881454e-05,0.8190309573510206,8.074854837205924,3.577341339394069,127.12579745856954,0.6655067878868016,0.695611647452937,18.19103317932797,29.172892404414455
0.29843817940164646,0.07002271522035099,10.820080463628916,0.010182314526411591,0.009033549702546861,441.00400088124917,18714.049776729185,6.790522917789525,20.281196850870426,0.37224065467875156,0.3953126303719652,0.3980127449402163,2.000952935142552,0.5305553292436737,0.8806208634632683,0.6457355888433308,0.9133255945976214,1.024965721239437,0.0005563710072803029,0.005642735120667487,0.00022331594455853618,0.07293412643228778,0.026325564061343426,0.9401312438468726,0.00011854598618761425,0.8213166063764143,8.004598757938146,3.541165077711082,127.96625890501412,0.6633186643991904,0.6987728362575644,18.150284247314605,29.021909971919328
0.2999457737188322,0.06933665547034246,10.76698236711073,0.010113070968147168,0.008942645994713979,438.35117521584516,18773.446605594065,6.6843173868876145,20.251999730827233,0.37077848182095874,0.3915180193179548,0.39896542326264745,1.9871393251449188,0.5342238096484324,0.8771326861058959,0.6510685844453199,0.9009804810421017,1.0266166145007327,0.0005551155670958003,0.005683044229186056,0.00022333202006928306,0.07277437358101936,0.026403991890299315,0.9516547587025597,9.283462637226363e-05,0.8216265721823159,8.034558766739618,3.5602702888466173,127.46235370728702,0.6617489552466125,0.6941954273346944,18.143776145155133,28.87501317483918
0.30021921370694366,0.06929654379254764,10.772635296418201,0.010148802125124026,0.008947831793212839,437.07405974900405,18764.407069128196,6.711395323805747,20.12360893709179,0.36899222221677697,0.388783621375254,0.40209144418309123,1.9865088010522862,0.5308302050080568,0.8759264317458808,0.6543740135222592,0.8998903397529895,1.027276546154822,0.0005560332218037034,0.005602885385490115,0.00022424023208216624,0.07256794424084988,0.026107488511305798,0.9507734336753745,5.436745377157372e-05,0.8218337585074738,8.1170782747599,3.540391981627979,126.48865890500501,0.6614562654923613,0.6946948275538207,18.13458468096099,28.87551589191215
0.29984524866865475,0.06899809262392921,10.879529457815938,0.010145941530666645,0.008954685047130762,440.54608074481763,18723.276675486402,6.728886306420377,19.922716013563527,0.3665803168110398,0.38564897188144404,0.40211373816855916,1.9804543078594459,0.5334169670628128,0.8733949609370097,0.6530570818582018,0.9054957876717705,1.0278384718107771,0.0005556223423606885,0.00560654216583577,0.0002244184467230298,0.07325022711250137,0.026065926520042998,0.9556038844833157,8.286027631285582e-05,0.8195004165749177,8.1424882322877,3.541758730400022,127.43657393080008,0.6617087924655733,0.6885352382852389,18.185575045800416,28.97509423406294
0.29774944981514656,0.06932037201466557,10.920953246611214,0.010190914876823198,0.008903204006692814,439.16441749246377,18856.05015361297,6.726557656818229,20.15016303622419,0.3659906719605683,0.38478452805431396,0.40021349664810163,1.9738301649688732,0.5332411365598343,0.8754404209941237,0.6471214927849169,0.9097170851822122,1.0286966611364274,0.0005658754373863828,0.005632433075233411,0.00022263258034372645,0.07350767465266327,0.025902303569490356,0.960879354324587,0.00011244304083837293,0.8252282502695376,8.134696158290906,3.507946458049783,126.78267196699645,0.6625284379940224,0.6851054158406426,18.14300103424753,29.148367145532955
0.29993894086531486,0.07030055503238439,10.926709142857495,0.010222657298846877,0.008917042228656686,440.3518269363672,18906.760078976233,6.72497713964506,20.26494425337021,0.3648843123777849,0.3834182436491168,0.4025685902518683,1.9810094108555745,0.5362221591842617,0.8759908865753434,0.6480178936954447,0.9067185674514777,1.0317984371348665,0.0005663711563451831,0.00565153697589678,0.00022317010806289665,0.07344392497130095,0.025783631543971824,0.9578383603982399,0.0002595319253883084,0.819136397420326,8.199459558217324,3.5035259039693973,127.35159233851655,0.6626374848376289,0.6889504587018318,18.084906992451792,29.4159513605064
0.2997032044878376,0.07067245786648159,10.970074500031501,0.010252979117717552,0.008903459319609798,441.7629010411778,19013.599452114755,6.71734040476698,20.271558756122925,0.36094947617825834,0.38464602334334747,0.398776040036854,1.990077067909042,0.5364800585081264,0.8779978891437685,0.6452229382698673,0.9125302645351766,1.033194214446395,0.0005692828955122924,0.005660016312575405,0.00022472463723709188,0.07325275555064585,0.025676245230837207,0.9573618326072894,7.870571573206429e-05,0.8223547691645166,8.205408370455002,3.51717077975703,127.69525544381975,0.6593247517873698,0.691573460060174,18.041087731237884,29.330976815700165
0.30117271011601066,0.07036196813751645,10.980736257435204,0.01020384709083979,0.008945013519016344,441.3032776542781,18922.50882705449,6.740324811219325,20.27697753877141,0.35979876903657987,0.38186234623807114,0.39365955285069104,1.9889518750712352,0.5415513569294735,0.8759350967584731,0.6462413201259299,0.9118378352649373,1.0280108273369417,0.000566853496243496,0.005667436330951937,0.0002255969286950261,0.07305496798019644,0.025671965607918602,0.9614588704309205,0.0001887201183649435,0.8294596073361994,8.224321111121546,3.4774126904369123,126.5235948927912,0.664866047678627,0.6847108285025127,17.974440505780205,29.541417751213693
0.3024479580192343,0.06993591298412653,11.028877154091534,0.010234459004213815,0.008917109639073923,439.2033975161084,18834.426478539423,6.743823931422585,20.111459611840253,0.3594597094414074,0.38161300089206174,0.3878966196362679,1.9909220772032492,0.5396297996169758,0.8709957371605652,0.6421784996693134,0.9060810371195553,1.0381466850011087,0.0005682897153089316,0.0056693466526172975,0.00022415752835324907,0.073204828810185,0.025372871968466052,0.9578477706252656,0.00016217500758090663,0.8285533165313782,8.190108160349245,3.4764796285967776,126.45716791368642,0.6653079558990591,0.6874718036671055,17.994655118619374,29.511970010695013
0.30173850198278807,0.06988384070168564,10.999095298623596,0.010136477159683984,0.00899191866999745,439.1596697002877,18786.061333042406,6.7237698176376295,20.024820530511604,0.3594896411441147,0.3782686672129975,0.38860991182779897,1.972681197667747,0.5378622889898068,0.8679756278654496,0.6401646949352979,0.9004547451100072,1.0347905752682114,0.0005653592626137839,0.0056513375622239004,0.00022503116057350224,0.07278007002941211,0.02555787214922983,0.957091413698235,0.00016431074676808024,0.8355298799550739,8.170979797503579,3.489195682538847,126.27489535028111,0.6685036913442047,0.6905002250150429,17.999319173918703,29.240230441902565
0.3008363232068039,0.07078688644590728,11.063324100689515,0.010242980086596073,0.00898255830243695,439.07399341426895,18864.009323429105,6.700738084121184,19.97837821590746,0.36259712484603096,0.380944754585491,0.3887082888684132,1.9710745985958373,0.5358899334237245,0.8663518040503507,0.6411061303991927,0.9001947447417383,1.0335031702259647,0.0005649682416806287,0.005673795089002306,0.00022552553878068691,0.07229703112555202,0.025936716804377133,0.9548912414234496,2.2957432841194274e-05,0.8275212202104792,8.231067459844011,3.5146269513964223,125.34129247362381,0.6666247163209775,0.6920756409354616,18.0949926748257,29.154636425647414
0.3000499394647449,0.07072042549110405,11.149016151215237,0.010248765419760934,0.00892407605202407,437.8282353347527,18969.637688111805,6.670407168933359,20.06801607096039,0.36130325994910967,0.38052310107993453,0.3903470057765307,1.9604132933819296,0.5315468535437964,0.8599481875215284,0.6367358026977024,0.8995884484207252,1.0365410279677296,0.0005669454283913789,0.005664749791907063,0.0002260313193612738,0.07223562002987165,0.026025617590553635,0.9542349015938517,3.983156624742532e-05,0.8183704223658657,8.211089006488539,3.5226001194290197,124.654426386233,0.6693967049742463,0.6918128443130651,18.143608119018538,29.104336812112226
0.29897369555260506,0.07054905588431128,11.131931543297654,0.010323819679287766,0.008847113395562161,435.0863388850104,19114.956510006075,6.696968404350407,20.10846052917036,0.3609165364491862,0.38035029325545383,0.3900100396748516,1.9757359318363434,0.5339822898151863,0.8584943429523152,0.6347017118169003,0.9007735973034832,1.0387106062329325,0.0005673837299252025,0.00569892925993258,0.00022488661886591144,0.07212710150375004,0.026094632305326295,0.9464091809551197,7.501248596040522e-05,0.8099101953979096,8.272786623854454,3.5145838998648453,122.69909846720648,0.6619741540545567,0.6906423242006191,18.154637191875903,28.82877172813761
0.299764702735569,0.07114319504627972,11.188503381777046,0.010347225754736865,0.008864209939407943,434.88120661818573,18954.99404717646,6.668359177697659,20.040354855408957,0.358393358228289,0.3804752166223685,0.38632984578820284,1.9821203069988613,0.530127794048304,0.8550327431721236,0.6361280368342205,0.8986858873979223,1.0323961444041305,0.0005710902696525837,0.0057027564674708795,0.000225588072108236,0.07161493917697877,0.026029614417474416,0.9432501205124934,6.671356399889882e-05,0.8100074295019972,8.26248002590542,3.498156607177614,121.67043120147295,0.6687060191626871,0.6890847188155467,18.257411043342756,28.91522424130366
0.2995909983318283,0.07115159723457985,11.185873527220203,0.010316082530199182,0.008862323177500788,433.29367356371154,18806.94184828999,6.640558728185554,20.071597486375342,0.35711030623220036,0.38477173115797697,0.3832153073219224,1.9810381852461774,0.5309551530701402,0.857060459962625,0.6374095857364585,0.8990748198245765,1.0245282995129155,0.000569133702636172,0.00571828999020219,0.00022629654909591974,0.07183766202207431,0.026064860033084874,0.9389245262607381,6.304257128495853e-05,0.8064427556541015,8.294963291438771,3.5063386513009527,121.92802158786795,0.6626455484127417,0.6934470631562167,18.340651857337836,29.02985615316393
0.30176145719632413,0.07081169883899356,11.184682929591471,0.010270385638285818,0.008880389309358845,433.52426687962645,18971.00644660286,6.68457725930967,19.94178271456519,0.35385321266538006,0.38632226911675904,0.38437376490317476,1.9769951146767009,0.530503491483993,0.8551746766450433,0.6375551376582966,0.9036906747974367,1.026989483359112,0.0005671708873892464,0.005739535687716352,0.0002259528166947835,0.07181760222964394,0.026151547692801834,0.9422395300141607,7.625130314746184e-05,0.8087277165110579,8.333353832582409,3.518071779455381,120.64290563482727,0.6589330920324822,0.6901608177849821,18.319390886585275,28.81017202622278
0.3002708535445735,0.07061017735579349,11.100116522581526,0.010356035230100237,0.008815012160616486,431.8203996055437,18840.85923342387,6.7428331404000135,20.03539798656489,0.3529707119476652,0.38396674587513485,0.3842375711950405,1.980842179606605,0.5258867349807127,0.856446279267522,0.639966967975864,0.8998354883320278,1.0288649601603006,0.000570424276829851,0.00572888846346678,0.00022593666227248955,0.07156516415535659,0.026051729381598457,0.9435125212733274,0.00015966617709045324,0.8104455031870775,8.343714629118834,3.514538753807842,120.47938276465447,0.6592103583447896,0.6870941398868504,18.34418099086974,28.893131376809954
0.3005599259405305,0.07023017100251912,11.219786090286236,0.010422942268549992,0.008792296149949363,430.2001167092152,18981.080065614795,6.74960613832142,19.89984648948903,0.3540581011045706,0.3820379701697323,0.38450914402104674,1.9755383291860584,0.5290489160399977,0.8561140490782387,0.6397625978702435,0.8951528507477733,1.0281095091948576,0.0005685734664405285,0.005714642631936928,0.00022698646380261758,0.07128237258405054,0.025985119750693404,0.9432338181411151,0.00024134421034502785,0.8059202339874072,8.379117077441572,3.47558183947547,118.6130531513369,0.6576039038223134,0.6839302905667728,18.26938277005246,28.92118030197541
0.2997919954577736,0.07092020280967246,11.191468377824796,0.010371353444819485,0.00888280147879507,428.2696554667127,18961.832444037547,6.767905506438614,19.91795420900072,0.3559432234167553,0.384127603509664,0.38338743779970014,1.9852264899979573,0.5295383099754336,0.8558657935234211,0.6395687786814651,0.8850205006070194,1.0201208105268649,0.0005709311925767319,0.005709987963430992,0.00022808752155758003,0.07078610221076571,0.02601340183314651,0.9465647365420955,2.326940510172492e-05,0.8054790924992163,8.329340847570677,3.498959234046447,119.14329586383606,0.6622153390566758,0.6792276559086655,18.324109806809513,28.84157210051221
0.3026422091204119,0.07113819849570602,11.239866740393145,0.010434708673962598,0.0088369601458065,427.9159082861364,18939.779508639855,6.775211422830824,19.971265585147027,0.35444641425634305,0.3881711634498772,0.3818110288358881,1.9978948502825924,0.5223482010331744,0.8518955167133204,0.6352858575679865,0.8862008532748298,1.024587154929389,0.0005711550124863575,0.005720968868612311,0.00022719887091651966,0.07075662528111729,0.02595808733455086,0.9485756519301618,8.93273881176711e-05,0.8039395805397351,8.312654161637983,3.489878593446507,119.76059865013087,0.6614263226895868,0.6781903873477398,18.296890957595654,28.78301470854716
0.3025314807609333,0.07188175648529396,11.20605486791114,0.010370938535607879,0.008907991092624662,425.57969086325335,19041.412849517234,6.792740657116081,20.15066413632001,0.35586922996322384,0.38807355479968475,0.38258997605372114,1.9895820574696816,0.5231112202549095,0.851422093827175,0.637197810407628,0.8903821236138406,1.0234647095886373,0.0005721244882555264,0.005657144804688885,0.00022639926137412703,0.07101016742959389,0.02600339923977971,0.9473177909054319,0.00013214744680925972,0.801921227566119,8.30633312966194,3.483427054720438,118.32007949488043,0.6619887090835864,0.6780234180507576,18.402563359675753,28.707696756391417
0.3013898674905168,0.07197111635469769,11.154463853479896,0.010433972124668551,0.00891667482745261,424.15356784595167,19071.247162741936,6.812707387243774,20.11844905402753,0.3555022503543115,0.38928912631818774,0.383024817761638,1.9895706063039902,0.5223596550623741,0.8512314269431732,0.6407339786818984,0.8910787773228378,1.0245088409189647,0.0005719402145874144,0.00565011322959527,0.00022540296233852441,0.0707278014965806,0.026128736558690357,0.9385490702714326,7.476922668432022e-05,0.8092536287877481,8.33445625295994,3.49040137282317,118.1289233159426,0.6660846141628476,0.6762862666399588,18.38721982846021,28.822024482145796
0.3011300524396183,0.07139739433114978,11.15976904963785,0.010416422785494506,0.008857208790082135,423.2101607798647,19128.745243478883,6.820784272317805,20.101820846547422,0.3576316363810167,0.3919062991356062,0.38506385338305155,1.9674615291049946,0.5182220097041871,0.8520707856002451,0.6367491735239691,0.8859817060384663,1.0247048609956553,0.0005705665774997732,0.005626183571977663,0.0002260902662307605,0.07050466468276097,0.026126873635505463,0.9369214809140654,9.912082300840889e-05,0.8123677964018521,8.328118018352622,3.5176837217865478,118.97878965083807,0.6688383588067967,0.6749761931853758,18.336413939005045,28.69256192997263
0.3012438767537081,0.07103426513692561,11.132157839901813,0.010350704137212377,0.008868806423617053,420.2680472266337,19186.871298475486,6.807061597472848,20.193563529169403,0.3567953696145898,0.3926858634413413,0.3830878915631104,1.9836470558230281,0.5163368992861884,0.855673318515068,0.636403717692909,0.8863254685240044,1.0285628774803204,0.0005708487246293851,0.005653641027289348,0.00022538473361880852,0.07018535334537661,0.02609687799337819,0.9437278846945489,0.00012837213074555387,0.80502723163446,8.335879173427267,3.4987011637697893,117.93061368656458,0.6652744990847121,0.6672300487939025,18.387985739939783,28.52020265093672
0.3008475190343664,0.07146655308253873,11.049481675324845,0.010361203843106546,0.008897609057769084,418.6192730596552,19111.51101979898,6.835783897268327,20.233530171450077,0.35586100331770365,0.39578928021088233,0.38058270245261117,1.9827355653529433,0.5184844809807295,0.8529329329575419,0.6378480360109798,0.8813201181194708,1.0348286746921866,0.0005728610594329184,0.005665096400197162,0.00022617634390167466,0.06986273666962825,0.026128755388497404,0.9393024659294026,4.097749934011942e-05,0.8020075283741763,8.327383481535376,3.4951352141574605,117.59283138265727,0.6716660049226594,0.6616204695963775,18.236104801377785,28.46563747865413
0.3008211721850421,0.07084549017685879,11.037806303089447,0.010326193653722096,0.00879590784124645,416.6484723781197,19162.74604886659,6.840963312635739,20.093997219736117,0.360440306610403,0.39397268720881784,0.37877737520569504,1.9755766741461398,0.5191252978900914,0.8531051680341133,0.6363997598620801,0.8731619919653661,1.0361910099873552,0.0005703307009523662,0.005711290627642488,0.00022585842420112402,0.07000783000103071,0.02599018360661092,0.9416440049378684,0.00010929371734310943,0.8013637183572814,8.31933522024724,3.506240653090936,119.0290046000499,0.6744814110270589,0.6658988821794719,18.25772456319934,28.477062821129874
0.30147512187194936,0.07025859961020373,11.07237580977923,0.010352110295060276,0.008701431288216644,418.9627521378879,19219.231890263323,6.819381454031124,20.021336524406646,0.3593222682504531,0.39538894599312924,0.3784113878322847,1.9860650761846042,0.5198726392791504,0.8489058430209986,0.6356284062661032,0.875027652221134,1.034356236487176,0.0005725940246768079,0.005739537207674382,0.0002258733898793387,0.07060101798234482,0.025960246373371815,0.9396377587683381,0.0001721520811095535,0.8044113765393704,8.269772909378831,3.4998711515811465,117.7906602928547,0.6727913367175542,0.6707865688201946,18.158454439972058,28.531724265885014
0.30254695315397623,0.07059976199478159,10.948631314983867,0.010367141823033043,0.008768538769745834,419.3051172478901,19268.434887601867,6.798946198080598,20.0435286246968,0.35688373688697533,0.3946721500933445,0.3788510749563292,1.9774519750192296,0.5173198055792786,0.8504243181946257,0.6365558631270023,0.8698377684481388,1.0396553144460476,0.0005713147431828239,0.005718621989009168,0.00022548079560133822,0.07058073776022868,0.02578648599398658,0.9405300496086668,0.0001072923383183476,0.8080136787885981,8.280188103086452,3.4743020485942444,117.99522895124849,0.6727834246866741,0.678239061932428,18.032691512469384,28.503772368554905
0.30368706752876823,0.07031916456388194,10.842338139004061,0.010302148542905374,0.008794278597856305,419.45854530236585,19111.509427394587,6.825441517472953,20.01687356149961,0.35605724679209955,0.39273221356239413,0.37661542021845335,1.9668772583745429,0.5227793397252336,0.8503216192943871,0.6323889193006391,0.8764865521464,1.0475409706311813,0.0005710778151139728,0.005683504285182264,0.00022496200113452587,0.07058704278179867,0.02577885257023276,0.9369593025334839,1.240511405646867e-05,0.8158835776982347,8.223719111418852,3.4697386958595104,119.5523313346366,0.6733884687434567,0.6807571969402899,18.111302764760737,28.478695164153702
0.3041826001457822,0.06978835255550474,10.958902813265178,0.010303420979416519,0.00873416652308969,418.83617472954313,19172.323507214813,6.783065958101278,20.12636888206063,0.3543682633509445,0.3915856019047713,0.3809662746355516,1.9887697703272345,0.5223718689970405,0.8486185372880676,0.6327859382664234,0.8747254006163797,1.0398619862679104,0.0005719946558069204,0.005738696372241315,0.00022530184993085277,0.07022513608051881,0.025888025372302323,0.937912988408335,1.5405204609480298e-05,0.8124072992987604,8.22333305835794,3.4719318357805418,119.43135909042023,0.6743681807430943,0.6759112275034397,18.177702759393004,28.596365488101576
0.30323507211864253,0.06992913404223745,10.890037556902426,0.010349725365126149,0.008702270788926571,417.73157890060503,19119.04724698169,6.79810840947458,19.99966838722555,0.35726807928549914,0.3923430972851549,0.37981443993072034,1.9833811903136604,0.5226834675775902,0.8524442625086451,0.6340159229585516,0.8782790661471662,1.03102576459552,0.0005785629347362731,0.005785309029778567,0.0002260288997139842,0.07044291025193634,0.02572304355535692,0.935091256987026,5.957252999443274e-05,0.8192921626904194,8.195470039695698,3.4618682278357413,120.48993334099761,0.6744331098404085,0.6769369486929401,18.225864505361983,28.401017893970092
0.3023622724823994,0.06961333692757583,10.943209623746242,0.010399122988442226,0.0086935111080537,419.7570771862596,19214.946213091916,6.801155825060624,19.918690543035794,0.35974381367803615,0.39041097290875687,0.3778842274616001,2.009438924158798,0.5253677889715083,0.8521678901120306,0.63541892727671,0.8777505667752399,1.0356775151981488,0.0005827431146056477,0.005796871398082275,0.00022368892952134075,0.07000317910262661,0.025648431908272196,0.9374226656090708,0.00012442907838957474,0.8248830798631996,8.143444978300375,3.466501424982223,120.43234054994045,0.6695570403668784,0.6754512558058285,18.24695260036867,28.416835610230798
0.3024573121837024,0.06853344585562704,10.927167710448936,0.010396049090920465,0.008660354475045097,421.1335511927524,19271.958101502645,6.790509541617861,19.897737759482354,0.36057281732198015,0.3868709356267437,0.3806973493553879,2.016346826518424,0.5296822407260877,0.8499803476495458,0.6382152707715424,0.8825866122428602,1.0408469178226614,0.0005801574063753008,0.00578054345703046,0.00022257878937231997,0.06980143163590644,0.02564377204136648,0.9382582026005131,3.347869458378554e-05,0.8161453520950046,8.135067671949306,3.4991911415066115,121.0392677746469,0.670988323641702,0.6791297110976414,18.194514201525937,28.19702980182108
0.3026364939818776,0.06801389314538922,10.916792298877409,0.01042008517296129,0.008560996738866112,425.12701288109145,19482.949189319574,6.781461068897211,19.997347639077045,0.35691007238810946,0.38340234777234555,0.3806598263677023,2.01152224428961,0.5312373808217297,0.8467347646980345,0.6411972542839569,0.8852094333229567,1.0429911665123208,0.0005787947827108754,0.005765989548095305,0.00022217974287819028,0.06963753544592459,0.025672571732132908,0.9344450395072393,1.9058112238210513e-05,0.8129042390718553,8.072272996089367,3.5366704687538086,122.08615399059717,0.6689644202440155,0.6787933898076204,18.12897210206479,28.104845418591722
0.3029550668114587,0.06829389172922312,10.992196138475792,0.010436126471881729,0.00852594078329458,425.9092080345192,19527.67187737284,6.765941818563044,20.25475796458573,0.35365877788282024,0.38392910055165674,0.3809589795078315,2.01732028539364,0.5380411288475742,0.8473131318579286,0.6392641275653186,0.8869731879541339,1.0456503154217118,0.0005827683728714604,0.005750525878934552,0.00022138902905669418,0.06971734797469324,0.02585481617884403,0.9306065285001333,2.059552210573312e-05,0.8043184832411348,7.957477859704013,3.5419624474803753,121.84232186983294,0.6617867697397136,0.678597453130719,18.028604843312607,28.09059288685679
0.30455161191923186,0.06798266981193933,11.007582645542573,0.010376833341319355,0.008500274257708995,423.0546637314576,19502.824842488473,6.736480715661089,20.126303589957406,0.35248898975726084,0.3857584435705374,0.38380639676545153,2.0183427143833645,0.5349933960931338,0.8519986882448704,0.6389586712179011,0.8924833463716658,1.046456260727132,0.0005825014814227476,0.005760398442468197,0.0002214171238578858,0.06906467701882628,0.025934569277047737,0.9355443216970605,7.120416037751355e-05,0.8126470160913131,7.9161403490646,3.5427698472031874,121.01868383305938,0.6606047017346726,0.6848007921023835,18.106381176407186,28.177402687432583
0.3065136684174365,0.06803150578485911,11.009965385339484,0.010336920157002938,0.008402958778987099,426.9928930420578,19537.105794705007,6.720690623702152,20.138492263255955,0.35022716483874,0.38607124688659106,0.385887402190593,2.011866158605167,0.5370608588363472,0.8546518337331847,0.6384140810365179,0.8927269058372039,1.042164425483205,0.000581533918216197,0.00577827610334359,0.00022299574063385595,0.06906486495683802,0.025804120083507357,0.9331461652860654,5.061052807029227e-05,0.8130700782696062,7.950875175528906,3.5474000596896893,120.63308695952843,0.6578649645701025,0.6812260161666834,18.05814610424959,28.118128675071926
0.30589159017883677,0.06769729552652834,10.982041557835801,0.010375826042169148,0.008297815915565604,427.29359482450883,19669.837918912308,6.6864599995156215,20.30877638923884,0.35111686985195545,0.38736984707315303,0.38521769672083384,1.9976540831088672,0.5402508866102579,0.8534904680301384,0.6402512381231865,0.8868602672775309,1.0427518427112585,0.000583152921892381,0.005802196901225687,0.00022272428368558318,0.0693910693724601,0.025611060130303915,0.9352415329355647,6.362811486532707e-05,0.8175177255324971,7.962837804349572,3.5474597545103563,118.29077808630353,0.6574437588692169,0.6777753081636159,18.141178785244556,28.301244815892563
0.3063003934309365,0.06728477060610404,11.00547853905254,0.010364920827914221,0.00825771107663473,426.81480772693595,19602.26844644327,6.7286158311640145,20.39776343545525,0.3500810135435586,0.3879804517231831,0.38314272987944975,2.0047129240299353,0.5380855516334739,0.8539948996958302,0.6414622741210618,0.8854732878085576,1.0472998878878172,0.000589332165884888,0.005862128728878093,0.00022329050267831468,0.06851338203471488,0.025566312391658946,0.9338679499014707,9.619620900009223e-05,0.8094229120706941,7.987528355909467,3.564997242092353,119.51141206583861,0.659049834528655,0.68092890765648,18.19250895214151,28.234338065259635
0.30604211257346386,0.06741664194146195,10.996350852920177,0.01043045003820047,0.008193852662714133,424.45212014833567,19775.94101170154,6.669439176009173,20.441179960790297,0.3497054155660063,0.3879017090397034,0.3823763117494606,2.0028603958197837,0.5430044110905116,0.8586489689386428,0.6404884508762052,0.8902847823279859,1.0494913536634265,0.0005827212379299223,0.005838545466035354,0.00022441033903744978,0.06810607633594545,0.025517616373274585,0.9306665655794459,0.00021193549473790365,0.8035427822271418,7.977279268060493,3.576612811019183,118.30957520844925,0.6578468841812387,0.6749336207874376,18.194420345026398,28.555654813012747
0.30525715100386497,0.06728893815173427,11.04004019106773,0.010440917017031892,0.008108982836433385,421.8733842156929,19761.528670678774,6.633951860749083,20.59541560143537,0.3473859231384868,0.39042744756833225,0.38484142936180193,2.0007384145864826,0.5441096800332641,0.8626697781724212,0.6392918015806923,0.8871747063134735,1.0422127890455701,0.0005812987264680919,0.005834777568990479,0.00022366958029051523,0.06769841632222809,0.02570166446012882,0.9257826930096082,6.371552968540691e-06,0.808600449613513,8.029712078520323,3.559215468376097,116.3715415682885,0.6599032372599661,0.6709866155587061,18.192038096919187,28.35062797463199
0.30352768254561036,0.06705816363468917,11.029428845883706,0.01041778466989073,0.008085802697939458,423.6111630267174,19760.600875476553,6.650608223847092,20.61207913345662,0.34977091478566047,0.3883842471356592,0.384714786946579,2.0017097025154067,0.5445074145478409,0.8635148387194556,0.6351395519801379,0.884394153809768,1.0440489754903595,0.0005856641377502273,0.005820972859238384,0.00022466573332404166,0.06748295847770051,0.02573753907879416,0.9333171775879301,9.445315481876616e-05,0.8036846898244709,8.043892782173815,3.5585503680979933,115.97159581858133,0.656071068774,0.6641212114643191,18.14704590032046,28.545209777059313
0.30258717062182433,0.06742457114028998,10.925268624620063,0.01036613966681569,0.00817343604741787,426.37953623800627,19619.39130893055,6.65198565316084,20.580328289521134,0.3501726753465525,0.38847812250425773,0.3868678670632956,2.008920540835541,0.5427776150719646,0.8614330110393369,0.6343481840360378,0.8865588695744735,1.0417250225797912,0.0005882696090030269,0.005901511264654265,0.00022389451386243994,0.06834959743235687,0.025721231048237057,0.9260045431016447,7.537208800918624e-05,0.7996850968366591,7.967345905922983,3.5718161559003643,117.15288581967303,0.6544736057812085,0.6599201313037975,18.027443018476117,28.38617114950991
0.30307096085778473,0.06744475359374093,10.891572397143394,0.010286841792230958,0.00811345025633408,422.4152720359276,19868.332356590894,6.622459316682358,20.544133057193793,0.35087867061529027,0.3932425558453727,0.3884922507721318,1.9987867436313578,0.5395186469477059,0.863605239008112,0.6323451711740241,0.8947485262554417,1.0439944486123311,0.0005836152948085352,0.005935935576283657,0.00022342181722672055,0.0683066584594473,0.025705806885727312,0.9286583174178275,9.226287402793555e-05,0.7936865236922873,7.943570646125316,3.5945280032814035,118.77105934658962,0.6566301135437487,0.6615177268156223,18.09967464147351,28.20700633954949
0.30181228685257055,0.0673241509110701,10.858551705196465,0.010351301455306279,0.008125185506313404,421.39387442925613,19850.632545546534,6.627181324958912,20.48393992466072,0.35172775326716604,0.39143697992923326,0.3915633209203265,2.015148324038533,0.5417292545961674,0.8596371122301348,0.6312514237105248,0.895168169251152,1.0344698980770004,0.0005789656845780014,0.0059373333930281555,0.00022177808646005114,0.06803033440997787,0.025416217028467775,0.9296923205429931,0.00013293980928575047,0.7957170082831044,7.8938093685704915,3.595615451756735,117.81886969731225,0.6554258052832975,0.6603289208957196,18.04446101629325,28.218472252031734
0.30196752174946706,0.06724870789223283,10.840953941196789,0.010374818108776275,0.008051491676001688,419.35514204883873,19704.603913765917,6.6857358574106565,20.379159840729614,0.35159224489544605,0.39274655401259617,0.3868142805066693,2.0166397712800213,0.5430098466439266,0.855254459142615,0.629573011354194,0.8848329186685945,1.0309712002158913,0.000576936369013325,0.006001994222829234,0.00022219394114231618,0.06777029706260608,0.02515625889852925,0.9293656909192486,2.937709477427198e-05,0.787247751947481,7.942655466511581,3.619216141033932,116.71519343871249,0.6579686309433991,0.6564840737760531,17.955763361806223,28.336804857345832
0.30147451331846487,0.06764535282448042,10.86673426119928,0.010399235749999607,0.008043868808933284,419.5213031762041,19804.231235448628,6.688811707339449,20.10520201763361,0.3532344244894622,0.39422136752831816,0.38681305583912223,2.0018101240498285,0.5417711448508596,0.853182601486812,0.6279842700332865,0.8782147098211719,1.0375818614444932,0.000581273480739204,0.005983308950160854,0.00022146267208207835,0.06818095505111524,0.025536461506572114,0.9308478869639273,1.2692404406756478e-05,0.7857120821082626,7.942427807344954,3.623632007185565,114.6168790787227,0.6541067305748433,0.6552958553826465,17.990329677600943,28.292516475588155
0.2981217951744959,0.068026492697793,10.9200283113034,0.010435743540645656,0.007933953095388843,421.36851515005327,19792.149950673134,6.70695335498917,20.15404564059247,0.3539603946807191,0.39535721592049267,0.38406649492593276,2.0146823269259646,0.5453744484333295,0.8531117262827509,0.6300991861374232,0.8661439183003201,1.0345246483527915,0.0005846625932016409,0.0059788157375831675,0.00022073881927035043,0.0673991181957679,0.02542488165653645,0.9250631271527906,6.712714886139323e-05,0.7846173660049867,7.9144192852870825,3.623446183094389,114.90232903154222,0.6548987970102352,0.6586148345088059,18.021908062267656,28.511401268904695
0.2983255291595021,0.06807158705562871,10.954672797809987,0.010456895301218997,0.00794779305136072,420.3885254342934,19901.12698240817,6.701334569209668,20.137633824030953,0.35345036395112783,0.3971356163025356,0.38401383862954175,2.005539908736396,0.5479162282272984,0.8554168205576889,0.6324509088659086,0.8642140398003932,1.0347049434083078,0.0005874732988145899,0.005954400936796976,0.00022160632955676405,0.06704830115602985,0.025231567280267868,0.9270509154294426,0.0001770472406735763,0.78251952206326,7.889762423562276,3.628051705917033,114.57192118443842,0.6482151187613852,0.661164294075182,18.02288555304379,28.29342298025499
0.3001275534678923,0.06780441947287119,10.962460452427417,0.010408386094669805,0.007947381771233986,419.5755029781905,19854.5812783555,6.691310661658803,20.137499567685204,0.3515101245924764,0.4000303258946519,0.38352926605455817,2.0175146390140597,0.5469389105253971,0.8527131663376354,0.6293444866642974,0.8620133871626922,1.0356871602740008,0.0005844626021208509,0.005958589856400877,0.00022207513206908312,0.06734914239652691,0.02514848463816193,0.9274232480192081,0.0001256580304953854,0.7762349932219446,7.857394068959783,3.627785051493467,115.32988705245603,0.6516640528249676,0.6558562783787405,18.010291367813377,28.381400334301258
0.30034186830196535,0.06768185558213151,10.90671582898736,0.010479634290696371,0.007954922642157958,419.9686816815612,19889.752769340652,6.703239976740522,20.07416121745168,0.3539832527444595,0.40195772323737444,0.38419110875151835,2.020197729383482,0.5456093893046918,0.8545030020308908,0.6329815060035626,0.8671866140524136,1.0439989612820055,0.0005826418632789763,0.0059639343708403824,0.00022177195607432643,0.0671738636314225,0.025019628746838177,0.9292455122112828,0.00014409742427090298,0.772897554184204,7.8897316914861975,3.6659812241457677,115.64556899723432,0.6522728289668935,0.6617752842080725,18.105646397611817,28.61647521775729
0.29905361332178393,0.06765062648529024,10.846771587311215,0.010454761766925488,0.007909666586454095,420.09037562342957,19941.09341278508,6.703819185145619,20.178248290392975,0.35551660040594574,0.40286724982626193,0.38473058937167337,2.026929187596164,0.5474644832573718,0.8541399613574167,0.6313017784314341,0.8614405926754511,1.0428867583672625,0.0005833981499297568,0.005998262033402335,0.00022338393906635065,0.06730082864913839,0.024984140202277204,0.9327901778954403,9.658673374373836e-05,0.7734734522889465,7.8405710577772165,3.647190336464153,114.15306691028402,0.6541738940433272,0.6557400048629762,18.01628851718995,28.54631367477152
0.2987733421805609,0.06804838418613594,10.891132907940635,0.010471208588370721,0.007828309851183447,421.2326317442396,20026.011541362594,6.710232088817834,20.007036716989717,0.35546104677711765,0.401738422257046,0.38519559918105983,2.038546685799483,0.542544105794937,0.8528069560335264,0.6324329859946289,0.8624795778984932,1.045615934149081,0.0005820775729179257,0.005976521133830318,0.00022408277985244026,0.06710508165907471,0.02504586033297645,0.9379632113650945,7.18851902736289e-05,0.7739271503112656,7.829642656145143,3.625013506805874,113.03118011383725,0.6541955844706762,0.6614958764947318,17.99507970409006,28.446908717246604
0.29846527694668723,0.06760575092282069,10.924482162687951,0.010459496082124441,0.007826491808463834,425.7880045999462,19966.409121787954,6.710394906259616,20.101380111053725,0.3587463209767749,0.40272802601168894,0.38533900234691315,2.0424144463214375,0.5419663242951683,0.8536459043694623,0.6313677125022625,0.8584248474680254,1.0440037112363711,0.0005823707160834293,0.005951633474472727,0.00022543645837053077,0.06737594453722656,0.02477842544012073,0.931224381016133,0.00016678572061681795,0.7744871676056801,7.87919971912468,3.5968465530261446,114.75709651119897,0.6569880405030191,0.6692127458465064,17.886380278121266,28.48226970939773
0.29949186318472293,0.06745600637696253,11.070341095279888,0.01053557946148226,0.007851103582447536,430.40692691990483,19975.27008871343,6.685557612690545,20.13446957761226,0.36019668630196305,0.4044448827810057,0.38301814794832584,2.056253574157942,0.542211533810895,0.8518715896202639,0.630345024652493,0.8580125438107455,1.0488100293348155,0.0005820526485753875,0.0059524922861369746,0.00022478425350168588,0.06698940461297796,0.024892179427020718,0.9291203723871108,0.0002689498403827871,0.7733887618147665,7.8978470690336495,3.592246765370133,115.61381186486224,0.6559345215043838,0.6779316330728554,17.86278757529016,28.37197603520934
0.3000696604537213,0.06715750038180003,11.084164697542414,0.010591037904410443,0.007841504683095343,428.93247894162096,19916.962537168587,6.680302558935443,20.19393103507861,0.35877078187765044,0.4048833958421514,0.38550784343811345,2.0590128337687608,0.5396251495766627,0.8559879897610502,0.6336282145478902,0.8507059025286201,1.0484216821366663,0.0005868578773485172,0.005968778945106129,0.00022414552027140232,0.06737518868812437,0.02491765450871337,0.9298870878328603,0.00023458057731762228,0.7612473387708617,7.957453949199467,3.6060085780730935,114.18939326882828,0.6526971679817272,0.6819772242349313,17.89401792603174,28.43162076288917
0.2998201666159824,0.0672276651540638,11.099390304230042,0.010660872718330648,0.007733013239086003,427.7010337907594,19949.145211574527,6.6818067232362335,20.10838326521666,0.3572061861518499,0.4050693672397217,0.38262558882090686,2.0505110507970037,0.5386547149301469,0.8549592854800151,0.6328016635474599,0.8423711546266883,1.045499702051182,0.0005918805603619267,0.0059921782792400945,0.0002209784824577028,0.06693222312600086,0.024844210010020643,0.9217950591392742,0.0001118394447621959,0.7575022774413586,7.956414609509449,3.6234243590209676,113.32033036932148,0.6473054787605274,0.6806923334081699,17.939830565597283,28.710249438990413
0.3002784592549534,0.06785534813971382,10.991368229524676,0.01058763891864183,0.007700771415226322,428.3450765490451,20072.388784040424,6.64699160023271,20.183280384990717,0.3525258500717493,0.4014680241887182,0.3794560370117957,2.064245019763238,0.5353953165529107,0.8538313354584017,0.6309499967353985,0.8374534611637315,1.0441693628943394,0.0005890833465204413,0.0059903616712901914,0.00022200492520878305,0.06718958401770071,0.024973309613441377,0.9199536051918769,0.00027137368495235383,0.7561138953698355,7.956632042455516,3.6127129370336295,111.65852062600071,0.6423704919902249,0.6812568221020466,17.88499438409952,29.104538718346582
0.2999746684915438,0.0679524381620272,10.925840331276552,0.0105890225843185,0.00773726167149715,433.86791563504147,20115.882999716952,6.604207144738334,19.991649112111784,0.35405273964936007,0.40068671213791374,0.37962020924933165,2.069807485093251,0.5362132335864135,0.8508427277709979,0.6270693726114234,0.8434651408520705,1.045131869741454,0.0005882158758377954,0.006020496116591816,0.00022328170068913004,0.06680823354010137,0.025225493891596517,0.9167693918469151,0.0001114603947715751,0.7572023024363422,8.000144329002094,3.6473928807430753,111.75418970396596,0.6411185539504421,0.6817963177816115,17.862860431927693,29.03517024771585
0.30090453469164224,0.06795110888823193,10.977629829728558,0.010524793495079773,0.007624354732235092,435.1226872184315,20165.5665371881,6.571241224472678,20.046038061294272,0.3531244508247247,0.39786953120296725,0.37771144698318226,2.062364518375812,0.5334102473282322,0.8503492680159151,0.6246149909613735,0.8401013470323085,1.041898134165612,0.0005878468863881955,0.006020125671783429,0.00022367821464976557,0.06692672904160174,0.025300731431325274,0.9111279745588896,4.35606414958509e-05,0.7662776750315908,8.08560730089195,3.64912128951244,112.77376165849074,0.64469447407564,0.6833251698966476,17.90427718004681,29.119298130023886
0.30079709304710145,0.06774521372763477,11.025883172109868,0.010497638503261403,0.007609220821699616,436.9048929992542,20079.780119971845,6.569408264300039,20.006148030968717,0.35550012209061216,0.39748942907921075,0.38038322241589384,2.068408921594993,0.5285248829116165,0.8498144474185791,0.6248774718780128,0.8378453259758748,1.0389133440297469,0.0005855773254007012,0.005994858505709632,0.00022404462692080486,0.06730648985008052,0.025329272667338348,0.9150101742930569,0.00010971831761367635,0.7634688009055552,8.131549273061879,3.6687903381832734,112.73011698522124,0.6467929456165116,0.684249638571825,17.79906887262263,29.20927374909194
0.3012873941561963,0.06774595500633193,11.000436301896729,0.010511326809582286,0.007589503543082322,439.4375555268921,20030.057692372215,6.587975235543715,20.024278795468554,0.3561923223532857,0.3992898898344048,0.378625617603125,2.0558304413625335,0.5349650735382369,0.8487325864092321,0.6236503293869029,0.8376847748644126,1.0386022864536089,0.0005866611875791517,0.006032172022087052,0.00022332240574526578,0.06684574170365334,0.025322406560066932,0.9124232453497637,9.758213324702355e-05,0.7633337077486503,8.123723209873635,3.667168172087122,112.62495181166203,0.6517181264207987,0.6834582805073538,17.729851054090915,29.13479921014678
0.30376292935730664,0.06828064792579175,10.953051558079814,0.010495629497423282,0.007518895353966886,440.84020901554493,20079.677066732642,6.579533180045756,20.011949533310958,0.3569817409491911,0.3958687356320934,0.3757909028635865,2.070042656163762,0.5344881874726035,0.8512587975400315,0.6243389189278717,0.8376583063772907,1.0373290350865296,0.0005844938207376873,0.006035796307558624,0.00022449197792888273,0.06694035894341989,0.025178073621524126,0.917042162843089,0.00027895129307977827,0.7627518842230019,8.094236294943075,3.6710711054927616,110.44307163426612,0.6506407047643169,0.6844150789757097,17.75806004939551,29.178561453683024
0.3063371199402866,0.06761449706278966,10.852912291071567,0.01052668568943801,0.0074580423735082614,441.53772820817017,19985.65010260355,6.59776555745164,19.921120261539503,0.3569239080865467,0.39710151279490374,0.37523797105514806,2.075009828086327,0.5313506798547311,0.8457248737214671,0.6234187182197157,0.8380257036515715,1.0480138979303553,0.0005918389365839722,0.006064137475179596,0.0002248428183212667,0.06702225193508479,0.02513791777590843,0.9185799891012042,0.00023545899338313185,0.7641267545705779,8.101017031056433,3.6257759113393826,112.21955991247414,0.6512287367210464,0.6908864701373979,17.85170845402274,29.257984349139015
0.30560871702836856,0.06777871355589948,10.907298206578933,0.010486483149022428,0.007475926588290919,443.44912996025135,20005.303603146884,6.584630823409032,19.877218120206763,0.35836707619319164,0.398266886450994,0.37511997570991235,2.0692097554624445,0.5346561627930159,0.844644236266944,0.6179050476981147,0.8497768307701415,1.0477414477507097,0.0005910419712768517,0.006052426435552924,0.00022320906078656988,0.0667419837522888,0.025209204123212408,0.9119443124360876,0.00016031478609268324,0.7638597755259033,8.13470586137654,3.6209701446390015,110.55264423096018,0.6542613076672285,0.6870134868191798,17.709614417098777,29.170865265703057
0.3072265602189136,0.06811085436705788,10.835150104926061,0.010483916907474794,0.007495497071624643,442.20393602959416,20102.012889475034,6.64355482317113,19.956935371116042,0.3590675365786119,0.3982197403717857,0.3752612091861219,2.07045797570116,0.5368600961029536,0.8445112966538064,0.6153895178890831,0.8430228000422839,1.04675694367344,0.0005925880466400415,0.006046115291253435,0.0002242207207815514,0.06632529579142135,0.02519706357733191,0.9090633849674622,0.0001554361462426216,0.7673737193210604,8.168996231754798,3.6145828351325897,110.2558062644038,0.6600696831947764,0.6916436097164189,17.764290296108513,29.27734780196227
0.3082960745158799,0.0684522400254762,10.920530288253627,0.010549968686416705,0.007500868573572738,436.07966362200744,20083.266768534228,6.676509752959365,20.01514094442203,0.358634567399552,0.39944728071569585,0.374542495556893,2.0660398088349003,0.5436867117135223,0.8437195151739698,0.6160793674412427,0.8357489769588913,1.0430265836457535,0.0005908114138085742,0.006094174968647431,0.00022371762935138097,0.06637136993562147,0.025482790825925045,0.9100938692470225,8.722548844532524e-05,0.7729500697077207,8.225833880490494,3.627415607619149,109.22495881577377,0.6602028263092243,0.6869196298755582,17.78537834104438,29.23697118342408
0.3088822357436963,0.06886390975655413,10.873007737175078,0.010580185224558534,0.007493660418446364,433.98358392049477,20166.811060601918,6.6364492308878775,20.062428940503604,0.3535135402015684,0.4019314056156216,0.3743517548718877,2.080299464687594,0.5471768160848871,0.8436548389918125,0.6158878849867785,0.8354599473942629,1.047513493835082,0.000589650856032302,0.006139018750653044,0.00022439665605816306,0.0662667869699172,0.02545078838022797,0.9130319820124894,1.8174188022682756e-05,0.7750356402441948,8.208967361156178,3.604902774140283,107.8974404246582,0.6637440330109661,0.6834232596133563,17.72327169457466,29.34245706938723
0.3117794715468698,0.06915711467429414,10.848709380316777,0.010612886471920206,0.00745170021304458,438.6963079877391,20125.676148636256,6.605410050836056,19.946741966793017,0.35311594006418306,0.40266824380188493,0.37497111459924887,2.0726398205590035,0.5480162922010079,0.8449928574117,0.6121192535377012,0.8367352666796778,1.0445804893735595,0.0005867724532514707,0.006142626944366844,0.0002240663878478893,0.06590461600028315,0.02533445969042237,0.9176024103176524,7.381689044366647e-05,0.7692365371329558,8.19197603013009,3.6183252004400264,108.69494187935872,0.6646816952761273,0.6781297422100963,17.699373871663873,29.35422466132425
0.3157608906750012,0.06891338570023374,10.897759353636742,0.010549451452065615,0.007388477549921564,438.4265085842762,20120.986221106614,6.550314547923138,19.99648421140665,0.3546197153567794,0.4035755658625538,0.37327641540232126,2.0744071897386194,0.5500483490265096,0.8425404235009831,0.6147334785604742,0.8316225102573637,1.0444052477323997,0.0005856540149854795,0.006159502125268107,0.00022350810487235562,0.06598302964291927,0.02529329756689043,0.9217118589084873,0.00010892428391984475,0.7705824407051921,8.185258391879467,3.6232192455367045,109.45893988910117,0.6614826256716532,0.6809279508693432,17.643671579262104,29.39245296324448
0.3182871034771731,0.06948813812951926,10.882940363980907,0.010638881284778638,0.007350487032693531,438.6150502831855,20349.165934662848,6.569587997368921,19.96118507207436,0.34821674664952074,0.40011580589684087,0.37468834277497187,2.0872629203452173,0.5566128243265206,0.8363988786088871,0.6154905513044155,0.8286316265403388,1.0518358624640998,0.0005892994933166397,0.006110724276897194,0.00022470011666792585,0.06607830847751639,0.025245525134915053,0.92581699329334,0.0001145118584284803,0.7691298375668443,8.208372795988582,3.5975224171075464,110.57305330096497,0.6606475785930378,0.6812266706901279,17.678437740216477,29.048322016927866
0.31856409408525543,0.06925060324379564,10.958858314507724,0.010652592041920832,0.007360402389572031,438.2483449443486,20270.218394089537,6.565772000823224,20.041995791034964,0.3443083315687265,0.3994924568812306,0.37446166567311057,2.097816375188283,0.5566989153926137,0.8306529042317591,0.6138754178260065,0.8355062931982238,1.0549582573654817,0.0005880280952378059,0.006067035247042232,0.00022553386886803656,0.06650250386360627,0.02510040092034821,0.9254056318619862,0.0001545035859984932,0.7646614581930758,8.196010360343944,3.6100688178721585,110.3272975403985,0.6627310048614783,0.6864586610096144,17.71967922051178,29.13573164061396
0.31859921653487683,0.06871385989417118,10.902710187535593,0.010632570843355118,0.007310817336609551,441.4816006015093,20239.414317133283,6.528258285354675,20.105308972196603,0.3433246215342043,0.39887563565089146,0.3738040321534282,2.111961172057805,0.5534144715138775,0.8297071618768682,0.6126392037884036,0.8295992942411221,1.0612093513349934,0.0005880383923932162,0.00604536957307064,0.00022485068331910404,0.06655172615231954,0.024917775919811553,0.9295595850623128,0.00012275432748630875,0.7612862904156796,8.217950786890638,3.588829181088814,109.98375230307983,0.6548633642563425,0.6849579521533811,17.695631706397943,29.036195524403368
0.3198859234052758,0.06890573759650628,10.887266697099987,0.01060557396964671,0.007237342903564254,441.6549512289177,20196.547277067384,6.5113014593711265,20.085149013536775,0.3448966061314327,0.3988236704189029,0.37347029652387853,2.1185233721985113,0.5515133388130277,0.8240420396712901,0.6119276629060446,0.8227052776451468,1.05437491808563,0.0005896252398561497,0.0060075461986958765,0.00022404798249151396,0.06680956559954758,0.024825633281584828,0.93539277146396,0.00014032891155553356,0.7601621627180895,8.209289066602404,3.5705105989527737,109.65282571749778,0.6519686107590376,0.6853724108752429,17.743184849378906,29.04207759820277
0.32097161889550485,0.068221188603147,10.826001450929558,0.010534879922471953,0.007250652488457052,442.89657212949794,20262.600180826583,6.504664133684766,20.160685049030214,0.34358866303335023,0.39555167436961103,0.3705845198449976,2.1206681699816383,0.5483687344244828,0.8238856907742216,0.6122948349902951,0.8167591383329962,1.0506787206849022,0.0005963750122894276,0.005972017488684265,0.0002257355275306685,0.06676488239120308,0.024811334202870204,0.938437505831118,0.00015205560999410073,0.7590573359292785,8.248163432410854,3.580445171307767,109.25979363676655,0.6564705334087221,0.6837420577081442,17.71540320464926,28.853940896124346
0.32136004147449687,0.06752387547689716,10.771818618487261,0.010560431941542636,0.0072825266197874584,442.26627592161,20141.252909225743,6.519595026397815,20.238751587371418,0.34721564650471115,0.3954692607990123,0.36896049979615103,2.111214471860569,0.5438503918890215,0.8232226399365348,0.6124721084101112,0.8165840626851487,1.0523765893646972,0.0005928141383805385,0.005962055770281795,0.00022421832406637564,0.0671510207817882,0.02478570384978088,0.9300414104418754,6.837000022355723e-06,0.75731387052484,8.215859743101007,3.547893846952953,110.18934944052964,0.6488635860041526,0.6858773929330793,17.68574272826775,29.093749102398487
0.3212330998833699,0.06753878473379536,10.654198571768818,0.010535924797937024,0.007266380494387074,444.97522657902283,19949.830476636223,6.4947870094685465,20.268275596542594,0.3484497068462714,0.39362358170012646,0.36798724238964053,2.108843149061717,0.5398766175894107,0.8271526943627483,0.60916399630823,0.8199950118978295,1.0527228164908853,0.000593999504717834,0.005952986603077758,0.0002223278234112968,0.06716657178136752,0.024685762701322552,0.9337209384542835,7.416364223124961e-06,0.7547605949311982,8.22455400339631,3.548340754915487,111.0542131826988,0.6470316561373269,0.6825943475813914,17.77537546246654,29.079296418014582
0.3223362006246393,0.06718020149469203,10.701025280176147,0.010520662117002423,0.0072780565982650276,444.23761480367307,19754.0255860715,6.43560385611267,20.362144691809803,0.3477259643078677,0.3980619529681413,0.36966685783355796,2.112201933098075,0.5399934522926277,0.830411763805627,0.6067773967804622,0.8239869299455717,1.0596813919391397,0.0005967069319835796,0.0059077828169335714,0.00022298594526519536,0.06709881088055918,0.024677595117281653,0.9350156396892724,7.112236252231128e-05,0.7530132022485961,8.251177673253284,3.5447662981264596,109.93814912685865,0.6427285365026244,0.681735701688725,17.76137588749973,28.81403256414573
0.3236454392494,0.06769436462942352,10.669861690485446,0.010488269741305737,0.007323874712666458,443.3669094489254,19949.048691709715,6.457483066731342,20.327448325833437,0.35068357273526307,0.3943765919458472,0.3705959855957267,2.1234149835206986,0.539602875974671,0.8313418370069933,0.6084093689412265,0.8283051716101267,1.0666828508111246,0.0005933125335302364,0.0058852879726572355,0.00022336602629888184,0.06739913053503498,0.024550494358277407,0.9324476816431873,4.644417838436831e-05,0.752773555070448,8.212244146408493,3.5161181918541327,109.87715828810362,0.6427867769248268,0.6827193492524184,17.73494051108575,28.846944884533396
0.3252218153856226,0.06799714460919519,10.767249468962627,0.010472453637352106,0.007322183803680269,441.6373782236755,20049.396813435007,6.464676397523341,20.276829292282567,0.3511398944842252,0.3968491400385897,0.3664070703819013,2.1319724034739607,0.5386353718943754,0.8316508523114375,0.6087561563189423,0.8280339357243406,1.070197938141926,0.0005890342415482281,0.00577777858679774,0.00022356929806748878,0.067207704087346,0.02447504467399664,0.9315794222647618,0.0002155168506118141,0.7371141574912935,8.20347453742478,3.5022438456561127,109.46696412109175,0.6507534672991557,0.68349783137753,17.713530780262204,28.81817809242369
0.3290125756627614,0.06809941310323613,10.860917290016868,0.010399754033144883,0.007349061870413723,444.83466238264043,20122.554881144133,6.475096047142115,20.339566744786453,0.3496564338037565,0.39467766716882574,0.3650767203107651,2.126436168975386,0.5410962895350889,0.8245972706289897,0.6128076504652894,0.8329367587592826,1.070504416009777,0.0005913210680994345,0.005839966334992981,0.0002229443298418946,0.0667923405674824,0.02445272900321837,0.9449613790920124,1.1700551381486814e-05,0.7387524901301069,8.199076013092522,3.4815944721980787,110.67838534190146,0.6539947086444902,0.6848018674167092,17.605434031421005,28.53790897994232
0.32970601145612005,0.0681186952054449,10.88121106486718,0.01040842240105247,0.0073081508143226954,446.4207073085429,20151.758068626415,6.457119159955129,20.418628674132204,0.3480231070049164,0.3948887322395756,0.36752828492474066,2.1212205268413227,0.5360853329264033,0.829777346404361,0.6109916346055249,0.8386538486844278,1.0663257753289637,0.0005885948823752545,0.005830596538037376,0.0002225117675238797,0.06716134048353727,0.02453228441811057,0.9434475643653387,9.43178742844259e-06,0.7307596557494944,8.238301131101256,3.50863406643287,109.13916744664309,0.6573922517572554,0.6784596255659499,17.761718944922777,28.74814988561993
0.32970065225897977,0.06767470254554318,10.947604732369824,0.010440280065892966,0.0073245918974430635,445.9326739227274,20385.306786753074,6.4818050082741285,20.355258431664947,0.3456460396932568,0.39779867275225805,0.36710283001328436,2.1136756374786385,0.5399755990523447,0.8301329608188122,0.6101420082747337,0.8308962549301545,1.0672691240766887,0.0005881798224110057,0.005868011700826042,0.000221749924713956,0.06696401634485417,0.024476280724781262,0.9467130730107018,7.706256467797903e-05,0.724960361691854,8.169657755069196,3.472779716050399,111.2052430135218,0.6599452614549913,0.6802568716444395,17.81187116450108,28.71582804100148
0.32996965524733296,0.0676754963581048,10.899477947723305,0.010373567316861204,0.007336079050327681,443.99690830162075,20272.652276849723,6.4136342593908715,20.524900356555438,0.3441674615076706,0.39839934395795606,0.36764127652687334,2.11729801074854,0.5442249556644497,0.8293033785105717,0.6110644777678566,0.83175217471466,1.0645374459093746,0.0005897353853593478,0.005866387633092057,0.00022261286208848777,0.06733697399988561,0.02431335052070441,0.9491000256415222,5.524754442972543e-05,0.7359748692884399,8.141582419088124,3.457596979323677,109.45688150298648,0.6568833864759483,0.6859895649514759,17.79127725672688,28.918866103467348
0.3293933246398016,0.06757658978093999,10.940873231942428,0.010401941430500628,0.007274216519435769,443.59586950182495,20281.84181371644,6.399298864408286,20.650711514650876,0.34537459149529126,0.40107148180045077,0.3693892870083851,2.1257221178409895,0.5445529378466492,0.8358765190655267,0.6076108944191296,0.8340445582831892,1.0627596840577755,0.000588374803539946,0.005815038820648157,0.0002230920335233103,0.06768953694200297,0.024539078197727587,0.9432162660370867,0.0001362933008493701,0.7360302228667777,8.151683624170865,3.483767237764402,108.24641994219391,0.6522233740836689,0.6875907697511328,17.784079738852913,29.281200881707036
0.3322718705859348,0.06697841974070705,10.905533832510121,0.010379730037961192,0.0072606769135860685,439.54677835938435,20429.17297458264,6.388687633173216,20.567646857961382,0.34716407844303016,0.4052821781821815,0.3663324592920427,2.1166796869241127,0.5396710813981256,0.8357654536314206,0.6068054974264593,0.8407569337219882,1.0612291627954686,0.0005892789958995464,0.005842241636253539,0.00022370972290029352,0.06739833386605557,0.02456979697421259,0.939807967592581,6.0322671235879944e-05,0.7334579593752218,8.093835154679889,3.428989659396116,108.32664028544865,0.6539933187310588,0.6850606319309283,17.773637657456273,29.231467322140105
0.3324600306743801,0.06586378771171687,10.999020162299894,0.010398892588021536,0.00727963740032331,438.7533076563725,20389.691137837122,6.431154769174723,20.52185981387125,0.343239233747751,0.40540298787815576,0.3663167846592245,2.108928541801463,0.5390916680512106,0.834240243198784,0.6072939105061314,0.8464524644126639,1.0600021182361234,0.0005916075840855819,0.005756116818852053,0.00022357240055384433,0.06722353411762262,0.024466781402896452,0.932554728529904,4.3726213280869685e-05,0.7297221588401683,8.043241536226347,3.413580423886942,107.09633842168152,0.6581287977703075,0.6874922629250588,17.642228991373237,29.476311282496606
0.3355132675017836,0.066016958412482,10.959495179898301,0.010404113389589005,0.0072461347549697235,437.73008140210163,20509.36443471256,6.479871173016281,20.40750464213775,0.346228323080479,0.4061637531721187,0.3667523948053547,2.1038327650027964,0.5417149978745001,0.8329918825919749,0.6043271557527202,0.8451263091218169,1.068155243685068,0.0005880081611562313,0.005709520270543388,0.00022312393141763712,0.06768306357384532,0.02447240188911575,0.9321520922736786,0.00011958503361117268,0.7401977526570223,8.035259790584123,3.3957412260552218,106.92228714988047,0.653270144340182,0.6878252852767731,17.545685921992863,29.107388499124525
0.33697402684589,0.06573269830666985,10.9366165967976,0.010430808820548332,0.007237492842998799,441.2081681070619,20621.91013036292,6.498523498273652,20.373406035694266,0.3485787365017198,0.4080511484623379,0.3663827220430056,2.089925407765601,0.5440384497659284,0.8402670338056375,0.6103787446422706,0.8500885542727417,1.0597939210766434,0.0005862108756847983,0.005698335354569156,0.00022321024908044618,0.06709172379897872,0.024180295355078655,0.9285749444861465,8.046601506398443e-05,0.7378764405200017,8.020780351411112,3.3604343571390065,105.73109502352123,0.6513515780431358,0.6854368800991991,17.50216011879924,29.201979394567765
0.33594912638212404,0.065516085545767,10.939928261229676,0.010391930466402447,0.007148386084182101,437.6187079036,20555.616848959988,6.489682953866336,20.385522580311356,0.34789700068466795,0.4087203606363154,0.36704594115020056,2.100928811851128,0.5415401719070397,0.8457103644977929,0.6097895005792456,0.8444678565867783,1.0616304159525134,0.000583834107928347,0.0056926329931991995,0.00022325963591348128,0.06638563967791249,0.024167561902436657,0.9236218141206096,4.602022323487386e-06,0.7433875992222237,7.9613777179241,3.3820546172124555,104.74595725141666,0.6515173207956168,0.679024484610039,17.53405570875718,29.00413723797076
0.3377444887827808,0.06625196308206323,10.882466165876867,0.01031587101630502,0.007084889917001296,438.268151912856,20767.005053648878,6.515841746537432,20.417246587772677,0.3472042235882314,0.41165958448448053,0.36764152828785407,2.097166484089062,0.539937035388564,0.844767556845775,0.6089372158596957,0.8375280240270471,1.0665707878824744,0.0005869985122283659,0.005703918435554645,0.00022451013577450284,0.06675236560940882,0.024320850766746133,0.9291157526882726,2.902600300592114e-05,0.7419798517299293,7.971062862118689,3.390780865466916,106.2062355353619,0.6589604768739633,0.6785506866304787,17.44491224683717,29.1069323587542
0.33765077880497,0.06677055056640532,10.963945980083952,0.01030729180086967,0.007050148951869428,438.2427747239552,20703.01663132358,6.523607745723528,20.459343146863944,0.3468362449988676,0.41307653991223303,0.36708245338622675,2.1043996763137605,0.539600176238748,0.8395685756070068,0.6054362857148112,0.835960628088814,1.0650165387262973,0.0005913453073262689,0.005692104324902204,0.00022508786065659692,0.06678868145973914,0.024407747514069048,0.9305112510571356,9.048317370716282e-05,0.7377301086118337,8.028232183633728,3.347286340725283,106.39501554692296,0.6553331229141733,0.6774281477057942,17.361866128394492,28.817936075738146
0.3363743583355428,0.06683283677043805,10.95222207995052,0.010278234521263288,0.00697070069787238,436.31822417416566,20717.014913500403,6.49757211493657,20.514025671563545,0.3441800128578468,0.41510081522094067,0.3654882824641222,2.107840360602943,0.5401149880740435,0.8372148053045803,0.6050617607922232,0.8292612157541128,1.0630136383927016,0.0005918600925184006,0.005668031861746942,0.00022476183602139314,0.06672361731515498,0.024350954270659943,0.9296397560836036,5.5749078777728635e-05,0.7423299783071382,8.03115961337611,3.3367546276563953,104.57580960372076,0.6527061584237622,0.6791206665989652,17.465269730996734,28.88031232752902
0.3361486436608735,0.06693698831645274,11.024406535255203,0.010312113300168317,0.0070169256122316215,438.00138749709976,20834.781585191064,6.49345524090836,20.439135972099972,0.3451049470001692,0.41493668265726663,0.36452713110745544,2.1081249943652813,0.5383139201404986,0.8373080050601805,0.6057898890057483,0.8256356623884069,1.0726337810759528,0.0005965821862166917,0.005662439484425308,0.0002251378163604813,0.06652036004776818,0.024313059543040173,0.9306538385453423,2.120984584011758e-05,0.7501347158990281,8.063738409834157,3.3442491422665057,106.69462690541252,0.6496877163214576,0.6850075886855438,17.35903617902623,28.73567782425403
0.3375462779601923,0.06625967989073187,10.842816279630954,0.010310903985833213,0.007072056643797797,438.7583010576623,20994.469558435878,6.4670043168200575,20.357658836486518,0.34341754596668017,0.4151323044102709,0.3651029907397701,2.124733631293092,0.5366210120610312,0.8388970080023013,0.6059154554548069,0.8197996333547649,1.0697678782658941,0.0005940012501405764,0.005601213217511572,0.00022749778293178321,0.06720890000351766,0.024681389357606148,0.9318656011638338,1.042998867694206e-05,0.7502831650003985,8.042325987806864,3.348462776192184,106.06842593513336,0.6495452122834208,0.6829618141129328,17.407750800423102,28.56613259585647
0.33786335188995176,0.06672498071310635,10.809602898546316,0.010287431192675231,0.006981554857849136,439.2641695939924,21016.631215564565,6.448638545672866,20.250575422532275,0.34045269424901314,0.4156580811570924,0.3660931112342893,2.1271663815717754,0.5352741883637739,0.8389541104506538,0.6040468460090109,0.8196319133285824,1.0658253643806492,0.000594970774903552,0.005596008592062769,0.00022551927078264948,0.06743192741079515,0.02457881069556308,0.9360213296196451,4.167479620324978e-06,0.7545760023907832,7.996130402746679,3.382324055921671,106.16330433309223,0.6498658716726826,0.6770282311973778,17.44872697896358,28.524600160842265
0.3386735424535501,0.06809830437213935,10.892362515294016,0.010234466182648968,0.0070068209724599715,438.6047445934418,21104.010746633612,6.414248104636886,20.150126547677086,0.3404325371485629,0.41525043307259646,0.3625840657759859,2.1323664261234896,0.5367711745839927,0.838986902397828,0.6064196207722363,0.8185363336448275,1.0717887458739404,0.0005937706970373815,0.005644362537768633,0.00022567062968502997,0.06742038926811185,0.024774008018959248,0.9385628610403507,3.2822121760869716e-05,0.7568422896181918,7.960639887241895,3.4078799936292885,106.05165238817116,0.6572709640220434,0.673804585738795,17.48003460664274,28.578197276465865
0.33756595645013443,0.06833516270538732,10.856216646226917,0.010237806971002671,0.0069548044958537315,434.3424029272099,21078.063667554332,6.401160553946005,19.972788900280957,0.3412801503593821,0.41523752809332765,0.36233351206699344,2.144199047593656,0.5352095788793109,0.8378175250556968,0.5994774286705662,0.8207613142227411,1.0703508530380224,0.000596649040979244,0.005650667500516529,0.00022556205224310045,0.0674884654146983,0.024788254397135986,0.9407955560021554,0.00011884922753091581,0.7582542862355328,7.958137441525584,3.3780117212922676,106.06175405860019,0.6618019709006318,0.6761726397717068,17.43751116563821,28.55793898493408
0.34056413374546773,0.06899807634921191,10.844268784185024,0.010133241246560315,0.00694156872421375,435.62902197376974,21116.389361554222,6.390004351974686,20.00358814449172,0.3428893533015332,0.4147755509937547,0.36031198679398785,2.1492494499773818,0.5319925110441306,0.8378885933316015,0.5987580374886862,0.8200398922213672,1.070484022040507,0.0005961060087942453,0.005680356006355937,0.00022426993812071604,0.06759776523854501,0.024794655555499492,0.9381511331225288,3.567793770853157e-05,0.7630259715231522,7.920085735972245,3.357398518879406,106.05617169661993,0.6642414156587143,0.6757490296342473,17.496698757496883,28.59550259018287
0.34195983383261447,0.06949078222791355,10.888043359306609,0.0101022542333904,0.006849612712005571,436.584316501462,21166.17310281054,6.37914413182521,20.177109402764184,0.342891564959368,0.4127307631844265,0.3582784317553827,2.155941482078924,0.5367481884600408,0.8404363864875821,0.6014741531742009,0.8166794318050034,1.0628312488281177,0.0005964664143016586,0.005722586996012713,0.00022419225330431753,0.06783366870409337,0.024813576329682965,0.9331206107833725,3.0702716420296004e-05,0.7573866425499441,7.95272070715009,3.3577853658473473,106.5183568461868,0.6658927954530516,0.677929771214563,17.54309235161012,28.436656457204162
0.34199834640567356,0.06962323279093949,10.934291078287053,0.010101518630594115,0.0067689935764078555,435.2611195778182,21119.521126010473,6.359711277395558,20.01317611263501,0.34154674599281226,0.4147699177919091,0.3547652154167658,2.1631206605419466,0.5396777716413428,0.8418508553478832,0.6038242334892439,0.8137606764975849,1.0657629089199485,0.0005972775287743251,0.005732613274883566,0.00022444159851762622,0.06780109771611474,0.0245882556279002,0.9460478021830468,0.00013644345244640926,0.7565984736177647,7.99380429372275,3.3601442282220373,105.88948788285596,0.6644515712171507,0.6829652579516863,17.57092596605613,28.595351466684114
0.34276370121318633,0.06936696761200994,10.9556492800264,0.01012050862710702,0.006739447859212734,435.13184628028284,21107.16075398164,6.327177953547133,19.86422729594197,0.34229947027528873,0.41255181588033707,0.3560256776204313,2.170347843890686,0.5367773398984036,0.8484206904459484,0.6025153613476208,0.8124324650337114,1.0603411648918155,0.0005993791396726464,0.005735570273340499,0.0002252481744321658,0.0683855826830264,0.024570926935061996,0.9458320291123963,1.4061404844205143e-05,0.7575726011139347,7.971148428680988,3.3527150073612066,105.58929781107886,0.6666977095945578,0.6831436165357094,17.570701228516487,28.626297292777156
0.34451193645585465,0.06910277702565282,11.087600474714694,0.010061046509403409,0.006691427508092507,436.62213351552987,21034.249178606704,6.353352160708073,19.973365753953917,0.34088961203983226,0.4119579364005704,0.3606656881437813,2.1786416907856245,0.5368189552267552,0.8457437878756575,0.5985140749607595,0.7996934292865926,1.0603501632865648,0.0006011700662197323,0.005759209432553619,0.00022561171337006898,0.06834907152818882,0.024441202915417286,0.9501717272664633,4.778230077447541e-06,0.7587640462192095,7.984063085569922,3.3764513691322144,102.87038015030049,0.6690105825697379,0.6771104268575637,17.429286140262313,28.578254445353515
0.3440297125741869,0.06934642340070087,11.12153540024283,0.010059843712699476,0.006663860079959874,434.429485821259,20953.799089279913,6.339121828986997,19.936193592004553,0.3416983870579345,0.40870741368275737,0.36022489110758726,2.1708909336209365,0.5403679321086887,0.8448943366547722,0.6051059916800674,0.8067659378667328,1.0649189580209348,0.0006007960758551789,0.005761547972350563,0.00022723271800431395,0.068241194187644,0.02447495466170941,0.9461010337332987,6.297496863922961e-05,0.7580039559995307,8.038094272608712,3.381204460604499,103.90033533281346,0.6777644651250583,0.6786087144990628,17.541572590116893,28.887503762567786
0.34419624520591907,0.06889822202395682,11.117940863533857,0.010030891119839945,0.006631581092834864,436.8205154846737,20813.10036757148,6.325694926224281,19.885685467009214,0.3426918373154914,0.40756070855481547,0.3592806053327933,2.1632888127944665,0.5398484636979269,0.8426614464880824,0.602208021472547,0.8057020464264683,1.0635608809697783,0.0005951469709680745,0.005725409790214415,0.00022650723817055872,0.06794222121204666,0.024488514036113483,0.9490303844244311,4.1637654001930866e-05,0.7575202680252667,7.997401267118033,3.3690863871888515,104.4243441299429,0.6769323125263302,0.6744863616687109,17.587698242919426,28.763899586363234
0.3445159178912968,0.06931798245414596,11.081996237305448,0.010054487214631437,0.0066173908536495485,440.71029694593096,20727.05712494202,6.3386481318733106,19.963019773007513,0.3408200682433376,0.40317753217924324,0.35934614533452236,2.1572289983990705,0.5363285712492168,0.839309522465383,0.599053807849044,0.8115108949698102,1.0517295618730027,0.0005902769551112487,0.005705254801575086,0.00022699042488728737,0.06874355659982324,0.02440040080733541,0.9471372722153396,5.245842445081581e-05,0.7596598960881591,8.048191720000938,3.379760846689565,105.74131040409083,0.6816448866228038,0.6821663293247927,17.557286370502332,28.58899143424071
0.3459851772773937,0.06907867052308161,11.062873333635492,0.010021429863831918,0.00662105378360945,440.4062589634598,20606.860913826215,6.349107498707172,19.96612293934644,0.33782642249579836,0.40390233148876054,0.35898226763859015,2.135073063246482,0.534194576805664,0.8400438030224344,0.5933111671014001,0.8134239535087897,1.0500034246745833,0.0005844634079377752,0.005716234684649007,0.00022694504870811002,0.06929439134616025,0.02432609763690192,0.9484541043737443,3.976264091767421e-05,0.762560487211286,7.994274770523219,3.3834071347217947,105.5002129699296,0.6842809786620139,0.6784001285754386,17.56437021596706,28.65150207116027
0.3461627645997722,0.06930505098940777,11.109995223320626,0.010053148749701037,0.006518009445576983,442.5079558285645,20652.02109352886,6.389792009285042,19.77626191091317,0.33884879723624656,0.40363136771064145,0.3630087045211765,2.142271754608105,0.5311339795224927,0.8403825694982506,0.5908625833192703,0.8042757752188586,1.0502365632443993,0.0005801607730213295,0.005684054069791636,0.0002278695769093302,0.06958093223256405,0.024207048106616044,0.9494201452346359,6.309191963090169e-05,0.7709331629911947,7.980329819285316,3.3942463190248016,103.96199085196909,0.6796103571210818,0.6790753291430399,17.58912038382724,28.663140635684726
0.3482022682173175,0.06950375023041432,11.069547156476505,0.010157374396894472,0.006537431327908058,444.2339273789251,20715.92647144392,6.366366622230782,19.581353250918895,0.3377407034293268,0.4032698342808674,0.3623395246839386,2.1435201280349423,0.5320460068570397,0.8369623769430182,0.5929972339703005,0.8063591996176854,1.0567452151715833,0.0005789397117686248,0.005702038655596636,0.00022929403423745413,0.07020647682873885,0.024348951387437815,0.953075592018433,6.8650603879239e-05,0.7623483760365817,7.972298696579006,3.391586733147401,102.2790199483775,0.6777838071294281,0.6765084551610401,17.737840986241313,28.90488000196765
0.34708087143629945,0.06961453170970985,11.055876137040087,0.010179738395459239,0.006476291110757832,440.567049130032,20713.45125381647,6.362830636975278,19.557010300559902,0.3399078536878904,0.4016876536587088,0.3628425411784921,2.1359912189476646,0.535706280789631,0.8358566650784521,0.595085869216021,0.8066737417489159,1.0496072322501147,0.0005754332129144981,0.0056605367575735845,0.00023256018038819183,0.0707949593925652,0.02422844835269935,0.9529789922989687,6.0257486124987516e-05,0.7711188845813036,7.93839288424339,3.4087796218134194,102.93108027980706,0.6784626446887778,0.6765408427719936,17.789541758559913,28.953974599200166
0.3476917440781213,0.06966258286547684,10.997251136417903,0.010213904521833045,0.0064191414545753936,438.3383280069023,20877.604060642792,6.3847977583423,19.561089505471593,0.33845610720607,0.3989139776274,0.3628898239455588,2.1332555707860488,0.536543314338375,0.8421871888207161,0.5981248482721655,0.8023118270866882,1.0493661468490745,0.0005738263617391231,0.005638789828753976,0.00023205381299520135,0.0706410785381571,0.024324151804562218,0.9525823443752259,7.418995863790319e-06,0.7657455321083185,7.913663049525705,3.405339850885998,100.5264737156455,0.6737032549726979,0.6765678922708406,17.829539354053416,29.095071900878267
0.34728139124295,0.06952903564079455,10.88634535753592,0.01020054822358042,0.006373442478159955,437.74209817424656,20901.018319478964,6.391675556135339,19.463758863223003,0.3376604434388944,0.392065972088411,0.3620198622524142,2.135956008355446,0.5395895948700818,0.8385820915443698,0.5960151268118633,0.7913120514726165,1.0534859032765362,0.0005708251939432607,0.005664139413034303,0.0002314828499092663,0.07010981851636319,0.024143600701039703,0.9539337711121172,9.78695195736882e-06,0.7663526059284302,7.933001668637323,3.3908048608608987,101.62601323527818,0.6724606355364232,0.6694907292812243,17.89377763625955,29.191595920737093
0.3485684141910222,0.06904557562867611,10.827597316203384,0.010220792580190648,0.006410259775684117,437.5066484306183,20894.92334962725,6.3305811477914,19.637391351189894,0.33415869387763236,0.39360386892453697,0.36109781830861987,2.139366547182905,0.5390800900882371,0.8388821678999113,0.592889518773662,0.7915927934322018,1.056466475890041,0.0005683071008433966,0.005649509805908237,0.00023261220492609458,0.06989855301696803,0.024018722600656798,0.9533833241873636,0.00018801244065671813,0.7704295414999813,7.914258419785567,3.3585966594752246,101.51259113033103,0.6744994802918628,0.6699559552024804,17.945679819906232,29.22482066313412
0.34994687768190175,0.0691245022282458,10.815360677496885,0.010275630610827424,0.006385371792728176,437.9082485841931,20862.427389830624,6.305713637429452,19.67859797812162,0.3345860464235732,0.3906170699070372,0.36229640333789964,2.143646743228144,0.5450840872458629,0.8387505215819114,0.5935150334660687,0.7838944202383186,1.0559375712159114,0.0005707178705874679,0.005666036543187471,0.00023271728249237952,0.07000738188457371,0.023855558238508445,0.9517490613108995,0.00017429004541127482,0.771231524705059,7.901812245109951,3.351686049553452,101.24750258337279,0.6758626651034613,0.6673750383814825,17.930798885901027,29.0712287945841
0.35096184621315896,0.06850559573533999,10.760585662733495,0.01027652210236536,0.006310452604419758,437.562252353356,20764.71817182928,6.300270627316358,19.742399794210005,0.32949021099766557,0.38927834647293114,0.36308070159596073,2.1561467274242756,0.5409846988990541,0.8352320291656781,0.5960882579261388,0.785671592205771,1.0525600854762354,0.0005748184920179473,0.0056091262721687666,0.00023170917027724266,0.06973829327367423,0.02387508586620465,0.9484724470456137,2.3951497852483876e-05,0.7699466127805723,7.939626823551377,3.326521585299641,100.08224181728622,0.672212939621292,0.6715917849454301,17.896218215594224,28.98475397943851
0.351640712355047,0.06821387604364865,10.81277389152626,0.010248220001081196,0.0063420078154929685,437.8453824598827,20874.454336125214,6.328878470229955,19.785719071570814,0.3283815015951485,0.385635204058717,0.36488590557828554,2.1517383818588143,0.5365953254210082,0.8410733600142871,0.5960968809487398,0.7845767876422323,1.0545923687274967,0.0005729058271193237,0.005619258224201158,0.00023261698640078047,0.06951969282178021,0.02407705407268744,0.9530958028760766,0.00013572488034400493,0.7742023742181822,7.890714126813584,3.2905002080088135,101.05421594584273,0.6774936474662945,0.6730416079495003,17.891192884029678,28.89628183675375
0.35101319199012915,0.06827564894318103,10.776310473502233,0.01023140046824321,0.006363097344328706,435.74438728286395,20896.913411998783,6.288422071409699,19.865144935498904,0.32862213168878246,0.38618700712951853,0.3632900480639642,2.1417595645927396,0.5347056128187504,0.8421037006719443,0.5995367800104461,0.778434603331333,1.0609693047793036,0.0005763208365952564,0.005641115908941717,0.0002319728260834621,0.06940095589329626,0.023999165851458098,0.9510193374111903,7.611836070815838e-05,0.7702660495704678,7.909006941163693,3.278210411789418,101.22062344242553,0.6788741103171833,0.6775639541408338,17.82009196901251,28.902839193850138
0.34985119835286277,0.06822444699943724,10.73155006451876,0.010342801963283563,0.0063336139128356535,437.21262519801667,21055.761901948827,6.307927847984358,19.809661352445556,0.3243161703751844,0.38641758238923285,0.36406943263358155,2.150802773770654,0.5388293730007155,0.8452797852965495,0.5993296709204997,0.7767232060208588,1.061556064179336,0.0005759430305917555,0.005604997208781445,0.00023169442099853254,0.06962172474569048,0.024102818315806067,0.9496945925703659,0.0001342769139954019,0.7699782120204148,7.92422369038763,3.2425209080408184,101.18600582953722,0.6817896399983788,0.6815751772873005,17.818910060006832,28.864418035559133
0.3483055616954439,0.06874274156941174,10.773509093934194,0.010373329867596969,0.006395350623118167,439.964584140049,20887.99052944707,6.25165738974404,19.761581219015323,0.32585366556942624,0.3863584271768324,0.36525773763626784,2.1373581997907833,0.5376224775155509,0.846702530490893,0.5976040079113479,0.7688027250822754,1.057010498057406,0.0005765450351540387,0.005629741787611607,0.00023187183366802982,0.06986469486766916,0.024246845496367714,0.9488059210066628,9.707035167323897e-05,0.775353821004119,7.95831918487642,3.2305761649197366,101.15964202130733,0.6779610341752524,0.6823345553925897,17.73584710609447,28.84871395866089
0.3522911690808576,0.06935135562145803,10.823686249605746,0.010434655362524147,0.006374620108497621,442.0323142127119,20980.439233314803,6.261684880895458,19.621301335876176,0.32447311008540697,0.3880841325828774,0.3639611497526353,2.1467793114481823,0.5404052698291516,0.844714945956461,0.5976075131014953,0.7758484810658696,1.05375461232759,0.0005823237915903943,0.0055872619769044675,0.0002313294822117929,0.0698495052782485,0.024462180708018484,0.9480648328320918,8.792489079568198e-05,0.7850919916312926,7.968295343867879,3.2078161415633377,100.74670487132823,0.6776078716181486,0.6760395877820131,17.70212012566347,28.733294831283057
0.35270691730103043,0.06903385059164659,10.87641985841316,0.010453278997825399,0.006381823835923688,442.63827503100975,20997.044700799775,6.279068505297008,19.6784538072837,0.31983697638699,0.3909437017965166,0.36611275638344987,2.156622728519098,0.5381466050710554,0.8415083587779122,0.5994615695001271,0.7739381667043446,1.0543870620488562,0.0005828801713739434,0.005564156347096677,0.0002326131824781935,0.06996038925462353,0.024527563194035283,0.9415814413598254,0.0002838355784711628,0.7798579566250939,7.995155517500501,3.2054122649695342,100.38499530231248,0.6746097208190923,0.679123400023408,17.599329453603403,28.831332679804206
0.3524431168108041,0.06910506676693261,10.950468346532087,0.010445088239043077,0.006328501743181966,442.4129691362748,21060.790762316432,6.2690527956622875,19.634352262107825,0.31698054630262024,0.39175310090676685,0.36373289347758525,2.1544212842852652,0.5399086015140526,0.8400791497343931,0.6001419888157734,0.7759614370546977,1.0614924421936403,0.00058456172347532,0.00554071524880414,0.00023410682212643324,0.06982362423366933,0.02439831378611074,0.9480790320982935,0.00034928799006391404,0.7837944046726916,7.991489869749869,3.2155984774806154,100.52286400614265,0.6800645813708034,0.678011112248738,17.51248997774771,28.934384990857456
0.3513662435368674,0.06934947876362542,10.98123153819655,0.010390643312124328,0.0063197936698130225,441.9900296345477,21101.878434361945,6.244098537329128,19.502888420863627,0.31814393782604233,0.3955978777756475,0.3645661276859595,2.1461682630515977,0.5407977894073737,0.8430634908042121,0.5988230218683036,0.7719134638334454,1.0552713912870475,0.0005851642781762061,0.005528561342897705,0.00023511958870817362,0.06944500724036898,0.024528653767799762,0.9512532208012712,4.3835352853250026e-05,0.7951692305782145,7.984564305738323,3.1837671653288706,101.5553636998105,0.6779602713443965,0.6764879508836116,17.52698531954049,29.153713408061883
0.352207531844568,0.06915297813150553,10.940917172378832,0.010280685532540981,0.0062779049307927735,442.6790326437099,21035.158161331605,6.236625707346307,19.628141547341485,0.31971027742164876,0.39534856041496647,0.3615572560240481,2.151022377261941,0.5371029600826046,0.8431452095799108,0.5976336359580653,0.7711164749568403,1.0561914672484503,0.0005839229002763436,0.005518441079953253,0.00023431295016263754,0.06930755030340631,0.024722787273654994,0.9539768276050811,0.00031036509952848046,0.7929254936237924,8.013520156472875,3.1663561781844067,101.8960043144974,0.6818628424655258,0.6777406542510009,17.616169540306352,29.06473535890972
0.353175486436132,0.06931247026497182,10.933352799050423,0.010190492428562153,0.006262660734627102,440.01747940827784,21079.158814184513,6.264438642983263,19.483599648497833,0.31888378339690243,0.393377469324447,0.3615885293355702,2.151944406622409,0.5343700769582338,0.8425527559111946,0.6009425034988772,0.7720205249541878,1.0575993109057644,0.0005802095950475509,0.005523464606200894,0.00023421021583385895,0.0693367380914791,0.024361857420471374,0.9594779842743117,0.0002791972109117515,0.7890353046673417,8.011910543661157,3.1632009418347646,103.16261514714796,0.6763416722716703,0.681395620969933,17.742631731535866,28.79038383940736
0.354593742997811,0.06918482619123123,10.868239188575593,0.010221984196975642,0.006345908067784499,444.23597095119044,21139.872338488396,6.294564227665205,19.477575643084094,0.31717931319265924,0.3959867426247928,0.3617993758256274,2.158463005068412,0.5327364756262761,0.8402665251139743,0.6013044148805099,0.7759773145426333,1.060748041655599,0.0005795131235058713,0.005528369646631188,0.00023323556872995136,0.06893335391032845,0.024350818484417978,0.9496495572864623,0.000374922167117944,0.7912280982753654,8.049076806457991,3.175993418223393,103.5169867223002,0.6735545461255613,0.6819345351351672,17.86283705428184,28.78030066947233
0.3550341354074208,0.0686215041017696,10.79325023014228,0.010290217858767632,0.0064019580499689015,446.9991637690081,21167.680850296736,6.313540136330966,19.650787206719254,0.3145734700734029,0.3964289675411904,0.3615304936039832,2.1651275959010965,0.5349691801043596,0.8351286651740062,0.5992705970304147,0.7642137642873145,1.048647108530527,0.0005804954212554643,0.005594216703419928,0.00023290153005557946,0.06917074299209516,0.024368906991352735,0.9450248388137317,4.085244127668454e-05,0.7897312183540308,8.104857250108338,3.19770907273973,102.27751616605565,0.6776954962872274,0.6829598434865468,17.942152054757383,28.598385990543303
0.3557400223709953,0.06816985271644799,10.75126880149084,0.010315217416769782,0.006414492133011613,452.2980672242663,21103.83533636401,6.3591722939564175,19.699411469500458,0.3137492374598508,0.3975740636777644,0.36145032132609184,2.1510899782671546,0.5330884961464474,0.8373289792955549,0.5956395704027354,0.7644783048287146,1.0437204163693927,0.0005807605611469019,0.00555977556991995,0.00023236617043254987,0.06943346535262927,0.02453783554659349,0.9512062149878381,0.0001914603757879396,0.7931784329143605,8.090560096925843,3.185251518517101,103.36334833988315,0.6740392674676988,0.6856635820166644,17.911143133892352,28.651004492984626
0.3510631060401164,0.06830767288205945,10.721362661472023,0.010199200683902421,0.006281748481748125,452.4523873481313,21149.595371091746,6.327860892120833,19.7491145026146,0.312783379353801,0.3977217552390448,0.3608361555392895,2.1680126540048694,0.5290748729212589,0.8349587024305434,0.5927565928559225,0.7710911152950775,1.0377956669863526,0.0005816607128542449,0.0055787039176613306,0.0002326147567929032,0.06937965656874308,0.024708476493234925,0.9440124364280772,2.2255367157138076e-05,0.7986800803585989,8.044157072351187,3.2046176387338847,103.67039126483901,0.6721871128691497,0.6891379838886319,17.985187774600192,28.562874604803763
0.3520492639455998,0.06864773585533263,10.86243567119197,0.010156049285028787,0.006289949774230874,452.0540810129906,21244.764487109544,6.344938011800823,19.74116160718673,0.31482082513993415,0.40064764367216066,0.35882948456091,2.1638177425910223,0.5303468903368523,0.8314827480554273,0.5924453346977573,0.7707815983706726,1.036777576733511,0.0005875179706524703,0.005584552694313279,0.0002311065760510503,0.0684054884666559,0.024410971339390013,0.9479069197738271,0.00012319876475801506,0.7946927382762289,8.0190731368499,3.182762192785697,105.27270706484447,0.6716583073336244,0.6886676032908158,17.978633328977953,28.500228555320515
0.35345081548114093,0.06857132156992941,10.941455110152605,0.010100282270526862,0.00630971898493979,453.9912359714646,21234.126309361323,6.403938267762603,19.841618551437204,0.3140980223687485,0.39985333979830645,0.3588758051837624,2.154498176774887,0.5285940244019265,0.8328132079034096,0.5926911708190624,0.7730804450839861,1.0415291435631315,0.0005870940694112411,0.005586559132574327,0.00022911004696828092,0.06854887149588415,0.02414665467105173,0.9502761168358254,1.4094051512912186e-06,0.7979275047588055,7.986203034997113,3.1807652643404487,105.81660450693737,0.6680999577429817,0.6916740146104561,17.947515773690583,28.370070714707477
0.3536933717518281,0.06858497004516473,10.948359823391257,0.010104081313823827,0.0063187155478368565,455.47524380076806,21185.38690458367,6.416130200484214,19.670469944290414,0.31615585488825776,0.3979510834831468,0.35378547702415325,2.15148724691356,0.5310310659358572,0.8290661592541695,0.5931788078829133,0.766077600810793,1.0403210386820914,0.0005860633918302711,0.0056226372387434475,0.00022894419763964355,0.0684006529808087,0.024201921744930882,0.9538487568673963,1.4458109522714648e-05,0.8022451438270315,7.96196685690744,3.1538940134968034,105.53221371486627,0.6712685236130992,0.6902213613826117,17.846012708465572,28.458841897016654
0.3554647036851548,0.06901769229381477,10.880659723588355,0.01007551021157553,0.0062122642585101815,454.47742600693175,21297.018626184887,6.3868557675781,19.785151488321844,0.3165388641657147,0.3995497979876734,0.3520689532057834,2.1589629016614595,0.5261311935073796,0.8346073948593891,0.5933161355874386,0.7602517247548202,1.0383259029157312,0.0005838864732861246,0.005611276489504382,0.0002280806462328411,0.06825753048479165,0.023955552203673347,0.9547820039130187,0.00011560477492413343,0.7981309673206402,7.945602488006925,3.169087107412986,106.66404648148594,0.6772160185519803,0.6906047528585786,17.87246996469605,28.54360267669358
0.35518604480036714,0.06880527407760682,10.879305205662456,0.01009936500122262,0.006200490884529177,457.0948904207117,21513.972805167312,6.376186259981013,20.00287964851758,0.3151474647745031,0.3970971319331731,0.35150479765629905,2.1623255254709224,0.5255879023926961,0.826317544109756,0.5946595911531589,0.7648276247054722,1.045028534874481,0.0005858345683695287,0.005598310326647915,0.0002269114265720007,0.06783161186745992,0.023897416983917407,0.9637094243137072,6.538667237942166e-05,0.8063237029099473,7.920080241448214,3.162024400616733,106.9023345560587,0.6737134980958666,0.6920957993281468,17.86726853516541,28.39191546274567
0.35309440993073915,0.06829851623471797,10.737801413951313,0.010108901438332402,0.006185390662873839,461.4201284560697,21540.419421366732,6.335817837552003,19.99521134141076,0.3146625219775661,0.3973691376106913,0.34604031667289553,2.1500761079228035,0.5234213800650415,0.8257068220786997,0.5956410085313667,0.7630469608299982,1.0444711532102569,0.0005885307027852791,0.0055546948714476,0.00022635424536890383,0.06811378628661295,0.023702537263169593,0.9551155856943229,6.137627183593518e-05,0.8068474235315575,7.920776879168291,3.1430825579720665,108.0168381955564,0.6690004422003565,0.6908399268092132,17.824456291116064,28.352215080566005
0.3549333449902267,0.06785262921889966,10.766095693691062,0.010074168765272238,0.00610296921514569,463.7750624382537,21317.11641681262,6.332738298636916,20.021312973663182,0.30929130280508216,0.3987123313390469,0.34303348720492843,2.15082179588979,0.5192493989553789,0.8263435831954706,0.6002984036970654,0.7583970582969088,1.042912446466589,0.0005897239325199228,0.0055576122394682455,0.00022436980445705702,0.06859904820495515,0.023405820381790593,0.9494527237197828,0.00027860002775419174,0.8121277198456665,7.953203606468966,3.105422875901306,106.61237198774042,0.6696137532747182,0.6950391947135965,17.809497177141687,28.29824024065005
0.35481519086998836,0.06765511776603506,10.785195914028197,0.010156046493243484,0.00604424770471626,459.2368104756189,21318.399144445244,6.326870274383096,19.888857747804582,0.30954066271960157,0.3982012292252939,0.3443841639015,2.1496100690459308,0.5237898944857756,0.8276442985539617,0.5989660884587658,0.7578749243257626,1.046407268750491,0.0005924856873422949,0.005621280451336061,0.00022346703199622623,0.06848235086921367,0.02335934789905343,0.9473124632013883,9.738234820941033e-06,0.8199692574760907,8.018532779957743,3.1067123581463147,108.70687741142982,0.664308087275723,0.6873121357694776,17.782596949998098,28.054404560766546
0.3565966126676102,0.06782266494189955,10.788347192371889,0.010149669780254722,0.006065546967349719,462.27355294967026,21213.008949452695,6.2842042077380444,19.80150923080501,0.30713963721053067,0.3957240112607926,0.3456991603477199,2.141786843469529,0.5291903491074883,0.8254312705860957,0.5972842365212139,0.7564899921794699,1.0451745290564713,0.0005967120945334279,0.005586654000846915,0.00022363014021567056,0.06886623401659674,0.023344789532938105,0.9497033527750851,5.352991931610319e-05,0.8208414870290628,8.02736913228316,3.1049861353336445,108.05950773305122,0.6704484353654466,0.6830502064451499,17.78157635055466,28.029775731430416
0.3576555549259617,0.06779652893175098,10.79963837848079,0.010120228605089114,0.006005139923873221,458.2674850680752,21230.299491153684,6.318185401053941,19.766922036827204,0.30511648592527857,0.39405584240986385,0.34162035506159655,2.138175566284484,0.5283564306128476,0.8245222622778553,0.5960606181526887,0.7486570134245684,1.040559452948453,0.000599649805578906,0.005583322858342623,0.00022410504767684665,0.06912774976454795,0.022989774193159992,0.9446651884799988,8.206622755410522e-05,0.8221757251650629,7.999274562288802,3.1033652420405744,109.0684623142853,0.6723862056705885,0.6807948525491392,17.722375827943306,28.196207830610856
0.3573316754472726,0.06764305544806098,10.79677508980854,0.010228551077695838,0.005985819273278521,458.44143992625095,21234.21906524655,6.261900023522806,19.685379029327837,0.30882953382736456,0.39194277750357676,0.3419875358951172,2.129038182783583,0.5252839877381185,0.8257636219573325,0.5942557384766386,0.7470570525776637,1.0359098462177592,0.0006034836030180237,0.005622766148363626,0.00022362897420101963,0.06904367073605924,0.02302982954259655,0.9455045395520638,0.00020035178374389615,0.814580129907802,8.012109810799942,3.1219265525317454,107.9966097844647,0.6703037752595988,0.6834481121768845,17.763776710255456,28.295797139772123
0.3567402403119344,0.06752532358031979,10.828847888318997,0.01025161538364998,0.005942074343696017,458.3429147986718,21287.71431346211,6.217669015536222,19.75815334368754,0.30910805143943987,0.392949491047861,0.34327452741057485,2.1269339928531443,0.5280477896984497,0.8247403987341816,0.5908926601840563,0.7278179715840576,1.0350515916346685,0.0006038963038341727,0.0056134988625752644,0.0002243012074513972,0.06898393071079917,0.02295954246343673,0.9394933953141827,5.526801754579259e-06,0.819286941613181,7.9841733311614265,3.090926370002714,108.02345467972532,0.6671279085793949,0.6836940676200581,17.722336935313507,28.56472043787972
0.3590009667554553,0.06706073136629428,10.788609512272023,0.010181173745730937,0.005980502646194921,455.1506431911254,21323.56412026444,6.217327456897069,19.550743688194355,0.308434174636375,0.39456490250209975,0.3418815218838727,2.1303577273994723,0.5335100387533193,0.8274826530809775,0.5945071246874851,0.7254559289436375,1.0322203781825092,0.0006032261904025238,0.005623819252945752,0.00022360752473440514,0.06880835257734035,0.022857269510274045,0.9379108714663785,0.00016463308271688683,0.8172812554541031,7.998900360579614,3.1268040560820913,108.82977569409223,0.661855384612468,0.68477825747401,17.846083809401065,28.436123466779897
0.36133439682190277,0.06716188717950386,10.677747190033944,0.010188874118785034,0.006010248059464692,452.1232229718852,21433.216762495067,6.151989047375531,19.608262115640343,0.3086688976554659,0.3938970665346566,0.34017622264508485,2.129250521980272,0.5336137848020481,0.8263548612116214,0.5936202168474781,0.7241651501736132,1.02817724809669,0.0006027156669549977,0.005651081719275259,0.00022336479249110164,0.06939925214952104,0.022919738018692168,0.931354083143922,9.322294314114885e-07,0.8219451736445523,8.038229587804642,3.134386585530985,107.97184571839793,0.6592209016132579,0.6814119326700818,17.914385341220953,28.271156436044855
0.365877615251279,0.06739454735328143,10.7038757522877,0.010179933228329673,0.005954080808541548,453.03599291198327,21385.963323664797,6.147435418149795,19.56803675083483,0.3121748982317045,0.39479621344092797,0.3388164969897679,2.146909498602202,0.5334380281983837,0.8255759244961017,0.5951214593646449,0.7295474896712768,1.0230630922277202,0.0006083868965081814,0.005691627999831103,0.00022283329091095437,0.0698533057613075,0.022757677348495143,0.925840265283802,7.499637310444781e-05,0.8225717096265974,8.020767883131812,3.1073887278306858,107.19098294298917,0.6546607982918043,0.6781464368961182,17.864553847026762,28.167684690876023
0.3631623113364799,0.06794521703797442,10.706200612173005,0.010175940471887976,0.005913559730634624,456.18743075736893,21318.711141591324,6.087946363163725,19.649986619798426,0.3111784075251179,0.3970397679538457,0.339092635350622,2.157072426500569,0.5278239469713484,0.8269822118335994,0.5976072675876821,0.735285798250082,1.0239818879527025,0.0006072406800048356,0.005750528735284107,0.0002215748137550221,0.06984179834654082,0.022865099800698504,0.9230013252824804,5.134889202504497e-06,0.8216849778410593,8.037574719347823,3.116553840582277,107.20843929573235,0.6503467207394515,0.6748056373011241,17.940579486716853,28.265411466258893
0.3664892267832877,0.06803693324586099,10.612061784318312,0.01025751999125195,0.005875211183998634,450.45903758271345,21225.165632391872,6.02168308953291,19.746292093286606,0.3107035929532365,0.3953117075124672,0.34125695335658884,2.1633238595053315,0.5266767713379816,0.8225773763686761,0.5972304037184175,0.7332058465160411,1.0248191273644005,0.0006014082243471357,0.005768063707675261,0.0002220250885378788,0.06924328111855041,0.022625551761044815,0.919166189980034,1.902600524629536e-05,0.8270447745083105,8.024660883211272,3.1354446807627054,106.34103609972878,0.6486228320721031,0.677655927018364,18.044720278319136,28.08139944571234
0.36395556505611076,0.06741260368456124,10.57243251647367,0.010343104112261126,0.005874862330960126,448.0580170002625,21265.79207060268,6.001944875788466,19.575991907664275,0.3127262528110723,0.397529606859219,0.33978443984057116,2.155889424628373,0.5290707892739943,0.8305520937443708,0.5963578618416608,0.7380188970143248,1.019258804548544,0.0006020637307087999,0.005787452407626737,0.00022242867622143867,0.06935271524579027,0.02254272174289258,0.9252530764878352,0.00010807041904554799,0.8266135035933262,7.99803685808373,3.123253340695562,106.17646863371932,0.6427467172997677,0.68370260159592,18.092365817045,28.087801177768277
0.36365029880623,0.06836271988042748,10.44767603602497,0.01025621700412907,0.005832133359700694,448.37019566076157,21303.617352440426,5.983698035466987,19.556590350754757,0.3144259693087605,0.3992078534198,0.3416082798621345,2.1488311669995093,0.5282760580604319,0.8281972186678427,0.5958492470588991,0.7391697991053393,1.0197757147041553,0.000605340608181752,0.0058217815366906666,0.00022236085631059934,0.06918034414996396,0.022635515139367988,0.9281718238042191,0.00012423639059209866,0.8279815504958697,8.02417849778251,3.1152744848538862,105.49402676884847,0.6440922251831148,0.6764879598805046,18.206098090758633,28.40091475692336
