0.5888852499595054,0.18303967588841505,24.17695680555982,0.09452518701681212,0.09964114231701708,4716.654631258555,19977.15837663675,6.2837856965766345,22.905445040869665,0.5144867588452298,0.5890263034664974,0.3119354093357937,1.6712239709854821,0.5761083160155347,0.5754183884577027,0.5075934296169158,0.9965423967001753,1.1052922448683444,0.0005341586363452148,0.0054023440910975565,0.00015338806703255826,0.2009472218245796,0.34169056768431094,0.5862815839904517,0.0007818279215388958,0.3024406176026669,0.5173503219112497,0.09770872444223863,154.27097235608707,82.92155742595673
0.5841073150355863,0.18349658456579399,25.393744055339777,0.09687200634714586,0.09761417223596805,4723.709963328719,20038.31269270481,6.295840066329891,23.077952566010058,0.5202008130192686,0.5867579940042145,0.31480457275648627,1.6712062408355524,0.5767349811657936,0.5763656247122536,0.5051001641655941,1.0028083969585897,1.1037617722219375,0.0005387014515354803,0.005355958069090407,0.00015308676839063208,0.20217985593680463,0.3099107298863678,0.5851074496605758,0.003266113733667187,0.30183311669593726,0.5513799068053733,0.09389347237901785,154.09396171675908,83.25345206369676
0.5837932072010975,0.18474660260806344,24.751418244828606,0.09286569648292038,0.09798166290821751,4685.68791866658,20002.041216256453,6.288857706593186,23.486509347578647,0.5206063799968749,0.5878868364065711,0.3137918925756638,1.6709392963674359,0.5780863156154439,0.578913467471866,0.5079293373918513,1.0055295498756776,1.101151571333459,0.0005321960556226965,0.005269944705403732,0.00015448944021081827,0.19898234039963436,0.31843184030716054,0.5867447759593951,0.0013797183893116379,0.30002808736597275,0.5582022962873564,0.09528136665132263,154.2431473434772,83.16438274665
0.5847806684045856,0.18346320260684287,25.985164771936443,0.09203820637499156,0.09938619926317505,4690.028253460052,20106.021123932405,6.2546986239249,23.517336124774456,0.5170292305947701,0.5905505298518774,0.31145362912884494,1.6638410134286892,0.580146559902305,0.5775665008530471,0.5067120380719992,1.010009145305985,1.099909586183884,0.0005343519403546522,0.00523013490733476,0.00015547511303812844,0.1981978375974073,0.3327754207546985,0.5905261304061147,0.003739036496857333,0.30082424721617795,0.5646847703209505,0.09679687690265067,155.38124247428647,83.5925303207938
0.5850200107507589,0.18430095446016279,25.23775343302882,0.09017187767881009,0.09983346440214881,4703.1022252569865,20061.716095919393,6.256087527506706,23.663372823821483,0.5244781849036493,0.5844725020335115,0.31120432519796165,1.6656149017465738,0.583123170467202,0.5773389600197637,0.5041718818026864,1.0036319299323209,1.0982442810005635,0.0005414019863709085,0.005343378417320037,0.0001565477761435891,0.19703239799781316,0.324822537811376,0.5945607709206492,0.00715439246797674,0.29838943525339434,0.5724887402016318,0.10054231791665513,155.2813611776273,83.53616799769249
0.5874558585897812,0.18444824073435648,24.981367494219242,0.09052848748153916,0.0984028650228391,4678.124299749474,20010.386367619885,6.253628805862756,23.742174532224908,0.524410905835162,0.5770854167035806,0.3121385612582404,1.6489371909637236,0.5831563303167716,0.5802601854004206,0.5055586105687019,0.9969531851380402,1.1012180695383587,0.0005380105997426704,0.005382733523297719,0.00015674444846714875,0.1982840551522239,0.32849987343124876,0.5878228019385647,0.00854397033544024,0.29743170738814007,0.5702514767121315,0.10294899085865424,154.95617755208144,82.07895348706532
0.5910159108634091,0.1846686151851486,31.086840890849444,0.09866411991863192,0.09563232650199235,4689.390419987846,19989.110836519347,6.2680454508682155,23.88196183547547,0.5211640057626913,0.5795522896130055,0.31413916635593203,1.6439794246393895,0.5856981456640686,0.5788918379789244,0.5061775472584142,0.9923123978130136,1.095680613242814,0.000539882363592477,0.005498781459021506,0.00015631886128192766,0.19501281599531378,0.357328106666251,0.5887319698985691,0.013389262414120041,0.29641141299296153,0.5437269473378122,0.10145914598493479,155.5810031067388,81.43737586026324
0.589084123139622,0.18441435817548868,31.5924749618778,0.09863156862309061,0.09558444185102134,4718.960510841027,19847.98183755338,6.259029897440154,23.76867044051405,0.5213954099099114,0.5779956017848178,0.31764153606986933,1.6497648836327907,0.5813760235529281,0.5769063561959189,0.5037409348068318,0.9925198802064978,1.0958222332368113,0.0005376157937132222,0.00542404363628313,0.00015483522877102733,0.19590792195547307,0.35742667641880754,0.5808971933974362,0.017278574657717576,0.2901277217107392,0.5274382422515614,0.10092647602448625,155.64212516033936,82.17312307600315
0.5910442003725134,0.18466615425903432,36.233068390291024,0.0995576204825703,0.09664603701309674,4733.948385833733,19789.20949662949,6.256053376492811,23.708296504148873,0.5212067354576337,0.5773523816557409,0.3182902071751739,1.645315571235903,0.58263921364305,0.577767712086208,0.5068576556457368,0.993289020161453,1.1058709323734521,0.0005407521320532132,0.005399145399645989,0.00015517509962676175,0.19236702110946863,0.35303429573223055,0.5775347233215284,0.015450586194774667,0.2883711247589672,0.539328328598536,0.09797420692585769,155.7425654207636,80.67395097377458
0.5894116214075205,0.18544252359301364,37.23027789776788,0.10164448496608178,0.09907575154388563,4735.979278966235,19730.788579986864,6.2469495792080405,23.725743621920675,0.5249537590143715,0.5743376939375954,0.31682923228293214,1.65425368296068,0.5854106021669574,0.5745442824222561,0.5024821407485116,0.9910227233465748,1.1168040212832588,0.000536995195138192,0.005422282504338545,0.00015689549033758886,0.1909088890650991,0.35861950178587004,0.5732608550434881,0.017536797030688733,0.2863405438349391,0.5568894902732605,0.09661391280190168,155.80319043266655,81.25197369138742
0.5925757763354482,0.18557314237264966,33.69017993110553,0.10304662920452537,0.10255197786736722,4730.692522357523,19726.73876346714,6.250644459176911,23.905179707289165,0.5274375309362446,0.5677641471020305,0.31439490989615543,1.6709384518799753,0.5861598028744408,0.575758997910678,0.5105575924363857,0.9912705535542337,1.122418902127557,0.000537672582864624,0.005453159771233968,0.00015501893072471573,0.18670006265810793,0.37120083302476936,0.5778720640973348,0.018356910033347086,0.28923754417117586,0.5654172927920409,0.09530794003796135,154.92268389376923,80.93253491983751
0.5925333646706611,0.1859946519607732,34.4758638822374,0.09705549808186086,0.10098088182387233,4730.735855181305,19683.980828165786,6.2537598005498,23.891406116561186,0.5311337688893063,0.5757454777458875,0.3130709656728905,1.6685145889950794,0.5891116073577775,0.5747037946008284,0.5089690187388237,0.988896001113907,1.125918154892412,0.0005356488680781354,0.005431256097164329,0.00015512098014437348,0.19068185019962722,0.376835721623333,0.5838506475776127,0.019926849369622735,0.2921677702752489,0.608896254196364,0.09406752711415149,155.36838469875565,80.29984459590071
0.5943827524001071,0.1847896602897652,35.1111616269785,0.09380024310760157,0.10143391387861062,4729.915941407386,19555.7021248818,6.299605467962083,23.8785512639426,0.5355380815263631,0.5759080724670311,0.31507900844533404,1.6463375620953216,0.5926763436406979,0.5759303496721438,0.5041827891331565,0.9881738769490824,1.123351961385491,0.0005364720332311362,0.005419027127585213,0.00015697760754203983,0.19207200732284407,0.3666289844973524,0.59517554305079,0.02186569870776876,0.29388006955741214,0.5904536069783712,0.08989961764927994,156.18642409043426,79.70442484352887
0.5983323909659753,0.18398523444600443,32.20887813487068,0.09701478733728439,0.10163451628148114,4738.193247342635,19489.87788197363,6.31096447881825,23.66401980762626,0.5360715493398318,0.5790827457082522,0.31529775831847784,1.642844923062091,0.5917769946369016,0.5738732909595866,0.49816243613376354,0.9902541918741836,1.1213376163137418,0.0005352379651716256,0.005486898525689959,0.00015791427779709682,0.18526269841431528,0.3847180155225746,0.5994470949040753,0.019981746243464552,0.2937002062541449,0.5859928100436725,0.09159315782179746,155.98538408517774,80.26864952464624
0.5985690036513313,0.182810521187066,37.50584483857321,0.09483554166134554,0.10304495477069066,4750.071608054706,19638.825883375932,6.302557910099464,23.5897835918415,0.538786425406893,0.5708844231558045,0.3169896038002808,1.6403849049184498,0.5943794017519173,0.5676753857206834,0.49617992005329736,0.9865300550876764,1.1336483851132957,0.0005313700475880679,0.005461354421503776,0.00015669405940304715,0.18624851163008266,0.425207555753735,0.5947292707723327,0.026348977072184816,0.29774570345665097,0.5674616095077428,0.09129328167059866,156.19364630270996,80.49272934294129
0.5963258854598456,0.18144360487027425,33.19567666487543,0.09187019399358932,0.10607145626874771,4728.8662706534715,19802.366109850096,6.281367470616784,23.56905001963799,0.5434997111252207,0.5706231449486048,0.3158859198062788,1.6568842964923662,0.591553063731772,0.5691843358512282,0.49449954135939567,0.9812447803912648,1.1347017152062129,0.0005327406434132284,0.005435626762702289,0.0001576793823469658,0.18908713828657409,0.4478717281011103,0.5994254039677385,0.022480287999921085,0.29984628880947944,0.5311093993785295,0.09657219010204512,155.98987878108812,80.3781358353348
0.5944489253181192,0.1828370221568155,31.399520269075225,0.09331562228916725,0.1057001353037928,4742.338415469083,19723.96099943795,6.314168299834928,23.892312929472045,0.5427826898704261,0.5739012325331537,0.3124719753420011,1.6625382046150918,0.5948394360260176,0.5697701556468978,0.49759528013166343,0.9746030954821117,1.1423573241214626,0.0005369180076301378,0.00544473912469833,0.00015678793548224858,0.18496106636269283,0.4457081679829085,0.6032299782895468,0.022561440584337712,0.3026725646464353,0.5534799561005521,0.09567709350745453,155.3036752773825,80.53903347322712
0.5849151943401981,0.18206486664992927,33.13025720106378,0.09470038541378228,0.1071425040819941,4736.091236877193,19797.141603942735,6.318084076770883,24.026147810638385,0.5449062563139673,0.575996653023551,0.3132341806132903,1.6560558568418633,0.591840410647854,0.570115727899756,0.5013183177747987,0.9733886210382594,1.1404728837702722,0.000535471104671109,0.005415225150044383,0.00015628496402824967,0.1851803868857144,0.485686351710548,0.5996215031108886,0.02434555863518213,0.2982001265908634,0.5614877053377382,0.09133384371897774,155.3762468148429,79.7016180892074
0.5830820882978249,0.18161098099636191,28.36589302650718,0.09435101609743825,0.11185875571398995,4739.813540050884,20042.395722260997,6.310020850254287,23.852466609096048,0.5424152318120607,0.5751543021926429,0.3135856783329841,1.6503977838468127,0.5917567425253812,0.5710106214342572,0.5025962418234672,0.9655777801039211,1.1396058277831103,0.000538414661048128,0.005488102847759087,0.0001581333657991423,0.176894623640608,0.4569256174745766,0.5901167612273697,0.022446516483788925,0.3007585162223206,0.5547842017065581,0.09690412409094669,155.69651869198236,79.45745970388826
0.5796457368725723,0.18026129256914147,26.833553268307444,0.09241745904668097,0.1112853576948151,4731.423922338094,20029.815514358903,6.306007020676792,23.740037243554507,0.5458463070128411,0.5767653310752768,0.31318487956927954,1.647293987423541,0.589646694285202,0.5737457907465973,0.5010150780822327,0.9731769105323802,1.1511606339941907,0.0005453708935891555,0.005457828848201462,0.00015384575759912889,0.17892672426241676,0.4736343386424882,0.5889845368970457,0.016843841644607966,0.2983482451872592,0.5503171678724907,0.09545514594636814,155.74943061264165,79.81384327143671
0.5808068517421966,0.17995976550600215,27.767131781118408,0.09263015100811829,0.1142507196208512,4687.51184617842,19931.71032165291,6.293435115946558,23.83019449534903,0.5366166756874197,0.5731348352257067,0.31373831545815756,1.6464149043189917,0.5944313823113723,0.5752016660145809,0.5009005914244408,0.9745295577369002,1.149363019700809,0.0005463056247816968,0.005530321533348485,0.00015151453839426634,0.16932576225946108,0.46468813376633755,0.5894121861797331,0.01987983347230393,0.29341017796843194,0.5595564885714639,0.09700420459301853,155.13847099559055,80.32769206774796
0.5835332419789794,0.18006921848225213,24.330981743837523,0.09219453291009283,0.11250438530665031,4690.476519213175,20284.728544634283,6.295629036799381,23.878514180376136,0.5339855893793469,0.5718054569988775,0.3182444969756128,1.6380029604978672,0.5953817094096455,0.574101217469633,0.5058807177373187,0.9854987287857387,1.1329204573348632,0.0005452473461348311,0.005523194219894893,0.0001505093168896787,0.16287427709395436,0.4748621150927324,0.5929182550914215,0.012190806031738567,0.2981980923071213,0.5448023720465914,0.09904316418488118,155.55908896681507,80.09134743677583
0.5811240268923243,0.1814702986821412,21.878237950312016,0.09556357422708978,0.11365103255481611,4704.679158341493,20299.959964355625,6.299041613205456,23.909619757662465,0.5333778197496091,0.5731555328175233,0.3187093582766632,1.6363978756355306,0.5964845008715505,0.5732965365760548,0.5074294900511699,0.9806492942865317,1.129798281026385,0.0005452616413941837,0.005517455994000897,0.00014987691296458388,0.15368908192854833,0.5241984592495933,0.5910906289078153,0.011079795915186085,0.29756409547047635,0.5696777031022645,0.100767028542425,155.27951386877538,79.69539156016864
0.5843003532957797,0.18252643208963917,19.54730894978576,0.09497091558426912,0.11399058639442769,4704.597300465869,20391.102184097042,6.315697186747697,24.118419548567637,0.5355270453823542,0.5693862179174817,0.31584240127847113,1.6407404826500007,0.6006681987865764,0.5718810697659268,0.5097727384104871,0.9764822055866446,1.1230780725394103,0.0005427637361912687,0.005533678148447993,0.0001496095437088175,0.15130972293432454,0.5089618724825274,0.5920511747812954,0.013278890793837771,0.2977826201173264,0.5773219587492646,0.09978056954639176,155.3432573122488,79.26606748168727
0.58284816983649,0.18295567725529713,18.734286739856884,0.09175461225177341,0.11356214315187448,4711.540920649456,20362.456039275403,6.314814779327854,24.008364718296317,0.5279249100175032,0.5658827748600328,0.31598884246513254,1.643400163585189,0.6014158437095656,0.5727425503057825,0.5105159340367359,0.9748530853079228,1.1273495939978813,0.0005434780908509098,0.0055541197895597255,0.00014911846968662028,0.1458437924812065,0.5094678994672048,0.5921713254869309,0.007508812902997094,0.2943097229653906,0.5844558243731964,0.0989138438945945,155.01246964116595,79.61377777862486
0.5806821139578691,0.18346647997963014,18.316898765681245,0.08803877210229828,0.11423475998976329,4720.917042272331,20457.805632121064,6.324401722475216,24.142020062424038,0.5261769566101305,0.5589130476027725,0.3136314482202857,1.6368172500299614,0.6031944998157299,0.5751651478134395,0.5043355418251088,0.9789615043799016,1.1386671251544735,0.0005466239099290914,0.005443516210965169,0.0001470116891262645,0.14415661495421433,0.4865827711295434,0.5884879391886682,0.010819656757777189,0.2923264728275323,0.5959169948056796,0.1001742988694593,155.75971701173626,79.86351797139369
0.5808389123437429,0.1834725617296945,16.543380649059536,0.08939622043780837,0.11445782590743046,4702.6117659215915,20614.96004500043,6.308517186639955,23.853402959858506,0.5275297205224204,0.5601912161200778,0.3137938297028901,1.633581920589147,0.6003219608952428,0.5756724760478319,0.502568112739356,0.9764884267431276,1.12509887861753,0.000548946186581986,0.005399205893847771,0.00014732746428931941,0.14180427826801156,0.46885520308808165,0.5756222462018041,0.009521661225967579,0.2865687716807756,0.6084650244138066,0.09583322409893899,155.97868696226493,80.50024275202985
0.5842645370627316,0.18323037644711002,18.311100366546896,0.08975940909064867,0.11555164537475428,4730.080654295097,20583.614860525366,6.286206062998995,23.860978908087883,0.5297410376784102,0.5507695841095015,0.3142661787658234,1.6213272180411757,0.5995903088207044,0.5720235183810358,0.5038821869139946,0.9778449585130905,1.1322640351913844,0.0005518803535294023,0.005424058697965162,0.00014589392123531353,0.1405115126570726,0.47000149493401966,0.5708492399320967,0.00856124142192047,0.28198719713756804,0.609616152369056,0.09880778275824946,155.35384741428427,79.4648804996371
0.5873011717038517,0.1831674303181759,16.796648893454773,0.08811153988974227,0.11435114572344114,4769.96224870749,20709.970776340742,6.302162185552378,23.890915637466687,0.5319354063773813,0.5447255906881063,0.3103693511922527,1.6124352419893002,0.602262383073111,0.5728968290944878,0.5054746693776282,0.9833136224004554,1.1323763688086672,0.0005508063872846102,0.00547728447371702,0.00014659347994105653,0.1381963137432429,0.4564543335302526,0.5740454386665723,0.015855364128841934,0.2777128160950956,0.5792464870157938,0.0961202222589834,155.39332151291924,80.24671487582373
0.5879287206969519,0.18369079304284588,18.69993195105137,0.08543948689623851,0.11799855846262157,4755.130909096424,20721.935515981804,6.285396205672176,24.139517238208715,0.536895328754143,0.5386595210686809,0.3132203019041063,1.6253121516121278,0.6022337343876765,0.5746867808296864,0.5127619365580841,0.9910004197678175,1.125132792693719,0.0005565507010090969,0.005382972139773051,0.00014627821947555693,0.13285013189461403,0.4979154224784453,0.5750272156829075,0.013098182983001527,0.2820524137802715,0.5563198229750369,0.09469828057237618,155.7019170844544,79.76197641077927
0.5873802689373666,0.1849531078224221,22.021546433951908,0.08319210299404219,0.11526558920721348,4768.055608701499,20824.10057240638,6.243351190915274,24.440301495467907,0.5410607947066485,0.5356624688770073,0.3156428198752508,1.628372310482528,0.5984470679354559,0.5770146412346272,0.5117834915251003,0.9881801230042099,1.1297346853089536,0.0005553778278343701,0.005261937817952542,0.00014737636928105065,0.12830837371059953,0.5373111249410276,0.5787772434553446,0.008584286333890797,0.2824620108157455,0.5697148848718809,0.09818328679653457,155.41695169632175,80.44286909953333
0.589421208606809,0.18346140809132636,27.27690292571024,0.08300746912509319,0.11658149547117627,4767.621539885573,20709.757110025508,6.222018992816718,24.487019706479153,0.5357940207992719,0.5299814252519013,0.31209349485421567,1.6326347491442075,0.6001531648631884,0.5761059012663131,0.5092716140558587,0.9897246047329431,1.1175073299987999,0.0005563541873047359,0.005338429879673582,0.000147239368137248,0.12986347094847409,0.5584997758224312,0.5833357684926811,0.009202069554764653,0.28365403185390653,0.5874878700628352,0.10279385209281289,155.3018446073947,79.49904093616377
0.5903076243079877,0.18315136566423904,27.05073059261629,0.08371885138856995,0.11811516385621572,4788.026259348667,20492.646899589065,6.233252901201214,24.377753743982822,0.5318562675291718,0.5313280248286699,0.310085340310674,1.6341805647134737,0.6022347002389942,0.5776510073554413,0.5122791067218193,0.9767987860297485,1.133434564761102,0.0005555948956676114,0.0052938249082372345,0.00014517146595251516,0.1277848063385211,0.5579310654261127,0.5897137196977756,0.008737117989755521,0.283771540580059,0.5842744974907114,0.10108455849278024,155.66732990538804,78.74633538329664
0.5892841375544245,0.1844479891734422,28.291790567733244,0.08572518631351103,0.11825347861714947,4830.572169406088,20541.971865292213,6.241115321074788,24.464617190472676,0.532106470815248,0.5312755796927766,0.31036622043805207,1.626183893702242,0.59953728800806,0.5794522383968223,0.51378029314376,0.9779184838708601,1.1331394182390044,0.0005554462746245933,0.00530622265637593,0.00014513179342868016,0.13167851785145257,0.5812809752061311,0.6005911018055465,0.0037196002620899764,0.2794775701226972,0.5585330259478916,0.10411766923133509,154.8824139814667,79.30101521947037
0.5865699707454616,0.18430231039499761,30.38625445783103,0.08612453837606425,0.11705320168988821,4855.728079634749,20471.8989983832,6.230188962663049,24.43691354109022,0.5273221628318331,0.5321043158783341,0.30981836830188875,1.6197518157870203,0.6017779163558322,0.5765139384452116,0.5119106452011348,0.9752670101984902,1.1203398502598378,0.0005552163058075917,0.005378961427649073,0.00014608901866283258,0.13040309013224188,0.6133578540184622,0.5997315302599671,0.0011948037118657924,0.2813249844969949,0.5293540116757588,0.10190042710304406,156.81064702263626,79.06029443411191
0.5838445243590163,0.18369287604498055,28.400614009052653,0.08265720704849246,0.11851372804651761,4837.5153782616535,20326.259395192978,6.230094623563272,24.27540521767789,0.5369324526841271,0.5363811223464529,0.3094944207391568,1.6287611792262842,0.5989269173324521,0.5744450299632022,0.5050162862139805,0.97017671415475,1.1297257773785219,0.0005574470248995091,0.0053874443870743855,0.00014373603780034447,0.12383257189672169,0.6259756037855705,0.5955936492768835,9.967783307420603e-05,0.27814762054230924,0.5437019992816129,0.10038489402513576,156.07278849705918,78.74920746144109
0.5859016559904708,0.18509333080935347,29.98389219123656,0.08684590443622782,0.11702811031479222,4876.9878851564945,20408.699428749598,6.211785500364082,24.304497984782028,0.5384865474767906,0.5436463396550345,0.30787166955829187,1.64402950830423,0.601281343252836,0.5728903923623989,0.5073056430852052,0.9649851203576232,1.1318729044533675,0.0005574690497336718,0.005355092974103824,0.00014118725555337932,0.12198909377177325,0.6379400937786635,0.5960859132359269,0.0016977330260501,0.2763202147677869,0.5442506551023927,0.10210028557035221,155.99173106271138,78.77551686285798
0.5896783870609552,0.1855583674258805,30.15645034248585,0.08632606268613703,0.11842624724563063,4931.549379656469,20424.93554234181,6.230107894677765,24.008111240346587,0.538067369720241,0.5437917899611913,0.3093008124620487,1.6534766112109733,0.6048886069368768,0.5718899155339608,0.5091369146841701,0.9689308304847295,1.1327795345506104,0.0005602004045194683,0.0053754529377475985,0.00013927649525333398,0.12027406237046336,0.6329911126899357,0.5951894269465036,0.006788201168315126,0.27725135215145835,0.5802719821369575,0.10580088492761316,156.09349531403333,78.62739237398277
0.588311588417772,0.18604872465477187,31.1620010510029,0.0840753682534415,0.11677132826902716,4964.685727488025,20383.77754528874,6.255723459698523,23.954786424733037,0.5407650580415576,0.5370109949139458,0.30932773404789465,1.66460635509927,0.6028594216284677,0.5719650576689574,0.5074027524916234,0.9685241022161599,1.135709747099294,0.000560399188999032,0.005394021549962456,0.00013890815230990268,0.11709740673606284,0.6560000435676893,0.6020457104820941,0.007839456164070203,0.2746711628385783,0.5800243201278406,0.10413644663909362,156.74793411380557,77.20415459097035
0.5853348839225522,0.1872584618616501,33.439640613739016,0.08391855192543166,0.1181807954509272,4955.717503916091,20443.306456269056,6.253145419687463,23.90980490858106,0.5403440937618018,0.5345861834598647,0.3075317980430657,1.6585810068652487,0.6054064124829645,0.5715948784514748,0.5058692432530655,0.9692091140198547,1.1177931659306426,0.0005564436960161712,0.005422379570604828,0.0001381740451286469,0.10448596709006391,0.6638611004454108,0.6072785628729189,0.00902499696995815,0.2738987828989713,0.5560191336377831,0.10566956063797567,156.05696943411402,77.56421504246036
0.5821976421110493,0.18719214722672278,32.71372546403937,0.0838373801415006,0.11715500536202762,4935.711197019122,20452.470874998442,6.255625038397713,24.148763183804732,0.5359693174892561,0.5310821610829607,0.309157181124674,1.6582688110525392,0.6056060025921943,0.5760953370869144,0.5062065716829406,0.9748169037397016,1.132099762862717,0.0005504605440213547,0.005396972838277948,0.00013602176462597056,0.10542537736475664,0.6839967588326061,0.6121001399287888,0.006984258114262301,0.2721760161206119,0.5445208185563404,0.10890403254589832,156.17543713235418,77.12002645361713
0.5853494001264403,0.1861434951864077,25.947477814978434,0.08136147435352313,0.11756589580848284,4907.105744015192,20589.51943369293,6.233685203789584,23.97668744887357,0.5288012541244909,0.5262995919119484,0.31309179651378416,1.6712789144614562,0.6064561752260649,0.5776416283171487,0.508064007643592,0.982546868458235,1.1408582227655666,0.0005517676772424099,0.005396379092175183,0.00013603045693361417,0.09993741113270528,0.6496975128126654,0.6070298302366338,0.008188155340494196,0.2700429604676576,0.5522842203438835,0.10813966865429273,156.41783949557086,76.71564642145381
0.5827857440159873,0.1855962144609603,26.8326569879419,0.07671245926049643,0.11496059864548164,4873.908263002938,20665.26608540043,6.206592641603401,23.794672136120493,0.5294870080554976,0.5268073821326151,0.3099969188388242,1.6658330429112325,0.6069025085130709,0.5800705121616075,0.5029309379698996,0.9813532421918889,1.143273311993609,0.0005530798952535218,0.005355839620350626,0.00013855567663817255,0.10477912525862565,0.6165239900577982,0.6173282251921474,0.0041280343242044975,0.26887200062252825,0.5728715310221706,0.1074660424179731,156.29933682864885,76.70315826017
0.5856639683757751,0.1874453437626106,28.64499356227407,0.07820461365854937,0.11613970160651511,4893.543358540789,20665.276314619685,6.179055419773326,23.89753181536158,0.5272428936689495,0.5285674643432606,0.306776955229235,1.670854675132365,0.6096856448395379,0.5822503294162583,0.5045038358993613,0.9852211891727557,1.1389234851410648,0.0005533508463400645,0.005243842782042443,0.00013808303459198038,0.09702401380111668,0.622522705439238,0.6184544514498089,0.006421368477369947,0.2730101098155594,0.5561130790805644,0.1035168513873827,156.4206459289332,76.58850262356226
0.5861807976118545,0.18620262378119803,24.100157074707848,0.07613696303675331,0.11624820144335148,4893.356962223597,20558.796459797577,6.194639033865799,24.220611228927492,0.5136668413114215,0.5263957057026248,0.3101230253804053,1.6658141899747412,0.6048681057419953,0.5808939581522062,0.5030465551795981,0.98518155139049,1.1332508354233244,0.0005547146422540787,0.00529954438201375,0.00013593687204094571,0.09761049663848609,0.624424981497414,0.6212021171450381,0.0022427179087100473,0.27018924985696585,0.547810105062792,0.09993871031310303,156.91094239462504,75.86187995829874
0.5882598401311349,0.1875345064337142,22.548270768863446,0.07409163942592259,0.11550058474633221,4905.220305118352,20499.030019669754,6.228669790000414,24.229936890229858,0.5028234049664011,0.5310958420234029,0.31292171480367925,1.6666282728999813,0.6070741803310916,0.5840889559992473,0.5011537462528511,0.9883135151337566,1.1271626995806436,0.0005530856071342881,0.005346729283914858,0.00013724861637435314,0.10148693721580596,0.6403655670370306,0.6196377971821511,0.0003424307909449904,0.2681918658107611,0.5393148825965924,0.09914433724286868,157.10466201414843,75.77600075951675
0.5842433400966477,0.18648069700869643,26.622131128125044,0.07077612286310532,0.11381613399253356,4930.158358068653,20667.015281013115,6.226885870764147,24.248206460153796,0.5017471601287609,0.5365983245276066,0.3159079201950585,1.65826717837671,0.6074499659511616,0.5863996396828595,0.5027097577513777,0.9908966007424933,1.1351686808033377,0.0005551230581248697,0.005264307403354311,0.00013806498440527035,0.09441823822523054,0.6190946879075069,0.620783998959154,0.0011222525121256691,0.26817173661526583,0.5502395852501163,0.10209264791148877,157.44626253667434,75.62140967192433
0.5790463127128095,0.18546381313745772,26.519784393023443,0.07069610359355587,0.11139596561648138,4891.932360624083,20628.070372573548,6.234418591830475,24.249448684326392,0.49939640330944557,0.543186584571219,0.31089114773787774,1.6508821356146537,0.6077428191611541,0.5896072694966611,0.5028086572902302,0.9948765070308117,1.1509422699717609,0.0005562884497412328,0.0052351834979210985,0.00014016657734328023,0.09427385739544106,0.6085091682833405,0.6189295734690772,0.0012300365681097794,0.26923269970040836,0.5831283600586182,0.10054675730575059,158.57081742924373,75.39685485317868
0.5762212414071922,0.18719308208978439,30.159053080931038,0.06862099962525682,0.11313947194473126,4902.997387093114,20693.248889802046,6.249937822377924,24.05407900255432,0.4966281616378574,0.5425031439053601,0.3073723839511197,1.6522924650631023,0.6055516352050203,0.5873230252085051,0.501522214375102,1.0016977474008795,1.1497178483111465,0.0005579813484072616,0.005216057807629245,0.00014117304016179647,0.08791817458512277,0.5778909509130097,0.6200864562566056,0.003941513867173962,0.26481999787016725,0.5891470297825805,0.10212534180440153,158.6992753087579,75.39575766550585
0.5770449490425182,0.1888254440230486,29.118951529147843,0.06940578894000142,0.11212024163779445,4912.060882018934,21019.660418969317,6.2621675345547825,24.23013753382885,0.4980298430978971,0.5377452851629451,0.30828790810325346,1.6552944415613131,0.6052754641455179,0.5848200409568649,0.5014919775407791,0.9983894776980718,1.153327931379703,0.0005573057167654666,0.005212870586321366,0.00013929662011460733,0.09393379067904725,0.5810293309163961,0.6197961061042663,0.002898585427160056,0.25664317824575755,0.5994771614155222,0.10385916996417642,158.3857861120331,75.78025039540314
0.5777965703165786,0.18825000736397143,27.09713314506421,0.0688293221723047,0.11087582135760542,4920.866626945703,20801.414746776434,6.266615806985087,23.95993893714525,0.4941891195983449,0.5393050766946661,0.31247947539791643,1.6429238025727064,0.606944967137205,0.5851003994084513,0.49990425386984877,0.9927912417212067,1.1431578184481381,0.0005563371747589719,0.005244667258164069,0.00013982540348914777,0.08682583372173718,0.548569059720538,0.6212667561575687,0.004135741936544596,0.25240560742444673,0.5613278785850597,0.10364716163703244,158.2051681205717,75.43493903250435
0.5765295302626756,0.18821873549742982,21.3356064472805,0.07197477883538078,0.11140906621033346,4901.39252796923,20930.20327093637,6.270834685189242,24.096470078495003,0.4895131822319534,0.5489782075100336,0.31155336755766344,1.626358155092189,0.6075971880052107,0.5818429968993711,0.49694350111599084,0.9901434687946036,1.1534274993425995,0.000558697693700317,0.005252855210174418,0.00013850561240171466,0.08002346659245993,0.5361562256608355,0.6179545971682979,0.006388764730413816,0.25020295291469835,0.5556050219241304,0.10560433143426835,157.86911374604938,75.18083913646903
0.5775204044235385,0.18867193118990622,22.17948360402194,0.07011298044983078,0.10803923426289727,4877.6398642331715,20713.608442169636,6.266086260053808,23.840959956105035,0.48744032665006826,0.5444119264752876,0.31461321080255034,1.5908826637148576,0.6084847807281081,0.5809928885551529,0.4943578617037712,0.9902886767130471,1.1738922045989977,0.0005532767819578929,0.0053223711706888825,0.00013936639009817464,0.07865734618777877,0.5369110990312501,0.6166247889167051,0.008554428089908831,0.24534748564345726,0.5129290801812955,0.10832407143392982,157.5383966626286,75.4144550286036
0.5741084454711891,0.18742200638121667,21.39449599346527,0.06762980154285202,0.10519572671966361,4882.684107064838,20445.849026729044,6.264520870540121,23.879532921588876,0.48315661348428873,0.5490595720391898,0.31692732958010417,1.593487352201341,0.6115373437326316,0.5850581138471759,0.4995394401690786,0.9913784878297566,1.1737882806401971,0.0005517259525005789,0.005321318413231022,0.00014034800506414945,0.07948006264064435,0.5360458159200185,0.6288072437400257,0.003814604093791635,0.24127448210367794,0.48563327936615147,0.10739906613117788,156.91377102130292,75.08626586349102
0.5742879997575566,0.18675538840360623,19.891072439649314,0.06988812459319056,0.10562427340045327,4881.775628794169,20768.8030586911,6.23367124939658,24.04158420432513,0.4846903513252886,0.5488503568018887,0.3198322267917059,1.5903478645108124,0.6119029049062518,0.5839684914721949,0.4997632498627017,0.9985551928807173,1.1703300003055652,0.0005533606303667158,0.005453263242919992,0.00014060075351954567,0.07734975818317733,0.5642937238255702,0.6340848438569,0.003894060063919942,0.23695998971469778,0.47285092595993117,0.10799357352715344,156.35702860280085,74.75239108670984
0.5715411349424148,0.1868908447700184,18.86893295274584,0.06578556623742333,0.10645365282467777,4898.859605374378,20648.14107538238,6.263407928939168,23.996288703863186,0.48673754511550543,0.5425890844450225,0.3187884923578003,1.5932381714564021,0.6120034114987599,0.5835658488233738,0.49273320657503134,1.0084149186705618,1.1763773496554755,0.0005529480753284931,0.005332721053768238,0.00013945197584182392,0.07350889428210469,0.5383960710480488,0.6261147559748842,0.005426362632406163,0.23913204796318036,0.47842599999305185,0.10809773871912061,156.03696703662732,74.73331170442331
0.5705992389199288,0.18578579341324095,21.797964357331836,0.0675153155743551,0.10485842882880941,4918.181396717434,20752.942388992567,6.267569664248301,24.021438860049148,0.48434981685788264,0.5332106078309413,0.3221184063164286,1.5987726638618316,0.6116562342498995,0.5805188257848021,0.490571123542194,1.0079312580901818,1.1786479236556044,0.0005475258870780474,0.005409706337450605,0.00013847947856714034,0.07218946797296454,0.5448115397990007,0.6273116969102942,0.005203218074564275,0.2374343268592839,0.48699586408678713,0.1053936167315568,156.8977070031652,75.12407876704562
0.5736546759542208,0.18501850520378882,21.883956389470473,0.0672942749853072,0.10228572061616585,4915.449742228489,20653.88911314679,6.264772335215935,23.716274069954274,0.4888534497835319,0.5314468016150522,0.32259288518409684,1.5890288424895245,0.6148799088384563,0.5779857030768358,0.494891354609623,1.006220384369732,1.1638450199979518,0.0005474975207558447,0.005294997103329126,0.00013837717707141598,0.07711036175553085,0.6167092613704389,0.6263820518523595,0.001871128937746134,0.23570922059677663,0.4963712529993573,0.10773358596789048,156.9318275947565,75.54426805683913
0.5683321924750667,0.18598521812708765,17.91436056335638,0.06486320686849124,0.10219745035672825,4922.40821156552,20600.195943186798,6.286158140432067,23.568426477394883,0.4875856960309864,0.5395986001905385,0.3213867674999291,1.5884839752708966,0.6166503421082304,0.5786498043167877,0.4920512276468773,1.0113489361043237,1.1719972972634682,0.0005473791912112203,0.005334785428776365,0.00014020644348005165,0.07658052270042369,0.6450179359031692,0.6244468867569339,0.0040234824330602735,0.23630146343448,0.49719015126646954,0.10743383327924488,157.65982875244765,75.2529561862005
0.5704521880874643,0.1864038809797766,17.289740460996473,0.06528771895788518,0.09937072579829521,4909.535485798454,20785.615356579565,6.256796786777504,23.503997959515573,0.490387428766603,0.5417311219929737,0.32171474652372567,1.58197274899088,0.6153771094369693,0.5776515987075665,0.49576890328017104,1.0147622077267728,1.1508708028490007,0.0005447440814715122,0.005325314075324419,0.0001386589727510766,0.0851912787453747,0.6321462672388142,0.6191952032546121,0.0004087048351791955,0.23049382168706736,0.5016982236278241,0.10632903387612334,157.4904296340464,75.59529264630953
0.5729269121478332,0.1847159171139199,15.46892370713412,0.06329378340653914,0.1006087393543805,4909.676651308041,20620.386743843625,6.251850358860053,23.354501431592595,0.48537445422750924,0.5387298622960025,0.3234541103834227,1.5883663150819094,0.6166133798138785,0.5783708580976393,0.4941884472754245,1.0193686582894603,1.1437891793156496,0.0005396057004485983,0.0053019019737932166,0.0001385366294651271,0.08224955326141442,0.6334241059466296,0.6183375055215584,0.0033363399217047163,0.2314863038845186,0.5092349390631185,0.10829542937404664,157.63652614063776,75.41525418406128
0.5737093488013761,0.1849012456390866,13.862380566474746,0.05977815792434867,0.1001536567845014,4896.095078959089,20472.64606506978,6.253972642338481,23.48580506534037,0.49526862532438615,0.5297124717568995,0.325389448786541,1.590110080529124,0.615892745035106,0.5803183347134252,0.49710292053338917,1.0188312178521488,1.14305345405647,0.0005413976483491402,0.0053214108404409325,0.00013821671830847664,0.08725361006627781,0.6110532954570143,0.6182678375675986,0.0016040016286189593,0.23231281455136343,0.49476433449159213,0.10867209864188311,158.97378438881054,74.54917494488252
0.5720809070489223,0.18335025671325025,11.394519798005794,0.05951136636218496,0.10289334114573077,4880.14340002933,20567.533421158812,6.231287084448028,23.60514406884456,0.4882337440563825,0.5325010267003257,0.3258350517167925,1.5854982573310916,0.6160108499663519,0.5820348973272073,0.5007282609781198,1.0231516866493164,1.1629397552322396,0.0005392328110270252,0.005377816356660764,0.00013993334752142143,0.08078337052292422,0.6270281442929095,0.6167866243343566,0.0013186821202143578,0.23356469702512228,0.47892716654478296,0.10509747597012498,158.95125326220315,73.95049035394976
0.5706277743928991,0.18511809073084945,12.684510500499373,0.06198813341025325,0.10374921138529297,4888.592921258583,20678.418466732106,6.2212535115669265,23.320451890435717,0.484667665994514,0.5372634763137852,0.32505034035263686,1.58539680858066,0.6193608941491443,0.5802625698546876,0.500626696497873,1.031418178974913,1.1728187386260691,0.0005336921349996926,0.005404500501434764,0.0001420041502875926,0.07431639329072642,0.6018991998327715,0.6218075779519887,0.0009595454546097735,0.23266652903662746,0.4632901760021454,0.10967261801819371,159.88730261988653,74.46340672449251
0.5724261227311908,0.18771236111501177,9.825289483077603,0.06449425491047175,0.10253861053491924,4892.177448475634,20973.642621856874,6.223492707392555,23.478199490717166,0.4833331383600587,0.5411014934871254,0.32473008467471526,1.5962471484233296,0.6161525793293752,0.5810048948766752,0.5042148300556707,1.0235407936051795,1.1709944758546658,0.0005378304616761851,0.005414393922270712,0.00014221844946634462,0.07745294014212774,0.600376280804973,0.6293273429073549,0.004050964096527208,0.22547953017297345,0.46353673247439525,0.10987471410694075,159.97758388343016,74.28058591150847
0.5713332042154089,0.18739537788622612,11.52013983767898,0.07011530901195732,0.09885664136315904,4846.426052180511,20912.739296436514,6.201951824009931,23.665007610836277,0.4814231892449166,0.539271560263195,0.32222471631286637,1.6045339691500484,0.6161200008260322,0.5827296372661042,0.5033534276414443,1.0207026957214604,1.1889023565784929,0.0005375408703993798,0.005307694155559443,0.00014289357986592888,0.07279555520232671,0.5998827196573888,0.6379640012348652,0.007730583445006626,0.22188967106437266,0.4423858183918268,0.1087322973363672,159.2072327939854,73.61530842278597
0.5725557879086967,0.1883952179217338,9.889070412965724,0.06463135661622005,0.09762801024435301,4854.226994456423,21037.03003432304,6.185763792520235,23.72350255333954,0.47932316952763004,0.5459521446755439,0.32206274423024983,1.605988126950608,0.6191390639124951,0.5819170675398291,0.5032708929280859,1.0181791313721034,1.1870979336301881,0.000536341053654593,0.005329435187334073,0.00014445050213721927,0.06223489895575469,0.6502967376009837,0.6366720983651296,0.0009726204194634271,0.21906693112831505,0.44292271980328185,0.10863377677084445,159.25909463396144,73.31354928565804
0.5679050355307983,0.18703373539939575,6.4010277665567,0.06127429898141831,0.09581925762567614,4860.251687794877,21081.499081328217,6.200472126858444,23.64240908876908,0.4776301876587364,0.5428366887364148,0.32247092794572213,1.6017835752860032,0.6148147501149267,0.5792996682963913,0.5046950172559082,1.0246282140036125,1.1918658787273788,0.0005317105698809369,0.005298191682742795,0.00014758397538886778,0.07062559633648399,0.6700783297427525,0.6357523185428432,0.0034258365098989415,0.22023186396517944,0.4384743879219066,0.10931867893172581,159.16570334263739,74.13167042478868
0.5696887088863415,0.18729145935794786,7.886931785910107,0.05974671239156118,0.09294564597768057,4856.427095807539,21049.20681930725,6.17818338753853,23.652957275792254,0.47754059075663174,0.5395038587615604,0.3236497083929482,1.6045445248509551,0.6168097387940871,0.5818478495802943,0.5048206512654444,1.014585783044089,1.1939253495535584,0.0005300289420667839,0.005248252906600969,0.0001469619898764937,0.06842580625685936,0.6606190168356678,0.6414426667513689,0.0061125552921906055,0.22285717847289832,0.43690088534398647,0.10544269989842821,159.86500953096663,73.70173983957714
0.5743151313644126,0.18828915852158168,7.332828733197803,0.05828684483641575,0.09303957037090682,4823.676969977827,21179.790072823744,6.175380953093814,23.647288082973006,0.48300668749302356,0.5340563256472705,0.32274100958010693,1.5958810790449247,0.6124836275265741,0.5822555306992792,0.5035639383257832,1.008809830330989,1.1923023685280463,0.0005332741529793329,0.005207331876135561,0.00014794251209628598,0.06471414606025676,0.6302319244017076,0.6514922014687187,0.011957812037926029,0.21775151770355067,0.42968441701421,0.10248782918412463,159.8289652814094,74.32542647443924
0.5720410969887161,0.1872526356466128,10.668655622856654,0.058271285349420575,0.09291841268268718,4833.856238693553,21142.67212992253,6.181286821154111,23.789607713938345,0.4809359379999546,0.5257419702576573,0.32153265882475857,1.595188112631658,0.6102191457574458,0.5817143225476509,0.5017909874246946,1.0075627761975725,1.1959365860238675,0.0005351731034239908,0.0052399572427660225,0.00014825002905872732,0.06265858582920558,0.598083285933483,0.6563922174453798,0.012028618692540008,0.21276290813819465,0.4463655952746429,0.10182974662322965,159.50049751549938,74.87738110085691
0.5702352328636632,0.18593032233304424,6.20227653138174,0.056908111025331595,0.09236022256567147,4830.913131415846,20876.598193421654,6.182072815543839,23.906579193254473,0.47917697166569634,0.5203123262380923,0.32293018588388495,1.579640528474053,0.6091866324997124,0.5805971785842007,0.4968734228932859,1.0037481553339231,1.1994773358703459,0.0005394834755084013,0.005194321096031848,0.0001485114892417395,0.05567486703692914,0.5701062331178893,0.6680093775121649,0.01643236472457527,0.21664407033541064,0.43227116451147013,0.09737034450530405,159.15716567651998,75.21820398369742
0.5724500805802701,0.18639085361695185,8.708112796511038,0.053771462271046934,0.09329825042129324,4810.556349098608,20752.533710928896,6.149183427529487,23.890683680593813,0.4921216772534892,0.5207855730114467,0.31993213072316734,1.5793299880679008,0.6105301549576704,0.5771094991899958,0.5011835512611151,1.0110839709244004,1.1931907954028051,0.000542291900339389,0.005215212829635741,0.00014792771182699566,0.05106612222452824,0.5872925654179766,0.6696489131213763,0.012943281152991794,0.2153665238695504,0.4749134742311984,0.09362649739189131,158.2315449417448,75.25356690224912
0.57131732892712,0.1849024317222675,5.7644517871032335,0.048233321155110344,0.09108509019937393,4794.014887331219,20859.326108830515,6.171525772622168,24.074869641020427,0.48924288252527653,0.5199286925561022,0.3160975682616907,1.5800717822159895,0.6097324853074227,0.5759230457079224,0.5012388585705071,1.0215281322919783,1.188756058790481,0.0005392769353039571,0.0052187518057269094,0.00014656727571817624,0.05119337180643423,0.6081248832146321,0.6826448524326864,0.0205419220337248,0.21930485965794455,0.4985019657510782,0.09308155523015321,158.85150899619646,74.96707872271114
0.5653995569526677,0.186381237352082,5.156236718646251,0.043148442380617595,0.09085813038398195,4788.726987722555,20929.350031585276,6.152168621631461,24.032360151922838,0.48587380421165494,0.5203953141930996,0.31377222397872473,1.580818157429081,0.6104892295201066,0.5782460237231353,0.49949146795550464,1.0249032381337722,1.1752698843995109,0.0005374049996378095,0.005262787428621121,0.000145202935789736,0.05176006149372754,0.5776531278667525,0.6782690250956213,0.018388493901327407,0.21628129922824937,0.48152124126447976,0.09834890997671239,159.72370830340688,74.44981196786269
0.5660082638169118,0.18673202415337053,3.4905848694359363,0.04128508279670291,0.08925690540183627,4766.63780086793,20937.393528578592,6.154010329261379,24.49302842532842,0.4852734545326984,0.5228256098023855,0.31420301053368244,1.5915638849382878,0.6119102384700731,0.5774517456353763,0.49922665643322006,1.040311801544646,1.175963055493103,0.0005403618784412335,0.005253877268795724,0.00014402519670696473,0.05134227191233966,0.5862835217777089,0.678108594887831,0.015573111392576371,0.21609786435025846,0.48097039478040415,0.09662401996931248,159.35638671665876,74.94970054214461
0.5653119484962271,0.1871327084704459,3.0775811477668142,0.044494531458609675,0.08933491986328328,4786.020067755359,21130.397726671796,6.172715710144109,24.340331836872963,0.48088810270345944,0.5375478449473583,0.3147699622833638,1.5842427751410546,0.6149156157229839,0.573920298580667,0.501132937914624,1.041519394354344,1.1854717878438754,0.0005357119702801186,0.005233229268251646,0.00014324829886137283,0.051033319307012714,0.6275035577208213,0.6775626543664703,0.0182500285151026,0.20932769042764932,0.49980819905508894,0.09934585011960917,159.17171561651114,76.0964022638214
0.5674952640666459,0.18770949634631834,6.881634325558958,0.04628855195844413,0.09103708352961572,4776.601655518867,21087.75180814321,6.1982513941896,24.114548358765372,0.48591991431439746,0.5405629730608916,0.31587208160085295,1.600990194687308,0.6134393147609278,0.5737733880247191,0.503245739477863,1.0391749922705955,1.1858829699298097,0.000533500693385523,0.005207756244882112,0.00014461454290791496,0.05132318413493391,0.6540612817981253,0.6729233880415053,0.013786760948238616,0.20535089551457825,0.5232456789437689,0.0995607802407353,159.27351074513948,75.80501325150462
0.5635478902403804,0.1875140208105922,7.885149201685072,0.044038978624494865,0.09027541584045244,4814.342082185271,21087.78840824731,6.229345946703956,23.86486531977875,0.48752232614489766,0.536488840753658,0.3156246372605065,1.6097547988056453,0.6114783751381108,0.575303962659631,0.49871650193873723,1.0426849704412675,1.1662918432139857,0.0005378574643616697,0.0051313470532364765,0.00014414254044680056,0.05318408939830209,0.6843231420166757,0.6736627230064313,0.014585294283072897,0.2040211998677026,0.5064929666440149,0.09693031977550663,157.85256723331696,75.74018017976397
0.5668811130018325,0.18733195403054795,5.841946337382112,0.04631544587055114,0.08751454563479376,4836.099959183528,21002.053995773764,6.237067304273204,23.937894549127364,0.4886482599560643,0.5326380649008987,0.3163810655385461,1.6100816546637189,0.608842753712595,0.5751614940788281,0.49750581625740536,1.0359398943275886,1.1639797498344304,0.0005430007912656553,0.005127229736134311,0.0001425043236881011,0.055536634145652394,0.6824549806875717,0.6704305956741461,0.01232863049818431,0.2011494208234915,0.5037916745995544,0.09918640043803945,156.99362715806149,75.94555921850392
0.5667330124018746,0.18847068686031734,5.572763026532536,0.04397789624355458,0.0896456167451722,4852.038602004197,20982.74773237472,6.237666894066208,23.855275561597136,0.488872853467909,0.5260909781963972,0.3133649107340335,1.609003899139774,0.6101549811188817,0.5775422176948849,0.49618155315949797,1.0345500256477127,1.162978523033397,0.000538495117491394,0.0051483356250097605,0.0001440062580793082,0.05561396591178603,0.6916017280806791,0.6807714705280679,0.013424694761306154,0.19632326138926975,0.5734572803371012,0.09750423252722301,157.4950102642721,76.0808618684581
0.5659006358244835,0.1873192012480686,4.639958684309876,0.0404962528099649,0.0897877540609405,4877.760848494322,20851.42252019161,6.24674871947579,23.77272244729567,0.48854610088590267,0.5209395354555166,0.31718896976026256,1.6217931945698538,0.607637481547072,0.5773932089017375,0.49327626312778133,1.0390840439003055,1.158152324684265,0.0005441489588569879,0.005098763574871901,0.00014499574402408074,0.05583988260021574,0.6938154861722098,0.6911984353940929,0.010284268094129002,0.20228045910142925,0.5981319492753407,0.1017529815868475,157.2728755498567,76.60875194688417
0.5655424486283205,0.18807392910432966,6.67910409643806,0.038295557538162425,0.08713308524817694,4885.610499137453,20999.278495783466,6.215737985273516,23.773845460824134,0.4884842255004818,0.5228233467942717,0.31768760334264434,1.6147283319901418,0.6052233573015279,0.5748748820337628,0.49397372892637753,1.0432311302898636,1.164329267826413,0.0005496147601224032,0.0051361275447631,0.00014704892813170915,0.051875397147520916,0.7168933698195294,0.6820822764704751,0.009477209514777799,0.19922614611656006,0.6085673654483348,0.10625719822965249,157.5740907156285,77.0603449602051
0.5660978785201496,0.18815673977103028,2.9022158997514005,0.0380522331259019,0.08334257947480206,4889.699450940791,20875.5760258229,6.2143101199105795,23.67685938399512,0.481211813432892,0.519447717563826,0.31922314112957856,1.6023776542228598,0.6061782918408253,0.5737247482609289,0.4927979583571386,1.04238538758179,1.1679826126204158,0.0005453735073210581,0.0050998125986332545,0.00014924704739353097,0.05065285117450447,0.7123763565203524,0.6914737348304673,0.001013672004051256,0.19917495493764334,0.6017667848623655,0.1063130217403466,157.40695987030801,76.00676511523307
0.5636530325287897,0.18747411924235646,0.6163044769228097,0.03732008060517671,0.08181128430042943,4885.18017560149,20577.658153198736,6.1898586503265,23.579846950215057,0.4761529153160314,0.5155234741217193,0.3215694314740671,1.62003651223488,0.6047494803840734,0.5745543804516989,0.49456701719531543,1.0428418096916319,1.1644279431291507,0.0005490533856498622,0.005137654572094066,0.00015138739431303796,0.054482686183465995,0.6734238062566178,0.6911545323336155,0.003915862871430836,0.1929365090118211,0.5814074677652744,0.10613120362767312,157.70159081257796,76.08111175797006
0.5650697289638869,0.18777415534797828,4.140536959951382,0.034729211147091314,0.08279403500561297,4890.166056527767,20374.06935154907,6.171169963912214,23.513117323278582,0.47869322531512687,0.506977103396717,0.3217188339862063,1.602389898027277,0.6106891484585507,0.5752991967764647,0.4994143600714138,1.035170427089081,1.1713898485687728,0.0005497376361709354,0.005136557827266747,0.0001532624507096861,0.058645429473870705,0.6635391586891686,0.6893567582106834,0.005388945760583993,0.19707954590461418,0.6093222841354179,0.10418021066948799,157.8386187973725,75.74620645069288
0.5646683329910034,0.1870359820693672,4.274098334322505,0.032124452652357395,0.08192904772174749,4913.610620942267,20559.72767864417,6.188581353566368,23.71759552320272,0.4843122373066106,0.5105488101164861,0.3252148934435951,1.6028285448172088,0.6159010306952956,0.5704765517766532,0.49872961331586224,1.0370327944144748,1.1794622311485998,0.000558294002541756,0.005132516638115854,0.00015303692078884453,0.05885234282862929,0.6393618411621068,0.693812858894172,0.0038804362756510525,0.19101702727453007,0.6289963800693221,0.09950848205474037,157.61705153138095,75.69869604959638
0.5685780889996824,0.1873900175378891,10.585983725095074,0.03176109928931472,0.0808752270715095,4961.498693606311,20722.508784306407,6.19726201692185,23.67958982057518,0.48010645667743984,0.5110291394192469,0.32177691588014573,1.6138229761024812,0.6159818179706595,0.5702689377530699,0.5050745346085919,1.0374138309590792,1.175753498901667,0.0005543409061561741,0.005174593698183263,0.00015100530383748724,0.0525995386237377,0.6868325901779405,0.6884563332500129,0.0007610897471918739,0.18605715483763155,0.6348133056028025,0.10212290663728997,156.7370813620884,74.92906994229817
0.5712674225042187,0.18744876008999073,9.754898908508071,0.029571223963196433,0.0778637018249695,4973.095920386244,20646.608393145212,6.233855822430685,23.841715774336937,0.4792187565571845,0.5169661436424402,0.32213130576503685,1.6064667979695557,0.6181585587477229,0.5683389787914794,0.506616411215073,1.0313035776701485,1.1694119452038614,0.0005558367563854991,0.005309298004768394,0.0001526540729002451,0.052976727271356876,0.6907552388727076,0.6941886197927442,0.0003516670232175851,0.19013685283159698,0.6330865293876491,0.09827341213448908,156.87824861353184,74.65268033589216
0.5713490888680449,0.1871449682455416,10.037055660531426,0.023350382444998322,0.0750390785715017,4993.351226340345,20691.8175833816,6.232462548894028,23.762297026645996,0.4752348009293045,0.520056866746599,0.32327397419924664,1.6109856141462482,0.6204374679242612,0.5668093472581829,0.502520212318252,1.0394177460600336,1.1806858395874809,0.0005598889408895292,0.005339282507454045,0.00014962265899081667,0.05547650131689124,0.6875702689595369,0.6981181845062217,0.00037543416992256464,0.19075809800539792,0.6604483688995512,0.09763126395430236,155.90490232099037,75.13093687371364
0.5713759093872245,0.1876699319960214,14.046498292282656,0.02222631366669256,0.07786737132246636,5025.36626725772,20715.500929385285,6.252046448657597,23.774683151141225,0.4752834343111239,0.5270152578164924,0.3240163689270148,1.6162799332628557,0.6198921931472124,0.5646214973544519,0.5010053567109922,1.0500154642030874,1.1829738677782027,0.0005553521636332252,0.0052840138761648765,0.0001513765876484689,0.059868430397578457,0.6737835994574009,0.7046631395237307,0.0014963916464080114,0.18699189261208174,0.6704689672994774,0.09242673796274617,155.70975281371793,74.8658873323066
0.5674836956040746,0.18679891644296429,10.87891977207078,0.024778348596909357,0.077802145659656,5006.609619341351,20723.443110957993,6.270062565400719,23.811815981967776,0.46784209538780464,0.5292729196655949,0.32189069157014094,1.5949655832495886,0.6173561244105547,0.5613333675572425,0.49563569327687085,1.0441578770240199,1.1836432402453445,0.0005561681632579262,0.005244648196534004,0.00015013973501977652,0.05809818659905749,0.715753556070996,0.7032090931598085,0.0012305235973449741,0.1864556929843236,0.6953464563581682,0.09350376811424946,155.6288206407582,75.22768083327043
0.5683107027869874,0.18665676117313068,9.096179756563386,0.02649431503409597,0.07557914439261076,5025.1743977620245,21060.850798759882,6.274571375177085,24.015021614813104,0.4701101962406571,0.5291971226398173,0.321725536020994,1.5910868655662262,0.6187209462260941,0.5561981050799847,0.4958850399819429,1.0418425781484577,1.1949601752838361,0.0005567393603996432,0.005387789706656767,0.0001504244152088342,0.05014495243937534,0.7088444492132975,0.7099951210575272,1.1690609084758288e-05,0.18687510012911474,0.7028518747137806,0.09313494348641384,155.13249917665547,75.32756282069815
0.5675408460006063,0.18542821409006327,7.164188933264653,0.0219752408504163,0.07689909885145307,5020.5971412967565,20956.579776611736,6.238961660742391,24.146171183222993,0.4700192607759206,0.5365767509277959,0.32335412701684246,1.602074762179886,0.6190863784611653,0.5554216025585377,0.5003342495117136,1.039069403014283,1.1928431574946543,0.0005577481451602469,0.005309980882774913,0.0001502504784115158,0.052369401052424554,0.7191190877712834,0.7136530230522619,0.006006573943042113,0.18159831006886448,0.7144610379157923,0.09704457499161359,155.32641717214057,75.13873730603025
0.5669661369282009,0.18622409181608393,7.994507187405517,0.01877493281592993,0.07793560951268572,5032.105594303901,20929.922122662872,6.218027082980504,24.023261864716975,0.4557531191462371,0.5397051201534879,0.3183887715199552,1.5929535934335373,0.6171245014121787,0.5591916339193282,0.5031288687102335,1.0335700228505627,1.1873065646174599,0.000561605769384174,0.0052982803193089584,0.00014891130933752144,0.053529890483073016,0.7048827823158035,0.7097001843829336,0.004069535275501394,0.1810198865124337,0.712951769166084,0.09672168814720677,154.933867826762,75.86396335701855
0.5674372761640886,0.18599783461531505,7.571991798434823,0.013000809430409446,0.0775161266639273,5008.842748099142,20896.802830463093,6.224451503044578,23.957141015258067,0.4506366999474406,0.5409502301914139,0.31945601611040036,1.5960805854635942,0.6108436249000999,0.5589006657575487,0.49933838773173067,1.0273421605983668,1.1809919062053336,0.000558736239958109,0.005284494314067816,0.00014969322776092427,0.058589019433275234,0.6598726748600112,0.705445891852486,0.00804673569614224,0.18574110614561418,0.7141409591911023,0.09790443260170191,154.7555944668745,76.75073328786954
0.5672822696782849,0.185182308569101,9.893102420579961,0.011074423382647292,0.07876851563763287,4984.720766623704,21129.06156611069,6.231922909292832,23.752895779639744,0.45385906797476444,0.5474002915987584,0.3150734897080488,1.5956037863143897,0.6103869887559841,0.5597337529239824,0.5000044840587919,1.023969897346795,1.1921827270355172,0.0005590679291546121,0.00528561866482175,0.0001490553544363934,0.05634031890195399,0.6883327987448646,0.7018332630837024,0.011500604044134301,0.18649525338025083,0.6629771095714024,0.09480861748653353,153.93140737860432,77.1832925156714
0.566284879979872,0.18580607801353238,13.344704630827621,0.010589547011737676,0.07524791396119422,4957.626938035339,21239.037817400455,6.216770782120787,23.83368243712126,0.453144946445788,0.5539507231941645,0.3156197576373123,1.5925304956457726,0.6095047310555055,0.5564699984141129,0.5009359287409224,1.0200204991338169,1.1961940610322013,0.0005639911031422399,0.005246981810223019,0.00015054306295665494,0.05438850240893718,0.7232862647987452,0.7036148855405794,0.012274400320200033,0.18443720640352398,0.6546505860995796,0.09317619070231237,155.1516471199396,77.10558132525796
0.565129030616205,0.185816533279806,13.264006711464573,0.0093215701149248,0.07572280239925991,4966.689040471349,21181.936085821475,6.2087386896919705,24.09165690729403,0.4530789105324416,0.5516032847011203,0.3176831180710371,1.6104277124380797,0.6071226523803163,0.5563446867561779,0.5024802824255968,1.0120805589690778,1.2024248889593017,0.0005623246534426212,0.005290102291710015,0.0001498003075929132,0.05743670155727601,0.7247961514353674,0.7020787662378184,0.012843775117836501,0.18292620318390326,0.6554016581641349,0.09190772665876262,155.56967797393412,77.04371798287806
0.5654766396809984,0.18461742260557337,12.991652625459263,0.007381514186832933,0.07492935857161781,4952.59840300932,21093.62322797066,6.208808462543236,24.228719710409138,0.45907158514246804,0.5475150195207759,0.321904575966293,1.629616680422909,0.6073224698420397,0.5530170800919291,0.5048495560603624,1.0120205216840057,1.2184204305149418,0.000566457499015965,0.0052758879928653975,0.00014886984249612371,0.06044494220775443,0.7080468564386733,0.6963443460093663,0.013543952140264846,0.18292648421995458,0.6466743109093699,0.09076642246166289,156.52740912173317,77.49222493436739
0.5642801444967597,0.1842015852011646,13.102688435248778,0.005835997398865844,0.07319909893133848,4986.764822795263,21026.641728160925,6.212798908159574,24.115412750002434,0.46330652686552437,0.5436152869070054,0.3203281564037228,1.6289692838059895,0.6079514556492412,0.554050234013693,0.5079330444854523,1.0177095237035871,1.209611133114759,0.0005677251203463022,0.005315673232987163,0.00014914357449064315,0.054171579048162215,0.7355498980368607,0.7055745708107404,0.012072965522596648,0.1817099755104332,0.6456694595705184,0.09190414386561123,156.87748450659973,77.910479237573
0.5646650341263538,0.18428554674971592,13.461915425025367,0.004274451993821891,0.07519305687552427,4956.893073854833,21147.80596675363,6.213834359450103,24.17190155988292,0.46450970591689356,0.537792042393406,0.31793905821719837,1.622908026260808,0.608550700012121,0.5541180399302925,0.5064513130302354,1.018933073147092,1.2104442864681195,0.000569843037759752,0.005307253104200861,0.00014985339600897597,0.052970592534523485,0.7471070103625567,0.6970814716019637,0.013256948892290446,0.1865449370516975,0.6671079361452261,0.09534765458721843,156.65569039316154,78.15705443507998
0.5619083607288753,0.18477608594884345,11.642503580335104,0.005066881671032105,0.07535044039927388,4953.8863224389415,21303.52937421433,6.188345793548104,24.113781254214008,0.46893124914910517,0.5319209446099825,0.3178327763397893,1.625054422766493,0.6107882604218864,0.5539216904814894,0.5101532745641628,1.0206502281636305,1.207774740562814,0.0005646622995821068,0.00521889878124591,0.00014831158460020414,0.051634930401660076,0.7280875054094722,0.6946394897349517,0.011786498800415908,0.18532555171587664,0.6745828925749539,0.09213606791176843,155.7489032574494,78.95903082476504
0.5616853319769334,0.1844145259705871,9.54798198461022,0.0037530830861394826,0.07363961190673055,4955.974023177192,21305.305262077658,6.214665128051132,24.194077600205286,0.46640798831545227,0.5309142437099996,0.31755938819453794,1.6181429688661313,0.6098925652614924,0.5553005321811699,0.5100875227847111,1.0103703666879509,1.207624656114142,0.000560165165306691,0.005228585262605336,0.00014966130237827218,0.05926921399982979,0.7442923839149274,0.688288476745978,0.00907206526264416,0.18060701652211025,0.665159120090229,0.09187995770332687,154.20098560923762,79.6465761331012
0.5610696401712685,0.18573536776126753,10.191924998427162,0.0036219749187260423,0.07254220581402814,4946.514331593439,21443.70979891718,6.226327182984712,24.036434703264337,0.4766046607701255,0.5190282342601762,0.3163484396060031,1.6044444325911034,0.6063431738989502,0.559065050746823,0.5088810716510916,1.0114028671116422,1.2142650082575313,0.0005595769433846455,0.005190869591607158,0.00014932565955343884,0.052612199088548986,0.7618039270740853,0.6872789484126806,0.009750770565256058,0.18082900396597362,0.663000778793423,0.0912518735944641,154.76152710642822,79.18031795182884
0.5598401445333228,0.1864676775954535,13.682810118144909,0.001593563553115812,0.07306057783520278,4943.47958358175,21577.801609805414,6.229785589920471,23.82230385672875,0.4715796922276435,0.5173059362670996,0.31971287149239586,1.6082529097724179,0.606674100988506,0.5560408171473052,0.5060891188560461,1.0173497901600774,1.2263557369377391,0.0005544689994067512,0.005176641094528493,0.00015055215443794546,0.05606932189187012,0.7379827162710609,0.6847483378457138,0.012872940746430334,0.18047586620498712,0.6291974607623504,0.08990562671707722,155.39624080892466,79.15491934890969
0.5574803126706054,0.18681010773272275,14.187589079840189,0.001976916005923817,0.07415337087583165,4926.49829578822,21663.17241060142,6.2540590983789075,23.597785735311625,0.4689579475034696,0.5080127450515838,0.3206479110794373,1.601660587828061,0.6098281139902422,0.5583275599303378,0.506406546549152,1.0118584485085886,1.2262218509976013,0.000560189747860251,0.005217020919973393,0.00015086037819200186,0.05662027952619187,0.7409888005739084,0.6779852673364326,0.01129723453516313,0.17315754537387862,0.6385170629654363,0.08733900393596494,155.5492969871114,79.20590452110481
0.5524102452052002,0.187844859580396,15.999623625503503,0.003085284151072992,0.07686082099995235,4911.517314183915,21589.558544927626,6.223445112328646,23.56093142617624,0.47610448335080385,0.5031755731609275,0.31890939789353157,1.5994157584201727,0.6080879637817078,0.5621932642425101,0.5088020678944059,1.0137371548951475,1.232105023046068,0.0005591940086936103,0.005215754372397269,0.00015025072853492528,0.05634272420289656,0.7259639963587524,0.675310057942957,0.012780474012857193,0.16953473139297026,0.6337250643999279,0.08356198133983424,155.33315132436408,78.58958843393117
0.551180385797663,0.18875646779450977,17.852317557964753,0.0018700587347752428,0.07445740296829548,4910.132676608085,21653.441662407746,6.238409367839253,23.655786383842106,0.4756712824763024,0.5081084309109242,0.3181833733641522,1.5872720502940811,0.6031186996010112,0.5644682697823109,0.5056061588815124,1.0168628346377442,1.2146925757967486,0.0005641620505927047,0.0052519722047684,0.0001506010185737829,0.05318993408059886,0.6923316646754608,0.6733841143927012,0.015457020470468928,0.16233674498845133,0.6462832095742045,0.08006733724840065,155.3928660694284,79.77161874326588
0.5476504147312935,0.18771918978163665,20.123088129302825,0.00235494308131332,0.07782595738238056,4908.660059749013,21479.90525148521,6.250802148169895,23.663030733202373,0.4703188782950727,0.5125335595745504,0.3178797982592005,1.5896190703011803,0.6032226916368277,0.5612401934816866,0.5009359752963428,1.017076569964011,1.218215323629781,0.0005641916340389823,0.005236011278236481,0.0001534418129331045,0.05864366615427069,0.6605308276664256,0.6678743360794339,0.011902772774880046,0.15946904310780094,0.6503442583447927,0.08280647932380511,155.32013640107286,79.00397917578333
0.5498230489799972,0.1872851767268029,17.66420513292957,0.0024876862639985156,0.08024467109842218,4875.559901892906,21483.264106870392,6.255355475994718,23.696303062171282,0.46607119456644325,0.5050603688400709,0.3197200686905849,1.582202527145715,0.6048389399747351,0.5630120704615774,0.4991240840142184,1.0216923049844469,1.2176906443866642,0.000561691433440365,0.005270256839652375,0.00015427020633183194,0.05492532545025415,0.6681191549383124,0.6645916158693247,0.012410278426779369,0.15561674842051096,0.6507327203092842,0.08125305564255536,155.08069969425586,79.37129387031514
0.5480194908810632,0.18797097532530915,21.017338174253233,0.0021442653715679975,0.07975320280989899,4841.386895789324,21353.289554322917,6.256540946898513,23.611814066180973,0.46104765821525967,0.5051928553241822,0.32079947077378085,1.5706139854246497,0.6033207079235184,0.5677189987586017,0.5009524223251542,1.0235985516345352,1.218297317337512,0.000561961518887357,0.005236323020897905,0.00015435031315055937,0.05230931267390744,0.6911100810811188,0.670805535963235,0.013791775332953884,0.1499912223646672,0.6555215118343226,0.08172224970697785,154.41992156318148,78.58229491386061
0.5505152430104081,0.18741047357127644,22.485398214581686,0.003454564682194681,0.07994302828611634,4833.606109911348,21340.186360401724,6.255672366185884,23.54989258155437,0.45899547961118436,0.5041178175147386,0.3182497246887432,1.5692095969656914,0.6002696566962804,0.5725235340753413,0.5038735803887393,1.0167211031980627,1.2216027860258059,0.0005633269892468123,0.005214549993070843,0.00015448818007885462,0.05325646042835466,0.6317175697380082,0.6669996392056434,0.010867086329892046,0.15145365036548133,0.6581997795504826,0.07611824549790813,154.5822614546206,79.39555229361903
0.5504069055276942,0.18581284435018136,22.381642591013232,0.002046149956936978,0.07702633816271807,4860.807200059763,21317.29546163124,6.238423243870212,23.490330872480428,0.45189043318019856,0.5002861286132302,0.3197995041670206,1.5644297598593355,0.5944801640117934,0.5691301218793827,0.5003473135703795,1.0211496773801547,1.2320697131611003,0.0005663394401363014,0.005283136022940932,0.00015599174663749908,0.051519943421150224,0.6351936296692352,0.6710933324639392,0.010070581387208257,0.15289141227278838,0.6606597436109178,0.0753292894492651,153.75827966613025,79.01492775895812
0.5501973412481761,0.18628986834720174,24.62051064169385,0.00292266872205639,0.0732927275639455,4837.317486141193,21111.903838779574,6.2665708739974235,23.504816378424433,0.45397412441844615,0.49554578202937843,0.31769292950936573,1.5656299642052645,0.5928219839280293,0.5688250413188478,0.5022838272076716,1.021796322226286,1.2309048831054064,0.0005647368040888368,0.005244943951386235,0.00015506484462650592,0.05203486656316473,0.6343558855061553,0.6719767367881683,0.012716927229983074,0.1490617621271343,0.6204083465707859,0.07371423303839957,154.6883393005557,79.36822799709819
0.5490998476566165,0.18649155448116633,25.089272209680992,0.001360322016366693,0.07796601924372966,4827.920471236215,21219.58677408531,6.278221340510198,23.55389596792608,0.45663661360440866,0.4973261378128417,0.3167593296923131,1.5701193123930428,0.595118563316671,0.5690391877239366,0.4995956575115266,1.0109539879089242,1.2300357830419903,0.0005634340999928542,0.0052914382994371095,0.0001531821697175869,0.05081127388469898,0.634077176302814,0.6729390523587342,0.009424252666890447,0.149525869430445,0.6180029492621575,0.0764253341493434,155.28798620565624,79.0723050560812
0.5449281826001702,0.1847038946321864,24.299995124153842,0.0011820142618868383,0.0797228051737709,4822.917595319167,21216.94844327568,6.265755588914148,23.42343128781278,0.46021708535692124,0.5039104747141991,0.31724389180519813,1.5688108809787409,0.5926777114428134,0.5707351693783503,0.49878158801799494,1.0134597078509031,1.2280770131106278,0.0005636113939154978,0.005345488842109187,0.00015170153793100127,0.056072182351170285,0.640137589998143,0.6787015443582236,0.0036937728085378718,0.14900062848542195,0.6136531632989506,0.07720010026448153,155.25081827130262,78.51220041634973
0.5469943175868246,0.1861388950349546,23.461833662642857,0.001086621442213651,0.07581985441696112,4810.285582323771,20964.25286621132,6.263935663348906,23.466762575509517,0.45455076105932524,0.4979434805640408,0.3159281982754578,1.5699564198299312,0.5989821273333019,0.5692377601081814,0.4941216616764672,1.0174262442351103,1.2185853099485076,0.0005681034072247973,0.005310474171514616,0.00015259749527851346,0.057757704378618914,0.6292385171993222,0.675877448134795,9.669486165997474e-05,0.14731991172233896,0.6478631913566201,0.07783903028003089,154.930661047546,78.54375035845987
0.5443317965721851,0.1864897647395019,23.39034647327227,0.0016987434357231546,0.07655150929284356,4799.715095365117,20885.898583687427,6.263230874738086,23.78788936972798,0.4530793275288227,0.5020826639807634,0.3159176621308374,1.5747211629129885,0.6007347160693388,0.5685512370866099,0.4906491795997775,1.0200363364450218,1.220524387221398,0.0005700347564674419,0.005400019358507317,0.0001525012209548542,0.05930016120196328,0.6282202700410859,0.6726655469240509,0.0019116088220338802,0.1434674270801351,0.6717676187599716,0.0770799972859024,154.2082861507501,78.7419272910054
0.5473548277164222,0.18687737300059848,24.911707906194245,0.001960779732476126,0.07649034652417214,4778.9419236534895,20948.806911199677,6.265637744408974,23.468175251398513,0.4428288683695065,0.5092119445529694,0.31866778741681,1.565686055031606,0.6011958265514024,0.568408000545816,0.4891065345110404,1.014294692110188,1.2145853652159182,0.0005649521105430888,0.005292094611231001,0.0001539598122564133,0.05467071832951585,0.5890174001033113,0.6702181964841495,0.0020509309397206666,0.147834621151221,0.644874071683678,0.07760879892427662,154.668979099378,79.58904457466495
0.5500852099728768,0.18625713696843227,25.234669787620952,0.004751616024096916,0.07726615495042345,4789.376696716354,20882.348686770125,6.267888334681642,22.99461354425503,0.4414360804323563,0.5093638241366857,0.31711008787066847,1.5616358502097827,0.6014697421451591,0.5666072331084245,0.4923554766882006,1.018813547555368,1.2206359396325484,0.0005705364788502119,0.005274632688879648,0.00015539696695890547,0.05633289238423481,0.6003200957738676,0.6723274923481506,0.001697712909580343,0.14115091407597816,0.6364713942655439,0.08327867520692052,155.37850247964923,78.31170133180999
0.5507166626017465,0.18722180532718302,24.664794422265732,0.001407056723216748,0.07929715566701755,4788.322877897397,20875.57984962945,6.273919101813715,23.25440012939522,0.44321162146224424,0.5133440419761452,0.31850642542214785,1.5603175148916453,0.598005585907891,0.57132055651844,0.4924754373765173,1.0284570830595179,1.211252974143694,0.0005806260956689171,0.005208601635882115,0.00015497756384441538,0.05827327930054323,0.589930672131816,0.6747667493641692,0.002225645557389639,0.14014782556581282,0.6406658957475001,0.08605911058476685,154.68037713406704,79.43852178383825
0.5482189692945421,0.18628255943932479,24.591924005307508,0.001850153794510245,0.07797491371080681,4784.375351799505,20488.524175800605,6.265721665582288,23.376813779183628,0.4452512955369041,0.515708201022951,0.31964115036569934,1.5597443425934219,0.6013358990117126,0.5725283480317622,0.49632766694919317,1.0306462234040985,1.2191001436680082,0.0005858719258666465,0.005273359888692086,0.00015573150932919543,0.05987768593008513,0.5763658469174885,0.6740615716001718,0.0006072797373200883,0.13715540214520514,0.6614887619583563,0.08719067525233154,154.81496845490943,79.33336998536191
0.5481750175337259,0.18643610352576093,21.17365764082436,0.00197277035156312,0.07545194939553342,4753.799908860413,20548.187755940453,6.25319066475233,23.694693883043918,0.4408077842149875,0.5209964896643792,0.3203626523385142,1.5493297630807878,0.6013907179183485,0.5729599099537163,0.49593597211187973,1.0234854756863263,1.2143103321644688,0.0005831039757612615,0.005216358170116373,0.00015626141316616162,0.06377019170858642,0.5802807681027181,0.680742570706281,0.0025232583209961485,0.13364248258946232,0.636090273352609,0.08463370304092335,154.6769426000695,79.93351561033163
0.5470842355323188,0.18670707580311002,23.485485163396913,0.0017597413852317376,0.07378251581985892,4729.566748088446,20419.53164909446,6.272021491598705,23.66783133116077,0.44139626699073065,0.5209615325058897,0.32153664815327093,1.53357676757052,0.6024133125216496,0.573879068079045,0.49623993818472883,1.034671585796048,1.2201074322910301,0.0005851097408939362,0.005197277060665509,0.0001579372832704714,0.06714098167271323,0.6023834762769048,0.6837354626448566,0.001386595636129878,0.13311287315498666,0.6377863293207346,0.0880217238671536,155.01656439862762,79.75870509533212
0.5465464179887781,0.1871362206829391,24.32195463831896,0.0018669621246803195,0.07523305839863742,4713.516997104815,20474.059954128064,6.285278174568345,23.74297738723933,0.44108742700952625,0.5249920692787955,0.32271690403818737,1.5400643004445278,0.5990820660703254,0.5748365040931958,0.4970134487392116,1.034470201206754,1.2093200432560323,0.0005875727311229853,0.005282882159494927,0.0001583438215797733,0.05958532300274012,0.6123380260472248,0.6830607329816388,0.0012974655553243232,0.13191469143353085,0.6431210966909705,0.08705909394331826,155.69396186031068,80.28094374094525
0.5487723667463694,0.18718509799217825,23.295263087087385,0.0014954245208649495,0.0715829680970926,4731.821501938879,20350.299444885874,6.298623739941291,23.526442091427125,0.44001337355175,0.5198568861659173,0.321606540332504,1.5347130060513914,0.6009428207018759,0.5772113197305075,0.4940482743705654,1.0219758108221177,1.2229135185823747,0.0005865105428695719,0.0053966283762237515,0.0001571210410804938,0.05813146692274266,0.594640395477463,0.6779136868794151,0.0038449651407807465,0.13200210899029788,0.6285180848991889,0.08895843878649708,155.61629269331385,79.00569945979711
0.5492368131960853,0.1853128043782809,25.698173300077585,0.0027098762113986503,0.06968739440143303,4713.644993168071,20410.591360594186,6.288546200215688,23.51665825766588,0.44052980679727854,0.5189988908398836,0.3216044179968378,1.5356114153823865,0.5982333150009148,0.5793830109248296,0.4938478517931735,1.0292881973399213,1.2266594598762823,0.0005896345073086585,0.005300060228398442,0.0001558369919453405,0.05077372722585744,0.5730573334139726,0.6706191284107118,0.002818138551134888,0.1278339952490187,0.6389446603635315,0.09010832708095488,156.24265498944015,79.33958562208046
0.5508500402866946,0.185683807228373,25.48462924978958,0.0033354863855157035,0.06801416472426162,4682.331694934165,20313.709691817076,6.2957532357809205,23.791614786267342,0.44512777584263064,0.5219318123249269,0.3239402680177727,1.5275293914051031,0.6004306321208503,0.578830685404459,0.4898283692019757,1.0313386723110145,1.221834113158187,0.0005974776799135339,0.005338164256506401,0.00015575582649586382,0.05244141393336428,0.5488453678799642,0.672677149254427,0.006383914887678454,0.12652882197187837,0.6389716807228092,0.08767047596221171,155.90131511062432,79.490911403083
0.5522907650289325,0.18765398806530248,20.397316363151845,0.0020384086800908975,0.07074470764002824,4723.636008799792,20222.85662745792,6.298318081696875,23.84941851874582,0.4462515126079362,0.5200187696087228,0.3220270881920643,1.537749820542358,0.5966208332016782,0.5793226773415007,0.48810238762689134,1.0268095792753344,1.2204362991009956,0.0005995129865678857,0.005317382311331427,0.00015543344475505883,0.05682325244280345,0.5323790541541406,0.6821966309174463,0.003076162414583028,0.12922234306551564,0.6543925289946202,0.0890628841360846,154.97599788200176,79.00453190035577
0.5526744674704774,0.18675150861090523,10.05107923119912,0.0029028263779417368,0.07043492638515167,4723.806894088781,20272.671279947703,6.306066975906373,23.55513310096552,0.444085527128082,0.520823085162635,0.3215891458529997,1.5457700924835203,0.5943984682484851,0.5810871244235079,0.48513950559120217,1.0238296265734559,1.224520099099665,0.0005928952997206418,0.005316168374551922,0.00015609656005896287,0.050032005356489766,0.5042871328715599,0.6826417924286711,0.0023665843301835052,0.12917329945500125,0.6704993653454018,0.08776922087731641,155.26919608739644,79.12003334277205
0.5470751620950386,0.18512587527893387,12.55688527626604,0.001964644694290334,0.06643625101640871,4743.3522188559455,20329.138818632666,6.297695758106942,23.77988334094424,0.44790418233230356,0.5120499983048257,0.31970202892717414,1.550428315036003,0.5913842694916459,0.5796912118967481,0.484987002508397,1.020311517037545,1.2264591362436172,0.0005878761269478375,0.0053539846373045425,0.00015563546656613972,0.05451199748274714,0.5108652036458755,0.6929708670906032,0.0047785163778554275,0.13023859045692043,0.6641522518437051,0.08478145150626365,155.39916860796004,79.06720395169019
0.5464280807766694,0.18487670676670018,14.949600244377176,0.002074900185150195,0.06441988288692303,4772.741937871752,20301.689996343088,6.3188637712933815,24.10697934392027,0.4425582970156451,0.5120355928513936,0.3170248403293262,1.5479446408024633,0.5891721290310524,0.577979653862101,0.48181859156301504,1.0190489665377085,1.2335067306712333,0.0005819876766786266,0.005372245432360043,0.00015503955347563524,0.050377337063671146,0.4962836507372172,0.6953821183011529,0.0003364263578963869,0.1322873315106766,0.6801092982845778,0.08634383744328797,155.46160400883372,79.36178820244487
0.545942126828295,0.18541515943421052,18.794681591002657,0.002270855841636175,0.0638170607125103,4747.181390275998,20238.805516765555,6.334408999593601,24.455548509730026,0.4526502895624744,0.5111923774518219,0.3143540490970301,1.5372797608954663,0.5859924612562458,0.5831172321224634,0.48223645475192845,1.0201543129911559,1.2264198638686314,0.0005842324953889086,0.005408935443420451,0.0001556941960102631,0.058858788701113864,0.499867302977116,0.6894975182463082,0.0008688025482484838,0.1297344313741461,0.6652731777072001,0.0883766180810292,154.73264628281882,79.03431041646131
0.5510095693460609,0.18482286386986158,20.050707214708023,0.0015917745891936546,0.06534902413211752,4751.389789328149,20280.75007900406,6.325144625074543,24.705569158887712,0.45459122480796177,0.511512409024051,0.3118893937978409,1.5279307254096925,0.5883601822602416,0.5832984262902272,0.48036269300429857,1.0217814812015784,1.231493537955059,0.0005865656281264989,0.005388261766683441,0.00015512041714206388,0.057769155237392816,0.5053003488043676,0.6953718407103604,0.0030841236415713683,0.12917771560609623,0.6509583182407832,0.0836906934604293,154.66441591643877,78.97365933176141
0.5500845129600628,0.1845214017153621,21.62707062819647,0.0020802372103840166,0.06489419654362102,4743.038049943908,20423.419719485555,6.318732032151893,24.741049228667293,0.45248835397894105,0.5196166014654694,0.3103390382610441,1.5259468972315744,0.5847930061989903,0.585431067835629,0.47831313599743724,1.0209172271383666,1.2192019919172787,0.0005850543670640158,0.005460911792731823,0.00015487960543187598,0.05722601397430226,0.4999413230987286,0.7029350844264012,0.0058478628305721845,0.12634683214100473,0.6358493812073481,0.08022999320703986,154.51445866039072,79.14521129720278
0.5525314320511621,0.18492201648603904,21.674910354246503,0.0012419404574385818,0.0647314854501566,4757.929759241122,20363.44443074469,6.319292748559534,24.686485864387194,0.4485948465188061,0.5229619377162504,0.31389328397177346,1.525222944357101,0.5817943607295891,0.5861263155205431,0.4737765875179965,1.0193591289967725,1.222132176081308,0.0005863780178092538,0.0054608797062244314,0.00015504741694289474,0.05936323924143214,0.48226279346702955,0.7042124198486914,0.005173183745447432,0.13063000007677766,0.6181128220792835,0.07445361204031382,154.83947829809009,78.93307434767945
0.5538231962944704,0.18553426075289947,17.936732763688674,0.0032283572499060323,0.06257103900678579,4750.221076188096,20313.444401762168,6.330540888832042,24.312529931576734,0.43936570465499497,0.5211144656751237,0.3139228311193413,1.5142029728502138,0.5843845462619057,0.5864635233149451,0.4721859146931433,1.025845624050921,1.2326079649834365,0.0005901864717188401,0.005466358200944607,0.00015531467041704058,0.05924132510020443,0.4986265144651137,0.7021758733738092,0.0015197412620500204,0.13062187518103502,0.5974346920084485,0.0758291439273984,155.15542768345338,78.86973865063493
0.5556329020115816,0.18491468539707095,18.996114734761193,0.003290248745653154,0.06331725699679756,4739.904204617607,20368.2310973169,6.303463647228613,24.489030531335313,0.4476989305083377,0.5186864678141234,0.313874534971796,1.5012039154874606,0.5824496296056089,0.5858659163507701,0.47379977086078484,1.0269750383791885,1.2289482914566014,0.0005917786143502405,0.005529235668949694,0.00015762117648617774,0.059328269718088356,0.479661010246485,0.6954005868649075,0.0016463980752881497,0.13221665855270984,0.6252417897066349,0.07642132485810736,155.9714343417715,79.52988111194948
0.553279828961788,0.1850985010307914,21.650947745249837,0.00307051619383198,0.06236395705517148,4713.09045513838,20329.175720505387,6.326481535437101,24.559163728264327,0.4504905766238174,0.5134704395909513,0.31837118576052525,1.4938701491200015,0.5808421102316369,0.5858818129074181,0.47173434624632765,1.0220977166367022,1.2141055018525402,0.000591698780520517,0.005576834290140534,0.00015720953236533091,0.062000745327498254,0.5139598404654551,0.7011639176275266,0.001405584158861768,0.13025138013718807,0.5875680579162231,0.0820045381201922,156.0060216480199,80.56283679235133
0.5554516988042668,0.1851321754577907,18.878889360007165,0.003003430716976225,0.06269585685328659,4690.075050927575,20349.030805790593,6.335841296235405,24.845950512077493,0.4495467008835145,0.5159781066057895,0.31735440093437906,1.489935657620854,0.5839598200016807,0.5843150152138473,0.4696648818689584,1.0219216894021428,1.2179227663906598,0.000596082393133679,0.00555318651134603,0.0001589874728257881,0.05614639836688046,0.5092727608651814,0.7016282539740664,0.002858484385938712,0.13108867018775316,0.616466904792476,0.0819001671535688,155.9047316194037,80.3694829005897
0.5543245580893912,0.1847344666104591,18.58819511791312,0.001446347433438234,0.06161810726891601,4699.041048386832,20198.312851081013,6.339888461131968,25.049508897861447,0.4459894266750651,0.5155753586060428,0.3214729206535859,1.5061744672019473,0.5825641907703502,0.5901322514598679,0.4689129942521878,1.0139159638294888,1.215175216853158,0.0005969052036539571,0.005496624699059764,0.00015807455082662253,0.05131989811373801,0.4948013004426397,0.6920385552134363,0.0074705524031059775,0.1299240747374421,0.6059438333581572,0.08034558441246958,156.1150660184806,80.50570572244847
0.5545848251217517,0.18352202678409119,18.205675033767093,0.001897517075496012,0.05904870907209023,4712.989486725618,20249.587338028006,6.349472429822703,24.96860849404583,0.44818662662817,0.5143273192390139,0.3214046032212755,1.513156005287158,0.5792580071284369,0.591264817459773,0.4656859143594232,1.0127364554879077,1.2203422481035424,0.0005934128261219828,0.00548760677712983,0.00015796299083295582,0.05116003799555052,0.502158617532778,0.6987648341914653,0.004411106834461665,0.12711166278544253,0.612864086086109,0.07647100156812554,155.31440571211104,80.55876952739374
0.558590878279955,0.18386395537089015,15.908681367309198,0.00183046573475205,0.056627200795409297,4700.069015619411,20104.249354866955,6.35752905338694,25.08073570422872,0.44518605582822524,0.5116970252762936,0.32153685629269313,1.504029697309718,0.5811326856652942,0.5955993000227737,0.4620002934829074,1.015057658194559,1.2175192047221497,0.000594082431925647,0.005479759970187744,0.00015855556564342896,0.055167272731374374,0.5192696880200167,0.6887689986412087,0.0009228959888913178,0.12907412107793498,0.6171134578509373,0.07782782898907407,155.03594896852155,80.46824811929112
0.5583650368627079,0.18371197618245744,13.135347483482615,0.0014949417080102458,0.05345762952259046,4666.93682440447,20332.889435989822,6.361234211148361,25.416545863539152,0.4522406396647939,0.5130979231515503,0.32124453351434235,1.5062546856896357,0.5807153614070688,0.5974288025767812,0.4627751121342505,1.010708211948311,1.209150303176991,0.0005971033121841578,0.005387188460487632,0.00015877113916789679,0.059316009161683406,0.5226124774170133,0.6877454045520005,0.002414298163449201,0.13290419472660203,0.6056362631238907,0.07740484382186022,155.32351011612369,80.27511922689722
0.5571657882097167,0.18590738796286943,15.590019722706128,0.0011009035185205428,0.04785391197236241,4684.149143413972,20373.096651142037,6.369425852408255,25.457456842190187,0.4517896464904482,0.5171619079748483,0.3214436634410045,1.520350719684537,0.58537052757086,0.5970714274878588,0.461161034274237,1.0096930078405097,1.205110344153913,0.0005956371754347091,0.005297637345716481,0.00015970833398231264,0.05961186708508702,0.5113957556489991,0.6902989327345944,0.0006739525801689201,0.13504311109358746,0.631671545229423,0.07716079762230851,155.25912305968617,80.49013410282501
0.5610727133518298,0.1843221243703655,19.913187340618137,0.002219971791838247,0.049196188426182105,4684.689809115873,20485.044847569374,6.393383810655835,25.611019953252544,0.4549059284632467,0.5166900514096462,0.32689168012223285,1.5311641663299849,0.5882155105731124,0.5954183016568243,0.4606203619365772,1.0029917517394578,1.2017135280554554,0.0005987261091235524,0.005345230470577704,0.00015829402390739788,0.06512674882230762,0.4669959310319318,0.6936275729958147,0.0010444330653112631,0.1304497134426314,0.6383285570298132,0.08050085129114445,156.08779151099196,81.22467897062617
0.5646683357924047,0.1862070945319314,20.430272548399216,0.0015449662160524227,0.04878841583197205,4709.078414247647,20631.84068762713,6.391309703759545,25.47257465950017,0.45378419930082753,0.5154503326235106,0.3251812540107175,1.5306643718305801,0.5843413927373672,0.5976084391252976,0.4596659435855422,1.0148774794009872,1.2025344880219724,0.0005962951061884206,0.005292005497961073,0.0001571735992303264,0.06500582035080246,0.45134216541551053,0.6933118019067747,0.0009644903472439779,0.13599063254786103,0.6321825293792543,0.07873497946205187,155.84095310473614,81.63021059633066
0.5647872848651444,0.1864177504471434,19.740495821026485,0.0013659952121543235,0.05087617956242204,4717.820726837747,20713.662731663037,6.394237881591602,25.05312179551463,0.4552553023612719,0.5214674402091491,0.3252175674642944,1.5418963649758803,0.5842539194337942,0.6000272317292383,0.45618315501070955,1.0298122389501243,1.1931155738117818,0.0005963299855773107,0.005258513473608247,0.00015788188080149618,0.06769775823090336,0.4511566035743642,0.6885890780004517,0.0005258582270403994,0.1357164467284167,0.6376326696992649,0.07522043697283805,156.23677312777747,81.64324954421826
0.5656192146565078,0.18741991109084039,14.961816020231229,0.0026250582549627727,0.04952097725603221,4698.9910078741705,20590.062933654892,6.4182962856242085,24.909813918880463,0.45678845852444544,0.5126347954937908,0.32320602064948384,1.547581996603776,0.5840992823871576,0.5982493564178587,0.45600886076122654,1.0285718476365109,1.1887406006380168,0.0005989633314608812,0.005295437481302977,0.00015845753687177678,0.06427675698300303,0.4652158696158368,0.6899383807279214,0.005252739286059189,0.1231476812021712,0.6402586493102588,0.07197018764305667,154.53313720512665,81.45209277012361
0.5692685442724581,0.18695250792635296,15.960116932673616,0.0013152197305059785,0.048813416062908496,4714.263536078394,20521.655328780857,6.417821030667952,24.76999771398454,0.4597294471250236,0.5152990847475274,0.32495227891732453,1.5452479672391264,0.586846513660404,0.5983268773857175,0.45237673398306083,1.0225439032012311,1.1843080254934981,0.000600995020457017,0.005293003640373287,0.00015950454581651832,0.06086005427399491,0.45857893881144374,0.6889785856051324,0.004067075022444753,0.12240644104074991,0.6467198208643092,0.07196162476936181,154.7152742967072,81.59831314392463
0.5619105693616717,0.18601961724445448,17.426781321462883,0.002048833591889115,0.0474603854112865,4717.849511704509,20579.642841801422,6.411474193289401,24.91145912557478,0.4606013656120545,0.5133929054141847,0.3220987980829637,1.5486270047476531,0.5861905502140808,0.5994046405207859,0.4556346484321868,1.021519811423503,1.1951749128030045,0.000604380608169062,0.005268721618047058,0.00016156841192623816,0.06661863335262522,0.4947128263801407,0.6925039579153723,0.0004379140090700101,0.11554965009518463,0.6527196666601173,0.073210089903217,154.22670039354196,81.45105396527427
0.5638671188203337,0.18538734964998527,20.96822366282659,0.0014823284097467897,0.046226150488580676,4699.079813099814,20666.743130410487,6.418464642440284,24.886035920783236,0.47359768094133214,0.5137001781257221,0.32715055090093026,1.5413841294737542,0.585969993162168,0.6027787476060268,0.4524068899704046,1.0256373815981608,1.1850504969920002,0.0006044988414334848,0.00522185356409224,0.00016323842582380123,0.06976960128309669,0.4552946630251215,0.7031540997881779,0.0031046964784415825,0.11538610764425948,0.6476882970428124,0.07255072583903588,154.32056147130714,81.32771994448427
0.5676604444169892,0.1870246776867925,16.230818792447707,0.0011127773832428503,0.04754939863359416,4697.172879477652,20718.513723788175,6.447023055702511,24.99706294927196,0.47790285183085995,0.5113293464232975,0.32771199682296615,1.5495522453505481,0.5877638329552212,0.6016538393009497,0.4572814574032947,1.0251620147914657,1.1819585767227623,0.0005984800929934034,0.005221207533873518,0.000165733626241998,0.07330244728350067,0.4613906845327109,0.7030634689981158,0.0014662555437727804,0.11152688443833693,0.637862583019252,0.07525323712025253,154.42335543802696,80.63273180450507
0.564570940221292,0.18687601869805062,15.439662755197354,0.0011586949445270376,0.04550577394794226,4671.83178379511,20694.57795128315,6.454290001095877,25.102679319066596,0.477062081306588,0.5146872851713663,0.32530208685494205,1.5272554576378197,0.5888556854404711,0.6026892234530665,0.45608993943413223,1.0279190493414982,1.1877118461980585,0.0005983026389989781,0.0052524490205311785,0.00016607159479131465,0.07179637347664225,0.4155621445240143,0.7081850592855667,0.0018893062250793019,0.11293112934472312,0.595956820640917,0.07805401158328582,154.65348033601182,80.46449772166959
0.5683129216437609,0.18685264840881552,14.920547167991623,0.0013575705839134553,0.045117126168406574,4654.926958481723,20836.75937869632,6.465449890565102,25.25148142853993,0.481681887783536,0.5196717013389103,0.32270439614212854,1.528292120512737,0.5901124048918184,0.6033193231789015,0.4473706359672422,1.0267472022818116,1.1901199342286843,0.0005981661578473499,0.00520269245213226,0.00016614710328110915,0.07224167304757924,0.3975217860615331,0.7064620966701888,0.001903528438708424,0.10959647044884756,0.6141427196824006,0.08301500998300915,156.03730569339902,81.40051615947604
0.569106605946087,0.18647864227918146,14.563826865646048,0.0011460265665833632,0.04368762001561582,4665.436477455319,20850.761492260648,6.446742040611726,25.14167618102134,0.4757840115646433,0.5240889169527313,0.32681437002943453,1.5219502847222957,0.5875494509944985,0.6034776298242128,0.4421311588258228,1.021471202632589,1.1888585848124436,0.0006007481687611717,0.0052077550997690755,0.00016851463028305733,0.07552424907227116,0.36849554560588604,0.7142598989807164,0.0025354337665187774,0.11287177024526168,0.6081974294618713,0.07862988299909231,156.66653954213345,81.39450810412067
0.5707707247167289,0.18648594708116292,14.585858892886266,0.0017210951675770913,0.04179868344405748,4680.472258015021,20469.716518108555,6.434887881164239,24.992844692220928,0.4710209776552991,0.5227249338172275,0.3285072775925011,1.5252677154395369,0.5828575407213334,0.6072477039912011,0.4444330765991359,1.015784249545597,1.1835046078620144,0.0005997850371911148,0.005193326905054255,0.00016878973726383646,0.06810092756760092,0.32914480108582345,0.7092830348888728,0.0029010464102507466,0.11084353703183755,0.6298761667079992,0.07711235312127515,156.9896885887254,80.63853737978785
0.5721165993290691,0.1874966741620966,12.273762869182061,0.001404932508739708,0.04243536901819282,4668.771649652546,20389.107457755632,6.406170522388148,25.295627513858776,0.46703758074654483,0.5179300150914579,0.3258087290615315,1.507377341356389,0.5850347944521745,0.6044246633689629,0.4445566856893335,1.0195741015539548,1.1972117824699875,0.0005936867668882701,0.005183198396528647,0.0001692493700209386,0.06315386133856814,0.3092213590642258,0.7116100823760853,0.006047179137437632,0.11604059041526167,0.6433486421726213,0.0777485525544687,157.06201647984636,80.33173960574348
0.5749745893121398,0.18774862579647109,13.651604079853728,0.001800995368481881,0.04193058711321846,4649.2450980411395,20520.567955817394,6.385790636921622,25.245330758339975,0.4664372241919793,0.5146545564688985,0.3227827160487864,1.5016707553579416,0.5833963543378929,0.6045862998776376,0.44281779890848194,1.0208518383521532,1.1993868717104441,0.0005906027160303406,0.005088781892421608,0.00016897216438919654,0.0652287754771142,0.295697519338269,0.7091408992662609,0.0044942095637314754,0.11932769157118236,0.6402668315195692,0.07581426364565937,157.38243344708778,81.05083653386386
0.5737122508257404,0.18887218289694915,17.069845421852367,0.0027301028711463646,0.03871447876226152,4618.990469851899,20526.066628251756,6.4070441529397835,25.30569800070179,0.4690116614134351,0.5155286481745661,0.31939682501419103,1.5108440962332932,0.5803062883937951,0.608387629102695,0.4443812121512916,1.016520532266676,1.199465996407044,0.000591737044249634,0.005058245417278543,0.00016851028232733615,0.06459692717031507,0.27599210444417466,0.704173597838707,0.002992961891538996,0.1170908785583733,0.6577194600225968,0.07802777849008564,156.99794734118967,81.41725478545673
0.5759340541376831,0.18852212110825778,19.4449034180717,0.0013160302754055136,0.03494548586306522,4636.613741371605,20733.10089489703,6.426632550410825,25.334667468579024,0.47015631794346463,0.5140157225003259,0.3176145456768691,1.5113351191529871,0.5780200255916548,0.6095418075356096,0.4411732532275991,1.0128858972858745,1.2054906097585651,0.0005860063824363207,0.005108803369804879,0.00017026691514503497,0.05319240010017424,0.2867067823236552,0.7154183920565768,0.010409336539806718,0.1158822029679435,0.6423322442014073,0.0818319615162017,157.90555678741853,81.31658682397575
0.5750730067732797,0.1877836068416145,17.92549594522813,0.002558738676034003,0.03194104787756945,4654.397427758175,20587.58773963622,6.413856328849557,25.071533460905172,0.4731166564216482,0.5155221859538922,0.3189770532813907,1.507234362775237,0.5778896667462575,0.6093435252414596,0.4386737115665373,1.0080493824668317,1.215493356666738,0.0005879176908356635,0.005223316429309821,0.00017011065656840694,0.0517825592726001,0.2879348316124876,0.710160868130029,0.00947871775785757,0.11371043100247809,0.6523096179087797,0.08344682444434029,157.96651972651878,81.69957558318099
0.5762100844192374,0.18748762769760463,16.500515390361773,0.0026616511532333723,0.0322179973826775,4640.512319996595,20499.11207602533,6.4083846756002005,24.965800064951523,0.46771498083742147,0.5134684370664875,0.3192886222647325,1.5077484676976114,0.5815288624087892,0.6072894283837802,0.4384487348406857,1.0128423123572243,1.2309151284574769,0.0005865302030051955,0.0053060116985658365,0.00017078073645068932,0.051590669873100035,0.26619606255805245,0.7040073236704824,0.005554336408288385,0.11466770883605285,0.6619901355505994,0.08399123266970898,158.1275463037024,81.72656748627593
0.5767825593739666,0.18701522338316034,11.78628646666889,0.0039702046728550995,0.032752319592612794,4633.727555682108,20369.741954360612,6.442313533487987,25.10911270670193,0.47065460017345123,0.5133709091016451,0.31556994830276663,1.5025051491619665,0.5812767044143715,0.6084660407646844,0.4327026293969185,1.0030704644746378,1.2177759045742456,0.0005817894180708573,0.005311097179712792,0.00017170018080322891,0.05525996593688094,0.2638764447183992,0.6957727047648304,0.0011450515922001815,0.11418571782654849,0.6850685482641474,0.08271653519974752,158.43431810182565,81.04949360809597
0.5758313349716946,0.185455113720971,11.212036043475466,0.0012812718077344558,0.03106978867890234,4682.299213628587,20112.950113913634,6.439226920426667,25.31611976622873,0.4689668826938883,0.5124363126450592,0.3214135933912376,1.4863773544333885,0.5817738866398439,0.6066559908625936,0.4310289350642479,0.9928236346491244,1.2229498110719377,0.0005817717520162688,0.005319380201197832,0.00017116247886512712,0.058103082398455644,0.2249877292155063,0.6963420438931476,0.0038670861605320742,0.11521791341606812,0.6996535412613182,0.08151993650499118,157.91423776899168,80.64947411213788
0.5760797920843606,0.18457687268787176,14.607839123882036,0.004379574459736434,0.026941662619214154,4666.969262073764,19954.225544878504,6.448000302785752,25.24214434827831,0.4667440877420796,0.5120309897707437,0.32161111221952704,1.4857000993144056,0.5847405594352154,0.6045169390747648,0.4334535156438323,0.9870606251804978,1.2228683953843562,0.0005865365067008725,0.0052827497242208645,0.00016976872421679313,0.05922921611027189,0.2447595609168528,0.7080308210907319,0.004900373615129257,0.12193987947398724,0.6714548593288402,0.08408328570622943,158.38865781727625,80.93514457194442
0.5783239889267826,0.18536322951007386,18.973021166976814,0.004769858927336519,0.025437978687221263,4639.759448649525,20031.919198459316,6.410780799611011,25.145277055696774,0.46749931351752594,0.5144729741029616,0.3206662266387703,1.496862879518323,0.5854190468583119,0.6049549772237298,0.43548553318658184,0.9876554879132742,1.2174036750528119,0.0005858595139276325,0.0052093405952856235,0.00016979675687764517,0.05499579792584627,0.27280777426709735,0.7034586000701079,0.0029820300410554976,0.12037767991047282,0.6684403931968702,0.08183664375686978,158.85024582164644,80.19773073883593
0.5776220357260105,0.18554162222910156,19.362693838583873,0.00135168854646129,0.024803801256930838,4667.602252605165,20062.327918519917,6.377391729706681,25.387031807470052,0.473558130828006,0.5195502583513286,0.3199233946617806,1.4953211608909207,0.5806219001417877,0.6052219760663902,0.4326666857566449,0.987755774857195,1.2240637448496272,0.0005876801625791044,0.005185931300769079,0.00016889503914777393,0.06071923293140936,0.2531376293871123,0.7056339089172979,0.0014265386966463667,0.11703470175771295,0.664570092725058,0.08149479298148897,158.6712950724085,79.81706601941472
0.5813583943827404,0.18587008657501947,16.48375476854484,0.002151420939928847,0.024280499657749432,4657.700511032364,20027.12442624743,6.3735111164596905,25.3462138711859,0.4808604178809708,0.5084101851849693,0.32280247299457365,1.4992771373707514,0.5826073355025523,0.6075176996953833,0.43344204616564114,0.9968615102385866,1.2224433216934547,0.000586933776683111,0.005245301516818891,0.0001697127140697583,0.06392405198699644,0.2638302197769941,0.7061787192323878,0.0012470530980330133,0.11106786639822476,0.6349681902949631,0.0851726497893398,159.16716598371988,79.66252116680657
0.5824673100918869,0.18751666515720594,15.518253486299557,0.0037076491899620386,0.020893410458311737,4667.6947325514375,20268.595656365786,6.382662195723815,25.42770582752838,0.4809672493481072,0.5040519336391391,0.3217484657243517,1.493052501942802,0.583765502628208,0.6097300829872673,0.4378916828056363,0.9950683748907203,1.2154453774344018,0.0005867720247585886,0.00526962712461245,0.00016728198801916607,0.05832959072162426,0.2918714754441513,0.7032181768228581,0.0012831791741690216,0.10887838117347916,0.6320830520721137,0.08422883896776433,159.64879723515676,79.89052536926391
0.5826939347748529,0.18719947857517905,14.261327094893678,0.0030293923072415643,0.018621020697872193,4698.817206010637,20419.736699762903,6.356424666672279,25.535607605334757,0.4826633758808878,0.49696081147268933,0.3216412309810145,1.5085563408504818,0.5843500044512447,0.6074911846683657,0.44070069235185555,0.9960686208317654,1.2193051336555725,0.0005893297515444225,0.005233129021162477,0.00016833325930063546,0.054730348457434186,0.31543637494906285,0.7052078456645404,0.0015002044969410235,0.10790781875741103,0.5956453350455737,0.08309643308598942,159.85011211139005,79.88704794272977
0.5811638735849007,0.18895045648355777,12.315406782559815,0.0020235253583173727,0.017326784305350597,4662.22972063738,20383.06811984667,6.353683776323467,25.417286935452157,0.47387074149294584,0.4904979034069685,0.3248855979068025,1.5071978558240278,0.5832614399996209,0.6099024600955473,0.44262399061002766,0.996096897338279,1.2186479397665726,0.0005866898675132862,0.005184007961261278,0.00016734932409313743,0.05487505936876703,0.31177404189600255,0.7033006286657072,0.0048065111859887585,0.10636379146001153,0.6181348289979465,0.08614018992521551,159.94063565752367,79.60556439118517
0.5820726978837953,0.1881171283742336,16.669779788344343,0.0018339995990555341,0.017455811530953047,4677.025454942186,20054.268424338068,6.358390470960617,25.524982406648192,0.4659648602501316,0.4929790675202961,0.3256842150827118,1.5153465369465184,0.584418791022354,0.6102528387273669,0.44130129991555084,0.9996182819406726,1.2153693677025834,0.0005886860281472399,0.005208495218967274,0.0001691362545296335,0.054050593392435606,0.31207211148074576,0.7052494458557705,0.008522310005980714,0.10669948291339576,0.5707318594537567,0.08612093887173732,159.96199159261568,78.38209643949895
0.583632062044728,0.1870797339652202,19.955804607633276,0.005246989141443291,0.014762873869772111,4679.540065553574,20056.349209809887,6.393619912387701,25.599435936569897,0.466559675433888,0.4905417197537013,0.3272718364777877,1.5241738873011268,0.581690729240738,0.607809964730457,0.44616933925106156,1.0021002762792324,1.2102227129628822,0.0005921798369309458,0.005257562727171089,0.00016955138467768,0.06087181903971853,0.32122220883260666,0.7020103718199436,0.015411728079281883,0.09911534031382341,0.5519240569828662,0.0900440759097552,159.65725206484854,77.53099759523157
0.5867545385310096,0.1890856166096175,17.57901883006604,0.0012542489521188355,0.011022509426236206,4697.2616222762135,19959.64884434283,6.4147376014804065,25.514852283428308,0.4592550621330828,0.4923498691299244,0.3310940685922276,1.5281483086243737,0.5814300532662854,0.6044952270050848,0.44836954948594004,1.0116257472518662,1.216819899698195,0.0005980506640017569,0.005264012201282213,0.0001735772270022546,0.06933516333163864,0.2974053372778344,0.7038522777693554,0.020748218658200486,0.10167029943581248,0.5252854500935537,0.0912804438816354,159.77020452127564,77.42190855979639
0.5877500648718674,0.1886499142450094,14.853948037928365,0.0030831209016994963,0.011202860046481314,4715.555396759011,20206.846110176055,6.410505282460613,25.339221647850188,0.4556002140634443,0.4794501906550202,0.33132058659509084,1.5260013888176378,0.5809631411927366,0.6094603977958057,0.44152763052039024,1.0134784505471028,1.224240431861208,0.0006036438591132369,0.005345696592346336,0.00017358106003772858,0.0745753682713973,0.290211965926231,0.6990300933035025,0.016820911899725392,0.10709076108247045,0.5530195556264272,0.08573266850466729,159.81693554007376,77.268343205166
0.5917776210882314,0.1879213028845938,17.133049768656942,0.0022146368640315944,0.01100334255067723,4747.467093562656,20019.1415167231,6.415507786406204,25.235863709685972,0.4557414991699211,0.4829530615634677,0.3335443552724848,1.5194871460750876,0.5746806701290026,0.6066181167327481,0.4369473413872995,1.0088957951842896,1.2204205580282736,0.000606067978064195,0.005341624058057041,0.00017691672174420265,0.07499775245179857,0.27564686543547345,0.7005161218779534,0.015570581679908385,0.10764145512492296,0.5326112862828122,0.07990338172225085,159.62431447644843,77.78709899585236
0.5896678616469142,0.18827898443193186,13.026210078398705,0.0013277102048783154,0.011544980114844654,4752.358404613042,20029.4101463034,6.436301446544069,25.224016965732652,0.4538391881203338,0.477228442294391,0.3323395860261003,1.514732400534221,0.5751585554278111,0.608777000754445,0.4380719598917093,1.00826930937955,1.2250369800448475,0.0006094034085668659,0.005375165713616587,0.00017747718686296393,0.08113146884764663,0.23803464040377423,0.6969139025601335,0.017939508274284706,0.10936405390695883,0.5789128004540631,0.07865275165427044,159.75513676316217,77.93937323976914
0.594970500311301,0.18903432397480344,14.660904384844093,0.00629476694786223,0.011087733101178006,4755.76995233106,20083.452858066725,6.442208752950728,25.42620312997104,0.4594577681916895,0.4786405082537908,0.32994102311611156,1.5235105787390755,0.5751643380126253,0.6082592282170489,0.4382600948705201,1.013912687288787,1.223061314707426,0.0006140986308317307,0.005417604451469797,0.00017830676772553197,0.08264929348890564,0.1957825626103107,0.6942272045595199,0.013888208188633658,0.10731864199401596,0.5855301512045039,0.08310672160834998,159.63183468815163,76.47028628041204
0.5947808182937215,0.1885557701466783,17.418636251594087,0.004883971515891333,0.011946287546256675,4748.04524918242,19978.974518063897,6.467207776361251,25.318807222527973,0.45929128844084477,0.48280262693077164,0.32849880561543193,1.5178954012987584,0.5822978374687461,0.6103961706099968,0.43492145819329453,1.0186255982027754,1.2260070356759603,0.000615638758723159,0.005426765931073325,0.00017626757628204923,0.09201550962826865,0.1739356032803169,0.6884868484975558,0.0136662292334635,0.10841890282889793,0.6130365250642551,0.07929380151307033,159.52566867027585,76.31543030033676
0.5964280076565849,0.19034830762089272,14.379701084344628,0.0027623394747157753,0.011400047219459489,4763.19432912786,19979.65992479912,6.449677153350231,25.6006970228852,0.45998547058210565,0.4870967778790811,0.3268382649062611,1.529991236597141,0.5841827915542912,0.6091144804697407,0.4383337634859843,1.0090441312844332,1.2172811761142692,0.0006074169029736915,0.0053802370573397575,0.00017561982840801313,0.09531401931785856,0.13837410549360668,0.6892566113730242,0.013292360418528942,0.1046603663055932,0.6046847959999174,0.08010962337100559,159.1142337543033,76.55780237329937
0.593180001866274,0.19076933791229847,17.202060875268906,0.004981456848282305,0.01149119023963199,4719.504323328647,20076.08227512419,6.463144577184326,25.486947345747687,0.44983723170707396,0.4843001149340037,0.32754021849496284,1.5447403861384246,0.5830105669442626,0.6101795283192687,0.44127923639637395,0.9958825283440189,1.2217616474128865,0.000607302726394676,0.005336872305560222,0.00017772221776385296,0.10035479955753934,0.1708872284123697,0.6855268319172529,0.012159490885806234,0.1040220108253233,0.6149469036465897,0.0801868567730427,158.3383908315312,76.85995602514083
0.5925696710033025,0.19118214426717894,13.94995241503504,0.0036354017444488297,0.011658588232102255,4728.620677912015,20227.94324377037,6.452521924220128,25.530813578602647,0.45036064794235575,0.48575576715008667,0.3230233288130725,1.5365511725854895,0.5787647016804867,0.6102269697269573,0.44046973905366366,0.9922368940467965,1.21918698011044,0.0006010026631249054,0.005259854116756841,0.00017762670429127795,0.10278540756815592,0.18414991422402865,0.6851344033641483,0.00657587305984367,0.10746189792970211,0.6592719033471907,0.07994828132188062,158.2080703787394,76.58213257894319
0.5930749781778287,0.19160644414383055,11.68727541476487,0.003405250033791892,0.012471019729199374,4677.163065354047,20264.50772235941,6.475728598519739,25.47109877414551,0.4491071266685909,0.4926172561538949,0.3208626670216907,1.5386741455754258,0.5811876936065768,0.6099269004722908,0.4430218871009819,0.9895845899359845,1.2197587266166814,0.0005988349907500277,0.005264217152603287,0.0001771756605434436,0.09942950706786013,0.18011121818713638,0.6872487756696257,0.0011057515730765778,0.11232844782681922,0.6705025848771844,0.07844738328580125,159.15872483470577,76.84458916346175
0.5931768331466948,0.19312910080656603,11.462608922091425,0.0016052920601095182,0.011024594069613963,4716.558690995683,20139.05985319035,6.479609765120753,25.418389323478117,0.4397076250043297,0.4914787376316469,0.32032715582448923,1.5419026943900973,0.5802711586563224,0.6085801702942821,0.44064273621098954,1.008238630900439,1.2168157282918324,0.0006010234903993544,0.0051968040399697655,0.0001771261187960358,0.09340074708465705,0.18494910976910267,0.6887854529902449,0.007939923049249602,0.11223225145049284,0.6994101633104043,0.08135447610121432,159.58578721888082,77.07148814609884
0.5948439787360768,0.19267317060960154,10.296274980573408,0.005367058171657583,0.011345399153240907,4699.860606319968,20162.644936124525,6.4584638850091745,25.34684083048922,0.44085961956662967,0.4872424569952211,0.3204795085958489,1.522615205083701,0.5794908132049899,0.6049673315584083,0.43864997802597383,1.0092743999724776,1.2122299177689981,0.0005968592988183189,0.00515223099767224,0.00017497696617817176,0.0971855226763552,0.1780943333444561,0.6893969302349192,0.0055553336874649105,0.11477255881532968,0.6837897522236956,0.07850947376974027,159.67925630065443,77.08135255810171
0.5930958522326201,0.1922115570779966,10.3023151706795,0.0030813368021762907,0.011409439197203575,4731.13863347839,20274.76066192999,6.476987356990724,24.93690006511795,0.446554820586704,0.4929985757797759,0.32555913738081416,1.5091302643427371,0.578342044118061,0.6028876549752614,0.4369516597358881,1.013412831474703,1.2142993629421137,0.0005943573542040549,0.005162053067973461,0.00017601992402306718,0.09599804648151766,0.16237682288407737,0.6881536462638118,0.008693106003896934,0.11495782709596396,0.6641099727922994,0.08569065441303324,159.10231213959793,77.05321226858494
0.5946628716091156,0.19221162865887975,12.584558195648523,0.0010930439735118477,0.01165443065146155,4739.644185905642,20238.80045528613,6.484584431065591,24.779172257685207,0.4458411253629426,0.48702976437250284,0.32894789729987445,1.5218918231485918,0.5769568388771948,0.6029628009832981,0.43683860641709954,1.0116283180459467,1.2113389272658186,0.0005979401865097042,0.005081021156823859,0.0001764513576148314,0.09847298630736782,0.16303151300542557,0.6866978027412856,0.004978582080269758,0.1155168841571551,0.6663653472279136,0.08700025234445653,158.96115076786938,77.0603111610732
0.5955072845392366,0.19132916103630423,14.481305730178748,0.00409081268223508,0.01168935080246884,4735.518155353225,20304.661007793966,6.4872708908923515,25.048701744625177,0.4494541413963046,0.4975449124880913,0.32967796957876255,1.52748932876955,0.5770208340718388,0.6010297065207396,0.43525994484913133,1.0018540494098118,1.2195737769914747,0.000599407533588469,0.005006559625961357,0.00017585807460184514,0.10111181574817531,0.19018279997878304,0.6820282102577184,0.002367599482940876,0.10793973675587933,0.6331189529387106,0.08573327115035684,159.36725186083308,77.12344474404803
0.6006475689256177,0.1908168767633344,12.214680346302897,0.005296183767961009,0.011149045039334577,4729.599962581018,20243.92679654989,6.458613462609308,24.896305739349604,0.45518283239869206,0.4973566522852799,0.3292252519622884,1.522187575356839,0.5771321271484816,0.6035527509340096,0.4383154705649486,1.0038888046727454,1.2243745770019856,0.0006045251360089424,0.005041211785766322,0.0001762639157690986,0.09801335444415549,0.19844408981832226,0.6939534372904809,0.0008573402396198204,0.10250436557339891,0.6444602083613274,0.08914610686119624,159.0687109287865,77.97316979836746
0.6023637510258202,0.19197897264045025,11.107027787701474,0.004834515995708991,0.011177192301551613,4741.051855660657,20281.908550312088,6.485212887147013,24.785910434189407,0.4553792606583658,0.5042053877145666,0.3319958836793206,1.5112086379094305,0.5733922277891937,0.6066491589908386,0.4398698331495286,0.9989775886670387,1.2436484174585152,0.0006058374051412381,0.004988746964349122,0.00017728729051194275,0.09254461020219916,0.1995659249221806,0.6959662991940393,0.003265917105443176,0.10597881771062133,0.6562562655040242,0.09110804324391346,159.4577326535253,78.77765499204442
0.605980261015613,0.19329365661285489,8.640501969851973,0.0031712495578039195,0.011611874385130661,4754.369439885562,20100.192989402112,6.484111082718411,24.753424375243718,0.45863200268113513,0.4994530067429348,0.32945519625289976,1.5002695115159805,0.5736543377184715,0.609129286551339,0.44377179402834527,0.9990586549952255,1.2456217083878625,0.0006058010097519245,0.004924834565777098,0.00017910058916011587,0.09405203972529076,0.19794441055181428,0.6980849339568761,0.00844244472391575,0.10968503366026856,0.6506802012934224,0.08917870119270853,158.90524978908715,78.72065229623205
0.6077494389829534,0.1942188988708701,10.204590632378402,0.005005507962414611,0.011591295197831383,4773.90348879607,20288.394428420823,6.460055025367326,24.66179551911851,0.45157546418477634,0.4988972376084725,0.3286932574662653,1.5004397529155882,0.5731327144298507,0.6101790922803245,0.44098287432835925,1.0019347442947937,1.2407128709025128,0.0006016853734704084,0.004914227655223442,0.00017931237991484632,0.09829465184161977,0.17485655016065296,0.7027598327599802,0.006101947000051395,0.11134441977416608,0.6758106317911736,0.0898804246035973,158.57231039389347,78.99259748809162
0.6093960452013087,0.19360752647472654,6.7355439989709325,0.0035022553765771324,0.011929630540554667,4769.048392677667,20027.539115359898,6.476665338715629,24.780326882369103,0.4494310654266547,0.5032735663505102,0.3236972451407494,1.4949221196919236,0.5728068283400515,0.6124111622661356,0.44279751451973043,1.0075886818903534,1.2300640370997273,0.0006028440893132778,0.004908008949069548,0.00017878035653317445,0.10584087089123125,0.15862081667636907,0.7158158255227918,0.0062516490225202745,0.11290269976678766,0.6653885511553109,0.09251469120196495,158.2963221492668,79.5485890161583
0.6099839787241204,0.19380442821864058,11.3486035010317,0.006093613706183764,0.011228414336086252,4731.488701625353,20173.488192389286,6.456876822022269,24.517064086082218,0.44941535218306633,0.5099174245410222,0.32949546043096384,1.4938359501103098,0.5757846835679431,0.6140686316858786,0.442977085379478,1.004843488227897,1.227227498588642,0.0005966035556248796,0.004963616868986567,0.00017817698333128128,0.10830304846820307,0.1295567538997023,0.7140883985103909,0.004982011927316369,0.1119121235118409,0.6589999121217539,0.09530298042488944,158.34457557477694,78.44138364160933
0.6129140652220266,0.19486551004440802,9.613806130432653,0.005867738465723256,0.01115522032116397,4725.459408060315,20027.660114125327,6.456952215371524,24.520503888773064,0.44970343777843974,0.5087561097565505,0.3263489430015156,1.4991936115819622,0.5767741561247757,0.6136300497723539,0.4440218601204139,1.0027856332848206,1.2234785174118925,0.0005916680958968169,0.004926605903556886,0.00017545648860987513,0.11163903962028385,0.10595181136489495,0.7143937950740548,0.0014541767755161493,0.10648278029319189,0.6736745369399888,0.09236604789684931,158.70375825654847,78.37743945570905
0.6149348849138014,0.19443693431116518,8.273421805067072,0.003335018771556002,0.011072461895092709,4693.568716750226,20017.983593448465,6.4625500022585,24.89913001207838,0.45019790896468465,0.5095426358122507,0.3263779543654047,1.5043324473997464,0.5773257206059053,0.6146136878798628,0.4507897481509791,1.001977603715167,1.2307896267328151,0.0005940548197924384,0.004939259837541364,0.00017454850457335972,0.11267359601663084,0.1107082326886335,0.7144526614148806,0.0003302653694665057,0.10711633387875187,0.677464973960439,0.09189636391564841,159.6627457487024,78.70899707477504
0.6144893167107189,0.19406217445521387,10.81812947411179,0.005326836283725989,0.011183088966455383,4696.029216842013,19923.727377272,6.480100253592314,24.94798603777243,0.4502678992388042,0.5140169370591532,0.32179945418623757,1.5107760780513277,0.57326938921944,0.6120062296734821,0.4485144993657066,1.005634747959251,1.2418028937450534,0.0005942896009609453,0.004933124473720441,0.00017581909163205502,0.11480910557913489,0.11770609777394972,0.7098072642507812,0.004608367281234942,0.1103253406239541,0.6620393366162596,0.08961800923991334,159.32685585891355,78.04397345473457
0.6151530934509715,0.19438167692288735,13.02068592010323,0.004618997091760255,0.011466333780311673,4728.649994616527,20094.25384875883,6.478361335640725,25.141099281812863,0.4435527980166538,0.5109137511669762,0.32296952680127233,1.5049118074679366,0.5704255320715579,0.6150456624325618,0.4502874255586839,1.0194694859369113,1.2338137184569562,0.0006035859528049618,0.004945427535721995,0.00017689629688223427,0.11909542339027493,0.14744242891657205,0.7163188562702364,0.0011614435722287304,0.10766887314925275,0.6443574850215189,0.09230805040297521,158.73029067365053,77.35516964095248
0.6182288766846645,0.1932250808212864,11.61205517543521,0.002549433876757964,0.011118338857772705,4719.302227535964,19986.6231592704,6.504224857211573,25.114867302829477,0.4456048216064339,0.5131352037017713,0.32061462726668366,1.506014417705219,0.5716131833911418,0.6165864798568498,0.4552524385626534,1.0148995617913348,1.2232353015552666,0.0006009954125922519,0.005023621552586807,0.00017936014919130557,0.11588686711368947,0.16642079283292407,0.7220700555202052,0.003171472064388827,0.11430539209505647,0.6392975282056953,0.09187568538553426,158.84716855450282,77.12302139333309
0.6195728437481751,0.19292661181536658,12.485342921898411,0.005460503778119399,0.011787113651040659,4712.344840398663,20091.010147719964,6.501796968606291,25.149882115650684,0.44555803175896563,0.5074708114493567,0.31916765893026816,1.5114387320084097,0.5747080270585592,0.6153862683980974,0.4603573211573177,1.0198701895172821,1.2258541551636157,0.0006010961441349393,0.004998181197809224,0.00018056589232438915,0.11491276494780839,0.19403135611162362,0.7228208877187158,0.004202094034285863,0.11660697437148335,0.654683768991895,0.08996180543677336,159.44641971626137,77.08217934070387
0.6188499500706539,0.19327432662068206,6.771564943290172,0.0028448513462848105,0.011516405411600702,4710.933885068813,20188.60049425606,6.470756213552128,24.777593847884066,0.44864486783922153,0.5115496544989641,0.31817170925037647,1.5142742787122803,0.5772845639337161,0.6138103210985456,0.4610574295138442,1.0260988712700723,1.2295580889832871,0.0006074039891428474,0.0049577841349187765,0.00017910812830949533,0.10800783972956123,0.19289467436559396,0.7265936845899981,0.00690204378054101,0.11179458662324507,0.6842907227257908,0.09242558577008808,159.64113056909116,77.34098062496895
0.6207888091301346,0.1938762877074719,8.026041282704721,0.0038287031169738552,0.011391101424412227,4718.379822608912,20244.554231483835,6.471198229779855,24.721776885998228,0.45116316392281686,0.5161147824890463,0.3179593781551495,1.5098994399416668,0.573455376418655,0.6132599967623991,0.46188170994358424,1.0313172554000998,1.2325070492473351,0.0006110663962925418,0.004922332760742557,0.00017901343788126312,0.10838432672144091,0.1857467470831204,0.7279696093082012,0.010958869730258301,0.1082957347517983,0.654122680928304,0.09866587457767394,159.9178911159748,77.12977491934762
0.6172345995983747,0.19347583315801825,8.685010472110319,0.0025482827981694843,0.011414227148622039,4741.359402346438,20263.857989469336,6.469136834586815,25.04146044190138,0.4507503403502471,0.5163086057969644,0.31475804837553123,1.4996457206339078,0.5727823025799097,0.6082576105472368,0.45787264086435103,1.027847169383781,1.2218368902520236,0.0006121952405799344,0.0049164899938479376,0.000179801824346444,0.10243132077789253,0.15752202528332115,0.7247742674841093,0.005572978243524346,0.11127199835853739,0.6560914574013237,0.09974492530017824,158.91572063872448,77.87460731829904
0.6159581551770664,0.1940953317100854,10.106374041814059,0.0028655132932235527,0.01121245268979354,4746.201121239544,20110.51188822072,6.46346902060475,24.957820601731783,0.45052326764811257,0.5078395829232992,0.3183182322730732,1.5068072070892014,0.572094715288241,0.605158167388359,0.45957920505866634,1.0360961522927148,1.2227184885446276,0.0006123242074028287,0.004929423527445326,0.00017798929458850225,0.09758376217844868,0.1758463346470034,0.7182331874930864,0.007243817618830713,0.11252541363210246,0.6504737766252453,0.10079758543255242,158.85876925167605,78.14749311170937
0.6148772548292968,0.19466875873265665,12.290417615886591,0.002020628603855888,0.011208360709870293,4738.804037489502,20409.933758897096,6.446832751852536,24.941024134011837,0.4551952360934099,0.5121421012887152,0.3159178139071246,1.5132740898557027,0.5719589198655233,0.6078663526881818,0.4595466511540775,1.0403484526677973,1.2181035746137738,0.0006117470916921341,0.0049278361267268206,0.00017814978061270913,0.10005521432263115,0.13483041934661483,0.7220560108989259,0.009725193336673082,0.10696474985852097,0.66676530152591,0.09864378055849361,159.80445658275895,78.95795688010399
0.6189869504731235,0.19434191134349116,14.21738509806444,0.005511844770993754,0.01153355991463339,4755.5919805167605,20576.959653903778,6.427032625941914,25.215763171133617,0.4584617816943992,0.5095705041488695,0.3162566323025478,1.5056466321693793,0.5723589365583799,0.6091561832349284,0.4594473480071007,1.0414400461003281,1.2119894310030563,0.0006095352858810333,0.004928861154916587,0.00017758989091197104,0.10231253306576558,0.15758873058252268,0.7298470258436602,0.016599336055286514,0.10566975540593418,0.6582602299646805,0.0951025222386873,159.92344904105798,79.2961348094582
0.6209855320174675,0.19560359703734664,15.560805093242895,0.005408052647332826,0.011125869765741,4771.852413826024,20400.671119959505,6.432636229944088,25.241026881444224,0.4600087558623407,0.5049756020950811,0.31992256419258963,1.513282415594331,0.5718468816970763,0.6110686490413553,0.4576495604125674,1.038474097719894,1.2089885615379374,0.0006030662657906531,0.005047643360193074,0.00017745025780802753,0.10736124211407357,0.177711771595515,0.7395301882217933,0.016426934782203334,0.10094210708672738,0.6456676174705049,0.0953865624634933,159.65055671663035,79.3525622909791
0.6241071081062423,0.1949321478829307,17.28860798694799,0.005099482324943991,0.011478276096495451,4790.797423322481,20288.17148063367,6.407409207752876,25.323739592909178,0.4541773720568484,0.49673762945259464,0.3172387650630853,1.5136069335645395,0.5748889490718093,0.6115193299477023,0.4509340486482577,1.0359231697677387,1.197435389200839,0.0006062325466232769,0.005002693175242922,0.0001765377426292768,0.10756334420607026,0.13387740666016693,0.7401160348707511,0.016165162370353103,0.10572067848147003,0.6406751303040685,0.10035348106773438,159.5523782842818,79.0967057848338
0.6277404960284182,0.19594070335056438,17.660143079337544,0.006079142267425383,0.011387299334062349,4777.093274857814,20229.067828487026,6.424630666303965,25.429670695373204,0.45240642245299034,0.5022641329063812,0.3175639362717443,1.5154888448618915,0.574200723722615,0.6120913181828834,0.44928971114530125,1.0424858891760802,1.1985530987005928,0.0006099011349209399,0.004953485506443078,0.00017694166865216484,0.10864731536736678,0.16522629581519174,0.7405961910835043,0.018153100841568282,0.1060026717555623,0.6707396437064187,0.09931637819951852,159.63618166404882,78.6192972786592
0.6322308563199713,0.19824549146792264,18.14237984251452,0.004840973341365305,0.011432713487727113,4792.0280528896365,20246.86680343911,6.4478321555296265,25.2145731066787,0.4556296790041163,0.5029870140631998,0.31984061136146236,1.533735783965893,0.5723371882794743,0.6110390636629724,0.44468806698368485,1.0425493366646799,1.1974003898921373,0.0006071180376737966,0.005015361805690716,0.00017681283046476956,0.11345593399997984,0.1386790231995769,0.7455826760601436,0.018278215559891772,0.10166393370596197,0.6743895324652315,0.09849345901921544,159.53292758183747,78.97568324371242
0.6336432259686823,0.19853488504836406,14.248267584981546,0.005650950715937991,0.0110176644312434,4771.27070004102,20346.318322601095,6.453795376646284,25.336686027309078,0.45463923364190045,0.4988683518023009,0.32672791109765525,1.5358999593920808,0.5748616566647904,0.6093681731368641,0.44329224242822185,1.0375389089037186,1.2076759837495517,0.0006097919818402307,0.005102831273435092,0.00017809979142226754,0.11612016869989619,0.14630488182727935,0.7400667525433829,0.022455503776167667,0.10406364669179965,0.7065950283110716,0.09752442143717405,159.64117662091675,79.78236403956582
0.6348295746521906,0.1981703054355917,17.059215599322787,0.002937049383154087,0.011249942165718459,4794.746521560516,20141.26675694665,6.470894478061587,25.479348720906952,0.46508198223338365,0.4909699479569539,0.32616929127145117,1.5386517871536463,0.5728858528992372,0.6114966948593825,0.44479857005700973,1.0318632692247558,1.2142506396600041,0.0006069668692347752,0.005121155130039508,0.00017954446396160472,0.1152805456904353,0.13397476682013493,0.739606375064107,0.029918998854341815,0.10552107212266416,0.6826595329057886,0.09496336990618935,159.5878681388929,79.57334177117005
0.6312261028743454,0.19665976053651482,16.27010341721111,0.003364249827461428,0.011267522802269126,4814.094473197177,20076.219676497738,6.4946629581065,25.465680346323076,0.4724354220165442,0.48844189096964125,0.32661606313576497,1.538494359339103,0.5726690463218064,0.6087071736409234,0.4462593250598223,1.0265866281428213,1.2154109690988817,0.0006085340594720526,0.0050457819454418126,0.00018070037556699396,0.11938293626243657,0.1493316731654279,0.7337353234908295,0.02673255805008034,0.10637387170814348,0.6784712959573393,0.09303343871945725,159.39131965311304,79.43818825695314
0.6289134687232095,0.19775920553496645,15.597872295630722,0.0013624924756419294,0.011180923185116851,4785.975396364483,20136.707214918555,6.4743502491321845,25.28513405499587,0.47227876511145744,0.4848335832472198,0.32518420092994144,1.54554827899028,0.5724482792236048,0.6116066784072147,0.44508545934572447,1.027565322147053,1.2140143896457012,0.0006106218816450923,0.005024832990559444,0.0001806508985321168,0.12514296263492883,0.107132353552368,0.7340658075200177,0.025608339512470192,0.11089085673995727,0.6879529998632655,0.09584201866959491,159.36767150147676,79.26907753289704
0.6301059696889416,0.19812275281683106,12.909118855704074,0.0038107799691621375,0.011213324454276743,4783.133982079997,19891.41162522514,6.4810162997557725,25.221426322621753,0.47084801603345955,0.47987184052389964,0.32702120577097965,1.5347927414967726,0.5713203614950317,0.6138589239933311,0.4468806431673322,1.033534868328799,1.2013042595435237,0.0006121029255841782,0.005020617788204508,0.00018188585233269895,0.12431797739710769,0.10101533329981138,0.7306542530966172,0.02822357640490463,0.11399803113187112,0.6922407660613414,0.09778387299416694,158.7488284641976,78.5861574918412
0.6301402867722822,0.19893337727609103,12.099156261969506,0.0015704075547101578,0.01123032042836681,4782.827714285093,19715.27248057857,6.45898650163404,25.054974513759955,0.47771858836208647,0.4788511561117336,0.3280827513043873,1.5342172734942037,0.5664302565416288,0.611227445035726,0.44800748493600223,1.0272282705361546,1.2056473868485493,0.0006127170376349346,0.004973516778207207,0.00018290779782342286,0.12429972839357024,0.10650467910353856,0.7394871673351637,0.031707558225975915,0.1097044458985924,0.7154670588517226,0.09823818459003132,159.23950834204913,79.13434587784349
0.6293986822049343,0.1995827865155943,13.953402292201012,0.003940379665537664,0.011049348538088123,4771.3119313167,19599.642624805085,6.476407630197922,25.30813015534731,0.47893937274962955,0.47981591991766026,0.32548292314532257,1.518202090631558,0.5740876564135233,0.605203576575111,0.4476332457660532,1.0256728812347478,1.1972892144129361,0.0006159141740457486,0.004914451319264384,0.00018206965195835797,0.11673476514221527,0.1745569764529944,0.7394910455896596,0.032332402955312436,0.11736341700381603,0.721017568207476,0.09350842807763575,159.8090283325208,79.18591008298704
0.6320975456537168,0.19870903259411654,13.6970016377566,0.002154895016356316,0.011185297417701419,4759.532079594159,19684.09789522151,6.482772702214777,25.19827561969433,0.480604797179678,0.4778700226404602,0.32510099421282207,1.5222707285533827,0.5762322534564863,0.6054854332286984,0.44711100109523233,1.0300958860548015,1.2026819035240972,0.00061608042080046,0.0048601374435497295,0.0001834468523202996,0.1210576585829503,0.16947750006785836,0.734569544846698,0.030240818309874167,0.11535501308300829,0.7609808898025521,0.09189005230475648,159.28204000190675,78.57436726987675
0.6342000307758682,0.1972633452974421,15.5343553051058,0.0026738812121739133,0.011250448417671043,4771.272130960842,19766.011632102265,6.479700023849255,25.220507108954013,0.4792162731174833,0.4773846299099603,0.32345063334966506,1.5175685213348538,0.5738961465903691,0.6070924974226525,0.44781564092097753,1.0288650219268731,1.2052113652080518,0.0006148151543735229,0.004936301985803364,0.0001836597158289688,0.11462729904167532,0.1708976069642288,0.7406373787783741,0.03226654311014142,0.10643204142040541,0.7803889833884623,0.08676758102357078,159.23883716908105,78.83300934939636
0.6378229915372626,0.1990945949531478,16.891093763596036,0.00353457402478787,0.011605636504149914,4750.3110983977185,19612.182584433074,6.516047794921705,25.212785910795183,0.47697687626158414,0.4787039085234704,0.3229209318555445,1.5168645246736798,0.5773360860157445,0.6051151444194645,0.4432470766508431,1.020718386476989,1.1985956413503833,0.0006156214487531807,0.004933301166450501,0.00018426354076663345,0.11144849746132317,0.20912262917686125,0.7447557928905723,0.03564369016703369,0.1083428519561268,0.779018191163777,0.08679918835340128,158.8767679499391,77.88133958193838
0.6330418532300672,0.19721792665988003,15.58473055707722,0.0012076887500551492,0.011636536215113909,4775.491330460385,19522.54446630506,6.545400928355977,25.311010476790372,0.4793078728080581,0.47194570355558246,0.3219936917043696,1.5285329577484468,0.5786498495328473,0.6076341019481373,0.4460721870070675,1.0301026163547047,1.2127835677422545,0.0006175954753983068,0.004844192035347108,0.000185662030308204,0.10727183306036799,0.20994948420204138,0.7495049292500603,0.03953798467907274,0.10574248476512335,0.8018763150002849,0.08355663723932023,159.55100254959044,77.40630472278013
0.6337337244292599,0.19785858159021905,16.462052413481082,0.002661645707336106,0.011407770572970186,4791.101650316728,19336.583187981094,6.578995306868196,25.50605322850251,0.4730979276077511,0.4705094638688002,0.3191388423539072,1.5388964722670275,0.5804119211279927,0.6097314040279295,0.4515598454895076,1.0275045077371143,1.2131891234164294,0.0006181311138592473,0.004914456767474917,0.00018612026556851026,0.11220020168726783,0.21150565398734714,0.7591121879709295,0.04434278555111551,0.10216261522575414,0.8405401770356928,0.08357350796847744,159.78881410980645,77.4055175973321
0.638211330551275,0.1982469030165059,12.973380352325918,0.0017136989091590504,0.011091630037031085,4802.831611138916,19431.290976596432,6.570775447587969,25.599943592837445,0.47773470603243695,0.46940319036702827,0.32172120279025074,1.5386449571471796,0.5810090313220051,0.6061498486619734,0.4537048900541131,1.0315837350024974,1.2085980870414255,0.0006208252678991099,0.004878665495784964,0.0001841371694688261,0.1122954015937665,0.17963995814235822,0.7667908185131675,0.03677552056516449,0.10022726606310403,0.8379966992145971,0.08248601333957667,159.57420856158237,77.90760101131512
0.6377706815801049,0.20170177969673,11.107247426089412,0.0013243268712668124,0.011222378706930563,4835.762220560303,19290.816161559138,6.5618928494856394,25.67138882728657,0.4704707423120539,0.4681037186386142,0.3224684382187114,1.5233989109331612,0.5818389762265533,0.6091622520441392,0.458248797154288,1.0178925812533826,1.2122137450245078,0.0006215415464776825,0.004791462847597256,0.00018355955723303442,0.11805063875484668,0.1771907763523402,0.7637409986276278,0.036154044652611086,0.09903323656758133,0.7718916722828466,0.08168925080415464,159.99263392201658,77.49563834879909
0.6383536051895753,0.20206597636777496,9.590087737298452,0.002519677585248467,0.01114867608126635,4857.973737243202,19046.61680727156,6.5632179126957615,26.054829429418284,0.4782080230136067,0.461710874848822,0.32574193689370945,1.5088272258878141,0.5771275462486114,0.611727883586951,0.45587549001006894,1.010409786628858,1.2128051103073867,0.0006247399959959078,0.004823063529989333,0.00018542461525779185,0.12416028565157498,0.15948637670663987,0.7592485108451673,0.04122655568256258,0.09714458851121806,0.7828153881530563,0.08355103743711643,159.9652768508682,76.97707242428623
0.6365415869747754,0.20251325607080606,12.26608681055195,0.0025672494066069007,0.01115585177673918,4827.922397595891,19086.851790956494,6.575058455409194,25.854626476215007,0.48320735372811513,0.4631060260383541,0.32198990034675956,1.5148991047191336,0.5771975165145009,0.6106301904742806,0.45409406837409794,1.013119289979683,1.2212903481198272,0.0006300432741300739,0.004910601640025205,0.00018533549220907646,0.13160177061418413,0.15323982726400184,0.7663917457794018,0.03533111912668317,0.09637672567072446,0.7717878229080265,0.08373078988569481,159.86526659020723,77.48472858775898
0.6354290395444229,0.20367081057023684,11.75225201127384,0.001328422366470137,0.01104562765470745,4798.819228844265,19090.855479891477,6.567169113420438,25.759889322771365,0.4793523455370732,0.46427073985512923,0.32045008588541085,1.5206156498900854,0.5752752174170883,0.6111942167926068,0.45408081482649504,1.0174197454397271,1.2207118673690964,0.0006322811504354304,0.004927540413073365,0.00018301721577614527,0.13259547668036764,0.162694985254929,0.779607006069777,0.041310771472662176,0.0977694184392862,0.7243604803184509,0.08523390580052824,159.30384189378526,78.04789091614732
0.6313151186473163,0.2010698028626794,11.725226157034326,0.0014478440039520958,0.011066054045035025,4792.519283577749,19235.771195894864,6.534110538192057,25.742082259525784,0.47198398606599984,0.4666183195313617,0.32432917907569214,1.5195188829088673,0.5760807057489169,0.6114242077329534,0.44979036525856814,1.013499730838984,1.2173820865700058,0.000629015634664826,0.004848921253899235,0.00018113940845001069,0.138538436520094,0.1349943926892416,0.783778680940977,0.03946479314725357,0.09716751111751852,0.727769187227494,0.08578293478580816,159.042937657001,78.34342495521592
0.6330961843366147,0.2034163208655413,12.822436091103082,0.0015365491379400907,0.011098304106375306,4789.533359925695,19182.924918040895,6.519196736532472,25.724197102133676,0.47043837518734927,0.4642422470294935,0.32121764715712553,1.5007012492735112,0.575407821354707,0.6075700214783051,0.44946850747334827,1.0219160809354793,1.2278419731506267,0.000624639469587247,0.004851536908049511,0.0001806388518991929,0.13632148139460837,0.14259583899249034,0.775703168704029,0.041315198022441296,0.09324223438464951,0.7260587809149089,0.08759272833623567,159.07958939821242,78.4399646580921
0.6300729719598247,0.2034915832247165,18.210896422515013,0.002858897730079678,0.01101041586626705,4813.442476629936,19266.4805247771,6.513334581039036,25.871175662852412,0.47054848300223295,0.458485990002305,0.3214310589173519,1.5116329168974496,0.5773544316357451,0.605206448144001,0.45219284183124625,1.0123747187194014,1.2228597623086106,0.0006234319302664316,0.004906935317579292,0.0001806765589103805,0.14096249255589224,0.13552713458089302,0.7751163888604369,0.04300673160510046,0.09269901312451077,0.7384612314437569,0.0834734645210952,159.1291258729677,78.70304541966512
0.6282936587561645,0.20452882345751677,14.551471660920733,0.0032390336279059613,0.011079939081818162,4809.772080018833,19243.38217616954,6.490594537091489,26.16084309858338,0.4667469191316707,0.4560341801562243,0.32405750354320895,1.5269491106025264,0.5733421508844048,0.6060800830642821,0.45396771034151967,1.0246913027306024,1.2204520856234204,0.0006203825024303861,0.0048741633288721204,0.00017814467531302274,0.13931886912983282,0.13040300015181597,0.7769781375813942,0.03855442611116735,0.09315151243004981,0.741194086434972,0.0832458519083595,159.36808242662656,78.99410468500113
0.6270906409185129,0.20531165828744344,12.356729343223622,0.005554246247896216,0.01150419296001836,4824.225695241615,19005.768192798994,6.490395853270543,26.399227975802507,0.4671843607576569,0.4606748942527414,0.32111683818429465,1.5236138500788807,0.5737142987289042,0.6048190531211171,0.45397581089045375,1.0333030821194706,1.208887905936852,0.00061840234893744,0.00488403135263508,0.00018016322246508512,0.13861190513531416,0.11784279170279327,0.764920627402002,0.039992723634966955,0.09507148693751773,0.7159123951266662,0.08625586431988237,159.17656620470504,79.11887213438352
0.6278716828181722,0.20426095128696273,13.870616990726877,0.006566197447401432,0.011017225348624947,4826.099682872603,19055.201698556593,6.513818647064875,26.09065072049584,0.4627067373457513,0.461807325866393,0.32010495132510575,1.5104206824039854,0.5776814110424464,0.6048426742241673,0.45692300287862647,1.02244766082647,1.2055518987760525,0.0006232432921472337,0.004853758633694311,0.00018062005563041194,0.13262956000627987,0.12776581042734803,0.7618101108569757,0.03890560345209873,0.09757357689951028,0.698356277437783,0.08568832015785097,159.70062955852222,79.54333480861985
0.6283804053973086,0.20295973730320824,12.602648391041097,0.0016303842903218598,0.011369037790272716,4838.721914709837,18947.64801455176,6.496630605278439,25.723714849351406,0.4605187958787869,0.46219275838741847,0.32126175402677815,1.503307219990621,0.5775991885976332,0.6056735001239232,0.46062245397612395,1.0243943271173,1.2090540658711801,0.0006199519399089793,0.004850606018844081,0.00017934697782340353,0.13722664329557324,0.15709475951429688,0.7682752049717918,0.03954590581492393,0.09349054868404824,0.6658982371373667,0.08095200243764611,159.64459441418924,79.07107282244601
0.6237372982606061,0.20173238182523814,8.93900366219004,0.0042168300319478,0.011160562168932313,4837.617767363502,18770.593937720238,6.51655598398251,25.478505013080543,0.4591804268271865,0.4663441045518067,0.3209030746521456,1.509032590910375,0.578225166223294,0.6005723101530503,0.4614231070849032,1.0364633787148247,1.2069583575403742,0.0006158435962908953,0.0047957309157048615,0.00017873552840984552,0.13439975137313676,0.15971617551200967,0.766256224009627,0.036959604555262,0.0907963248139028,0.645348526062513,0.08189135826795035,159.57995893962297,79.23003159208108
0.6230090922978706,0.2006011820614075,1.6121883769945917,0.002489669195421083,0.011107611308474125,4825.511914301944,18811.162013186142,6.522713790772966,25.769577290354732,0.45633091953779253,0.46060679182182057,0.32509222028573936,1.5030261716775473,0.580717033445714,0.5991018969404358,0.45806681389076814,1.0291940896529683,1.2106478364821458,0.000618144285948618,0.004876754029674215,0.00017810359900088908,0.13344083212864813,0.12678243827848693,0.769874399518978,0.033696811046565495,0.0881697356983655,0.660109959838104,0.08250081327789546,159.40337679198308,79.6284481312225
0.6230699648485281,0.20065083062208056,0.521955637157959,0.004450344221033987,0.011121530460682809,4812.6475747352515,18634.610167386436,6.5357512034634055,25.86527796515258,0.46250156892343064,0.46359004034440543,0.3215457043126074,1.4907026541142818,0.5824787359524413,0.5984888972259187,0.4532714124638937,1.0204557447977858,1.2059924877818848,0.0006145581148996811,0.004849111968163072,0.000178045747134183,0.13229435052914185,0.13000641784035166,0.7696804207174908,0.03964033030959332,0.0823089178633554,0.6797390441387648,0.08405230751215345,158.89522660313048,79.99103249771622
0.6227566602984337,0.20095722860526422,0.7204738385628104,0.0028979011036888123,0.011323503092500003,4838.901417287893,18615.828670765964,6.523781201440132,25.743881797412335,0.4559505963353299,0.4598828731771559,0.32412015635124775,1.4997505092872905,0.5845130190938497,0.599930057420216,0.4560457837450056,1.017614218859188,1.2138184471911324,0.0006144619795203936,0.004940935967175423,0.00017619991206096707,0.1264801705071643,0.12358635079422095,0.7688684840874297,0.04453246824620475,0.07923982324282243,0.6467668948227132,0.08641235636346617,159.1069532909856,81.34049701413295
0.6232904749500394,0.20067644849631527,1.4115603685650975,0.003711393074053284,0.011185847747534387,4827.644790704734,18819.950086646022,6.493932132097507,25.759482669066173,0.4617430678018911,0.45595204401965894,0.32120512475484275,1.5018567545644612,0.5829958649896901,0.6022336519707197,0.46209936336425883,1.0194314922583634,1.1970348337322105,0.0006182762758133849,0.0049639821813848095,0.00017627640179658014,0.12652575049606335,0.12510199193412508,0.7652705996067255,0.042728131190571714,0.08461070330239047,0.6574966811796353,0.08650584264224188,159.1275183606833,80.7124819403955
0.6235026487625587,0.2013283880610477,2.4028400504300915,0.003843996355375541,0.011128767223085001,4800.53226494556,18924.464350400904,6.505083594088929,25.560706257654235,0.4647089838501322,0.45774184180734234,0.3214281359944539,1.4890596858404455,0.5847130191692481,0.5997944355132271,0.46594846455998307,1.0195075016731303,1.2047554040130333,0.0006236651688310376,0.005044439808158283,0.00017509803390650398,0.11969542037840068,0.16245555314671678,0.7651192702083893,0.04949232871370186,0.09021896275302144,0.6651820622309552,0.08595947033142466,158.42955804724343,80.24473043607257
0.6223652017460675,0.20197732264897303,1.316626254192127,0.0036849098441998043,0.01109199477034823,4819.846253146966,18706.297285557706,6.490450314212879,25.439168530063608,0.4600579954523611,0.4590457934599025,0.32416879877771154,1.4997355552206777,0.5849875229659489,0.6021763525702596,0.4699561592898573,1.0220859988161084,1.2029607902719157,0.0006230817947875713,0.005071894457170633,0.00017647732526695337,0.11857180968892017,0.1218036565885981,0.7720826477387328,0.052995084038026906,0.08563689710702307,0.6670212874639784,0.08692259239821847,157.40675955011739,80.90109119910956
0.624379532360319,0.20146076651999884,2.688925988700988,0.005011011848805545,0.011108673350601981,4780.2091719612745,18662.67397255072,6.486468854982199,25.519398237841386,0.46093956264744174,0.45462464116701545,0.32463979837332324,1.4953371473695993,0.5891268880024291,0.6072859255718248,0.4700367864301311,1.0196960130971717,1.2032290783560562,0.0006188032061725108,0.00504636403456805,0.00017752688312134806,0.1247085926780036,0.13002789758954908,0.7633758985063693,0.05012224960693834,0.08136413314543256,0.6642399435342491,0.08666846653302966,157.7700292646644,80.99844889270946
0.6234971275960747,0.20083393914889625,0.7635638481017368,0.00413180626250335,0.011118403598167159,4783.87242632043,18608.69506996855,6.498776845606901,25.355444273022652,0.4572235429024467,0.45404176771432764,0.3264775415116281,1.4850475246948498,0.5867072919507604,0.6064389406651072,0.4697961986998818,1.0147230002436018,1.2074561174215037,0.0006189205970842035,0.005039200879815102,0.00017697623490509518,0.1262238960876534,0.16779423009864503,0.7694473512612416,0.048954829877173756,0.08349283813924648,0.6558890070237549,0.087907899337448,157.57409150025651,80.80595275149162
